candidate,family,cycle_id,building_id,review_day,as_of_date,actual_g,predicted_g,error_g
historical_remaining_gain,baseline,2025-2,Tags 1,7,2025-04-04,1573.0,1533.9524999999999,-39.04750000000013
historical_remaining_gain,baseline,2025-2,Tags 1,14,2025-04-11,1573.0,1582.9792857142857,9.979285714285652
historical_remaining_gain,baseline,2025-2,Tags 1,21,2025-04-18,1573.0,1526.8078571428573,-46.1921428571427
historical_remaining_gain,baseline,2025-2,Tags 1,28,2025-04-25,1573.0,1879.517857142857,306.5178571428571
historical_remaining_gain,baseline,2025-2,Tags 2,7,2025-04-04,1599.0,1527.9524999999999,-71.04750000000013
historical_remaining_gain,baseline,2025-2,Tags 2,14,2025-04-11,1599.0,1588.9792857142857,-10.020714285714348
historical_remaining_gain,baseline,2025-2,Tags 2,21,2025-04-18,1599.0,1645.8078571428573,46.8078571428573
historical_remaining_gain,baseline,2025-2,Tags 2,28,2025-04-25,1599.0,1821.517857142857,222.5178571428571
historical_remaining_gain,baseline,2025-2,Tags 3,7,2025-04-04,1544.0,1532.9524999999999,-11.047500000000127
historical_remaining_gain,baseline,2025-2,Tags 3,14,2025-04-11,1544.0,1588.9792857142857,44.97928571428565
historical_remaining_gain,baseline,2025-2,Tags 3,21,2025-04-18,1544.0,1657.8078571428573,113.8078571428573
historical_remaining_gain,baseline,2025-2,Tags 3,28,2025-04-25,1544.0,1664.517857142857,120.51785714285711
historical_remaining_gain,baseline,2025-3,Lags 1,7,2025-07-16,1479.9999999999998,1487.618846153846,7.618846153846334
historical_remaining_gain,baseline,2025-3,Lags 1,14,2025-07-23,1479.9999999999998,1498.6042307692308,18.60423076923098
historical_remaining_gain,baseline,2025-3,Lags 1,21,2025-07-30,1479.9999999999998,1425.7742307692308,-54.22576923076895
historical_remaining_gain,baseline,2025-3,Lags 1,28,2025-08-06,1479.9999999999998,1382.7615384615385,-97.23846153846125
historical_remaining_gain,baseline,2025-3,Lags 2,7,2025-07-22,1554.0,1484.618846153846,-69.3811538461539
historical_remaining_gain,baseline,2025-3,Lags 2,14,2025-07-29,1554.0,1453.1042307692308,-100.89576923076925
historical_remaining_gain,baseline,2025-3,Lags 2,21,2025-08-05,1554.0,1392.7742307692308,-161.22576923076917
historical_remaining_gain,baseline,2025-3,Lags 2,28,2025-08-12,1554.0,1442.7615384615383,-111.2384615384617
historical_remaining_gain,baseline,2025-3,Tags 1,7,2025-06-20,1477.24,1513.618846153846,36.3788461538461
historical_remaining_gain,baseline,2025-3,Tags 1,14,2025-06-27,1477.24,1520.6842307692307,43.44423076923067
historical_remaining_gain,baseline,2025-3,Tags 1,21,2025-07-04,1477.24,1567.2842307692308,90.04423076923081
historical_remaining_gain,baseline,2025-3,Tags 1,28,2025-07-11,1477.24,1573.5615384615385,96.32153846153847
historical_remaining_gain,baseline,2025-3,Tags 2,7,2025-06-20,1490.24,1512.618846153846,22.378846153846098
historical_remaining_gain,baseline,2025-3,Tags 2,14,2025-06-27,1490.24,1538.6642307692307,48.42423076923069
historical_remaining_gain,baseline,2025-3,Tags 2,21,2025-07-04,1490.24,1549.4442307692307,59.20423076923066
historical_remaining_gain,baseline,2025-3,Tags 2,28,2025-07-11,1490.24,1621.4015384615386,131.1615384615386
historical_remaining_gain,baseline,2025-3,Tags 3,7,2025-06-20,1582.1,1515.618846153846,-66.4811538461538
historical_remaining_gain,baseline,2025-3,Tags 3,14,2025-06-27,1582.1,1559.3342307692308,-22.765769230769138
historical_remaining_gain,baseline,2025-3,Tags 3,21,2025-07-04,1582.1,1513.684230769231,-68.415769230769
historical_remaining_gain,baseline,2025-3,Tags 3,28,2025-07-11,1582.1,1538.2015384615386,-43.89846153846133
historical_remaining_gain,baseline,2025-4,Lags 1,7,2025-10-03,1568.0,1492.7003846153846,-75.29961538461544
historical_remaining_gain,baseline,2025-4,Lags 1,14,2025-10-10,1568.0,1481.3961538461538,-86.60384615384623
historical_remaining_gain,baseline,2025-4,Lags 1,21,2025-10-17,1568.0,1559.6157692307693,-8.384230769230726
historical_remaining_gain,baseline,2025-4,Lags 1,28,2025-10-24,1568.0,1642.2230769230769,74.22307692307686
historical_remaining_gain,baseline,2025-4,Lags 2,7,2025-10-03,1594.0,1492.7003846153846,-101.29961538461544
historical_remaining_gain,baseline,2025-4,Lags 2,14,2025-10-10,1594.0,1489.3961538461538,-104.60384615384623
historical_remaining_gain,baseline,2025-4,Lags 2,21,2025-10-17,1594.0,1568.6157692307693,-25.384230769230726
historical_remaining_gain,baseline,2025-4,Lags 2,28,2025-10-24,1594.0,1680.2230769230769,86.22307692307686
historical_remaining_gain,baseline,2025-4,Tags 1,7,2025-09-02,1441.5,1482.0003846153845,40.50038461538452
historical_remaining_gain,baseline,2025-4,Tags 1,14,2025-09-09,1441.5,1462.1961538461537,20.69615384615372
historical_remaining_gain,baseline,2025-4,Tags 1,21,2025-09-16,1441.5,1434.4857692307692,-7.014230769230835
historical_remaining_gain,baseline,2025-4,Tags 1,28,2025-09-23,1441.5,1253.0430769230766,-188.45692307692343
historical_remaining_gain,baseline,2025-4,Tags 2,7,2025-09-02,1450.0400000000002,1485.3003846153845,35.26038461538428
historical_remaining_gain,baseline,2025-4,Tags 2,14,2025-09-09,1450.0400000000002,1501.8961538461538,51.856153846153575
historical_remaining_gain,baseline,2025-4,Tags 2,21,2025-09-16,1450.0400000000002,1485.2357692307694,35.1957692307692
historical_remaining_gain,baseline,2025-4,Tags 2,28,2025-09-23,1450.0400000000002,1292.4030769230767,-157.6369230769235
historical_remaining_gain,baseline,2025-4,Tags 3,7,2025-09-02,1293.1200000000001,1482.0003846153845,188.8803846153844
historical_remaining_gain,baseline,2025-4,Tags 3,14,2025-09-09,1293.1200000000001,1500.6361538461538,207.51615384615366
historical_remaining_gain,baseline,2025-4,Tags 3,21,2025-09-16,1293.1200000000001,1469.1757692307692,176.0557692307691
historical_remaining_gain,baseline,2025-4,Tags 3,28,2025-09-23,1293.1200000000001,1313.183076923077,20.06307692307678
historical_remaining_gain,baseline,2025-5,Lags 1,7,2025-12-17,1306.0,1485.8667999999996,179.86679999999956
historical_remaining_gain,baseline,2025-5,Lags 1,14,2025-12-24,1306.0,1440.7767999999999,134.77679999999987
historical_remaining_gain,baseline,2025-5,Lags 1,21,2025-12-31,1306.0,1370.5848,64.58480000000009
historical_remaining_gain,baseline,2025-5,Lags 1,28,2026-01-07,1306.0,1357.1799999999998,51.179999999999836
historical_remaining_gain,baseline,2025-5,Lags 2,7,2025-12-24,1176.0,1481.8667999999996,305.86679999999956
historical_remaining_gain,baseline,2025-5,Lags 2,14,2025-12-31,1176.0,1392.7767999999999,216.77679999999987
historical_remaining_gain,baseline,2025-5,Lags 2,21,2026-01-07,1176.0,1290.5848,114.58480000000009
historical_remaining_gain,baseline,2025-5,Lags 2,28,2026-01-14,1176.0,1189.1799999999998,13.179999999999836
historical_remaining_gain,baseline,2025-5,Lags 3,7,2026-01-02,1182.0,1482.8667999999996,300.86679999999956
historical_remaining_gain,baseline,2025-5,Lags 3,14,2026-01-09,1182.0,1405.7767999999999,223.77679999999987
historical_remaining_gain,baseline,2025-5,Lags 3,21,2026-01-16,1182.0,1306.5848,124.58480000000009
historical_remaining_gain,baseline,2025-5,Lags 3,28,2026-01-23,1182.0,1191.1799999999998,9.179999999999836
historical_remaining_gain,baseline,2025-5,Tags 1,7,2025-11-18,1702.0,1498.8667999999996,-203.13320000000044
historical_remaining_gain,baseline,2025-5,Tags 1,14,2025-11-25,1702.0,1472.7767999999999,-229.22320000000013
historical_remaining_gain,baseline,2025-5,Tags 1,21,2025-12-02,1702.0,1417.5848,-284.4151999999999
historical_remaining_gain,baseline,2025-5,Tags 1,28,2025-12-09,1702.0,1597.1799999999998,-104.82000000000016
historical_remaining_gain,baseline,2025-5,Tags 2,7,2025-11-18,1776.0,1495.8667999999996,-280.13320000000044
historical_remaining_gain,baseline,2025-5,Tags 2,14,2025-11-25,1776.0,1500.7767999999999,-275.22320000000013
historical_remaining_gain,baseline,2025-5,Tags 2,21,2025-12-02,1776.0,1519.5848,-256.4151999999999
historical_remaining_gain,baseline,2025-5,Tags 2,28,2025-12-09,1776.0,1571.1799999999998,-204.82000000000016
historical_remaining_gain,baseline,2025-5,Tags 3,7,2025-11-18,1738.0,1496.8667999999996,-241.13320000000044
historical_remaining_gain,baseline,2025-5,Tags 3,14,2025-11-25,1738.0,1488.7767999999999,-249.22320000000013
historical_remaining_gain,baseline,2025-5,Tags 3,21,2025-12-02,1738.0,1555.5848,-182.4151999999999
historical_remaining_gain,baseline,2025-5,Tags 3,28,2025-12-09,1738.0,1590.1799999999998,-147.82000000000016
historical_remaining_gain,baseline,2026-1,Lags 1,7,2026-03-12,1605.9999999999998,1454.6272,-151.37279999999987
historical_remaining_gain,baseline,2026-1,Lags 1,14,2026-03-19,1605.9999999999998,1514.7248000000002,-91.27519999999959
historical_remaining_gain,baseline,2026-1,Lags 1,21,2026-03-26,1605.9999999999998,1501.2039999999997,-104.79600000000005
historical_remaining_gain,baseline,2026-1,Lags 1,28,2026-04-02,1605.9999999999998,1545.0776,-60.9223999999997
historical_remaining_gain,baseline,2026-1,Lags 2,7,2026-03-20,1972.0000000000002,1458.6272,-513.3728000000003
historical_remaining_gain,baseline,2026-1,Lags 2,14,2026-03-27,1972.0000000000002,1590.2448000000002,-381.75520000000006
historical_remaining_gain,baseline,2026-1,Lags 2,21,2026-04-03,1972.0000000000002,1777.204,-194.79600000000028
historical_remaining_gain,baseline,2026-1,Lags 2,28,2026-04-10,1972.0000000000002,1943.0776,-28.922400000000152
historical_remaining_gain,baseline,2026-1,Lags 3,7,2026-03-27,1691.4399999999998,1452.6272,-238.81279999999992
historical_remaining_gain,baseline,2026-1,Lags 3,14,2026-04-03,1691.4399999999998,1424.7448000000002,-266.69519999999966
historical_remaining_gain,baseline,2026-1,Lags 3,21,2026-04-10,1691.4399999999998,1385.204,-306.2359999999999
historical_remaining_gain,baseline,2026-1,Lags 3,28,2026-04-17,1691.4399999999998,1465.0776,-226.36239999999975
historical_remaining_gain,baseline,2026-1,Tags 1,7,2026-02-06,1446.68,1474.8372,28.157199999999875
historical_remaining_gain,baseline,2026-1,Tags 1,14,2026-02-13,1446.68,1540.2048000000002,93.52480000000014
historical_remaining_gain,baseline,2026-1,Tags 1,21,2026-02-20,1446.68,1628.884,182.20399999999995
historical_remaining_gain,baseline,2026-1,Tags 1,28,2026-02-27,1446.68,1634.5576,187.87760000000003
historical_remaining_gain,baseline,2026-1,Tags 2,7,2026-02-06,1550.16,1476.1172,-74.04280000000017
historical_remaining_gain,baseline,2026-1,Tags 2,14,2026-02-13,1550.16,1496.2448000000002,-53.91519999999991
historical_remaining_gain,baseline,2026-1,Tags 2,21,2026-02-20,1550.16,1670.484,120.32399999999984
historical_remaining_gain,baseline,2026-1,Tags 2,28,2026-02-27,1550.16,1617.0376,66.87760000000003
historical_remaining_gain,baseline,2026-1,Tags 3,7,2026-02-06,1691.4399999999998,1471.1571999999999,-220.28279999999995
historical_remaining_gain,baseline,2026-1,Tags 3,14,2026-02-13,1691.4399999999998,1514.7248000000002,-176.71519999999964
historical_remaining_gain,baseline,2026-1,Tags 3,21,2026-02-20,1691.4399999999998,1656.444,-34.99599999999987
historical_remaining_gain,baseline,2026-1,Tags 3,28,2026-02-27,1691.4399999999998,1613.7975999999999,-77.64239999999995
historical_remaining_gain,baseline,2026-2,Lags 1,7,2026-06-08,1192.0,1529.8411999999998,337.84119999999984
historical_remaining_gain,baseline,2026-2,Lags 1,14,2026-06-15,1192.0,1482.9052,290.9051999999999
historical_remaining_gain,baseline,2026-2,Lags 1,21,2026-06-22,1192.0,1321.2248,129.22479999999996
historical_remaining_gain,baseline,2026-2,Lags 1,28,2026-06-29,1192.0,1117.3584,-74.64159999999993
historical_remaining_gain,baseline,2026-2,Lags 2,7,2026-06-16,1204.0,1529.8411999999998,325.84119999999984
historical_remaining_gain,baseline,2026-2,Lags 2,14,2026-06-23,1204.0,1445.9052,241.90519999999992
historical_remaining_gain,baseline,2026-2,Lags 2,21,2026-06-30,1204.0,1303.2248,99.22479999999996
historical_remaining_gain,baseline,2026-2,Lags 2,28,2026-07-07,1204.0,1195.3583999999998,-8.641600000000153
historical_remaining_gain,baseline,2026-2,Lags 3,7,2026-06-22,1078.0,1501.8411999999998,423.84119999999984
historical_remaining_gain,baseline,2026-2,Lags 3,14,2026-06-29,1078.0,1410.4052,332.4051999999999
historical_remaining_gain,baseline,2026-2,Lags 3,21,2026-07-06,1078.0,1234.2248,156.22479999999996
historical_remaining_gain,baseline,2026-2,Lags 3,28,2026-07-13,1078.0,1023.3584000000001,-54.641599999999926
historical_remaining_gain,baseline,2026-2,Tags 1,7,2026-04-25,1360.0,1543.0811999999999,183.08119999999985
historical_remaining_gain,baseline,2026-2,Tags 1,14,2026-05-02,1360.0,1516.1652,156.1651999999999
historical_remaining_gain,baseline,2026-2,Tags 1,21,2026-05-09,1360.0,1564.6248,204.62480000000005
historical_remaining_gain,baseline,2026-2,Tags 1,28,2026-05-16,1360.0,1531.9584,171.95839999999998
historical_remaining_gain,baseline,2026-2,Tags 2,7,2026-04-25,1556.2800000000002,1536.6211999999998,-19.658800000000383
historical_remaining_gain,baseline,2026-2,Tags 2,14,2026-05-02,1556.2800000000002,1510.2451999999998,-46.03480000000036
historical_remaining_gain,baseline,2026-2,Tags 2,21,2026-05-09,1556.2800000000002,1571.1048,14.824799999999868
historical_remaining_gain,baseline,2026-2,Tags 2,28,2026-05-16,1556.2800000000002,1547.4584,-8.821600000000217
historical_remaining_gain,baseline,2026-2,Tags 3,7,2026-04-25,1564.0,1536.9611999999997,-27.038800000000265
historical_remaining_gain,baseline,2026-2,Tags 3,14,2026-05-02,1564.0,1514.7952,-49.20479999999998
historical_remaining_gain,baseline,2026-2,Tags 3,21,2026-05-09,1564.0,1552.2248,-11.77520000000004
historical_remaining_gain,baseline,2026-2,Tags 3,28,2026-05-16,1564.0,1532.3984,-31.601599999999962
target_gap_preserving,target_gain,2025-2,Tags 1,7,2025-04-04,1573.0,1779.0,206.0
target_gap_preserving,target_gain,2025-2,Tags 1,14,2025-04-11,1573.0,1758.0,185.0
target_gap_preserving,target_gain,2025-2,Tags 1,21,2025-04-18,1573.0,1554.0,-19.0
target_gap_preserving,target_gain,2025-2,Tags 1,28,2025-04-25,1573.0,1931.0,358.0
target_gap_preserving,target_gain,2025-2,Tags 2,7,2025-04-04,1599.0,1773.0,174.0
target_gap_preserving,target_gain,2025-2,Tags 2,14,2025-04-11,1599.0,1764.0,165.0
target_gap_preserving,target_gain,2025-2,Tags 2,21,2025-04-18,1599.0,1673.0,74.0
target_gap_preserving,target_gain,2025-2,Tags 2,28,2025-04-25,1599.0,1873.0,274.0
target_gap_preserving,target_gain,2025-2,Tags 3,7,2025-04-04,1544.0,1778.0,234.0
target_gap_preserving,target_gain,2025-2,Tags 3,14,2025-04-11,1544.0,1764.0,220.0
target_gap_preserving,target_gain,2025-2,Tags 3,21,2025-04-18,1544.0,1685.0,141.0
target_gap_preserving,target_gain,2025-2,Tags 3,28,2025-04-25,1544.0,1716.0,172.0
target_gap_preserving,target_gain,2025-3,Lags 1,7,2025-07-16,1479.9999999999998,1731.0,251.00000000000023
target_gap_preserving,target_gain,2025-3,Lags 1,14,2025-07-23,1479.9999999999998,1675.5,195.50000000000023
target_gap_preserving,target_gain,2025-3,Lags 1,21,2025-07-30,1479.9999999999998,1461.0,-18.999999999999773
target_gap_preserving,target_gain,2025-3,Lags 1,28,2025-08-06,1479.9999999999998,1456.0,-23.999999999999773
target_gap_preserving,target_gain,2025-3,Lags 2,7,2025-07-22,1554.0,1728.0,174.0
target_gap_preserving,target_gain,2025-3,Lags 2,14,2025-07-29,1554.0,1630.0,76.0
target_gap_preserving,target_gain,2025-3,Lags 2,21,2025-08-05,1554.0,1428.0,-126.0
target_gap_preserving,target_gain,2025-3,Lags 2,28,2025-08-12,1554.0,1516.0,-38.0
target_gap_preserving,target_gain,2025-3,Tags 1,7,2025-06-20,1477.24,1757.0,279.76
target_gap_preserving,target_gain,2025-3,Tags 1,14,2025-06-27,1477.24,1697.58,220.33999999999992
target_gap_preserving,target_gain,2025-3,Tags 1,21,2025-07-04,1477.24,1602.51,125.26999999999998
target_gap_preserving,target_gain,2025-3,Tags 1,28,2025-07-11,1477.24,1646.8,169.55999999999995
target_gap_preserving,target_gain,2025-3,Tags 2,7,2025-06-20,1490.24,1756.0,265.76
target_gap_preserving,target_gain,2025-3,Tags 2,14,2025-06-27,1490.24,1715.56,225.31999999999994
target_gap_preserving,target_gain,2025-3,Tags 2,21,2025-07-04,1490.24,1584.67,94.43000000000006
target_gap_preserving,target_gain,2025-3,Tags 2,28,2025-07-11,1490.24,1694.64,204.4000000000001
target_gap_preserving,target_gain,2025-3,Tags 3,7,2025-06-20,1582.1,1759.0,176.9000000000001
target_gap_preserving,target_gain,2025-3,Tags 3,14,2025-06-27,1582.1,1736.23,154.1300000000001
target_gap_preserving,target_gain,2025-3,Tags 3,21,2025-07-04,1582.1,1548.9099999999999,-33.190000000000055
target_gap_preserving,target_gain,2025-3,Tags 3,28,2025-07-11,1582.1,1611.44,29.340000000000146
target_gap_preserving,target_gain,2025-4,Lags 1,7,2025-10-03,1568.0,1731.0,163.0
target_gap_preserving,target_gain,2025-4,Lags 1,14,2025-10-10,1568.0,1655.0,87.0
target_gap_preserving,target_gain,2025-4,Lags 1,21,2025-10-17,1568.0,1585.0,17.0
target_gap_preserving,target_gain,2025-4,Lags 1,28,2025-10-24,1568.0,1720.0,152.0
target_gap_preserving,target_gain,2025-4,Lags 2,7,2025-10-03,1594.0,1731.0,137.0
target_gap_preserving,target_gain,2025-4,Lags 2,14,2025-10-10,1594.0,1663.0,69.0
target_gap_preserving,target_gain,2025-4,Lags 2,21,2025-10-17,1594.0,1594.0,0.0
target_gap_preserving,target_gain,2025-4,Lags 2,28,2025-10-24,1594.0,1758.0000000000002,164.00000000000023
target_gap_preserving,target_gain,2025-4,Tags 1,7,2025-09-02,1441.5,1720.3,278.79999999999995
target_gap_preserving,target_gain,2025-4,Tags 1,14,2025-09-09,1441.5,1635.8,194.29999999999995
target_gap_preserving,target_gain,2025-4,Tags 1,21,2025-09-16,1441.5,1459.87,18.36999999999989
target_gap_preserving,target_gain,2025-4,Tags 1,28,2025-09-23,1441.5,1330.82,-110.68000000000006
target_gap_preserving,target_gain,2025-4,Tags 2,7,2025-09-02,1450.0400000000002,1723.6,273.5599999999997
target_gap_preserving,target_gain,2025-4,Tags 2,14,2025-09-09,1450.0400000000002,1675.5,225.4599999999998
target_gap_preserving,target_gain,2025-4,Tags 2,21,2025-09-16,1450.0400000000002,1510.6200000000001,60.57999999999993
target_gap_preserving,target_gain,2025-4,Tags 2,28,2025-09-23,1450.0400000000002,1370.1799999999998,-79.86000000000035
target_gap_preserving,target_gain,2025-4,Tags 3,7,2025-09-02,1293.1200000000001,1720.3,427.17999999999984
target_gap_preserving,target_gain,2025-4,Tags 3,14,2025-09-09,1293.1200000000001,1674.24,381.1199999999999
target_gap_preserving,target_gain,2025-4,Tags 3,21,2025-09-16,1293.1200000000001,1494.56,201.43999999999983
target_gap_preserving,target_gain,2025-4,Tags 3,28,2025-09-23,1293.1200000000001,1390.96,97.83999999999992
target_gap_preserving,target_gain,2025-5,Lags 1,7,2025-12-17,1306.0,1725.0,419.0
target_gap_preserving,target_gain,2025-5,Lags 1,14,2025-12-24,1306.0,1623.0,317.0
target_gap_preserving,target_gain,2025-5,Lags 1,21,2025-12-31,1306.0,1415.0,109.0
target_gap_preserving,target_gain,2025-5,Lags 1,28,2026-01-07,1306.0,1442.0,136.0
target_gap_preserving,target_gain,2025-5,Lags 2,7,2025-12-24,1176.0,1721.0,545.0
target_gap_preserving,target_gain,2025-5,Lags 2,14,2025-12-31,1176.0,1575.0,399.0
target_gap_preserving,target_gain,2025-5,Lags 2,21,2026-01-07,1176.0,1335.0,159.0
target_gap_preserving,target_gain,2025-5,Lags 2,28,2026-01-14,1176.0,1274.0,98.0
target_gap_preserving,target_gain,2025-5,Lags 3,7,2026-01-02,1182.0,1722.0,540.0
target_gap_preserving,target_gain,2025-5,Lags 3,14,2026-01-09,1182.0,1588.0,406.0
target_gap_preserving,target_gain,2025-5,Lags 3,21,2026-01-16,1182.0,1351.0,169.0
target_gap_preserving,target_gain,2025-5,Lags 3,28,2026-01-23,1182.0,1276.0,94.0
target_gap_preserving,target_gain,2025-5,Tags 1,7,2025-11-18,1702.0,1738.0,36.0
target_gap_preserving,target_gain,2025-5,Tags 1,14,2025-11-25,1702.0,1655.0,-47.0
target_gap_preserving,target_gain,2025-5,Tags 1,21,2025-12-02,1702.0,1462.0,-240.0
target_gap_preserving,target_gain,2025-5,Tags 1,28,2025-12-09,1702.0,1682.0,-20.0
target_gap_preserving,target_gain,2025-5,Tags 2,7,2025-11-18,1776.0,1735.0,-41.0
target_gap_preserving,target_gain,2025-5,Tags 2,14,2025-11-25,1776.0,1683.0,-93.0
target_gap_preserving,target_gain,2025-5,Tags 2,21,2025-12-02,1776.0,1564.0,-212.0
target_gap_preserving,target_gain,2025-5,Tags 2,28,2025-12-09,1776.0,1656.0,-120.0
target_gap_preserving,target_gain,2025-5,Tags 3,7,2025-11-18,1738.0,1736.0,-2.0
target_gap_preserving,target_gain,2025-5,Tags 3,14,2025-11-25,1738.0,1671.0,-67.0
target_gap_preserving,target_gain,2025-5,Tags 3,21,2025-12-02,1738.0,1600.0,-138.0
target_gap_preserving,target_gain,2025-5,Tags 3,28,2025-12-09,1738.0,1675.0,-63.0
target_gap_preserving,target_gain,2026-1,Lags 1,7,2026-03-12,1605.9999999999998,1733.5,127.50000000000023
target_gap_preserving,target_gain,2026-1,Lags 1,14,2026-03-19,1605.9999999999998,1719.48,113.48000000000025
target_gap_preserving,target_gain,2026-1,Lags 1,21,2026-03-26,1605.9999999999998,1543.0,-62.99999999999977
target_gap_preserving,target_gain,2026-1,Lags 1,28,2026-04-02,1605.9999999999998,1622.0,16.000000000000227
target_gap_preserving,target_gain,2026-1,Lags 2,7,2026-03-20,1972.0000000000002,1737.5,-234.50000000000023
target_gap_preserving,target_gain,2026-1,Lags 2,14,2026-03-27,1972.0000000000002,1795.0,-177.00000000000023
target_gap_preserving,target_gain,2026-1,Lags 2,21,2026-04-03,1972.0000000000002,1819.0,-153.00000000000023
target_gap_preserving,target_gain,2026-1,Lags 2,28,2026-04-10,1972.0000000000002,2020.0,47.99999999999977
target_gap_preserving,target_gain,2026-1,Lags 3,7,2026-03-27,1691.4399999999998,1731.5,40.06000000000017
target_gap_preserving,target_gain,2026-1,Lags 3,14,2026-04-03,1691.4399999999998,1629.5,-61.93999999999983
target_gap_preserving,target_gain,2026-1,Lags 3,21,2026-04-10,1691.4399999999998,1427.0,-264.4399999999998
target_gap_preserving,target_gain,2026-1,Lags 3,28,2026-04-17,1691.4399999999998,1542.0,-149.43999999999983
target_gap_preserving,target_gain,2026-1,Tags 1,7,2026-02-06,1446.68,1753.71,307.03
target_gap_preserving,target_gain,2026-1,Tags 1,14,2026-02-13,1446.68,1744.96,298.28
target_gap_preserving,target_gain,2026-1,Tags 1,21,2026-02-20,1446.68,1670.6799999999998,223.99999999999977
target_gap_preserving,target_gain,2026-1,Tags 1,28,2026-02-27,1446.68,1711.48,264.79999999999995
target_gap_preserving,target_gain,2026-1,Tags 2,7,2026-02-06,1550.16,1754.99,204.82999999999993
target_gap_preserving,target_gain,2026-1,Tags 2,14,2026-02-13,1550.16,1701.0,150.83999999999992
target_gap_preserving,target_gain,2026-1,Tags 2,21,2026-02-20,1550.16,1712.2799999999997,162.11999999999966
target_gap_preserving,target_gain,2026-1,Tags 2,28,2026-02-27,1550.16,1693.96,143.79999999999995
target_gap_preserving,target_gain,2026-1,Tags 3,7,2026-02-06,1691.4399999999998,1750.03,58.590000000000146
target_gap_preserving,target_gain,2026-1,Tags 3,14,2026-02-13,1691.4399999999998,1719.48,28.04000000000019
target_gap_preserving,target_gain,2026-1,Tags 3,21,2026-02-20,1691.4399999999998,1698.2399999999998,6.7999999999999545
target_gap_preserving,target_gain,2026-1,Tags 3,28,2026-02-27,1691.4399999999998,1690.72,-0.7199999999997999
target_gap_preserving,target_gain,2026-2,Lags 1,7,2026-06-08,1192.0,1731.5,539.5
target_gap_preserving,target_gain,2026-2,Lags 1,14,2026-06-15,1192.0,1629.5,437.5
target_gap_preserving,target_gain,2026-2,Lags 1,21,2026-06-22,1192.0,1333.0,141.0
target_gap_preserving,target_gain,2026-2,Lags 1,28,2026-06-29,1192.0,1190.0,-2.0
target_gap_preserving,target_gain,2026-2,Lags 2,7,2026-06-16,1204.0,1731.5,527.5
target_gap_preserving,target_gain,2026-2,Lags 2,14,2026-06-23,1204.0,1592.5,388.5
target_gap_preserving,target_gain,2026-2,Lags 2,21,2026-06-30,1204.0,1315.0,111.0
target_gap_preserving,target_gain,2026-2,Lags 2,28,2026-07-07,1204.0,1268.0,64.0
target_gap_preserving,target_gain,2026-2,Lags 3,7,2026-06-22,1078.0,1703.5,625.5
target_gap_preserving,target_gain,2026-2,Lags 3,14,2026-06-29,1078.0,1557.0,479.0
target_gap_preserving,target_gain,2026-2,Lags 3,21,2026-07-06,1078.0,1246.0,168.0
target_gap_preserving,target_gain,2026-2,Lags 3,28,2026-07-13,1078.0,1096.0,18.0
target_gap_preserving,target_gain,2026-2,Tags 1,7,2026-04-25,1360.0,1744.74,384.74
target_gap_preserving,target_gain,2026-2,Tags 1,14,2026-05-02,1360.0,1662.76,302.76
target_gap_preserving,target_gain,2026-2,Tags 1,21,2026-05-09,1360.0,1576.4,216.4000000000001
target_gap_preserving,target_gain,2026-2,Tags 1,28,2026-05-16,1360.0,1604.6000000000001,244.60000000000014
target_gap_preserving,target_gain,2026-2,Tags 2,7,2026-04-25,1556.2800000000002,1738.28,181.99999999999977
target_gap_preserving,target_gain,2026-2,Tags 2,14,2026-05-02,1556.2800000000002,1656.84,100.55999999999972
target_gap_preserving,target_gain,2026-2,Tags 2,21,2026-05-09,1556.2800000000002,1582.88,26.59999999999991
target_gap_preserving,target_gain,2026-2,Tags 2,28,2026-05-16,1556.2800000000002,1620.1,63.81999999999971
target_gap_preserving,target_gain,2026-2,Tags 3,7,2026-04-25,1564.0,1738.62,174.6199999999999
target_gap_preserving,target_gain,2026-2,Tags 3,14,2026-05-02,1564.0,1661.39,97.3900000000001
target_gap_preserving,target_gain,2026-2,Tags 3,21,2026-05-09,1564.0,1564.0,0.0
target_gap_preserving,target_gain,2026-2,Tags 3,28,2026-05-16,1564.0,1605.04,41.039999999999964
historical_growth_ratio,historical_ratio,2025-2,Tags 1,7,2025-04-04,1573.0,2125.9926220550974,552.9926220550974
historical_growth_ratio,historical_ratio,2025-2,Tags 1,14,2025-04-11,1573.0,2109.007603803586,536.0076038035859
historical_growth_ratio,historical_ratio,2025-2,Tags 1,21,2025-04-18,1573.0,1663.988384243812,90.9883842438121
historical_growth_ratio,historical_ratio,2025-2,Tags 1,28,2025-04-25,1573.0,2158.195994062212,585.1959940622119
historical_growth_ratio,historical_ratio,2025-2,Tags 2,7,2025-04-04,1599.0,2040.3821808985165,441.3821808985165
historical_growth_ratio,historical_ratio,2025-2,Tags 2,14,2025-04-11,1599.0,2146.445608604833,547.4456086048331
historical_growth_ratio,historical_ratio,2025-2,Tags 2,21,2025-04-18,1599.0,2021.415492050696,422.415492050696
historical_growth_ratio,historical_ratio,2025-2,Tags 2,28,2025-04-25,1599.0,2064.1498876342566,465.14988763425663
historical_growth_ratio,historical_ratio,2025-2,Tags 3,7,2025-04-04,1544.0,2111.7242151956675,567.7242151956675
historical_growth_ratio,historical_ratio,2025-2,Tags 3,14,2025-04-11,1544.0,2146.445608604833,602.4456086048331
historical_growth_ratio,historical_ratio,2025-2,Tags 3,21,2025-04-18,1544.0,2057.4585617455077,513.4585617455077
historical_growth_ratio,historical_ratio,2025-2,Tags 3,28,2025-04-25,1544.0,1809.5768064413437,265.5768064413437
historical_growth_ratio,historical_ratio,2025-3,Lags 1,7,2025-07-16,1479.9999999999998,1419.6429001379693,-60.35709986203051
historical_growth_ratio,historical_ratio,2025-3,Lags 1,14,2025-07-23,1479.9999999999998,1571.734317268445,91.73431726844524
historical_growth_ratio,historical_ratio,2025-3,Lags 1,21,2025-07-30,1479.9999999999998,1362.5318132787572,-117.46818672124255
historical_growth_ratio,historical_ratio,2025-3,Lags 1,28,2025-08-06,1479.9999999999998,1365.0141428295087,-114.98585717049104
historical_growth_ratio,historical_ratio,2025-3,Lags 2,7,2025-07-22,1554.0,1377.4752892427819,-176.52471075721814
historical_growth_ratio,historical_ratio,2025-3,Lags 2,14,2025-07-29,1554.0,1291.8364251521473,-262.1635748478527
historical_growth_ratio,historical_ratio,2025-3,Lags 2,21,2025-08-05,1554.0,1264.9969980115145,-289.0030019884855
historical_growth_ratio,historical_ratio,2025-3,Lags 2,28,2025-08-12,1554.0,1460.6927042427917,-93.3072957572083
historical_growth_ratio,historical_ratio,2025-3,Tags 1,7,2025-06-20,1477.24,1785.095527896258,307.8555278962581
historical_growth_ratio,historical_ratio,2025-3,Tags 1,14,2025-06-27,1477.24,1707.5616899701567,230.32168997015674
historical_growth_ratio,historical_ratio,2025-3,Tags 1,21,2025-07-04,1477.24,1780.7788347474707,303.5388347474707
historical_growth_ratio,historical_ratio,2025-3,Tags 1,28,2025-07-11,1477.24,1669.2719681237493,192.03196812374927
historical_growth_ratio,historical_ratio,2025-3,Tags 2,7,2025-06-20,1490.24,1771.0396575978625,280.7996575978625
historical_growth_ratio,historical_ratio,2025-3,Tags 2,14,2025-06-27,1490.24,1818.1674943712787,327.9274943712787
historical_growth_ratio,historical_ratio,2025-3,Tags 2,21,2025-07-04,1490.24,1728.0509224939067,237.81092249390667
historical_growth_ratio,historical_ratio,2025-3,Tags 2,28,2025-07-11,1490.24,1745.5596744239408,255.3196744239408
historical_growth_ratio,historical_ratio,2025-3,Tags 3,7,2025-06-20,1582.1,1813.2072684930497,231.1072684930498
historical_growth_ratio,historical_ratio,2025-3,Tags 3,14,2025-06-27,1582.1,1945.3211082183973,363.2211082183974
historical_growth_ratio,historical_ratio,2025-3,Tags 3,21,2025-07-04,1582.1,1622.3586499497671,40.25864994976723
historical_growth_ratio,historical_ratio,2025-3,Tags 3,28,2025-07-11,1582.1,1612.8854025975213,30.785402597521397
historical_growth_ratio,historical_ratio,2025-4,Lags 1,7,2025-10-03,1568.0,1377.5007664227276,-190.49923357727243
historical_growth_ratio,historical_ratio,2025-4,Lags 1,14,2025-10-10,1568.0,1426.5208140373384,-141.47918596266163
historical_growth_ratio,historical_ratio,2025-4,Lags 1,21,2025-10-17,1568.0,1746.3805449075812,178.38054490758122
historical_growth_ratio,historical_ratio,2025-4,Lags 1,28,2025-10-24,1568.0,1764.2770448156796,196.27704481567957
historical_growth_ratio,historical_ratio,2025-4,Lags 2,7,2025-10-03,1594.0,1377.5007664227276,-216.49923357727243
historical_growth_ratio,historical_ratio,2025-4,Lags 2,14,2025-10-10,1594.0,1475.0832247279707,-118.91677527202933
historical_growth_ratio,historical_ratio,2025-4,Lags 2,21,2025-10-17,1594.0,1773.2479379061594,179.24793790615945
historical_growth_ratio,historical_ratio,2025-4,Lags 2,28,2025-10-24,1594.0,1824.1364445504976,230.13644455049757
historical_growth_ratio,historical_ratio,2025-4,Tags 1,7,2025-09-02,1441.5,1231.5675169106166,-209.93248308938337
historical_growth_ratio,historical_ratio,2025-4,Tags 1,14,2025-09-09,1441.5,1309.9710283798192,-131.52897162018076
historical_growth_ratio,historical_ratio,2025-4,Tags 1,21,2025-09-16,1441.5,1372.8342242506826,-68.66577574931739
historical_growth_ratio,historical_ratio,2025-4,Tags 1,28,2025-09-23,1441.5,1151.2222766894597,-290.2777233105403
historical_growth_ratio,historical_ratio,2025-4,Tags 2,7,2025-09-02,1450.0400000000002,1276.5749676947255,-173.4650323052747
historical_growth_ratio,historical_ratio,2025-4,Tags 2,14,2025-09-09,1450.0400000000002,1550.9619914320842,100.92199143208404
historical_growth_ratio,historical_ratio,2025-4,Tags 2,21,2025-09-16,1450.0400000000002,1524.3364681037765,74.2964681037763
historical_growth_ratio,historical_ratio,2025-4,Tags 2,28,2025-09-23,1450.0400000000002,1213.2240128358394,-236.8159871641608
historical_growth_ratio,historical_ratio,2025-4,Tags 3,7,2025-09-02,1293.1200000000001,1231.5675169106166,-61.552483089383486
historical_growth_ratio,historical_ratio,2025-4,Tags 3,14,2025-09-09,1293.1200000000001,1543.31341174831,250.19341174830993
historical_growth_ratio,historical_ratio,2025-4,Tags 3,21,2025-09-16,1293.1200000000001,1476.3930979307581,183.273097930758
historical_growth_ratio,historical_ratio,2025-4,Tags 3,28,2025-09-23,1293.1200000000001,1245.957653006616,-47.16234699338406
historical_growth_ratio,historical_ratio,2025-5,Lags 1,7,2025-12-17,1306.0,1303.7748579860572,-2.2251420139427864
historical_growth_ratio,historical_ratio,2025-5,Lags 1,14,2025-12-24,1306.0,1189.7841923821718,-116.2158076178282
historical_growth_ratio,historical_ratio,2025-5,Lags 1,21,2025-12-31,1306.0,1192.133097042429,-113.86690295757103
historical_growth_ratio,historical_ratio,2025-5,Lags 1,28,2026-01-07,1306.0,1323.8602755048066,17.860275504806623
historical_growth_ratio,historical_ratio,2025-5,Lags 2,7,2025-12-24,1176.0,1248.8790744919074,72.87907449190743
historical_growth_ratio,historical_ratio,2025-5,Lags 2,14,2025-12-31,1176.0,908.4559104395894,-267.5440895604106
historical_growth_ratio,historical_ratio,2025-5,Lags 2,21,2026-01-07,1176.0,962.3243072511174,-213.67569274888262
historical_growth_ratio,historical_ratio,2025-5,Lags 2,28,2026-01-14,1176.0,1059.7171326487407,-116.28286735125926
historical_growth_ratio,historical_ratio,2025-5,Lags 3,7,2026-01-02,1182.0,1262.6030203654448,80.60302036544476
historical_growth_ratio,historical_ratio,2025-5,Lags 3,14,2026-01-09,1182.0,984.6489867990388,-197.35101320096123
historical_growth_ratio,historical_ratio,2025-5,Lags 3,21,2026-01-16,1182.0,1008.2860652093798,-173.71393479062021
historical_growth_ratio,historical_ratio,2025-5,Lags 3,28,2026-01-23,1182.0,1062.8616938732177,-119.13830612678225
historical_growth_ratio,historical_ratio,2025-5,Tags 1,7,2025-11-18,1702.0,1482.186154342044,-219.8138456579561
historical_growth_ratio,historical_ratio,2025-5,Tags 1,14,2025-11-25,1702.0,1377.3363803438936,-324.66361965610645
historical_growth_ratio,historical_ratio,2025-5,Tags 1,21,2025-12-02,1702.0,1327.1457610448247,-374.85423895517533
historical_growth_ratio,historical_ratio,2025-5,Tags 1,28,2025-12-09,1702.0,1701.2076224420439,-0.7923775579561152
historical_growth_ratio,historical_ratio,2025-5,Tags 2,7,2025-11-18,1776.0,1441.0143167214317,-334.98568327856833
historical_growth_ratio,historical_ratio,2025-5,Tags 2,14,2025-11-25,1776.0,1541.4445448104,-234.55545518960002
historical_growth_ratio,historical_ratio,2025-5,Tags 2,21,2025-12-02,1776.0,1620.151968028747,-155.84803197125302
historical_growth_ratio,historical_ratio,2025-5,Tags 2,28,2025-12-09,1776.0,1660.328326523843,-115.67167347615691
historical_growth_ratio,historical_ratio,2025-5,Tags 3,7,2025-11-18,1738.0,1454.738262594969,-283.261737405031
historical_growth_ratio,historical_ratio,2025-5,Tags 3,14,2025-11-25,1738.0,1471.1124743247544,-266.88752567524557
historical_growth_ratio,historical_ratio,2025-5,Tags 3,21,2025-12-02,1738.0,1723.5659234348373,-14.43407656516274
historical_growth_ratio,historical_ratio,2025-5,Tags 3,28,2025-12-09,1738.0,1690.2016581563744,-47.79834184362562
historical_growth_ratio,historical_ratio,2026-1,Lags 1,7,2026-03-12,1605.9999999999998,1419.9080377821927,-186.09196221780712
historical_growth_ratio,historical_ratio,2026-1,Lags 1,14,2026-03-19,1605.9999999999998,1847.0703435136797,241.07034351367997
historical_growth_ratio,historical_ratio,2026-1,Lags 1,21,2026-03-26,1605.9999999999998,1639.584397775315,33.58439777531521
historical_growth_ratio,historical_ratio,2026-1,Lags 1,28,2026-04-02,1605.9999999999998,1643.2897465891963,37.28974658919651
historical_growth_ratio,historical_ratio,2026-1,Lags 2,7,2026-03-20,1972.0000000000002,1474.7837107399587,-497.21628926004155
historical_growth_ratio,historical_ratio,2026-1,Lags 2,14,2026-03-27,1972.0000000000002,2312.8468639562902,340.84686395629
historical_growth_ratio,historical_ratio,2026-1,Lags 2,21,2026-04-03,1972.0000000000002,2472.9643126666356,500.96431266663535
historical_growth_ratio,historical_ratio,2026-1,Lags 2,28,2026-04-10,1972.0000000000002,2283.240156709059,311.24015670905897
historical_growth_ratio,historical_ratio,2026-1,Lags 3,7,2026-03-27,1691.4399999999998,1392.4702013033098,-298.9697986966901
historical_growth_ratio,historical_ratio,2026-1,Lags 3,14,2026-04-03,1691.4399999999998,1292.1104479969142,-399.3295520030856
historical_growth_ratio,historical_ratio,2026-1,Lags 3,21,2026-04-10,1691.4399999999998,1289.3232741253403,-402.11672587465955
historical_growth_ratio,historical_ratio,2026-1,Lags 3,28,2026-04-17,1691.4399999999998,1514.6564983238973,-176.78350167610256
historical_growth_ratio,historical_ratio,2026-1,Tags 1,7,2026-02-06,1446.68,1697.1673754013048,250.4873754013047
historical_growth_ratio,historical_ratio,2026-1,Tags 1,14,2026-02-13,1446.68,2004.220578429963,557.540578429963
historical_growth_ratio,historical_ratio,2026-1,Tags 1,21,2026-02-20,1446.68,2025.1131931859086,578.4331931859085
historical_growth_ratio,historical_ratio,2026-1,Tags 1,28,2026-02-27,1446.68,1787.1660347739332,340.48603477393317
historical_growth_ratio,historical_ratio,2026-1,Tags 2,7,2026-02-06,1550.16,1714.72759074779,164.56759074778984
historical_growth_ratio,historical_ratio,2026-1,Tags 2,14,2026-02-13,1550.16,1733.0932500579136,182.93325005791348
historical_growth_ratio,historical_ratio,2026-1,Tags 2,21,2026-02-20,1550.16,2150.724078908658,600.5640789086581
historical_growth_ratio,historical_ratio,2026-1,Tags 2,28,2026-02-27,1550.16,1758.9953534038327,208.83535340383264
historical_growth_ratio,historical_ratio,2026-1,Tags 3,7,2026-02-06,1691.4399999999998,1646.6817562801602,-44.758243719839584
historical_growth_ratio,historical_ratio,2026-1,Tags 3,14,2026-02-13,1691.4399999999998,1847.0703435136797,155.63034351367992
historical_growth_ratio,historical_ratio,2026-1,Tags 3,21,2026-02-20,1691.4399999999998,2108.33040497723,416.8904049772302
historical_growth_ratio,historical_ratio,2026-1,Tags 3,28,2026-02-27,1691.4399999999998,1753.7857068490882,62.3457068490884
historical_growth_ratio,historical_ratio,2026-2,Lags 1,7,2026-06-08,1192.0,1432.3260518811455,240.32605188114553
historical_growth_ratio,historical_ratio,2026-2,Lags 1,14,2026-06-15,1192.0,1251.223678034554,59.22367803455404
historical_growth_ratio,historical_ratio,2026-2,Lags 1,21,2026-06-22,1192.0,958.8184620836978,-233.1815379163022
historical_growth_ratio,historical_ratio,2026-2,Lags 1,28,2026-06-29,1192.0,915.4751824033407,-276.5248175966593
historical_growth_ratio,historical_ratio,2026-2,Lags 2,7,2026-06-16,1204.0,1432.3260518811455,228.32605188114553
historical_growth_ratio,historical_ratio,2026-2,Lags 2,14,2026-06-23,1204.0,1030.2438399091197,-173.75616009088026
historical_growth_ratio,historical_ratio,2026-2,Lags 2,21,2026-06-30,1204.0,906.9904371062008,-297.00956289379917
historical_growth_ratio,historical_ratio,2026-2,Lags 2,28,2026-07-07,1204.0,1036.5041048227652,-167.49589517723484
historical_growth_ratio,historical_ratio,2026-2,Lags 3,7,2026-06-22,1078.0,1037.2016237760022,-40.79837622399782
historical_growth_ratio,historical_ratio,2026-2,Lags 3,14,2026-06-29,1078.0,818.2226438698514,-259.77735613014863
historical_growth_ratio,historical_ratio,2026-2,Lags 3,21,2026-07-06,1078.0,708.3163413591284,-369.6836586408716
historical_growth_ratio,historical_ratio,2026-2,Lags 3,28,2026-07-13,1078.0,769.6198143594188,-308.3801856405812
historical_growth_ratio,historical_ratio,2026-2,Tags 1,7,2026-04-25,1360.0,1619.1634600280065,259.1634600280065
historical_growth_ratio,historical_ratio,2026-2,Tags 1,14,2026-05-02,1360.0,1449.8666352251469,89.86663522514687
historical_growth_ratio,historical_ratio,2026-2,Tags 1,21,2026-05-09,1360.0,1659.6485331682989,299.64853316829885
historical_growth_ratio,historical_ratio,2026-2,Tags 1,28,2026-05-16,1360.0,1558.790454648129,198.79045464812907
historical_growth_ratio,historical_ratio,2026-2,Tags 2,7,2026-04-25,1556.2800000000002,1528.0026098294625,-28.27739017053773
historical_growth_ratio,historical_ratio,2026-2,Tags 2,14,2026-05-02,1556.2800000000002,1414.5098611250776,-141.77013887492262
historical_growth_ratio,historical_ratio,2026-2,Tags 2,21,2026-05-09,1556.2800000000002,1678.3066221601978,122.02662216019758
historical_growth_ratio,historical_ratio,2026-2,Tags 2,28,2026-05-16,1556.2800000000002,1582.8410738468608,26.56107384686061
historical_growth_ratio,historical_ratio,2026-2,Tags 3,7,2026-04-25,1564.0,1532.8005493135963,-31.19945068640368
historical_growth_ratio,historical_ratio,2026-2,Tags 3,14,2026-05-02,1564.0,1441.6844087864488,-122.31559121355122
historical_growth_ratio,historical_ratio,2026-2,Tags 3,21,2026-05-09,1564.0,1623.9447826282453,59.94478262824532
historical_growth_ratio,historical_ratio,2026-2,Tags 3,28,2026-05-16,1564.0,1559.4731819028025,-4.52681809719752
recent_adg_projection,recent_adg,2025-2,Tags 1,7,2025-04-04,1573.0,1533.9524999999999,-39.04750000000013
recent_adg_projection,recent_adg,2025-2,Tags 1,14,2025-04-11,1573.0,1582.9792857142857,9.979285714285652
recent_adg_projection,recent_adg,2025-2,Tags 1,21,2025-04-18,1573.0,1526.807857142857,-46.192142857142926
recent_adg_projection,recent_adg,2025-2,Tags 1,28,2025-04-25,1573.0,1879.517857142857,306.5178571428571
recent_adg_projection,recent_adg,2025-2,Tags 2,7,2025-04-04,1599.0,1527.9524999999999,-71.04750000000013
recent_adg_projection,recent_adg,2025-2,Tags 2,14,2025-04-11,1599.0,1588.9792857142857,-10.020714285714348
recent_adg_projection,recent_adg,2025-2,Tags 2,21,2025-04-18,1599.0,1645.807857142857,46.807857142857074
recent_adg_projection,recent_adg,2025-2,Tags 2,28,2025-04-25,1599.0,1821.517857142857,222.5178571428571
recent_adg_projection,recent_adg,2025-2,Tags 3,7,2025-04-04,1544.0,1532.9524999999999,-11.047500000000127
recent_adg_projection,recent_adg,2025-2,Tags 3,14,2025-04-11,1544.0,1588.9792857142857,44.97928571428565
recent_adg_projection,recent_adg,2025-2,Tags 3,21,2025-04-18,1544.0,1657.807857142857,113.80785714285707
recent_adg_projection,recent_adg,2025-2,Tags 3,28,2025-04-25,1544.0,1664.517857142857,120.51785714285711
recent_adg_projection,recent_adg,2025-3,Lags 1,7,2025-07-16,1479.9999999999998,1487.6188461538463,7.618846153846562
recent_adg_projection,recent_adg,2025-3,Lags 1,14,2025-07-23,1479.9999999999998,1498.604230769231,18.604230769231208
recent_adg_projection,recent_adg,2025-3,Lags 1,21,2025-07-30,1479.9999999999998,1425.7742307692306,-54.225769230769174
recent_adg_projection,recent_adg,2025-3,Lags 1,28,2025-08-06,1479.9999999999998,1382.7615384615387,-97.23846153846102
recent_adg_projection,recent_adg,2025-3,Lags 2,7,2025-07-22,1554.0,1484.6188461538463,-69.38115384615367
recent_adg_projection,recent_adg,2025-3,Lags 2,14,2025-07-29,1554.0,1453.104230769231,-100.89576923076902
recent_adg_projection,recent_adg,2025-3,Lags 2,21,2025-08-05,1554.0,1392.7742307692308,-161.22576923076917
recent_adg_projection,recent_adg,2025-3,Lags 2,28,2025-08-12,1554.0,1442.7615384615385,-111.23846153846148
recent_adg_projection,recent_adg,2025-3,Tags 1,7,2025-06-20,1477.24,1513.6188461538463,36.378846153846325
recent_adg_projection,recent_adg,2025-3,Tags 1,14,2025-06-27,1477.24,1520.684230769231,43.4442307692309
recent_adg_projection,recent_adg,2025-3,Tags 1,21,2025-07-04,1477.24,1567.2842307692308,90.04423076923081
recent_adg_projection,recent_adg,2025-3,Tags 1,28,2025-07-11,1477.24,1573.5615384615385,96.32153846153847
recent_adg_projection,recent_adg,2025-3,Tags 2,7,2025-06-20,1490.24,1512.6188461538463,22.378846153846325
recent_adg_projection,recent_adg,2025-3,Tags 2,14,2025-06-27,1490.24,1538.664230769231,48.42423076923092
recent_adg_projection,recent_adg,2025-3,Tags 2,21,2025-07-04,1490.24,1549.4442307692307,59.20423076923066
recent_adg_projection,recent_adg,2025-3,Tags 2,28,2025-07-11,1490.24,1621.4015384615386,131.1615384615386
recent_adg_projection,recent_adg,2025-3,Tags 3,7,2025-06-20,1582.1,1515.6188461538463,-66.48115384615357
recent_adg_projection,recent_adg,2025-3,Tags 3,14,2025-06-27,1582.1,1559.334230769231,-22.76576923076891
recent_adg_projection,recent_adg,2025-3,Tags 3,21,2025-07-04,1582.1,1513.6842307692307,-68.41576923076923
recent_adg_projection,recent_adg,2025-3,Tags 3,28,2025-07-11,1582.1,1538.2015384615388,-43.898461538461106
recent_adg_projection,recent_adg,2025-4,Lags 1,7,2025-10-03,1568.0,1492.7003846153848,-75.29961538461521
recent_adg_projection,recent_adg,2025-4,Lags 1,14,2025-10-10,1568.0,1481.3961538461538,-86.60384615384623
recent_adg_projection,recent_adg,2025-4,Lags 1,21,2025-10-17,1568.0,1559.615769230769,-8.384230769230953
recent_adg_projection,recent_adg,2025-4,Lags 1,28,2025-10-24,1568.0,1642.2230769230769,74.22307692307686
recent_adg_projection,recent_adg,2025-4,Lags 2,7,2025-10-03,1594.0,1492.7003846153848,-101.29961538461521
recent_adg_projection,recent_adg,2025-4,Lags 2,14,2025-10-10,1594.0,1489.3961538461538,-104.60384615384623
recent_adg_projection,recent_adg,2025-4,Lags 2,21,2025-10-17,1594.0,1568.615769230769,-25.384230769230953
recent_adg_projection,recent_adg,2025-4,Lags 2,28,2025-10-24,1594.0,1680.2230769230773,86.22307692307731
recent_adg_projection,recent_adg,2025-4,Tags 1,7,2025-09-02,1441.5,1482.0003846153847,40.500384615384746
recent_adg_projection,recent_adg,2025-4,Tags 1,14,2025-09-09,1441.5,1462.1961538461537,20.69615384615372
recent_adg_projection,recent_adg,2025-4,Tags 1,21,2025-09-16,1441.5,1434.485769230769,-7.014230769231062
recent_adg_projection,recent_adg,2025-4,Tags 1,28,2025-09-23,1441.5,1253.043076923077,-188.45692307692298
recent_adg_projection,recent_adg,2025-4,Tags 2,7,2025-09-02,1450.0400000000002,1485.3003846153847,35.26038461538451
recent_adg_projection,recent_adg,2025-4,Tags 2,14,2025-09-09,1450.0400000000002,1501.8961538461538,51.856153846153575
recent_adg_projection,recent_adg,2025-4,Tags 2,21,2025-09-16,1450.0400000000002,1485.2357692307692,35.195769230768974
recent_adg_projection,recent_adg,2025-4,Tags 2,28,2025-09-23,1450.0400000000002,1292.403076923077,-157.63692307692327
recent_adg_projection,recent_adg,2025-4,Tags 3,7,2025-09-02,1293.1200000000001,1482.0003846153847,188.88038461538463
recent_adg_projection,recent_adg,2025-4,Tags 3,14,2025-09-09,1293.1200000000001,1500.6361538461538,207.51615384615366
recent_adg_projection,recent_adg,2025-4,Tags 3,21,2025-09-16,1293.1200000000001,1469.1757692307692,176.0557692307691
recent_adg_projection,recent_adg,2025-4,Tags 3,28,2025-09-23,1293.1200000000001,1313.183076923077,20.06307692307678
recent_adg_projection,recent_adg,2025-5,Lags 1,7,2025-12-17,1306.0,1485.8667999999998,179.86679999999978
recent_adg_projection,recent_adg,2025-5,Lags 1,14,2025-12-24,1306.0,1440.7767999999999,134.77679999999987
recent_adg_projection,recent_adg,2025-5,Lags 1,21,2025-12-31,1306.0,1370.5848,64.58480000000009
recent_adg_projection,recent_adg,2025-5,Lags 1,28,2026-01-07,1306.0,1357.1799999999998,51.179999999999836
recent_adg_projection,recent_adg,2025-5,Lags 2,7,2025-12-24,1176.0,1481.8667999999998,305.8667999999998
recent_adg_projection,recent_adg,2025-5,Lags 2,14,2025-12-31,1176.0,1392.7767999999999,216.77679999999987
recent_adg_projection,recent_adg,2025-5,Lags 2,21,2026-01-07,1176.0,1290.5848,114.58480000000009
recent_adg_projection,recent_adg,2025-5,Lags 2,28,2026-01-14,1176.0,1189.1799999999998,13.179999999999836
recent_adg_projection,recent_adg,2025-5,Lags 3,7,2026-01-02,1182.0,1482.8667999999998,300.8667999999998
recent_adg_projection,recent_adg,2025-5,Lags 3,14,2026-01-09,1182.0,1405.7767999999999,223.77679999999987
recent_adg_projection,recent_adg,2025-5,Lags 3,21,2026-01-16,1182.0,1306.5848,124.58480000000009
recent_adg_projection,recent_adg,2025-5,Lags 3,28,2026-01-23,1182.0,1191.1799999999998,9.179999999999836
recent_adg_projection,recent_adg,2025-5,Tags 1,7,2025-11-18,1702.0,1498.8667999999998,-203.13320000000022
recent_adg_projection,recent_adg,2025-5,Tags 1,14,2025-11-25,1702.0,1472.7767999999999,-229.22320000000013
recent_adg_projection,recent_adg,2025-5,Tags 1,21,2025-12-02,1702.0,1417.5848,-284.4151999999999
recent_adg_projection,recent_adg,2025-5,Tags 1,28,2025-12-09,1702.0,1597.1799999999998,-104.82000000000016
recent_adg_projection,recent_adg,2025-5,Tags 2,7,2025-11-18,1776.0,1495.8667999999998,-280.1332000000002
recent_adg_projection,recent_adg,2025-5,Tags 2,14,2025-11-25,1776.0,1500.7767999999999,-275.22320000000013
recent_adg_projection,recent_adg,2025-5,Tags 2,21,2025-12-02,1776.0,1519.5848,-256.4151999999999
recent_adg_projection,recent_adg,2025-5,Tags 2,28,2025-12-09,1776.0,1571.1799999999998,-204.82000000000016
recent_adg_projection,recent_adg,2025-5,Tags 3,7,2025-11-18,1738.0,1496.8667999999998,-241.13320000000022
recent_adg_projection,recent_adg,2025-5,Tags 3,14,2025-11-25,1738.0,1488.7767999999999,-249.22320000000013
recent_adg_projection,recent_adg,2025-5,Tags 3,21,2025-12-02,1738.0,1555.5848,-182.4151999999999
recent_adg_projection,recent_adg,2025-5,Tags 3,28,2025-12-09,1738.0,1590.1799999999998,-147.82000000000016
recent_adg_projection,recent_adg,2026-1,Lags 1,7,2026-03-12,1605.9999999999998,1454.6272000000001,-151.37279999999964
recent_adg_projection,recent_adg,2026-1,Lags 1,14,2026-03-19,1605.9999999999998,1514.7248,-91.27519999999981
recent_adg_projection,recent_adg,2026-1,Lags 1,21,2026-03-26,1605.9999999999998,1501.204,-104.79599999999982
recent_adg_projection,recent_adg,2026-1,Lags 1,28,2026-04-02,1605.9999999999998,1545.0776,-60.9223999999997
recent_adg_projection,recent_adg,2026-1,Lags 2,7,2026-03-20,1972.0000000000002,1458.6272000000001,-513.3728000000001
recent_adg_projection,recent_adg,2026-1,Lags 2,14,2026-03-27,1972.0000000000002,1590.2448,-381.7552000000003
recent_adg_projection,recent_adg,2026-1,Lags 2,21,2026-04-03,1972.0000000000002,1777.2040000000002,-194.79600000000005
recent_adg_projection,recent_adg,2026-1,Lags 2,28,2026-04-10,1972.0000000000002,1943.0776,-28.922400000000152
recent_adg_projection,recent_adg,2026-1,Lags 3,7,2026-03-27,1691.4399999999998,1452.6272000000001,-238.8127999999997
recent_adg_projection,recent_adg,2026-1,Lags 3,14,2026-04-03,1691.4399999999998,1424.7448,-266.6951999999999
recent_adg_projection,recent_adg,2026-1,Lags 3,21,2026-04-10,1691.4399999999998,1385.2040000000002,-306.23599999999965
recent_adg_projection,recent_adg,2026-1,Lags 3,28,2026-04-17,1691.4399999999998,1465.0776,-226.36239999999975
recent_adg_projection,recent_adg,2026-1,Tags 1,7,2026-02-06,1446.68,1474.8372000000002,28.157200000000103
recent_adg_projection,recent_adg,2026-1,Tags 1,14,2026-02-13,1446.68,1540.2048,93.52479999999991
recent_adg_projection,recent_adg,2026-1,Tags 1,21,2026-02-20,1446.68,1628.884,182.20399999999995
recent_adg_projection,recent_adg,2026-1,Tags 1,28,2026-02-27,1446.68,1634.5576,187.87760000000003
recent_adg_projection,recent_adg,2026-1,Tags 2,7,2026-02-06,1550.16,1476.1172000000001,-74.04279999999994
recent_adg_projection,recent_adg,2026-1,Tags 2,14,2026-02-13,1550.16,1496.2448,-53.91520000000014
recent_adg_projection,recent_adg,2026-1,Tags 2,21,2026-02-20,1550.16,1670.484,120.32399999999984
recent_adg_projection,recent_adg,2026-1,Tags 2,28,2026-02-27,1550.16,1617.0376,66.87760000000003
recent_adg_projection,recent_adg,2026-1,Tags 3,7,2026-02-06,1691.4399999999998,1471.1572,-220.28279999999972
recent_adg_projection,recent_adg,2026-1,Tags 3,14,2026-02-13,1691.4399999999998,1514.7248,-176.71519999999987
recent_adg_projection,recent_adg,2026-1,Tags 3,21,2026-02-20,1691.4399999999998,1656.444,-34.99599999999987
recent_adg_projection,recent_adg,2026-1,Tags 3,28,2026-02-27,1691.4399999999998,1613.7976,-77.64239999999972
recent_adg_projection,recent_adg,2026-2,Lags 1,7,2026-06-08,1192.0,1529.8412000000003,337.8412000000003
recent_adg_projection,recent_adg,2026-2,Lags 1,14,2026-06-15,1192.0,1482.9052,290.9051999999999
recent_adg_projection,recent_adg,2026-2,Lags 1,21,2026-06-22,1192.0,1321.2247999999997,129.22479999999973
recent_adg_projection,recent_adg,2026-2,Lags 1,28,2026-06-29,1192.0,1117.3584,-74.64159999999993
recent_adg_projection,recent_adg,2026-2,Lags 2,7,2026-06-16,1204.0,1529.8412000000003,325.8412000000003
recent_adg_projection,recent_adg,2026-2,Lags 2,14,2026-06-23,1204.0,1445.9052,241.90519999999992
recent_adg_projection,recent_adg,2026-2,Lags 2,21,2026-06-30,1204.0,1303.2248,99.22479999999996
recent_adg_projection,recent_adg,2026-2,Lags 2,28,2026-07-07,1204.0,1195.3583999999998,-8.641600000000153
recent_adg_projection,recent_adg,2026-2,Lags 3,7,2026-06-22,1078.0,1501.8412000000003,423.8412000000003
recent_adg_projection,recent_adg,2026-2,Lags 3,14,2026-06-29,1078.0,1410.4052,332.4051999999999
recent_adg_projection,recent_adg,2026-2,Lags 3,21,2026-07-06,1078.0,1234.2248,156.22479999999996
recent_adg_projection,recent_adg,2026-2,Lags 3,28,2026-07-13,1078.0,1023.3584000000001,-54.641599999999926
recent_adg_projection,recent_adg,2026-2,Tags 1,7,2026-04-25,1360.0,1543.0812000000003,183.0812000000003
recent_adg_projection,recent_adg,2026-2,Tags 1,14,2026-05-02,1360.0,1516.1652,156.1651999999999
recent_adg_projection,recent_adg,2026-2,Tags 1,21,2026-05-09,1360.0,1564.6247999999998,204.62479999999982
recent_adg_projection,recent_adg,2026-2,Tags 1,28,2026-05-16,1360.0,1531.9584,171.95839999999998
recent_adg_projection,recent_adg,2026-2,Tags 2,7,2026-04-25,1556.2800000000002,1536.6212000000003,-19.65879999999993
recent_adg_projection,recent_adg,2026-2,Tags 2,14,2026-05-02,1556.2800000000002,1510.2451999999998,-46.03480000000036
recent_adg_projection,recent_adg,2026-2,Tags 2,21,2026-05-09,1556.2800000000002,1571.1047999999998,14.824799999999641
recent_adg_projection,recent_adg,2026-2,Tags 2,28,2026-05-16,1556.2800000000002,1547.4584,-8.821600000000217
recent_adg_projection,recent_adg,2026-2,Tags 3,7,2026-04-25,1564.0,1536.9612000000002,-27.03879999999981
recent_adg_projection,recent_adg,2026-2,Tags 3,14,2026-05-02,1564.0,1514.7952,-49.20479999999998
recent_adg_projection,recent_adg,2026-2,Tags 3,21,2026-05-09,1564.0,1552.2248,-11.77520000000004
recent_adg_projection,recent_adg,2026-2,Tags 3,28,2026-05-16,1564.0,1532.3984,-31.601599999999962
target_curve_pace,pace,2025-2,Tags 1,7,2025-04-04,1573.0,1577.6470588235295,4.647058823529505
target_curve_pace,pace,2025-2,Tags 1,14,2025-04-11,1573.0,1601.0526315789473,28.052631578947285
target_curve_pace,pace,2025-2,Tags 1,21,2025-04-18,1573.0,1246.5,-326.5
target_curve_pace,pace,2025-2,Tags 1,28,2025-04-25,1573.0,1996.5,423.5
target_curve_pace,pace,2025-2,Tags 2,7,2025-04-04,1599.0,1514.1176470588236,-84.88235294117635
target_curve_pace,pace,2025-2,Tags 2,14,2025-04-11,1599.0,1629.4736842105265,30.47368421052647
target_curve_pace,pace,2025-2,Tags 2,21,2025-04-18,1599.0,1514.25,-84.75
target_curve_pace,pace,2025-2,Tags 2,28,2025-04-25,1599.0,1909.5,310.5
target_curve_pace,pace,2025-2,Tags 3,7,2025-04-04,1544.0,1567.0588235294117,23.05882352941171
target_curve_pace,pace,2025-2,Tags 3,14,2025-04-11,1544.0,1629.4736842105265,85.47368421052647
target_curve_pace,pace,2025-2,Tags 3,21,2025-04-18,1544.0,1541.25,-2.75
target_curve_pace,pace,2025-2,Tags 3,28,2025-04-25,1544.0,1674.0,130.0
target_curve_pace,pace,2025-3,Lags 1,7,2025-07-16,1479.9999999999998,1069.4117647058827,-410.5882352941171
target_curve_pace,pace,2025-3,Lags 1,14,2025-07-23,1479.9999999999998,1210.2631578947364,-269.73684210526335
target_curve_pace,pace,2025-3,Lags 1,21,2025-07-30,1479.9999999999998,1037.25,-442.7499999999998
target_curve_pace,pace,2025-3,Lags 1,28,2025-08-06,1479.9999999999998,1284.0,-195.99999999999977
target_curve_pace,pace,2025-3,Lags 2,7,2025-07-22,1554.0,1037.6470588235293,-516.3529411764707
target_curve_pace,pace,2025-3,Lags 2,14,2025-07-29,1554.0,994.7368421052635,-559.2631578947365
target_curve_pace,pace,2025-3,Lags 2,21,2025-08-05,1554.0,963.0,-591.0
target_curve_pace,pace,2025-3,Lags 2,28,2025-08-12,1554.0,1374.0,-180.0
target_curve_pace,pace,2025-3,Tags 1,7,2025-06-20,1477.24,1344.7058823529412,-132.5341176470588
target_curve_pace,pace,2025-3,Tags 1,14,2025-06-27,1477.24,1314.8526315789472,-162.38736842105277
target_curve_pace,pace,2025-3,Tags 1,21,2025-07-04,1477.24,1355.6475,-121.59249999999997
target_curve_pace,pace,2025-3,Tags 1,28,2025-07-11,1477.24,1570.1999999999998,92.95999999999981
target_curve_pace,pace,2025-3,Tags 2,7,2025-06-20,1490.24,1334.1176470588236,-156.12235294117636
target_curve_pace,pace,2025-3,Tags 2,14,2025-06-27,1490.24,1400.021052631579,-90.21894736842091
target_curve_pace,pace,2025-3,Tags 2,21,2025-07-04,1490.24,1315.5075,-174.73250000000007
target_curve_pace,pace,2025-3,Tags 2,28,2025-07-11,1490.24,1641.9600000000003,151.72000000000025
target_curve_pace,pace,2025-3,Tags 3,7,2025-06-20,1582.1,1365.8823529411764,-216.21764705882356
target_curve_pace,pace,2025-3,Tags 3,14,2025-06-27,1582.1,1497.9315789473685,-84.1684210526314
target_curve_pace,pace,2025-3,Tags 3,21,2025-07-04,1582.1,1235.0475,-347.0525
target_curve_pace,pace,2025-3,Tags 3,28,2025-07-11,1582.1,1517.16,-64.93999999999983
target_curve_pace,pace,2025-4,Lags 1,7,2025-10-03,1568.0,1069.4117647058827,-498.58823529411734
target_curve_pace,pace,2025-4,Lags 1,14,2025-10-10,1568.0,1113.157894736842,-454.8421052631579
target_curve_pace,pace,2025-4,Lags 1,21,2025-10-17,1568.0,1316.25,-251.75
target_curve_pace,pace,2025-4,Lags 1,28,2025-10-24,1568.0,1680.0,112.0
target_curve_pace,pace,2025-4,Lags 2,7,2025-10-03,1594.0,1069.4117647058827,-524.5882352941173
target_curve_pace,pace,2025-4,Lags 2,14,2025-10-10,1594.0,1151.052631578947,-442.94736842105294
target_curve_pace,pace,2025-4,Lags 2,21,2025-10-17,1594.0,1336.5,-257.5
target_curve_pace,pace,2025-4,Lags 2,28,2025-10-24,1594.0,1737.0000000000005,143.00000000000045
target_curve_pace,pace,2025-4,Tags 1,7,2025-09-02,1441.5,956.1176470588234,-485.3823529411766
target_curve_pace,pace,2025-4,Tags 1,14,2025-09-09,1441.5,1022.2105263157894,-419.28947368421063
target_curve_pace,pace,2025-4,Tags 1,21,2025-09-16,1441.5,1034.7074999999998,-406.79250000000025
target_curve_pace,pace,2025-4,Tags 1,28,2025-09-23,1441.5,1096.23,-345.27
target_curve_pace,pace,2025-4,Tags 2,7,2025-09-02,1450.0400000000002,991.0588235294117,-458.9811764705885
target_curve_pace,pace,2025-4,Tags 2,14,2025-09-09,1450.0400000000002,1210.2631578947364,-239.77684210526377
target_curve_pace,pace,2025-4,Tags 2,21,2025-09-16,1450.0400000000002,1148.895,-301.1450000000002
target_curve_pace,pace,2025-4,Tags 2,28,2025-09-23,1450.0400000000002,1155.2699999999998,-294.77000000000044
target_curve_pace,pace,2025-4,Tags 3,7,2025-09-02,1293.1200000000001,956.1176470588234,-337.0023529411767
target_curve_pace,pace,2025-4,Tags 3,14,2025-09-09,1293.1200000000001,1204.2947368421053,-88.82526315789482
target_curve_pace,pace,2025-4,Tags 3,21,2025-09-16,1293.1200000000001,1112.7600000000002,-180.3599999999999
target_curve_pace,pace,2025-4,Tags 3,28,2025-09-23,1293.1200000000001,1186.44,-106.68000000000006
target_curve_pace,pace,2025-5,Lags 1,7,2025-12-17,1306.0,1005.8823529411765,-300.11764705882354
target_curve_pace,pace,2025-5,Lags 1,14,2025-12-24,1306.0,961.578947368421,-344.42105263157896
target_curve_pace,pace,2025-5,Lags 1,21,2025-12-31,1306.0,933.7500000000001,-372.2499999999999
target_curve_pace,pace,2025-5,Lags 1,28,2026-01-07,1306.0,1263.0,-43.0
target_curve_pace,pace,2025-5,Lags 2,7,2025-12-24,1176.0,963.5294117647059,-212.47058823529414
target_curve_pace,pace,2025-5,Lags 2,14,2025-12-31,1176.0,734.2105263157895,-441.7894736842105
target_curve_pace,pace,2025-5,Lags 2,21,2026-01-07,1176.0,753.75,-422.25
target_curve_pace,pace,2025-5,Lags 2,28,2026-01-14,1176.0,1011.0,-165.0
target_curve_pace,pace,2025-5,Lags 3,7,2026-01-02,1182.0,974.1176470588234,-207.88235294117658
target_curve_pace,pace,2025-5,Lags 3,14,2026-01-09,1182.0,795.7894736842105,-386.2105263157895
target_curve_pace,pace,2025-5,Lags 3,21,2026-01-16,1182.0,789.75,-392.25
target_curve_pace,pace,2025-5,Lags 3,28,2026-01-23,1182.0,1014.0,-168.0
target_curve_pace,pace,2025-5,Tags 1,7,2025-11-18,1702.0,1143.5294117647059,-558.4705882352941
target_curve_pace,pace,2025-5,Tags 1,14,2025-11-25,1702.0,1113.157894736842,-588.8421052631579
target_curve_pace,pace,2025-5,Tags 1,21,2025-12-02,1702.0,1039.5,-662.5
target_curve_pace,pace,2025-5,Tags 1,28,2025-12-09,1702.0,1623.0,-79.0
target_curve_pace,pace,2025-5,Tags 2,7,2025-11-18,1776.0,1111.764705882353,-664.2352941176471
target_curve_pace,pace,2025-5,Tags 2,14,2025-11-25,1776.0,1245.7894736842106,-530.2105263157894
target_curve_pace,pace,2025-5,Tags 2,21,2025-12-02,1776.0,1269.0,-507.0
target_curve_pace,pace,2025-5,Tags 2,28,2025-12-09,1776.0,1584.0,-192.0
target_curve_pace,pace,2025-5,Tags 3,7,2025-11-18,1738.0,1122.3529411764705,-615.6470588235295
target_curve_pace,pace,2025-5,Tags 3,14,2025-11-25,1738.0,1188.9473684210527,-549.0526315789473
target_curve_pace,pace,2025-5,Tags 3,21,2025-12-02,1738.0,1350.0,-388.0
target_curve_pace,pace,2025-5,Tags 3,28,2025-12-09,1738.0,1612.5,-125.5
target_curve_pace,pace,2026-1,Lags 1,7,2026-03-12,1605.9999999999998,1095.8823529411764,-510.1176470588234
target_curve_pace,pace,2026-1,Lags 1,14,2026-03-19,1605.9999999999998,1418.5894736842106,-187.41052631578918
target_curve_pace,pace,2026-1,Lags 1,21,2026-03-26,1605.9999999999998,1221.7499999999998,-384.25
target_curve_pace,pace,2026-1,Lags 1,28,2026-04-02,1605.9999999999998,1533.0,-72.99999999999977
target_curve_pace,pace,2026-1,Lags 2,7,2026-03-20,1972.0000000000002,1138.2352941176473,-833.7647058823529
target_curve_pace,pace,2026-1,Lags 2,14,2026-03-27,1972.0000000000002,1776.3157894736842,-195.68421052631606
target_curve_pace,pace,2026-1,Lags 2,21,2026-04-03,1972.0000000000002,1842.75,-129.25000000000023
target_curve_pace,pace,2026-1,Lags 2,28,2026-04-10,1972.0000000000002,2130.0,157.99999999999977
target_curve_pace,pace,2026-1,Lags 3,7,2026-03-27,1691.4399999999998,1074.7058823529412,-616.7341176470586
target_curve_pace,pace,2026-1,Lags 3,14,2026-04-03,1691.4399999999998,992.3684210526316,-699.0715789473683
target_curve_pace,pace,2026-1,Lags 3,21,2026-04-10,1691.4399999999998,960.7500000000001,-730.6899999999997
target_curve_pace,pace,2026-1,Lags 3,28,2026-04-17,1691.4399999999998,1413.0000000000002,-278.4399999999996
target_curve_pace,pace,2026-1,Tags 1,7,2026-02-06,1446.68,1309.870588235294,-136.80941176470606
target_curve_pace,pace,2026-1,Tags 1,14,2026-02-13,1446.68,1539.284210526316,92.60421052631591
target_curve_pace,pace,2026-1,Tags 1,21,2026-02-20,1446.68,1509.03,62.34999999999991
target_curve_pace,pace,2026-1,Tags 1,28,2026-02-27,1446.68,1667.22,220.53999999999996
target_curve_pace,pace,2026-1,Tags 2,7,2026-02-06,1550.16,1323.4235294117645,-226.73647058823553
target_curve_pace,pace,2026-1,Tags 2,14,2026-02-13,1550.16,1331.0526315789473,-219.1073684210528
target_curve_pace,pace,2026-1,Tags 2,21,2026-02-20,1550.16,1602.6299999999997,52.46999999999957
target_curve_pace,pace,2026-1,Tags 2,28,2026-02-27,1550.16,1640.94,90.77999999999997
target_curve_pace,pace,2026-1,Tags 3,7,2026-02-06,1691.4399999999998,1270.905882352941,-420.5341176470588
target_curve_pace,pace,2026-1,Tags 3,14,2026-02-13,1691.4399999999998,1418.5894736842106,-272.85052631578924
target_curve_pace,pace,2026-1,Tags 3,21,2026-02-20,1691.4399999999998,1571.0399999999997,-120.40000000000009
target_curve_pace,pace,2026-1,Tags 3,28,2026-02-27,1691.4399999999998,1636.0800000000002,-55.35999999999967
target_curve_pace,pace,2026-2,Lags 1,7,2026-06-08,1192.0,1074.7058823529412,-117.29411764705878
target_curve_pace,pace,2026-2,Lags 1,14,2026-06-15,1192.0,992.3684210526316,-199.63157894736844
target_curve_pace,pace,2026-2,Lags 1,21,2026-06-22,1192.0,749.2499999999999,-442.7500000000001
target_curve_pace,pace,2026-2,Lags 1,28,2026-06-29,1192.0,885.0,-307.0
target_curve_pace,pace,2026-2,Lags 2,7,2026-06-16,1204.0,1074.7058823529412,-129.29411764705878
target_curve_pace,pace,2026-2,Lags 2,14,2026-06-23,1204.0,817.1052631578948,-386.8947368421052
target_curve_pace,pace,2026-2,Lags 2,21,2026-06-30,1204.0,708.75,-495.25
target_curve_pace,pace,2026-2,Lags 2,28,2026-07-07,1204.0,1001.9999999999998,-202.00000000000023
target_curve_pace,pace,2026-2,Lags 3,7,2026-06-22,1078.0,778.2352941176472,-299.7647058823528
target_curve_pace,pace,2026-2,Lags 3,14,2026-06-29,1078.0,648.9473684210525,-429.0526315789475
target_curve_pace,pace,2026-2,Lags 3,21,2026-07-06,1078.0,553.5000000000001,-524.4999999999999
target_curve_pace,pace,2026-2,Lags 3,28,2026-07-13,1078.0,744.0000000000002,-333.9999999999998
target_curve_pace,pace,2026-2,Tags 1,7,2026-04-25,1360.0,1214.894117647059,-145.10588235294108
target_curve_pace,pace,2026-2,Tags 1,14,2026-05-02,1360.0,1149.915789473684,-210.08421052631593
target_curve_pace,pace,2026-2,Tags 1,21,2026-05-09,1360.0,1296.8999999999999,-63.100000000000136
target_curve_pace,pace,2026-2,Tags 1,28,2026-05-16,1360.0,1506.9,146.9000000000001
target_curve_pace,pace,2026-2,Tags 2,7,2026-04-25,1556.2800000000002,1146.4941176470586,-409.7858823529416
target_curve_pace,pace,2026-2,Tags 2,14,2026-05-02,1556.2800000000002,1121.873684210526,-434.4063157894741
target_curve_pace,pace,2026-2,Tags 2,21,2026-05-09,1556.2800000000002,1311.48,-244.80000000000018
target_curve_pace,pace,2026-2,Tags 2,28,2026-05-16,1556.2800000000002,1530.1499999999999,-26.130000000000337
target_curve_pace,pace,2026-2,Tags 3,7,2026-04-25,1564.0,1150.0941176470585,-413.9058823529415
target_curve_pace,pace,2026-2,Tags 3,14,2026-05-02,1564.0,1143.4263157894738,-420.57368421052615
target_curve_pace,pace,2026-2,Tags 3,21,2026-05-09,1564.0,1269.0,-295.0
target_curve_pace,pace,2026-2,Tags 3,28,2026-05-16,1564.0,1507.56,-56.440000000000055
direct_current_weight_ols,ols,2025-2,Tags 1,7,2025-04-04,1573.0,1802.7696341131966,229.76963411319662
direct_current_weight_ols,ols,2025-2,Tags 1,14,2025-04-11,1573.0,1745.4825574901672,172.4825574901672
direct_current_weight_ols,ols,2025-2,Tags 1,21,2025-04-18,1573.0,1533.702185912321,-39.297814087678944
direct_current_weight_ols,ols,2025-2,Tags 1,28,2025-04-25,1573.0,1832.4083850732236,259.4083850732236
direct_current_weight_ols,ols,2025-2,Tags 2,7,2025-04-04,1599.0,1760.0062218463054,161.00622184630538
direct_current_weight_ols,ols,2025-2,Tags 2,14,2025-04-11,1599.0,1761.9780055784763,162.9780055784763
direct_current_weight_ols,ols,2025-2,Tags 2,21,2025-04-18,1599.0,1675.0401382838706,76.04013828387065
direct_current_weight_ols,ols,2025-2,Tags 2,28,2025-04-25,1599.0,1781.4245221280155,182.4245221280155
direct_current_weight_ols,ols,2025-2,Tags 3,7,2025-04-04,1544.0,1795.6423987353814,251.64239873538145
direct_current_weight_ols,ols,2025-2,Tags 3,14,2025-04-11,1544.0,1761.9780055784763,217.9780055784763
direct_current_weight_ols,ols,2025-2,Tags 3,21,2025-04-18,1544.0,1689.292704909573,145.2927049095731
direct_current_weight_ols,ols,2025-2,Tags 3,28,2025-04-25,1544.0,1643.4164793280556,99.41647932805563
direct_current_weight_ols,ols,2025-3,Lags 1,7,2025-07-16,1479.9999999999998,1459.5425796031604,-20.457420396839325
direct_current_weight_ols,ols,2025-3,Lags 1,14,2025-07-23,1479.9999999999998,1504.703157158265,24.703157158265185
direct_current_weight_ols,ols,2025-3,Lags 1,21,2025-07-30,1479.9999999999998,1412.8475507047901,-67.15244929520964
direct_current_weight_ols,ols,2025-3,Lags 1,28,2025-08-06,1479.9999999999998,1406.7506817998076,-73.24931820019219
direct_current_weight_ols,ols,2025-3,Lags 2,7,2025-07-22,1554.0,1444.139856655018,-109.8601433449819
direct_current_weight_ols,ols,2025-3,Lags 2,14,2025-07-29,1554.0,1393.0405719383857,-160.9594280616143
direct_current_weight_ols,ols,2025-3,Lags 2,21,2025-08-05,1554.0,1373.6324175911468,-180.3675824088532
direct_current_weight_ols,ols,2025-3,Lags 2,28,2025-08-12,1554.0,1453.8588910804135,-100.14110891958649
direct_current_weight_ols,ols,2025-3,Tags 1,7,2025-06-20,1477.24,1593.0328451537266,115.7928451537266
direct_current_weight_ols,ols,2025-3,Tags 1,14,2025-06-27,1477.24,1558.8901875243077,81.65018752430774
direct_current_weight_ols,ols,2025-3,Tags 1,21,2025-07-04,1477.24,1581.0091715202952,103.76917152029523
direct_current_weight_ols,ols,2025-3,Tags 1,28,2025-07-11,1477.24,1556.5547873121347,79.31478731213474
direct_current_weight_ols,ols,2025-3,Tags 2,7,2025-06-20,1490.24,1587.8986041710125,97.65860417101248
direct_current_weight_ols,ols,2025-3,Tags 2,14,2025-06-27,1490.24,1603.015314606801,112.77531460680098
direct_current_weight_ols,ols,2025-3,Tags 2,21,2025-07-04,1490.24,1559.8092328915861,69.56923289158613
direct_current_weight_ols,ols,2025-3,Tags 2,28,2025-07-11,1490.24,1594.1157328452048,103.87573284520477
direct_current_weight_ols,ols,2025-3,Tags 3,7,2025-06-20,1582.1,1603.3013271191548,21.20132711915494
direct_current_weight_ols,ols,2025-3,Tags 3,14,2025-06-27,1582.1,1653.7420318924032,71.64203189240334
direct_current_weight_ols,ols,2025-3,Tags 3,21,2025-07-04,1582.1,1517.3142886448018,-64.78571135519815
direct_current_weight_ols,ols,2025-3,Tags 3,28,2025-07-11,1582.1,1528.792349309431,-53.307650690568835
direct_current_weight_ols,ols,2025-4,Lags 1,7,2025-10-03,1568.0,1452.8526561086899,-115.14734389131013
direct_current_weight_ols,ols,2025-4,Lags 1,14,2025-10-10,1568.0,1452.0442022998839,-115.95579770011614
direct_current_weight_ols,ols,2025-4,Lags 1,21,2025-10-17,1568.0,1565.9216649237687,-2.0783350762312693
direct_current_weight_ols,ols,2025-4,Lags 1,28,2025-10-24,1568.0,1615.701551367938,47.70155136793801
direct_current_weight_ols,ols,2025-4,Lags 2,7,2025-10-03,1594.0,1452.8526561086899,-141.14734389131013
direct_current_weight_ols,ols,2025-4,Lags 2,14,2025-10-10,1594.0,1470.6567838629908,-123.34321613700922
direct_current_weight_ols,ols,2025-4,Lags 2,21,2025-10-17,1594.0,1575.9334238646586,-18.066576135341393
direct_current_weight_ols,ols,2025-4,Lags 2,28,2025-10-24,1594.0,1646.4354202809614,52.43542028096135
direct_current_weight_ols,ols,2025-4,Tags 1,7,2025-09-02,1441.5,1402.7538642312238,-38.746135768776185
direct_current_weight_ols,ols,2025-4,Tags 1,14,2025-09-09,1441.5,1407.3740065484274,-34.12599345157264
direct_current_weight_ols,ols,2025-4,Tags 1,21,2025-09-16,1441.5,1426.724843115598,-14.775156884401895
direct_current_weight_ols,ols,2025-4,Tags 1,28,2025-09-23,1441.5,1300.9382065371383,-140.56179346286171
direct_current_weight_ols,ols,2025-4,Tags 2,7,2025-09-02,1450.0400000000002,1418.2048935018443,-31.835106498155938
direct_current_weight_ols,ols,2025-4,Tags 2,14,2025-09-09,1450.0400000000002,1499.7389425553451,49.698942555344956
direct_current_weight_ols,ols,2025-4,Tags 2,21,2025-09-16,1450.0400000000002,1483.1800393656154,33.140039365615166
direct_current_weight_ols,ols,2025-4,Tags 2,28,2025-09-23,1450.0400000000002,1332.772024442838,-117.26797555716212
direct_current_weight_ols,ols,2025-4,Tags 3,7,2025-09-02,1293.1200000000001,1402.7538642312238,109.6338642312237
direct_current_weight_ols,ols,2025-4,Tags 3,14,2025-09-09,1293.1200000000001,1496.807460959156,203.68746095915594
direct_current_weight_ols,ols,2025-4,Tags 3,21,2025-09-16,1293.1200000000001,1465.3146117444278,172.19461174442768
direct_current_weight_ols,ols,2025-4,Tags 3,28,2025-09-23,1293.1200000000001,1349.5785980221176,56.458598022117485
direct_current_weight_ols,ols,2025-5,Lags 1,7,2025-12-17,1306.0,1442.178397365932,136.17839736593191
direct_current_weight_ols,ols,2025-5,Lags 1,14,2025-12-24,1306.0,1374.0011231623296,68.00112316232958
direct_current_weight_ols,ols,2025-5,Lags 1,21,2025-12-31,1306.0,1367.1595938585729,61.15959385857286
direct_current_weight_ols,ols,2025-5,Lags 1,28,2026-01-07,1306.0,1405.2468730795986,99.24687307959857
direct_current_weight_ols,ols,2025-5,Lags 2,7,2025-12-24,1176.0,1427.5633373192645,251.56333731926452
direct_current_weight_ols,ols,2025-5,Lags 2,14,2025-12-31,1176.0,1273.92822821347,97.92822821346999
direct_current_weight_ols,ols,2025-5,Lags 2,21,2026-01-07,1176.0,1285.0796902015463,109.07969020154633
direct_current_weight_ols,ols,2025-5,Lags 2,28,2026-01-14,1176.0,1292.8807479051068,116.88074790510677
direct_current_weight_ols,ols,2025-5,Lags 3,7,2026-01-02,1182.0,1431.2171023309313,249.2171023309313
direct_current_weight_ols,ols,2025-5,Lags 3,14,2026-01-09,1182.0,1301.0313039287862,119.0313039287862
direct_current_weight_ols,ols,2025-5,Lags 3,21,2026-01-16,1182.0,1301.4956709329517,119.49567093295173
direct_current_weight_ols,ols,2025-5,Lags 3,28,2026-01-23,1182.0,1294.2184398714696,112.21843987146963
direct_current_weight_ols,ols,2025-5,Tags 1,7,2025-11-18,1702.0,1489.6773425176002,-212.3226574823998
direct_current_weight_ols,ols,2025-5,Tags 1,14,2025-11-25,1702.0,1440.7163864615695,-261.2836135384305
direct_current_weight_ols,ols,2025-5,Tags 1,21,2025-12-02,1702.0,1415.3815372570757,-286.6184627429243
direct_current_weight_ols,ols,2025-5,Tags 1,28,2025-12-09,1702.0,1565.7699090431583,-136.23009095684165
direct_current_weight_ols,ols,2025-5,Tags 2,7,2025-11-18,1776.0,1478.7160474825998,-297.28395251740017
direct_current_weight_ols,ols,2025-5,Tags 2,14,2025-11-25,1776.0,1499.0922418484045,-276.90775815159554
direct_current_weight_ols,ols,2025-5,Tags 2,21,2025-12-02,1776.0,1520.033414419784,-255.9665855802159
direct_current_weight_ols,ols,2025-5,Tags 2,28,2025-12-09,1776.0,1548.3799134804394,-227.62008651956057
direct_current_weight_ols,ols,2025-5,Tags 3,7,2025-11-18,1738.0,1482.3698124942666,-255.63018750573337
direct_current_weight_ols,ols,2025-5,Tags 3,14,2025-11-25,1738.0,1474.0740181111894,-263.9259818888106
direct_current_weight_ols,ols,2025-5,Tags 3,21,2025-12-02,1738.0,1556.969371065446,-181.030628934554
direct_current_weight_ols,ols,2025-5,Tags 3,28,2025-12-09,1738.0,1561.087987160888,-176.9120128391121
direct_current_weight_ols,ols,2026-1,Lags 1,7,2026-03-12,1605.9999999999998,1436.8185420315795,-169.18145796842032
direct_current_weight_ols,ols,2026-1,Lags 1,14,2026-03-19,1605.9999999999998,1582.7968932966269,-23.203106703372896
direct_current_weight_ols,ols,2026-1,Lags 1,21,2026-03-26,1605.9999999999998,1511.5780771529055,-94.42192284709427
direct_current_weight_ols,ols,2026-1,Lags 1,28,2026-04-02,1605.9999999999998,1520.8397910671356,-85.16020893286418
direct_current_weight_ols,ols,2026-1,Lags 2,7,2026-03-20,1972.0000000000002,1456.3259070336874,-515.6740929663129
direct_current_weight_ols,ols,2026-1,Lags 2,14,2026-03-27,1972.0000000000002,1750.9373258016944,-221.06267419830579
direct_current_weight_ols,ols,2026-1,Lags 2,21,2026-04-03,1972.0000000000002,1855.7778640724807,-116.2221359275195
direct_current_weight_ols,ols,2026-1,Lags 2,28,2026-04-10,1972.0000000000002,1806.482377847914,-165.51762215208623
direct_current_weight_ols,ols,2026-1,Lags 3,7,2026-03-27,1691.4399999999998,1427.0648595305256,-264.3751404694742
direct_current_weight_ols,ols,2026-1,Lags 3,14,2026-04-03,1691.4399999999998,1382.4621989533275,-308.9778010466723
direct_current_weight_ols,ols,2026-1,Lags 3,21,2026-04-10,1691.4399999999998,1366.9143985925043,-324.5256014074955
direct_current_weight_ols,ols,2026-1,Lags 3,28,2026-04-17,1691.4399999999998,1463.4241957343158,-228.01580426568398
direct_current_weight_ols,ols,2026-1,Tags 1,7,2026-02-06,1446.68,1535.3795037047294,88.6995037047293
direct_current_weight_ols,ols,2026-1,Tags 1,14,2026-02-13,1446.68,1639.526477780593,192.84647778059298
direct_current_weight_ols,ols,2026-1,Tags 1,21,2026-02-20,1446.68,1670.8078916235263,224.12789162352624
direct_current_weight_ols,ols,2026-1,Tags 1,28,2026-02-27,1446.68,1585.0591344468944,138.37913444689434
direct_current_weight_ols,ols,2026-1,Tags 2,7,2026-02-06,1550.16,1541.621860505404,-8.53813949459618
direct_current_weight_ols,ols,2026-1,Tags 2,14,2026-02-13,1550.16,1541.652359495069,-8.507640504931032
direct_current_weight_ols,ols,2026-1,Tags 2,21,2026-02-20,1550.16,1722.6872797969115,172.52727979691144
direct_current_weight_ols,ols,2026-1,Tags 2,28,2026-02-27,1550.16,1572.485119069007,22.32511906900686
direct_current_weight_ols,ols,2026-1,Tags 3,7,2026-02-06,1691.4399999999998,1517.4327279027902,-174.00727209720958
direct_current_weight_ols,ols,2026-1,Tags 3,14,2026-02-13,1691.4399999999998,1582.7968932966269,-108.64310670337295
direct_current_weight_ols,ols,2026-1,Tags 3,21,2026-02-20,1691.4399999999998,1705.177986288394,13.737986288394268
direct_current_weight_ols,ols,2026-1,Tags 3,28,2026-02-27,1691.4399999999998,1570.1597874580277,-121.2802125419721
direct_current_weight_ols,ols,2026-2,Lags 1,7,2026-06-08,1192.0,1512.5340857902634,320.53408579026336
direct_current_weight_ols,ols,2026-2,Lags 1,14,2026-06-15,1192.0,1439.1898191642904,247.18981916429038
direct_current_weight_ols,ols,2026-2,Lags 1,21,2026-06-22,1192.0,1330.7869336326844,138.7869336326844
direct_current_weight_ols,ols,2026-2,Lags 1,28,2026-06-29,1192.0,1244.846969118205,52.846969118204925
direct_current_weight_ols,ols,2026-2,Lags 2,7,2026-06-16,1204.0,1512.5340857902634,308.53408579026336
direct_current_weight_ols,ols,2026-2,Lags 2,14,2026-06-23,1204.0,1373.5383150702576,169.53831507025757
direct_current_weight_ols,ols,2026-2,Lags 2,21,2026-06-30,1204.0,1313.5759840375204,109.57598403752036
direct_current_weight_ols,ols,2026-2,Lags 2,28,2026-07-07,1204.0,1299.2827312243187,95.2827312243187
direct_current_weight_ols,ols,2026-2,Lags 3,7,2026-06-22,1078.0,1433.6158327460237,355.61583274602367
direct_current_weight_ols,ols,2026-2,Lags 3,14,2026-06-29,1078.0,1310.548358439496,232.54835843949604
direct_current_weight_ols,ols,2026-2,Lags 3,21,2026-07-06,1078.0,1247.600677256058,169.6006772560579
direct_current_weight_ols,ols,2026-2,Lags 3,28,2026-07-13,1078.0,1179.2448968364781,101.24489683647812
direct_current_weight_ols,ols,2026-2,Tags 1,7,2026-04-25,1360.0,1549.8511454440395,189.8511454440395
direct_current_weight_ols,ols,2026-2,Tags 1,14,2026-05-02,1360.0,1498.2051982498995,138.20519824989947
direct_current_weight_ols,ols,2026-2,Tags 1,21,2026-05-09,1360.0,1563.5172187139588,203.51721871395875
direct_current_weight_ols,ols,2026-2,Tags 1,28,2026-05-16,1360.0,1534.1939815437793,174.19398154377927
direct_current_weight_ols,ols,2026-2,Tags 2,7,2026-04-25,1556.2800000000002,1531.6435770631183,-24.6364229368819
direct_current_weight_ols,ols,2026-2,Tags 2,14,2026-05-02,1556.2800000000002,1487.7009575948543,-68.57904240514586
direct_current_weight_ols,ols,2026-2,Tags 2,21,2026-05-09,1556.2800000000002,1569.713160568218,13.433160568217772
direct_current_weight_ols,ols,2026-2,Tags 2,28,2026-05-16,1556.2800000000002,1545.0113445264044,-11.2686554735958
direct_current_weight_ols,ols,2026-2,Tags 3,7,2026-04-25,1564.0,1532.6018701357984,-31.398129864201564
direct_current_weight_ols,ols,2026-2,Tags 3,14,2026-05-02,1564.0,1495.774318233445,-68.225681766555
direct_current_weight_ols,ols,2026-2,Tags 3,21,2026-05-09,1564.0,1551.6607867706236,-12.339213229376355
direct_current_weight_ols,ols,2026-2,Tags 3,28,2026-05-16,1564.0,1534.5010550736085,-29.49894492639146
direct_trajectory_pls,pls,2025-2,Tags 1,7,2025-04-04,1573.0,1802.7696341131964,229.7696341131964
direct_trajectory_pls,pls,2025-2,Tags 1,14,2025-04-11,1573.0,1834.7716567245568,261.7716567245568
direct_trajectory_pls,pls,2025-2,Tags 1,21,2025-04-18,1573.0,1738.0314348192578,165.0314348192578
direct_trajectory_pls,pls,2025-2,Tags 1,28,2025-04-25,1573.0,1783.4301038866124,210.43010388661241
direct_trajectory_pls,pls,2025-2,Tags 2,7,2025-04-04,1599.0,1760.0062218463054,161.00622184630538
direct_trajectory_pls,pls,2025-2,Tags 2,14,2025-04-11,1599.0,1818.8334899528186,219.83348995281858
direct_trajectory_pls,pls,2025-2,Tags 2,21,2025-04-18,1599.0,1784.6737399959898,185.67373999598976
direct_trajectory_pls,pls,2025-2,Tags 2,28,2025-04-25,1599.0,1803.1353752185867,204.13537521858666
direct_trajectory_pls,pls,2025-2,Tags 3,7,2025-04-04,1544.0,1795.6423987353812,251.64239873538122
direct_trajectory_pls,pls,2025-2,Tags 3,14,2025-04-11,1544.0,1840.4558481418237,296.4558481418237
direct_trajectory_pls,pls,2025-2,Tags 3,21,2025-04-18,1544.0,1804.8955722603494,260.89557226034935
direct_trajectory_pls,pls,2025-2,Tags 3,28,2025-04-25,1544.0,1776.0403574548368,232.0403574548368
direct_trajectory_pls,pls,2025-3,Lags 1,7,2025-07-16,1479.9999999999998,1459.5425796031604,-20.457420396839325
direct_trajectory_pls,pls,2025-3,Lags 1,14,2025-07-23,1479.9999999999998,1479.8970315366732,-0.10296846332653331
direct_trajectory_pls,pls,2025-3,Lags 1,21,2025-07-30,1479.9999999999998,1451.1764062965035,-28.82359370349627
direct_trajectory_pls,pls,2025-3,Lags 1,28,2025-08-06,1479.9999999999998,1435.252015334552,-44.7479846654478
direct_trajectory_pls,pls,2025-3,Lags 2,7,2025-07-22,1554.0,1444.139856655018,-109.8601433449819
direct_trajectory_pls,pls,2025-3,Lags 2,14,2025-07-29,1554.0,1404.8553184923246,-149.1446815076754
direct_trajectory_pls,pls,2025-3,Lags 2,21,2025-08-05,1554.0,1383.4439424996685,-170.55605750033146
direct_trajectory_pls,pls,2025-3,Lags 2,28,2025-08-12,1554.0,1398.8736176627062,-155.12638233729376
direct_trajectory_pls,pls,2025-3,Tags 1,7,2025-06-20,1477.24,1593.0328451537268,115.79284515372683
direct_trajectory_pls,pls,2025-3,Tags 1,14,2025-06-27,1477.24,1590.7347258543887,113.49472585438866
direct_trajectory_pls,pls,2025-3,Tags 1,21,2025-07-04,1477.24,1596.1233787683673,118.88337876836727
direct_trajectory_pls,pls,2025-3,Tags 1,28,2025-07-11,1477.24,1589.6041041922886,112.36410419228855
direct_trajectory_pls,pls,2025-3,Tags 2,7,2025-06-20,1490.24,1587.8986041710127,97.65860417101271
direct_trajectory_pls,pls,2025-3,Tags 2,14,2025-06-27,1490.24,1613.7618048284187,123.52180482841868
direct_trajectory_pls,pls,2025-3,Tags 2,21,2025-07-04,1490.24,1603.370320719011,113.13032071901102
direct_trajectory_pls,pls,2025-3,Tags 2,28,2025-07-11,1490.24,1606.5007683042454,116.2607683042454
direct_trajectory_pls,pls,2025-3,Tags 3,7,2025-06-20,1582.1,1603.3013271191548,21.20132711915494
direct_trajectory_pls,pls,2025-3,Tags 3,14,2025-06-27,1582.1,1652.816260756248,70.71626075624818
direct_trajectory_pls,pls,2025-3,Tags 3,21,2025-07-04,1582.1,1612.99756630156,30.89756630156012
direct_trajectory_pls,pls,2025-3,Tags 3,28,2025-07-11,1582.1,1593.774859724014,11.67485972401414
direct_trajectory_pls,pls,2025-4,Lags 1,7,2025-10-03,1568.0,1452.8526561086899,-115.14734389131013
direct_trajectory_pls,pls,2025-4,Lags 1,14,2025-10-10,1568.0,1443.5784801070718,-124.42151989292825
direct_trajectory_pls,pls,2025-4,Lags 1,21,2025-10-17,1568.0,1487.5285218492663,-80.47147815073367
direct_trajectory_pls,pls,2025-4,Lags 1,28,2025-10-24,1568.0,1525.281245498052,-42.71875450194807
direct_trajectory_pls,pls,2025-4,Lags 2,7,2025-10-03,1594.0,1452.8526561086899,-141.14734389131013
direct_trajectory_pls,pls,2025-4,Lags 2,14,2025-10-10,1594.0,1454.500985046624,-139.499014953376
direct_trajectory_pls,pls,2025-4,Lags 2,21,2025-10-17,1594.0,1499.0462577797962,-94.95374222020382
direct_trajectory_pls,pls,2025-4,Lags 2,28,2025-10-24,1594.0,1543.113035338783,-50.88696466121701
direct_trajectory_pls,pls,2025-4,Tags 1,7,2025-09-02,1441.5,1402.753864231224,-38.74613576877596
direct_trajectory_pls,pls,2025-4,Tags 1,14,2025-09-09,1441.5,1387.964768920169,-53.535231079830965
direct_trajectory_pls,pls,2025-4,Tags 1,21,2025-09-16,1441.5,1393.3863909766671,-48.113609023332856
direct_trajectory_pls,pls,2025-4,Tags 1,28,2025-09-23,1441.5,1360.4376113236428,-81.06238867635716
direct_trajectory_pls,pls,2025-4,Tags 2,7,2025-09-02,1450.0400000000002,1418.2048935018443,-31.835106498155938
direct_trajectory_pls,pls,2025-4,Tags 2,14,2025-09-09,1450.0400000000002,1451.234896672934,1.1948966729337371
direct_trajectory_pls,pls,2025-4,Tags 2,21,2025-09-16,1450.0400000000002,1459.4850966992187,9.445096699218539
direct_trajectory_pls,pls,2025-4,Tags 2,28,2025-09-23,1450.0400000000002,1419.3494756524215,-30.69052434757873
direct_trajectory_pls,pls,2025-4,Tags 3,7,2025-09-02,1293.1200000000001,1402.753864231224,109.63386423122392
direct_trajectory_pls,pls,2025-4,Tags 3,14,2025-09-09,1293.1200000000001,1440.4474051547188,147.3274051547187
direct_trajectory_pls,pls,2025-4,Tags 3,21,2025-09-16,1293.1200000000001,1444.8998110234652,151.77981102346507
direct_trajectory_pls,pls,2025-4,Tags 3,28,2025-09-23,1293.1200000000001,1413.5090984464034,120.3890984464033
direct_trajectory_pls,pls,2025-5,Lags 1,7,2025-12-17,1306.0,1442.178397365932,136.17839736593191
direct_trajectory_pls,pls,2025-5,Lags 1,14,2025-12-24,1306.0,1388.862502660054,82.8625026600539
direct_trajectory_pls,pls,2025-5,Lags 1,21,2025-12-31,1306.0,1366.059474245414,60.059474245414094
direct_trajectory_pls,pls,2025-5,Lags 1,28,2026-01-07,1306.0,1370.4833168251719,64.48331682517187
direct_trajectory_pls,pls,2025-5,Lags 2,7,2025-12-24,1176.0,1427.5633373192645,251.56333731926452
direct_trajectory_pls,pls,2025-5,Lags 2,14,2025-12-31,1176.0,1319.8189357902997,143.81893579029975
direct_trajectory_pls,pls,2025-5,Lags 2,21,2026-01-07,1176.0,1283.2119324897508,107.21193248975078
direct_trajectory_pls,pls,2025-5,Lags 2,28,2026-01-14,1176.0,1273.6089958638136,97.60899586381356
direct_trajectory_pls,pls,2025-5,Lags 3,7,2026-01-02,1182.0,1431.2171023309315,249.21710233093154
direct_trajectory_pls,pls,2025-5,Lags 3,14,2026-01-09,1182.0,1338.3349341749483,156.33493417494833
direct_trajectory_pls,pls,2025-5,Lags 3,21,2026-01-16,1182.0,1303.073673742966,121.0736737429661
direct_trajectory_pls,pls,2025-5,Lags 3,28,2026-01-23,1182.0,1288.8108930778671,106.81089307786715
direct_trajectory_pls,pls,2025-5,Tags 1,7,2025-11-18,1702.0,1489.6773425176002,-212.3226574823998
direct_trajectory_pls,pls,2025-5,Tags 1,14,2025-11-25,1702.0,1457.6208682527083,-244.3791317472917
direct_trajectory_pls,pls,2025-5,Tags 1,21,2025-12-02,1702.0,1434.4519239327183,-267.5480760672817
direct_trajectory_pls,pls,2025-5,Tags 1,28,2025-12-09,1702.0,1471.6900868809594,-230.30991311904063
direct_trajectory_pls,pls,2025-5,Tags 2,7,2025-11-18,1776.0,1478.7160474825998,-297.28395251740017
direct_trajectory_pls,pls,2025-5,Tags 2,14,2025-11-25,1776.0,1486.165019801836,-289.834980198164
direct_trajectory_pls,pls,2025-5,Tags 2,21,2025-12-02,1776.0,1498.4782878820602,-277.52171211793984
direct_trajectory_pls,pls,2025-5,Tags 2,28,2025-12-09,1776.0,1513.8940810910367,-262.1059189089633
direct_trajectory_pls,pls,2025-5,Tags 3,7,2025-11-18,1738.0,1482.3698124942666,-255.63018750573337
direct_trajectory_pls,pls,2025-5,Tags 3,14,2025-11-25,1738.0,1473.3033515062334,-264.6966484937666
direct_trajectory_pls,pls,2025-5,Tags 3,21,2025-12-02,1738.0,1505.0345432225872,-232.96545677741278
direct_trajectory_pls,pls,2025-5,Tags 3,28,2025-12-09,1738.0,1522.756142330526,-215.24385766947398
direct_trajectory_pls,pls,2026-1,Lags 1,7,2026-03-12,1605.9999999999998,1436.8185420315795,-169.18145796842032
direct_trajectory_pls,pls,2026-1,Lags 1,14,2026-03-19,1605.9999999999998,1513.9314659731592,-92.06853402684055
direct_trajectory_pls,pls,2026-1,Lags 1,21,2026-03-26,1605.9999999999998,1519.3736083560955,-86.6263916439043
direct_trajectory_pls,pls,2026-1,Lags 1,28,2026-04-02,1605.9999999999998,1523.3804209230236,-82.61957907697615
direct_trajectory_pls,pls,2026-1,Lags 2,7,2026-03-20,1972.0000000000002,1456.3259070336874,-515.6740929663129
direct_trajectory_pls,pls,2026-1,Lags 2,14,2026-03-27,1972.0000000000002,1615.403708640547,-356.5962913594533
direct_trajectory_pls,pls,2026-1,Lags 2,21,2026-04-03,1972.0000000000002,1727.7491310998028,-244.25086890019747
direct_trajectory_pls,pls,2026-1,Lags 2,28,2026-04-10,1972.0000000000002,1767.1630574543187,-204.8369425456815
direct_trajectory_pls,pls,2026-1,Lags 3,7,2026-03-27,1691.4399999999998,1427.0648595305254,-264.37514046947445
direct_trajectory_pls,pls,2026-1,Lags 3,14,2026-04-03,1691.4399999999998,1400.32427718677,-291.1157228132299
direct_trajectory_pls,pls,2026-1,Lags 3,21,2026-04-10,1691.4399999999998,1380.3833277683846,-311.05667223161527
direct_trajectory_pls,pls,2026-1,Lags 3,28,2026-04-17,1691.4399999999998,1400.4684641452486,-290.9715358547512
direct_trajectory_pls,pls,2026-1,Tags 1,7,2026-02-06,1446.68,1535.3795037047294,88.6995037047293
direct_trajectory_pls,pls,2026-1,Tags 1,14,2026-02-13,1446.68,1597.9062324928864,151.2262324928863
direct_trajectory_pls,pls,2026-1,Tags 1,21,2026-02-20,1446.68,1642.6012895158854,195.9212895158853
direct_trajectory_pls,pls,2026-1,Tags 1,28,2026-02-27,1446.68,1636.3238749900581,189.64387499005807
direct_trajectory_pls,pls,2026-1,Tags 2,7,2026-02-06,1550.16,1541.621860505404,-8.53813949459618
direct_trajectory_pls,pls,2026-1,Tags 2,14,2026-02-13,1550.16,1548.3555292021892,-1.8044707978108363
direct_trajectory_pls,pls,2026-1,Tags 2,21,2026-02-20,1550.16,1627.0264861104931,76.86648611049304
direct_trajectory_pls,pls,2026-1,Tags 2,28,2026-02-27,1550.16,1620.7196935036814,70.55969350368127
direct_trajectory_pls,pls,2026-1,Tags 3,7,2026-02-06,1691.4399999999998,1517.4327279027902,-174.00727209720958
direct_trajectory_pls,pls,2026-1,Tags 3,14,2026-02-13,1691.4399999999998,1557.5243156619206,-133.91568433807925
direct_trajectory_pls,pls,2026-1,Tags 3,21,2026-02-20,1691.4399999999998,1626.809473562292,-64.63052643770789
direct_trajectory_pls,pls,2026-1,Tags 3,28,2026-02-27,1691.4399999999998,1619.8610840387144,-71.57891596128547
direct_trajectory_pls,pls,2026-2,Lags 1,7,2026-06-08,1192.0,1512.5340857902631,320.53408579026313
direct_trajectory_pls,pls,2026-2,Lags 1,14,2026-06-15,1192.0,1461.1032135322964,269.1032135322964
direct_trajectory_pls,pls,2026-2,Lags 1,21,2026-06-22,1192.0,1396.0020355963782,204.00203559637816
direct_trajectory_pls,pls,2026-2,Lags 1,28,2026-06-29,1192.0,1333.6168207971577,141.61682079715774
direct_trajectory_pls,pls,2026-2,Lags 2,7,2026-06-16,1204.0,1512.5340857902631,308.53408579026313
direct_trajectory_pls,pls,2026-2,Lags 2,14,2026-06-23,1204.0,1420.647637707167,216.64763770716695
direct_trajectory_pls,pls,2026-2,Lags 2,21,2026-06-30,1204.0,1360.6023880997384,156.6023880997384
direct_trajectory_pls,pls,2026-2,Lags 2,28,2026-07-07,1204.0,1324.3345209701529,120.33452097015288
direct_trajectory_pls,pls,2026-2,Lags 3,7,2026-06-22,1078.0,1433.6158327460237,355.61583274602367
direct_trajectory_pls,pls,2026-2,Lags 3,14,2026-06-29,1078.0,1333.2013801394419,255.20138013944188
direct_trajectory_pls,pls,2026-2,Lags 3,21,2026-07-06,1078.0,1271.7925245815393,193.79252458153928
direct_trajectory_pls,pls,2026-2,Lags 3,28,2026-07-13,1078.0,1217.256836980199,139.25683698019907
direct_trajectory_pls,pls,2026-2,Tags 1,7,2026-04-25,1360.0,1549.8511454440395,189.8511454440395
direct_trajectory_pls,pls,2026-2,Tags 1,14,2026-05-02,1360.0,1520.464904229571,160.46490422957095
direct_trajectory_pls,pls,2026-2,Tags 1,21,2026-05-09,1360.0,1536.5808370789864,176.5808370789864
direct_trajectory_pls,pls,2026-2,Tags 1,28,2026-05-16,1360.0,1535.5490284548562,175.54902845485617
direct_trajectory_pls,pls,2026-2,Tags 2,7,2026-04-25,1556.2800000000002,1531.6435770631183,-24.6364229368819
direct_trajectory_pls,pls,2026-2,Tags 2,14,2026-05-02,1556.2800000000002,1502.7721981208506,-53.50780187914961
direct_trajectory_pls,pls,2026-2,Tags 2,21,2026-05-09,1556.2800000000002,1526.9618392599837,-29.318160740016538
direct_trajectory_pls,pls,2026-2,Tags 2,28,2026-05-16,1556.2800000000002,1531.7290614641151,-24.550938535885052
direct_trajectory_pls,pls,2026-2,Tags 3,7,2026-04-25,1564.0,1532.6018701357984,-31.398129864201564
direct_trajectory_pls,pls,2026-2,Tags 3,14,2026-05-02,1564.0,1508.3376570784899,-55.66234292151012
direct_trajectory_pls,pls,2026-2,Tags 3,21,2026-05-09,1564.0,1523.1080997554855,-40.891900244514545
direct_trajectory_pls,pls,2026-2,Tags 3,28,2026-05-16,1564.0,1525.3515100724474,-38.648489927552646
blend_baseline_pls,blend,2025-2,Tags 1,7,2025-04-04,1573.0,1601.156783528299,28.156783528299
blend_baseline_pls,blend,2025-2,Tags 1,14,2025-04-11,1573.0,1645.9273784668535,72.9273784668535
blend_baseline_pls,blend,2025-2,Tags 1,21,2025-04-18,1573.0,1579.6137515619573,6.613751561957315
blend_baseline_pls,blend,2025-2,Tags 1,28,2025-04-25,1573.0,1855.495918828796,282.495918828796
blend_baseline_pls,blend,2025-2,Tags 2,7,2025-04-04,1599.0,1585.9659304615764,-13.034069538423637
blend_baseline_pls,blend,2025-2,Tags 2,14,2025-04-11,1599.0,1646.4428367739188,47.44283677391877
blend_baseline_pls,blend,2025-2,Tags 2,21,2025-04-18,1599.0,1680.5243278561402,81.52432785614019
blend_baseline_pls,blend,2025-2,Tags 2,28,2025-04-25,1599.0,1816.9222366617896,217.9222366617896
blend_baseline_pls,blend,2025-2,Tags 3,7,2025-04-04,1544.0,1598.6249746838453,54.62497468384527
blend_baseline_pls,blend,2025-2,Tags 3,14,2025-04-11,1544.0,1651.84842632117,107.84842632117011
blend_baseline_pls,blend,2025-2,Tags 3,21,2025-04-18,1544.0,1694.5797859222303,150.57978592223026
blend_baseline_pls,blend,2025-2,Tags 3,28,2025-04-25,1544.0,1692.3984822208522,148.3984822208522
blend_baseline_pls,blend,2025-3,Lags 1,7,2025-07-16,1479.9999999999998,1480.5997795161747,0.5997795161749764
blend_baseline_pls,blend,2025-3,Lags 1,14,2025-07-23,1479.9999999999998,1493.9274309610914,13.927430961091659
blend_baseline_pls,blend,2025-3,Lags 1,21,2025-07-30,1479.9999999999998,1432.124774651049,-47.875225348950835
blend_baseline_pls,blend,2025-3,Lags 1,28,2025-08-06,1479.9999999999998,1395.884157679792,-84.11584232020778
blend_baseline_pls,blend,2025-3,Lags 2,7,2025-07-22,1554.0,1474.499098779139,-79.5009012208609
blend_baseline_pls,blend,2025-3,Lags 2,14,2025-07-29,1554.0,1441.0420027000043,-112.95799729999567
blend_baseline_pls,blend,2025-3,Lags 2,21,2025-08-05,1554.0,1390.4416587018404,-163.55834129815958
blend_baseline_pls,blend,2025-3,Lags 2,28,2025-08-12,1554.0,1431.7895582618303,-122.21044173816972
blend_baseline_pls,blend,2025-3,Tags 1,7,2025-06-20,1477.24,1533.4723459038164,56.232345903816395
blend_baseline_pls,blend,2025-3,Tags 1,14,2025-06-27,1477.24,1538.1968545405202,60.956854540520226
blend_baseline_pls,blend,2025-3,Tags 1,21,2025-07-04,1477.24,1574.494017769015,97.25401776901504
blend_baseline_pls,blend,2025-3,Tags 1,28,2025-07-11,1477.24,1577.5721798942259,100.33217989422587
blend_baseline_pls,blend,2025-3,Tags 2,7,2025-06-20,1490.24,1531.438785658138,41.19878565813792
blend_baseline_pls,blend,2025-3,Tags 2,14,2025-06-27,1490.24,1557.4386242840276,67.19862428402757
blend_baseline_pls,blend,2025-3,Tags 2,21,2025-07-04,1490.24,1562.9257532566758,72.68575325667575
blend_baseline_pls,blend,2025-3,Tags 2,28,2025-07-11,1490.24,1617.6763459222152,127.4363459222152
blend_baseline_pls,blend,2025-3,Tags 3,7,2025-06-20,1582.1,1537.5394663951733,-44.56053360482656
blend_baseline_pls,blend,2025-3,Tags 3,14,2025-06-27,1582.1,1582.704738265985,0.6047382659851337
blend_baseline_pls,blend,2025-3,Tags 3,21,2025-07-04,1582.1,1538.5125646523131,-43.58743534768678
blend_baseline_pls,blend,2025-3,Tags 3,28,2025-07-11,1582.1,1552.0948687771574,-30.005131222842465
blend_baseline_pls,blend,2025-4,Lags 1,7,2025-10-03,1568.0,1482.738452488711,-85.26154751128911
blend_baseline_pls,blend,2025-4,Lags 1,14,2025-10-10,1568.0,1471.9417354113834,-96.05826458861657
blend_baseline_pls,blend,2025-4,Lags 1,21,2025-10-17,1568.0,1541.5939573853934,-26.406042614606577
blend_baseline_pls,blend,2025-4,Lags 1,28,2025-10-24,1568.0,1612.9876190668206,44.98761906682057
blend_baseline_pls,blend,2025-4,Lags 2,7,2025-10-03,1594.0,1482.738452488711,-111.26154751128911
blend_baseline_pls,blend,2025-4,Lags 2,14,2025-10-10,1594.0,1480.6723616462714,-113.32763835372862
blend_baseline_pls,blend,2025-4,Lags 2,21,2025-10-17,1594.0,1551.223391368026,-42.77660863197411
blend_baseline_pls,blend,2025-4,Lags 2,28,2025-10-24,1594.0,1645.9455665270034,51.94556652700339
blend_baseline_pls,blend,2025-4,Tags 1,7,2025-09-02,1441.5,1462.1887545193442,20.68875451934423
blend_baseline_pls,blend,2025-4,Tags 1,14,2025-09-09,1441.5,1443.6383076146576,2.138307614657606
blend_baseline_pls,blend,2025-4,Tags 1,21,2025-09-16,1441.5,1424.2109246672437,-17.289075332756283
blend_baseline_pls,blend,2025-4,Tags 1,28,2025-09-23,1441.5,1279.891710523218,-161.60828947678192
blend_baseline_pls,blend,2025-4,Tags 2,7,2025-09-02,1450.0400000000002,1468.5265118369994,18.48651183699917
blend_baseline_pls,blend,2025-4,Tags 2,14,2025-09-09,1450.0400000000002,1489.230839552849,39.19083955284873
blend_baseline_pls,blend,2025-4,Tags 2,21,2025-09-16,1450.0400000000002,1478.7981010978817,28.758101097881536
blend_baseline_pls,blend,2025-4,Tags 2,28,2025-09-23,1450.0400000000002,1324.139676605413,-125.9003233945873
blend_baseline_pls,blend,2025-4,Tags 3,7,2025-09-02,1293.1200000000001,1462.1887545193442,169.0687545193441
blend_baseline_pls,blend,2025-4,Tags 3,14,2025-09-09,1293.1200000000001,1485.588966673295,192.46896667329497
blend_baseline_pls,blend,2025-4,Tags 3,21,2025-09-16,1293.1200000000001,1463.1067796789432,169.9867796789431
blend_baseline_pls,blend,2025-4,Tags 3,28,2025-09-23,1293.1200000000001,1338.2645823039086,45.144582303908464
blend_baseline_pls,blend,2025-5,Lags 1,7,2025-12-17,1306.0,1474.9446993414826,168.94469934148265
blend_baseline_pls,blend,2025-5,Lags 1,14,2025-12-24,1306.0,1427.7982256650134,121.79822566501343
blend_baseline_pls,blend,2025-5,Lags 1,21,2025-12-31,1306.0,1369.4534685613535,63.453468561353475
blend_baseline_pls,blend,2025-5,Lags 1,28,2026-01-07,1306.0,1363.831658412586,57.831658412585966
blend_baseline_pls,blend,2025-5,Lags 2,7,2025-12-24,1176.0,1468.2909343298156,292.2909343298156
blend_baseline_pls,blend,2025-5,Lags 2,14,2025-12-31,1176.0,1374.537333947575,198.537333947575
blend_baseline_pls,blend,2025-5,Lags 2,21,2026-01-07,1176.0,1288.7415831224378,112.74158312243776
blend_baseline_pls,blend,2025-5,Lags 2,28,2026-01-14,1176.0,1231.3944979319067,55.3944979319067
blend_baseline_pls,blend,2025-5,Lags 3,7,2026-01-02,1182.0,1469.9543755827326,287.9543755827326
blend_baseline_pls,blend,2025-5,Lags 3,14,2026-01-09,1182.0,1388.916333543737,206.91633354373698
blend_baseline_pls,blend,2025-5,Lags 3,21,2026-01-16,1182.0,1305.7070184357417,123.7070184357417
blend_baseline_pls,blend,2025-5,Lags 3,28,2026-01-23,1182.0,1239.9954465389335,57.99544653893349
blend_baseline_pls,blend,2025-5,Tags 1,7,2025-11-18,1702.0,1496.5694356293998,-205.43056437060022
blend_baseline_pls,blend,2025-5,Tags 1,14,2025-11-25,1702.0,1468.987817063177,-233.0121829368229
blend_baseline_pls,blend,2025-5,Tags 1,21,2025-12-02,1702.0,1421.8015809831795,-280.1984190168205
blend_baseline_pls,blend,2025-5,Tags 1,28,2025-12-09,1702.0,1534.4350434404796,-167.5649565595204
blend_baseline_pls,blend,2025-5,Tags 2,7,2025-11-18,1776.0,1491.5791118706495,-284.4208881293505
blend_baseline_pls,blend,2025-5,Tags 2,14,2025-11-25,1776.0,1497.123854950459,-278.87614504954104
blend_baseline_pls,blend,2025-5,Tags 2,21,2025-12-02,1776.0,1514.308171970515,-261.6918280294849
blend_baseline_pls,blend,2025-5,Tags 2,28,2025-12-09,1776.0,1542.5370405455183,-233.46295945448173
blend_baseline_pls,blend,2025-5,Tags 3,7,2025-11-18,1738.0,1493.2425531235663,-244.75744687643373
blend_baseline_pls,blend,2025-5,Tags 3,14,2025-11-25,1738.0,1484.9084378765583,-253.0915621234417
blend_baseline_pls,blend,2025-5,Tags 3,21,2025-12-02,1738.0,1542.9472358056469,-195.05276419435313
blend_baseline_pls,blend,2025-5,Tags 3,28,2025-12-09,1738.0,1556.468071165263,-181.53192883473707
blend_baseline_pls,blend,2026-1,Lags 1,7,2026-03-12,1605.9999999999998,1450.1750355078948,-155.82496449210498
blend_baseline_pls,blend,2026-1,Lags 1,14,2026-03-19,1605.9999999999998,1514.52646649329,-91.47353350670983
blend_baseline_pls,blend,2026-1,Lags 1,21,2026-03-26,1605.9999999999998,1505.7464020890236,-100.25359791097617
blend_baseline_pls,blend,2026-1,Lags 1,28,2026-04-02,1605.9999999999998,1539.653305230756,-66.34669476924387
blend_baseline_pls,blend,2026-1,Lags 2,7,2026-03-20,1972.0000000000002,1458.0518767584217,-513.9481232415785
blend_baseline_pls,blend,2026-1,Lags 2,14,2026-03-27,1972.0000000000002,1596.5345271601368,-375.4654728398634
blend_baseline_pls,blend,2026-1,Lags 2,21,2026-04-03,1972.0000000000002,1764.8402827749508,-207.15971722504946
blend_baseline_pls,blend,2026-1,Lags 2,28,2026-04-10,1972.0000000000002,1899.0989643635796,-72.9010356364206
blend_baseline_pls,blend,2026-1,Lags 3,7,2026-03-27,1691.4399999999998,1446.2366148826313,-245.2033851173685
blend_baseline_pls,blend,2026-1,Lags 3,14,2026-04-03,1691.4399999999998,1418.6396692966925,-272.8003307033073
blend_baseline_pls,blend,2026-1,Lags 3,21,2026-04-10,1691.4399999999998,1383.998831942096,-307.4411680579037
blend_baseline_pls,blend,2026-1,Lags 3,28,2026-04-17,1691.4399999999998,1448.925316036312,-242.51468396368773
blend_baseline_pls,blend,2026-1,Tags 1,7,2026-02-06,1446.68,1489.9727759261823,43.29277592618223
blend_baseline_pls,blend,2026-1,Tags 1,14,2026-02-13,1446.68,1554.6301581232217,107.95015812322163
blend_baseline_pls,blend,2026-1,Tags 1,21,2026-02-20,1446.68,1632.3133223789714,185.63332237897134
blend_baseline_pls,blend,2026-1,Tags 1,28,2026-02-27,1446.68,1634.9991687475147,188.3191687475146
blend_baseline_pls,blend,2026-1,Tags 2,7,2026-02-06,1550.16,1492.493365126351,-57.66663487364917
blend_baseline_pls,blend,2026-1,Tags 2,14,2026-02-13,1550.16,1509.2724823005474,-40.8875176994527
blend_baseline_pls,blend,2026-1,Tags 2,21,2026-02-20,1550.16,1659.6196215276232,109.45962152762309
blend_baseline_pls,blend,2026-1,Tags 2,28,2026-02-27,1550.16,1617.9581233759204,67.79812337592034
blend_baseline_pls,blend,2026-1,Tags 3,7,2026-02-06,1691.4399999999998,1482.7260819756975,-208.7139180243023
blend_baseline_pls,blend,2026-1,Tags 3,14,2026-02-13,1691.4399999999998,1525.4246789154804,-166.01532108451943
blend_baseline_pls,blend,2026-1,Tags 3,21,2026-02-20,1691.4399999999998,1649.035368390573,-42.404631609426815
blend_baseline_pls,blend,2026-1,Tags 3,28,2026-02-27,1691.4399999999998,1615.3134710096786,-76.12652899032128
blend_baseline_pls,blend,2026-2,Lags 1,7,2026-06-08,1192.0,1525.5144214475656,333.5144214475656
blend_baseline_pls,blend,2026-2,Lags 1,14,2026-06-15,1192.0,1477.454703383074,285.45470338307405
blend_baseline_pls,blend,2026-2,Lags 1,21,2026-06-22,1192.0,1339.9191088990945,147.91910889909445
blend_baseline_pls,blend,2026-2,Lags 1,28,2026-06-29,1192.0,1225.487610398579,33.48761039857891
blend_baseline_pls,blend,2026-2,Lags 2,7,2026-06-16,1204.0,1525.5144214475656,321.5144214475656
blend_baseline_pls,blend,2026-2,Lags 2,14,2026-06-23,1204.0,1439.5908094267916,235.59080942679157
blend_baseline_pls,blend,2026-2,Lags 2,21,2026-06-30,1204.0,1317.5691970249345,113.56919702493451
blend_baseline_pls,blend,2026-2,Lags 2,28,2026-07-07,1204.0,1259.8464604850765,55.84646048507648
blend_baseline_pls,blend,2026-2,Lags 3,7,2026-06-22,1078.0,1484.7848581865057,406.78485818650574
blend_baseline_pls,blend,2026-2,Lags 3,14,2026-06-29,1078.0,1391.1042450348605,313.10424503486047
blend_baseline_pls,blend,2026-2,Lags 3,21,2026-07-06,1078.0,1243.6167311453848,165.61673114538485
blend_baseline_pls,blend,2026-2,Lags 3,28,2026-07-13,1078.0,1120.3076184900997,42.307618490099685
blend_baseline_pls,blend,2026-2,Tags 1,7,2026-04-25,1360.0,1544.7736863610098,184.77368636100982
blend_baseline_pls,blend,2026-2,Tags 1,14,2026-05-02,1360.0,1517.240126057393,157.2401260573929
blend_baseline_pls,blend,2026-2,Tags 1,21,2026-05-09,1360.0,1557.6138092697468,197.61380926974675
blend_baseline_pls,blend,2026-2,Tags 1,28,2026-05-16,1360.0,1533.7537142274282,173.7537142274282
blend_baseline_pls,blend,2026-2,Tags 2,7,2026-04-25,1556.2800000000002,1535.3767942657796,-20.90320573422059
blend_baseline_pls,blend,2026-2,Tags 2,14,2026-05-02,1556.2800000000002,1508.3769495302126,-47.90305046978756
blend_baseline_pls,blend,2026-2,Tags 2,21,2026-05-09,1556.2800000000002,1560.0690598149959,3.789059814995653
blend_baseline_pls,blend,2026-2,Tags 2,28,2026-05-16,1556.2800000000002,1539.5937307320576,-16.686269267942635
blend_baseline_pls,blend,2026-2,Tags 3,7,2026-04-25,1564.0,1535.8713675339495,-28.128632466050476
blend_baseline_pls,blend,2026-2,Tags 3,14,2026-05-02,1564.0,1513.1808142696223,-50.81918573037774
blend_baseline_pls,blend,2026-2,Tags 3,21,2026-05-09,1564.0,1544.9456249388713,-19.054375061128667
blend_baseline_pls,blend,2026-2,Tags 3,28,2026-05-16,1564.0,1528.8749550362236,-35.12504496377642
direct_trajectory_ridge,ridge,2025-2,Tags 1,7,2025-04-04,1573.0,1602.3275609637114,29.32756096371145
direct_trajectory_ridge,ridge,2025-2,Tags 1,14,2025-04-11,1573.0,1711.1765597625583,138.17655976255833
direct_trajectory_ridge,ridge,2025-2,Tags 1,21,2025-04-18,1573.0,1529.369824724208,-43.630175275792
direct_trajectory_ridge,ridge,2025-2,Tags 1,28,2025-04-25,1573.0,1758.820721147128,185.8207211471281
direct_trajectory_ridge,ridge,2025-2,Tags 2,7,2025-04-04,1599.0,1586.976592457648,-12.02340754235206
direct_trajectory_ridge,ridge,2025-2,Tags 2,14,2025-04-11,1599.0,1733.4937057660086,134.4937057660086
direct_trajectory_ridge,ridge,2025-2,Tags 2,21,2025-04-18,1599.0,1657.784575627084,58.784575627083996
direct_trajectory_ridge,ridge,2025-2,Tags 2,28,2025-04-25,1599.0,1717.68845403024,118.68845403024011
direct_trajectory_ridge,ridge,2025-2,Tags 3,7,2025-04-04,1544.0,1599.7690662127009,55.769066212700864
direct_trajectory_ridge,ridge,2025-2,Tags 3,14,2025-04-11,1544.0,1728.9443539605713,184.94435396057133
direct_trajectory_ridge,ridge,2025-2,Tags 3,21,2025-04-18,1544.0,1657.7328812679334,113.73288126793341
direct_trajectory_ridge,ridge,2025-2,Tags 3,28,2025-04-25,1544.0,1558.2507382324811,14.250738232481126
direct_trajectory_ridge,ridge,2025-3,Lags 1,7,2025-07-16,1479.9999999999998,1487.215135473668,7.21513547366817
direct_trajectory_ridge,ridge,2025-3,Lags 1,14,2025-07-23,1479.9999999999998,1490.9072767320101,10.90727673201036
direct_trajectory_ridge,ridge,2025-3,Lags 1,21,2025-07-30,1479.9999999999998,1447.1755686251174,-32.82443137488235
direct_trajectory_ridge,ridge,2025-3,Lags 1,28,2025-08-06,1479.9999999999998,1420.4991979537317,-59.50080204626806
direct_trajectory_ridge,ridge,2025-3,Lags 2,7,2025-07-22,1554.0,1484.0367958177021,-69.96320418229789
direct_trajectory_ridge,ridge,2025-3,Lags 2,14,2025-07-29,1554.0,1467.1793117363422,-86.82068826365776
direct_trajectory_ridge,ridge,2025-3,Lags 2,21,2025-08-05,1554.0,1378.128120602239,-175.87187939776095
direct_trajectory_ridge,ridge,2025-3,Lags 2,28,2025-08-12,1554.0,1451.7932258457727,-102.20677415422733
direct_trajectory_ridge,ridge,2025-3,Tags 1,7,2025-06-20,1477.24,1514.7607458253722,37.52074582537216
direct_trajectory_ridge,ridge,2025-3,Tags 1,14,2025-06-27,1477.24,1522.1816307416389,44.941630741638846
direct_trajectory_ridge,ridge,2025-3,Tags 1,21,2025-07-04,1477.24,1548.0170816043349,70.77708160433485
direct_trajectory_ridge,ridge,2025-3,Tags 1,28,2025-07-11,1477.24,1504.8761799165775,27.636179916577476
direct_trajectory_ridge,ridge,2025-3,Tags 2,7,2025-06-20,1490.24,1513.7012992733835,23.461299273383474
direct_trajectory_ridge,ridge,2025-3,Tags 2,14,2025-06-27,1490.24,1529.7986127078282,39.55861270782816
direct_trajectory_ridge,ridge,2025-3,Tags 2,21,2025-07-04,1490.24,1550.338312325135,60.098312325134884
direct_trajectory_ridge,ridge,2025-3,Tags 2,28,2025-07-11,1490.24,1546.8047704654045,56.564770465404536
direct_trajectory_ridge,ridge,2025-3,Tags 3,7,2025-06-20,1582.1,1516.8796389293493,-65.2203610706506
direct_trajectory_ridge,ridge,2025-3,Tags 3,14,2025-06-27,1582.1,1541.895902346458,-40.20409765354202
direct_trajectory_ridge,ridge,2025-3,Tags 3,21,2025-07-04,1582.1,1529.287841787753,-52.81215821224691
direct_trajectory_ridge,ridge,2025-3,Tags 3,28,2025-07-11,1582.1,1469.2004122910366,-112.89958770896328
direct_trajectory_ridge,ridge,2025-4,Lags 1,7,2025-10-03,1568.0,1486.1879532031753,-81.81204679682469
direct_trajectory_ridge,ridge,2025-4,Lags 1,14,2025-10-10,1568.0,1479.384054264836,-88.6159457351639
direct_trajectory_ridge,ridge,2025-4,Lags 1,21,2025-10-17,1568.0,1558.152251661379,-9.847748338620931
direct_trajectory_ridge,ridge,2025-4,Lags 1,28,2025-10-24,1568.0,1678.8651283461377,110.86512834613768
direct_trajectory_ridge,ridge,2025-4,Lags 2,7,2025-10-03,1594.0,1486.1879532031753,-107.81204679682469
direct_trajectory_ridge,ridge,2025-4,Lags 2,14,2025-10-10,1594.0,1505.0715639174784,-88.92843608252156
direct_trajectory_ridge,ridge,2025-4,Lags 2,21,2025-10-17,1594.0,1578.580230393171,-15.41976960682905
direct_trajectory_ridge,ridge,2025-4,Lags 2,28,2025-10-24,1594.0,1717.0877258165056,123.08772581650555
direct_trajectory_ridge,ridge,2025-4,Tags 1,7,2025-09-02,1441.5,1469.0488928240422,27.54889282404224
direct_trajectory_ridge,ridge,2025-4,Tags 1,14,2025-09-09,1441.5,1464.113027654906,22.61302765490609
direct_trajectory_ridge,ridge,2025-4,Tags 1,21,2025-09-16,1441.5,1471.330036103687,29.830036103687007
direct_trajectory_ridge,ridge,2025-4,Tags 1,28,2025-09-23,1441.5,1367.442242358583,-74.05775764141708
direct_trajectory_ridge,ridge,2025-4,Tags 2,7,2025-09-02,1450.0400000000002,1474.334771258728,24.294771258727906
direct_trajectory_ridge,ridge,2025-4,Tags 2,14,2025-09-09,1450.0400000000002,1577.283491629867,127.24349162986687
direct_trajectory_ridge,ridge,2025-4,Tags 2,21,2025-09-16,1450.0400000000002,1563.575302892519,113.53530289251876
direct_trajectory_ridge,ridge,2025-4,Tags 2,28,2025-09-23,1450.0400000000002,1412.414559636384,-37.625440363616235
direct_trajectory_ridge,ridge,2025-4,Tags 3,7,2025-09-02,1293.1200000000001,1469.0488928240422,175.92889282404212
direct_trajectory_ridge,ridge,2025-4,Tags 3,14,2025-09-09,1293.1200000000001,1587.5415115358526,294.42151153585246
direct_trajectory_ridge,ridge,2025-4,Tags 3,21,2025-09-16,1293.1200000000001,1562.6056782519152,269.48567825191503
direct_trajectory_ridge,ridge,2025-4,Tags 3,28,2025-09-23,1293.1200000000001,1444.0242725085652,150.9042725085651
direct_trajectory_ridge,ridge,2025-5,Lags 1,7,2025-12-17,1306.0,1482.2791991219774,176.2791991219774
direct_trajectory_ridge,ridge,2025-5,Lags 1,14,2025-12-24,1306.0,1451.40703431555,145.40703431554994
direct_trajectory_ridge,ridge,2025-5,Lags 1,21,2025-12-31,1306.0,1368.9187969282016,62.91879692820157
direct_trajectory_ridge,ridge,2025-5,Lags 1,28,2026-01-07,1306.0,1408.5441741513985,102.54417415139847
direct_trajectory_ridge,ridge,2025-5,Lags 2,7,2025-12-24,1176.0,1477.407512439755,301.407512439755
direct_trajectory_ridge,ridge,2025-5,Lags 2,14,2025-12-31,1176.0,1418.0500041235916,242.05000412359163
direct_trajectory_ridge,ridge,2025-5,Lags 2,21,2026-01-07,1176.0,1264.0122591025804,88.0122591025804
direct_trajectory_ridge,ridge,2025-5,Lags 2,28,2026-01-14,1176.0,1273.3287014993746,97.32870149937457
direct_trajectory_ridge,ridge,2025-5,Lags 3,7,2026-01-02,1182.0,1478.6254341103106,296.6254341103106
direct_trajectory_ridge,ridge,2025-5,Lags 3,14,2026-01-09,1182.0,1427.0242944322458,245.02429443224582
direct_trajectory_ridge,ridge,2025-5,Lags 3,21,2026-01-16,1182.0,1288.0008552401332,106.0008552401332
direct_trajectory_ridge,ridge,2025-5,Lags 3,28,2026-01-23,1182.0,1281.7273728366793,99.72737283667925
direct_trajectory_ridge,ridge,2025-5,Tags 1,7,2025-11-18,1702.0,1498.1121808392002,-203.88781916079984
direct_trajectory_ridge,ridge,2025-5,Tags 1,14,2025-11-25,1702.0,1481.0733201170053,-220.92667988299468
direct_trajectory_ridge,ridge,2025-5,Tags 1,21,2025-12-02,1702.0,1411.082566277339,-290.9174337226609
direct_trajectory_ridge,ridge,2025-5,Tags 1,28,2025-12-09,1702.0,1539.9318770934628,-162.06812290653716
direct_trajectory_ridge,ridge,2025-5,Tags 2,7,2025-11-18,1776.0,1494.4584158275334,-281.5415841724666
direct_trajectory_ridge,ridge,2025-5,Tags 2,14,2025-11-25,1776.0,1496.6976441555703,-279.3023558444297
direct_trajectory_ridge,ridge,2025-5,Tags 2,21,2025-12-02,1776.0,1528.9327777666256,-247.06722223337442
direct_trajectory_ridge,ridge,2025-5,Tags 2,28,2025-12-09,1776.0,1572.0183466277797,-203.9816533722203
direct_trajectory_ridge,ridge,2025-5,Tags 3,7,2025-11-18,1738.0,1495.676337498089,-242.32366250191103
direct_trajectory_ridge,ridge,2025-5,Tags 3,14,2025-11-25,1738.0,1489.7961154476097,-248.20388455239026
direct_trajectory_ridge,ridge,2025-5,Tags 3,21,2025-12-02,1738.0,1543.845620437201,-194.15437956279902
direct_trajectory_ridge,ridge,2025-5,Tags 3,28,2025-12-09,1738.0,1580.9580116534191,-157.04198834658087
direct_trajectory_ridge,ridge,2026-1,Lags 1,7,2026-03-12,1605.9999999999998,1451.753380677193,-154.24661932280674
direct_trajectory_ridge,ridge,2026-1,Lags 1,14,2026-03-19,1605.9999999999998,1489.3255805262008,-116.67441947379893
direct_trajectory_ridge,ridge,2026-1,Lags 1,21,2026-03-26,1605.9999999999998,1495.648358221,-110.35164177899969
direct_trajectory_ridge,ridge,2026-1,Lags 1,28,2026-04-02,1605.9999999999998,1599.5349677536194,-6.4650322463803604
direct_trajectory_ridge,ridge,2026-1,Lags 2,7,2026-03-20,1972.0000000000002,1458.255835677896,-513.7441643221043
direct_trajectory_ridge,ridge,2026-1,Lags 2,14,2026-03-27,1972.0000000000002,1541.407320136039,-430.59267986396117
direct_trajectory_ridge,ridge,2026-1,Lags 2,21,2026-04-03,1972.0000000000002,1623.6053140845756,-348.3946859154246
direct_trajectory_ridge,ridge,2026-1,Lags 2,28,2026-04-10,1972.0000000000002,2000.265532643351,28.265532643350753
direct_trajectory_ridge,ridge,2026-1,Lags 3,7,2026-03-27,1691.4399999999998,1448.5021531768418,-242.937846823158
direct_trajectory_ridge,ridge,2026-1,Lags 3,14,2026-04-03,1691.4399999999998,1430.2723627220025,-261.1676372779973
direct_trajectory_ridge,ridge,2026-1,Lags 3,21,2026-04-10,1691.4399999999998,1414.0089085401903,-277.4310914598095
direct_trajectory_ridge,ridge,2026-1,Lags 3,28,2026-04-17,1691.4399999999998,1437.8165024541406,-253.6234975458592
direct_trajectory_ridge,ridge,2026-1,Tags 1,7,2026-02-06,1446.68,1484.607034568243,37.927034568243016
direct_trajectory_ridge,ridge,2026-1,Tags 1,14,2026-02-13,1446.68,1527.3595056602949,80.67950566029481
direct_trajectory_ridge,ridge,2026-1,Tags 1,21,2026-02-20,1446.68,1564.162639295363,117.48263929536301
direct_trajectory_ridge,ridge,2026-1,Tags 1,28,2026-02-27,1446.68,1632.345087426956,185.665087426956
direct_trajectory_ridge,ridge,2026-1,Tags 2,7,2026-02-06,1550.16,1486.687820168468,-63.472179831532
direct_trajectory_ridge,ridge,2026-1,Tags 2,14,2026-02-13,1550.16,1500.9576342860732,-49.20236571392684
direct_trajectory_ridge,ridge,2026-1,Tags 2,21,2026-02-20,1550.16,1557.7112580319706,7.551258031970519
direct_trajectory_ridge,ridge,2026-1,Tags 2,28,2026-02-27,1550.16,1588.9044165332668,38.74441653326676
direct_trajectory_ridge,ridge,2026-1,Tags 3,7,2026-02-06,1691.4399999999998,1478.6247759675966,-212.8152240324032
direct_trajectory_ridge,ridge,2026-1,Tags 3,14,2026-02-13,1691.4399999999998,1507.2591365522865,-184.18086344771336
direct_trajectory_ridge,ridge,2026-1,Tags 3,21,2026-02-20,1691.4399999999998,1558.2118559273647,-133.22814407263513
direct_trajectory_ridge,ridge,2026-1,Tags 3,28,2026-02-27,1691.4399999999998,1620.9336913065072,-70.50630869349266
direct_trajectory_ridge,ridge,2026-2,Lags 1,7,2026-06-08,1192.0,1533.993537158053,341.99353715805296
direct_trajectory_ridge,ridge,2026-2,Lags 1,14,2026-06-15,1192.0,1516.6063827425028,324.6063827425028
direct_trajectory_ridge,ridge,2026-2,Lags 1,21,2026-06-22,1192.0,1342.808939969104,150.8089399691039
direct_trajectory_ridge,ridge,2026-2,Lags 1,28,2026-06-29,1192.0,1298.125225400689,106.12522540068903
direct_trajectory_ridge,ridge,2026-2,Lags 2,7,2026-06-16,1204.0,1533.993537158053,329.99353715805296
direct_trajectory_ridge,ridge,2026-2,Lags 2,14,2026-06-23,1204.0,1504.2165679546645,300.21656795466447
direct_trajectory_ridge,ridge,2026-2,Lags 2,21,2026-06-30,1204.0,1293.7367700828145,89.73677008281447
direct_trajectory_ridge,ridge,2026-2,Lags 2,28,2026-07-07,1204.0,1310.4880745021787,106.48807450217873
direct_trajectory_ridge,ridge,2026-2,Lags 3,7,2026-06-22,1078.0,1518.209886549205,440.20988654920507
direct_trajectory_ridge,ridge,2026-2,Lags 3,14,2026-06-29,1078.0,1481.0077524053122,403.0077524053122
direct_trajectory_ridge,ridge,2026-2,Lags 3,21,2026-07-06,1078.0,1273.4000669748339,195.40006697483386
direct_trajectory_ridge,ridge,2026-2,Lags 3,28,2026-07-13,1078.0,1251.3589102191804,173.35891021918042
direct_trajectory_ridge,ridge,2026-2,Tags 1,7,2026-04-25,1360.0,1541.4569490888082,181.4569490888082
direct_trajectory_ridge,ridge,2026-2,Tags 1,14,2026-05-02,1360.0,1533.09717476022,173.09717476022
direct_trajectory_ridge,ridge,2026-2,Tags 1,21,2026-05-09,1360.0,1527.4588999505856,167.45889995058565
direct_trajectory_ridge,ridge,2026-2,Tags 1,28,2026-05-16,1360.0,1529.5559278553474,169.55592785534736
direct_trajectory_ridge,ridge,2026-2,Tags 2,7,2026-04-25,1556.2800000000002,1537.8154354126239,-18.464564587376344
direct_trajectory_ridge,ridge,2026-2,Tags 2,14,2026-05-02,1556.2800000000002,1528.5028209315103,-27.777179068489886
direct_trajectory_ridge,ridge,2026-2,Tags 2,21,2026-05-09,1556.2800000000002,1541.8663596542397,-14.413640345760541
direct_trajectory_ridge,ridge,2026-2,Tags 2,28,2026-05-16,1556.2800000000002,1545.6886972331297,-10.591302766870513
direct_trajectory_ridge,ridge,2026-2,Tags 3,7,2026-04-25,1564.0,1538.0070940271598,-25.992905972840163
direct_trajectory_ridge,ridge,2026-2,Tags 3,14,2026-05-02,1564.0,1530.1639061043793,-33.83609389562071
direct_trajectory_ridge,ridge,2026-2,Tags 3,21,2026-05-09,1564.0,1531.165322524357,-32.83467747564305
direct_trajectory_ridge,ridge,2026-2,Tags 3,28,2026-05-16,1564.0,1535.1097011218983,-28.890298878101703
remaining_trajectory_ridge,ridge,2025-2,Tags 1,7,2025-04-04,1573.0,1592.7562480872616,19.75624808726161
remaining_trajectory_ridge,ridge,2025-2,Tags 1,14,2025-04-11,1573.0,1677.0783164881855,104.07831648818546
remaining_trajectory_ridge,ridge,2025-2,Tags 1,21,2025-04-18,1573.0,1535.7001047541721,-37.299895245827884
remaining_trajectory_ridge,ridge,2025-2,Tags 1,28,2025-04-25,1573.0,1793.7004176419402,220.70041764194025
remaining_trajectory_ridge,ridge,2025-2,Tags 2,7,2025-04-04,1599.0,1578.7142516538793,-20.285748346120727
remaining_trajectory_ridge,ridge,2025-2,Tags 2,14,2025-04-11,1599.0,1680.837632064407,81.83763206440699
remaining_trajectory_ridge,ridge,2025-2,Tags 2,21,2025-04-18,1599.0,1659.6604755244407,60.6604755244407
remaining_trajectory_ridge,ridge,2025-2,Tags 2,28,2025-04-25,1599.0,1739.8901279050763,140.89012790507627
remaining_trajectory_ridge,ridge,2025-2,Tags 3,7,2025-04-04,1544.0,1590.4159153483645,46.41591534836448
remaining_trajectory_ridge,ridge,2025-2,Tags 3,14,2025-04-11,1544.0,1685.5459140825626,141.5459140825626
remaining_trajectory_ridge,ridge,2025-2,Tags 3,21,2025-04-18,1544.0,1671.782687950753,127.78268795075292
remaining_trajectory_ridge,ridge,2025-2,Tags 3,28,2025-04-25,1544.0,1572.5507707627853,28.550770762785305
remaining_trajectory_ridge,ridge,2025-3,Lags 1,7,2025-07-16,1479.9999999999998,1481.8253308338633,1.825330833863518
remaining_trajectory_ridge,ridge,2025-3,Lags 1,14,2025-07-23,1479.9999999999998,1497.3275749215359,17.327574921536097
remaining_trajectory_ridge,ridge,2025-3,Lags 1,21,2025-07-30,1479.9999999999998,1424.1789807210375,-55.82101927896224
remaining_trajectory_ridge,ridge,2025-3,Lags 1,28,2025-08-06,1479.9999999999998,1403.9881290473422,-76.01187095265755
remaining_trajectory_ridge,ridge,2025-3,Lags 2,7,2025-07-22,1554.0,1476.2660387969452,-77.73396120305483
remaining_trajectory_ridge,ridge,2025-3,Lags 2,14,2025-07-29,1554.0,1437.8656785477506,-116.13432145224942
remaining_trajectory_ridge,ridge,2025-3,Lags 2,21,2025-08-05,1554.0,1386.7585059112403,-167.24149408875974
remaining_trajectory_ridge,ridge,2025-3,Lags 2,28,2025-08-12,1554.0,1469.827786146772,-84.17221385322796
remaining_trajectory_ridge,ridge,2025-3,Tags 1,7,2025-06-20,1477.24,1530.0058618204882,52.765861820488226
remaining_trajectory_ridge,ridge,2025-3,Tags 1,14,2025-06-27,1477.24,1535.085875367961,57.84587536796107
remaining_trajectory_ridge,ridge,2025-3,Tags 1,21,2025-07-04,1477.24,1570.6149176879585,93.37491768795849
remaining_trajectory_ridge,ridge,2025-3,Tags 1,28,2025-07-11,1477.24,1518.9333778921737,41.69337789217366
remaining_trajectory_ridge,ridge,2025-3,Tags 2,7,2025-06-20,1490.24,1528.1527644748487,37.9127644748487
remaining_trajectory_ridge,ridge,2025-3,Tags 2,14,2025-06-27,1490.24,1557.790378208641,67.55037820864095
remaining_trajectory_ridge,ridge,2025-3,Tags 2,21,2025-07-04,1490.24,1553.6076631213452,63.36766312134523
remaining_trajectory_ridge,ridge,2025-3,Tags 2,28,2025-07-11,1490.24,1565.1649583493895,74.9249583493895
remaining_trajectory_ridge,ridge,2025-3,Tags 3,7,2025-06-20,1582.1,1533.712056511767,-48.38794348823285
remaining_trajectory_ridge,ridge,2025-3,Tags 3,14,2025-06-27,1582.1,1585.3969115136076,3.2969115136077107
remaining_trajectory_ridge,ridge,2025-3,Tags 3,21,2025-07-04,1582.1,1518.041769225496,-64.05823077450395
remaining_trajectory_ridge,ridge,2025-3,Tags 3,28,2025-07-11,1582.1,1475.6380626954876,-106.46193730451228
remaining_trajectory_ridge,ridge,2025-4,Lags 1,7,2025-10-03,1568.0,1484.4778374632094,-83.52216253679057
remaining_trajectory_ridge,ridge,2025-4,Lags 1,14,2025-10-10,1568.0,1480.125927378101,-87.8740726218989
remaining_trajectory_ridge,ridge,2025-4,Lags 1,21,2025-10-17,1568.0,1572.1862222119307,4.186222211930726
remaining_trajectory_ridge,ridge,2025-4,Lags 1,28,2025-10-24,1568.0,1677.8609282623647,109.86092826236472
remaining_trajectory_ridge,ridge,2025-4,Lags 2,7,2025-10-03,1594.0,1484.4778374632094,-109.52216253679057
remaining_trajectory_ridge,ridge,2025-4,Lags 2,14,2025-10-10,1594.0,1506.58638654722,-87.41361345278006
remaining_trajectory_ridge,ridge,2025-4,Lags 2,21,2025-10-17,1594.0,1585.2396593417498,-8.760340658250243
remaining_trajectory_ridge,ridge,2025-4,Lags 2,28,2025-10-24,1594.0,1715.3367290655642,121.33672906556421
remaining_trajectory_ridge,ridge,2025-4,Tags 1,7,2025-09-02,1441.5,1465.6479280281767,24.147928028176693
remaining_trajectory_ridge,ridge,2025-4,Tags 1,14,2025-09-09,1441.5,1465.8470517584585,24.34705175845852
remaining_trajectory_ridge,ridge,2025-4,Tags 1,21,2025-09-16,1441.5,1448.7434645932206,7.243464593220551
remaining_trajectory_ridge,ridge,2025-4,Tags 1,28,2025-09-23,1441.5,1319.6397337778235,-121.8602662221765
remaining_trajectory_ridge,ridge,2025-4,Tags 2,7,2025-09-02,1450.0400000000002,1471.455283274495,21.41528327449487
remaining_trajectory_ridge,ridge,2025-4,Tags 2,14,2025-09-09,1450.0400000000002,1581.975160097866,131.93516009786572
remaining_trajectory_ridge,ridge,2025-4,Tags 2,21,2025-09-16,1450.0400000000002,1514.385187771579,64.34518777157882
remaining_trajectory_ridge,ridge,2025-4,Tags 2,28,2025-09-23,1450.0400000000002,1346.4536170058482,-103.58638299415202
remaining_trajectory_ridge,ridge,2025-4,Tags 3,7,2025-09-02,1293.1200000000001,1465.6479280281767,172.52792802817658
remaining_trajectory_ridge,ridge,2025-4,Tags 3,14,2025-09-09,1293.1200000000001,1592.9895580660757,299.86955806607557
remaining_trajectory_ridge,ridge,2025-4,Tags 3,21,2025-09-16,1293.1200000000001,1502.3465268273903,209.22652682739022
remaining_trajectory_ridge,ridge,2025-4,Tags 3,28,2025-09-23,1293.1200000000001,1376.9476768230707,83.82767682307053
remaining_trajectory_ridge,ridge,2025-5,Lags 1,7,2025-12-17,1306.0,1477.129119473186,171.12911947318594
remaining_trajectory_ridge,ridge,2025-5,Lags 1,14,2025-12-24,1306.0,1425.2706422700182,119.27064227001824
remaining_trajectory_ridge,ridge,2025-5,Lags 1,21,2025-12-31,1306.0,1370.4001658196653,64.40016581966529
remaining_trajectory_ridge,ridge,2025-5,Lags 1,28,2026-01-07,1306.0,1418.6469978950142,112.64699789501424
remaining_trajectory_ridge,ridge,2025-5,Lags 2,7,2025-12-24,1176.0,1471.0061074638525,295.00610746385246
remaining_trajectory_ridge,ridge,2025-5,Lags 2,14,2025-12-31,1176.0,1366.5990083454262,190.59900834542623
remaining_trajectory_ridge,ridge,2025-5,Lags 2,21,2026-01-07,1176.0,1288.9508326838186,112.95083268381859
remaining_trajectory_ridge,ridge,2025-5,Lags 2,28,2026-01-14,1176.0,1275.704006974,99.7040069740001
remaining_trajectory_ridge,ridge,2025-5,Lags 3,7,2026-01-02,1182.0,1472.5368604661858,290.5368604661858
remaining_trajectory_ridge,ridge,2025-5,Lags 3,14,2026-01-09,1182.0,1382.4758500535365,200.47585005353653
remaining_trajectory_ridge,ridge,2025-5,Lags 3,21,2026-01-16,1182.0,1305.3257226941828,123.32572269418279
remaining_trajectory_ridge,ridge,2025-5,Lags 3,28,2026-01-23,1182.0,1280.127895647509,98.12789564750892
remaining_trajectory_ridge,ridge,2025-5,Tags 1,7,2025-11-18,1702.0,1497.0289085035197,-204.9710914964803
remaining_trajectory_ridge,ridge,2025-5,Tags 1,14,2025-11-25,1702.0,1466.0457323816104,-235.95426761838962
remaining_trajectory_ridge,ridge,2025-5,Tags 1,21,2025-12-02,1702.0,1416.6593837398893,-285.34061626011066
remaining_trajectory_ridge,ridge,2025-5,Tags 1,28,2025-12-09,1702.0,1572.7830943659042,-129.21690563409584
remaining_trajectory_ridge,ridge,2025-5,Tags 2,7,2025-11-18,1776.0,1492.4366494965195,-283.5633505034805
remaining_trajectory_ridge,ridge,2025-5,Tags 2,14,2025-11-25,1776.0,1499.413733463757,-276.5862665362431
remaining_trajectory_ridge,ridge,2025-5,Tags 2,21,2025-12-02,1776.0,1520.6718193587224,-255.32818064127764
remaining_trajectory_ridge,ridge,2025-5,Tags 2,28,2025-12-09,1776.0,1583.0033753795778,-192.99662462042215
remaining_trajectory_ridge,ridge,2025-5,Tags 3,7,2025-11-18,1738.0,1493.9674024988528,-244.03259750114717
remaining_trajectory_ridge,ridge,2025-5,Tags 3,14,2025-11-25,1738.0,1485.0672444978086,-252.9327555021914
remaining_trajectory_ridge,ridge,2025-5,Tags 3,21,2025-12-02,1738.0,1556.2934026959208,-181.7065973040792
remaining_trajectory_ridge,ridge,2025-5,Tags 3,28,2025-12-09,1738.0,1590.4201284441226,-147.5798715558774
remaining_trajectory_ridge,ridge,2026-1,Lags 1,7,2026-03-12,1605.9999999999998,1448.690980677193,-157.30901932280676
remaining_trajectory_ridge,ridge,2026-1,Lags 1,14,2026-03-19,1605.9999999999998,1525.5727792813998,-80.42722071859998
remaining_trajectory_ridge,ridge,2026-1,Lags 1,21,2026-03-26,1605.9999999999998,1506.8558241583235,-99.14417584167632
remaining_trajectory_ridge,ridge,2026-1,Lags 1,28,2026-04-02,1605.9999999999998,1550.36893023072,-55.63106976927975
remaining_trajectory_ridge,ridge,2026-1,Lags 2,7,2026-03-20,1972.0000000000002,1457.8601023445624,-514.1398976554378
remaining_trajectory_ridge,ridge,2026-1,Lags 2,14,2026-03-27,1972.0000000000002,1619.4110621069538,-352.5889378930465
remaining_trajectory_ridge,ridge,2026-1,Lags 2,21,2026-04-03,1972.0000000000002,1800.2577833859812,-171.74221661401907
remaining_trajectory_ridge,ridge,2026-1,Lags 2,28,2026-04-10,1972.0000000000002,1909.6709135790882,-62.32908642091206
remaining_trajectory_ridge,ridge,2026-1,Lags 3,7,2026-03-27,1691.4399999999998,1444.1064198435083,-247.3335801564915
remaining_trajectory_ridge,ridge,2026-1,Lags 3,14,2026-04-03,1691.4399999999998,1414.7272108537577,-276.71278914624213
remaining_trajectory_ridge,ridge,2026-1,Lags 3,21,2026-04-10,1691.4399999999998,1379.3392186369176,-312.1007813630822
remaining_trajectory_ridge,ridge,2026-1,Lags 3,28,2026-04-17,1691.4399999999998,1475.782851590759,-215.6571484092408
remaining_trajectory_ridge,ridge,2026-1,Tags 1,7,2026-02-06,1446.68,1495.0179679015764,48.33796790157635
remaining_trajectory_ridge,ridge,2026-1,Tags 1,14,2026-02-13,1446.68,1563.7805351551958,117.10053515519576
remaining_trajectory_ridge,ridge,2026-1,Tags 1,21,2026-02-20,1446.68,1642.4841404042677,195.80414040426763
remaining_trajectory_ridge,ridge,2026-1,Tags 1,28,2026-02-27,1446.68,1588.939903455856,142.25990345585592
remaining_trajectory_ridge,ridge,2026-1,Tags 2,7,2026-02-06,1550.16,1497.9520868351344,-52.20791316486566
remaining_trajectory_ridge,ridge,2026-1,Tags 2,14,2026-02-13,1550.16,1510.4101388308493,-39.74986116915079
remaining_trajectory_ridge,ridge,2026-1,Tags 2,21,2026-02-20,1550.16,1682.7442567132725,132.58425671327245
remaining_trajectory_ridge,ridge,2026-1,Tags 2,28,2026-02-27,1550.16,1569.9913410346533,19.831341034653178
remaining_trajectory_ridge,ridge,2026-1,Tags 3,7,2026-02-06,1691.4399999999998,1486.5823759675966,-204.85762403240324
remaining_trajectory_ridge,ridge,2026-1,Tags 3,14,2026-02-13,1691.4399999999998,1531.3110634499576,-160.12893655004223
remaining_trajectory_ridge,ridge,2026-1,Tags 3,21,2026-02-20,1691.4399999999998,1669.2760215763196,-22.16397842368019
remaining_trajectory_ridge,ridge,2026-1,Tags 3,28,2026-02-27,1691.4399999999998,1578.8680470272395,-112.5719529727603
remaining_trajectory_ridge,ridge,2026-2,Lags 1,7,2026-06-08,1192.0,1526.3797771580523,334.3797771580523
remaining_trajectory_ridge,ridge,2026-2,Lags 1,14,2026-06-15,1192.0,1474.0653009465625,282.0653009465625
remaining_trajectory_ridge,ridge,2026-2,Lags 1,21,2026-06-22,1192.0,1324.0608359163664,132.0608359163664
remaining_trajectory_ridge,ridge,2026-2,Lags 1,28,2026-06-29,1192.0,1179.130091708451,-12.869908291549109
remaining_trajectory_ridge,ridge,2026-2,Lags 2,7,2026-06-16,1204.0,1526.3797771580523,322.3797771580523
remaining_trajectory_ridge,ridge,2026-2,Lags 2,14,2026-06-23,1204.0,1431.361375423353,227.3613754233529
remaining_trajectory_ridge,ridge,2026-2,Lags 2,21,2026-06-30,1204.0,1305.8546464295723,101.85464642957231
remaining_trajectory_ridge,ridge,2026-2,Lags 2,28,2026-07-07,1204.0,1252.878624556911,48.87862455691106
remaining_trajectory_ridge,ridge,2026-2,Lags 3,7,2026-06-22,1078.0,1488.1961265492046,410.19612654920456
remaining_trajectory_ridge,ridge,2026-2,Lags 3,14,2026-06-29,1078.0,1389.9854382431124,311.9854382431124
remaining_trajectory_ridge,ridge,2026-2,Lags 3,21,2026-07-06,1078.0,1243.241902888243,165.24190288824298
remaining_trajectory_ridge,ridge,2026-2,Lags 3,28,2026-07-13,1078.0,1172.6299805119406,94.62998051194063
remaining_trajectory_ridge,ridge,2026-2,Tags 1,7,2026-04-25,1360.0,1544.4351890888076,184.43518908880765
remaining_trajectory_ridge,ridge,2026-2,Tags 1,14,2026-05-02,1360.0,1512.6433480437554,152.6433480437554
remaining_trajectory_ridge,ridge,2026-2,Tags 1,21,2026-05-09,1360.0,1563.4636140464918,203.46361404649178
remaining_trajectory_ridge,ridge,2026-2,Tags 1,28,2026-05-16,1360.0,1524.7421478503907,164.74214785039067
remaining_trajectory_ridge,ridge,2026-2,Tags 2,7,2026-04-25,1556.2800000000002,1535.6256754126234,-20.654324587376777
remaining_trajectory_ridge,ridge,2026-2,Tags 2,14,2026-05-02,1556.2800000000002,1505.7176839903668,-50.56231600963338
remaining_trajectory_ridge,ridge,2026-2,Tags 2,21,2026-05-09,1556.2800000000002,1571.3176501025669,15.037650102566658
remaining_trajectory_ridge,ridge,2026-2,Tags 2,28,2026-05-16,1556.2800000000002,1556.9622293236152,0.6822293236150472
remaining_trajectory_ridge,ridge,2026-2,Tags 3,7,2026-04-25,1564.0,1536.0893340271593,-27.91066597284066
remaining_trajectory_ridge,ridge,2026-2,Tags 3,14,2026-05-02,1564.0,1510.9740092995553,-53.02599070044471
remaining_trajectory_ridge,ridge,2026-2,Tags 3,21,2026-05-09,1564.0,1552.497541410452,-11.502458589548041
remaining_trajectory_ridge,ridge,2026-2,Tags 3,28,2026-05-16,1564.0,1541.5621792119055,-22.43782078809454
direct_linear_svr,svr,2025-2,Tags 1,7,2025-04-04,1573.0,1542.2073332165546,-30.792666783445384
direct_linear_svr,svr,2025-2,Tags 1,14,2025-04-11,1573.0,1549.1787069969284,-23.82129300307156
direct_linear_svr,svr,2025-2,Tags 1,21,2025-04-18,1573.0,1544.232811063862,-28.767188936137927
direct_linear_svr,svr,2025-2,Tags 1,28,2025-04-25,1573.0,1564.4495940292002,-8.55040597079983
direct_linear_svr,svr,2025-2,Tags 2,7,2025-04-04,1599.0,1537.8368127109443,-61.16318728905571
direct_linear_svr,svr,2025-2,Tags 2,14,2025-04-11,1599.0,1547.0360759247897,-51.96392407521034
direct_linear_svr,svr,2025-2,Tags 2,21,2025-04-18,1599.0,1553.1860537157684,-45.81394628423163
direct_linear_svr,svr,2025-2,Tags 2,28,2025-04-25,1599.0,1569.2640792870657,-29.73592071293433
direct_linear_svr,svr,2025-2,Tags 3,7,2025-04-04,1544.0,1541.4789131322862,-2.521086867713848
direct_linear_svr,svr,2025-2,Tags 3,14,2025-04-11,1544.0,1549.767651240796,5.767651240796113
direct_linear_svr,svr,2025-2,Tags 3,21,2025-04-18,1544.0,1556.181179493468,12.181179493468107
direct_linear_svr,svr,2025-2,Tags 3,28,2025-04-25,1544.0,1560.666643334772,16.66664333477206
direct_linear_svr,svr,2025-3,Lags 1,7,2025-07-16,1479.9999999999998,1506.9720284976609,26.972028497661086
direct_linear_svr,svr,2025-3,Lags 1,14,2025-07-23,1479.9999999999998,1509.8500285968662,29.850028596866423
direct_linear_svr,svr,2025-3,Lags 1,21,2025-07-30,1479.9999999999998,1501.6431117290915,21.643111729091743
direct_linear_svr,svr,2025-3,Lags 1,28,2025-08-06,1479.9999999999998,1496.8957080641903,16.895708064190558
direct_linear_svr,svr,2025-3,Lags 2,7,2025-07-22,1554.0,1505.6637142976583,-48.336285702341684
direct_linear_svr,svr,2025-3,Lags 2,14,2025-07-29,1554.0,1500.3247535731562,-53.67524642684384
direct_linear_svr,svr,2025-3,Lags 2,21,2025-08-05,1554.0,1490.3827533800873,-63.61724661991275
direct_linear_svr,svr,2025-3,Lags 2,28,2025-08-12,1554.0,1490.0594212067876,-63.94057879321235
direct_linear_svr,svr,2025-3,Tags 1,7,2025-06-20,1477.24,1518.3107515643492,41.070751564349166
direct_linear_svr,svr,2025-3,Tags 1,14,2025-06-27,1477.24,1525.1762350698725,47.93623506987251
direct_linear_svr,svr,2025-3,Tags 1,21,2025-07-04,1477.24,1526.6109602395632,49.370960239563146
direct_linear_svr,svr,2025-3,Tags 1,28,2025-07-11,1477.24,1528.7526895480435,51.512689548043454
direct_linear_svr,svr,2025-3,Tags 2,7,2025-06-20,1490.24,1517.874646831015,27.63464683101506
direct_linear_svr,svr,2025-3,Tags 2,14,2025-06-27,1490.24,1527.9871843059948,37.74718430599478
direct_linear_svr,svr,2025-3,Tags 2,21,2025-07-04,1490.24,1527.580372004822,37.34037200482203
direct_linear_svr,svr,2025-3,Tags 2,28,2025-07-11,1490.24,1532.5143671336157,42.27436713361567
direct_linear_svr,svr,2025-3,Tags 3,7,2025-06-20,1582.1,1519.1829610310176,-62.9170389689823
direct_linear_svr,svr,2025-3,Tags 3,14,2025-06-27,1582.1,1533.0283464230529,-49.07165357694703
direct_linear_svr,svr,2025-3,Tags 3,21,2025-07-04,1582.1,1528.7654056477663,-53.33459435223358
direct_linear_svr,svr,2025-3,Tags 3,28,2025-07-11,1582.1,1528.7980109786547,-53.30198902134521
direct_linear_svr,svr,2025-4,Lags 1,7,2025-10-03,1568.0,1520.7936554684316,-47.20634453156845
direct_linear_svr,svr,2025-4,Lags 1,14,2025-10-10,1568.0,1511.0067432921937,-56.99325670780627
direct_linear_svr,svr,2025-4,Lags 1,21,2025-10-17,1568.0,1516.043664354053,-51.95633564594709
direct_linear_svr,svr,2025-4,Lags 1,28,2025-10-24,1568.0,1521.0858779770867,-46.91412202291326
direct_linear_svr,svr,2025-4,Lags 2,7,2025-10-03,1594.0,1520.7936554684316,-73.20634453156845
direct_linear_svr,svr,2025-4,Lags 2,14,2025-10-10,1594.0,1512.3769265444391,-81.62307345556087
direct_linear_svr,svr,2025-4,Lags 2,21,2025-10-17,1594.0,1517.9025519925676,-76.09744800743238
direct_linear_svr,svr,2025-4,Lags 2,28,2025-10-24,1594.0,1524.8572932154455,-69.14270678455455
direct_linear_svr,svr,2025-4,Tags 1,7,2025-09-02,1441.5,1517.2759929711256,75.77599297112556
direct_linear_svr,svr,2025-4,Tags 1,14,2025-09-09,1441.5,1504.2685626442064,62.76856264420644
direct_linear_svr,svr,2025-4,Tags 1,21,2025-09-16,1441.5,1501.890921654808,60.390921654807926
direct_linear_svr,svr,2025-4,Tags 1,28,2025-09-23,1441.5,1487.5801650791807,46.08016507918069
direct_linear_svr,svr,2025-4,Tags 2,7,2025-09-02,1450.0400000000002,1518.3608795357152,68.320879535715
direct_linear_svr,svr,2025-4,Tags 2,14,2025-09-09,1450.0400000000002,1512.1320357980135,62.092035798013285
direct_linear_svr,svr,2025-4,Tags 2,21,2025-09-16,1450.0400000000002,1512.3007630458928,62.260763045892645
direct_linear_svr,svr,2025-4,Tags 2,28,2025-09-23,1450.0400000000002,1499.3372531231037,49.297253123103474
direct_linear_svr,svr,2025-4,Tags 3,7,2025-09-02,1293.1200000000001,1517.2759929711256,224.15599297112544
direct_linear_svr,svr,2025-4,Tags 3,14,2025-09-09,1293.1200000000001,1510.8522931712453,217.73229317124515
direct_linear_svr,svr,2025-4,Tags 3,21,2025-09-16,1293.1200000000001,1510.2257260638517,217.10572606385153
direct_linear_svr,svr,2025-4,Tags 3,28,2025-09-23,1293.1200000000001,1498.6277662077769,205.50776620777674
direct_linear_svr,svr,2025-5,Lags 1,7,2025-12-17,1306.0,1512.6039489603893,206.6039489603893
direct_linear_svr,svr,2025-5,Lags 1,14,2025-12-24,1306.0,1503.6757507869313,197.6757507869313
direct_linear_svr,svr,2025-5,Lags 1,21,2025-12-31,1306.0,1497.5677709375916,191.5677709375916
direct_linear_svr,svr,2025-5,Lags 1,28,2026-01-07,1306.0,1493.0153435074226,187.01534350742259
direct_linear_svr,svr,2025-5,Lags 2,7,2025-12-24,1176.0,1511.219218657442,335.21921865744207
direct_linear_svr,svr,2025-5,Lags 2,14,2025-12-31,1176.0,1495.0458972830445,319.0458972830445
direct_linear_svr,svr,2025-5,Lags 2,21,2026-01-07,1176.0,1484.6533034537665,308.6533034537665
direct_linear_svr,svr,2025-5,Lags 2,28,2026-01-14,1176.0,1475.0703966244307,299.0703966244307
direct_linear_svr,svr,2025-5,Lags 3,7,2026-01-02,1182.0,1511.5654012331788,329.5654012331788
direct_linear_svr,svr,2025-5,Lags 3,14,2026-01-09,1182.0,1497.3557829053152,315.3557829053152
direct_linear_svr,svr,2025-5,Lags 3,21,2026-01-16,1182.0,1487.7582438244372,305.75824382443716
direct_linear_svr,svr,2025-5,Lags 3,28,2026-01-23,1182.0,1477.6533522314103,295.6533522314103
direct_linear_svr,svr,2025-5,Tags 1,7,2025-11-18,1702.0,1517.1043224449672,-184.89567755503276
direct_linear_svr,svr,2025-5,Tags 1,14,2025-11-25,1702.0,1512.8224161334833,-189.17758386651667
direct_linear_svr,svr,2025-5,Tags 1,21,2025-12-02,1702.0,1508.4561904012496,-193.54380959875039
direct_linear_svr,svr,2025-5,Tags 1,28,2025-12-09,1702.0,1512.2740151503526,-189.72598484964738
direct_linear_svr,svr,2025-5,Tags 2,7,2025-11-18,1776.0,1516.065774717757,-259.934225282243
direct_linear_svr,svr,2025-5,Tags 2,14,2025-11-25,1776.0,1516.1050497687065,-259.8949502312935
direct_linear_svr,svr,2025-5,Tags 2,21,2025-12-02,1776.0,1518.2222441985523,-257.7777558014477
direct_linear_svr,svr,2025-5,Tags 2,28,2025-12-09,1776.0,1519.1774484349303,-256.8225515650697
direct_linear_svr,svr,2025-5,Tags 3,7,2025-11-18,1738.0,1516.4119572934937,-221.58804270650626
direct_linear_svr,svr,2025-5,Tags 3,14,2025-11-25,1738.0,1514.6043792335013,-223.39562076649872
direct_linear_svr,svr,2025-5,Tags 3,21,2025-12-02,1738.0,1519.1813553675697,-218.81864463243028
direct_linear_svr,svr,2025-5,Tags 3,28,2025-12-09,1738.0,1520.8174455709527,-217.1825544290473
direct_linear_svr,svr,2026-1,Lags 1,7,2026-03-12,1605.9999999999998,1504.2542380048556,-101.74576199514422
direct_linear_svr,svr,2026-1,Lags 1,14,2026-03-19,1605.9999999999998,1514.7750230417591,-91.22497695824063
direct_linear_svr,svr,2026-1,Lags 1,21,2026-03-26,1605.9999999999998,1514.247468773187,-91.75253122681283
direct_linear_svr,svr,2026-1,Lags 1,28,2026-04-02,1605.9999999999998,1505.5085218275829,-100.49147817241692
direct_linear_svr,svr,2026-1,Lags 2,7,2026-03-20,1972.0000000000002,1505.9639848243228,-466.03601517567745
direct_linear_svr,svr,2026-1,Lags 2,14,2026-03-27,1972.0000000000002,1531.0101687887457,-440.98983121125457
direct_linear_svr,svr,2026-1,Lags 2,21,2026-04-03,1972.0000000000002,1557.0461134292227,-414.9538865707775
direct_linear_svr,svr,2026-1,Lags 2,28,2026-04-10,1972.0000000000002,1574.3203267256451,-397.6796732743551
direct_linear_svr,svr,2026-1,Lags 3,7,2026-03-27,1691.4399999999998,1503.399364595122,-188.04063540487778
direct_linear_svr,svr,2026-1,Lags 3,14,2026-04-03,1691.4399999999998,1496.7294089850723,-194.71059101492756
direct_linear_svr,svr,2026-1,Lags 3,21,2026-04-10,1691.4399999999998,1486.3567572432894,-205.08324275671043
direct_linear_svr,svr,2026-1,Lags 3,28,2026-04-17,1691.4399999999998,1472.7444263646773,-218.6955736353225
direct_linear_svr,svr,2026-1,Tags 1,7,2026-02-06,1446.68,1512.892733810214,66.21273381021388
direct_linear_svr,svr,2026-1,Tags 1,14,2026-02-13,1446.68,1529.1044267041793,82.42442670417927
direct_linear_svr,svr,2026-1,Tags 1,21,2026-02-20,1446.68,1538.8451479145806,92.16514791458053
direct_linear_svr,svr,2026-1,Tags 1,28,2026-02-27,1446.68,1535.3487112356509,88.66871123565079
direct_linear_svr,svr,2026-1,Tags 2,7,2026-02-06,1550.16,1513.4398527924436,-36.720147207556465
direct_linear_svr,svr,2026-1,Tags 2,14,2026-02-13,1550.16,1521.3475150731515,-28.812484926848583
direct_linear_svr,svr,2026-1,Tags 2,21,2026-02-20,1550.16,1536.226713147021,-13.933286852979109
direct_linear_svr,svr,2026-1,Tags 2,28,2026-02-27,1550.16,1531.7145449274194,-18.44545507258067
direct_linear_svr,svr,2026-1,Tags 3,7,2026-02-06,1691.4399999999998,1511.319766736304,-180.1202332636958
direct_linear_svr,svr,2026-1,Tags 3,14,2026-02-13,1691.4399999999998,1522.5330471783195,-168.9069528216803
direct_linear_svr,svr,2026-1,Tags 3,21,2026-02-20,1691.4399999999998,1536.1474230468746,-155.29257695312526
direct_linear_svr,svr,2026-1,Tags 3,28,2026-02-27,1691.4399999999998,1531.4873080448424,-159.95269195515743
direct_linear_svr,svr,2026-2,Lags 1,7,2026-06-08,1192.0,1531.6649394986305,339.6649394986305
direct_linear_svr,svr,2026-2,Lags 1,14,2026-06-15,1192.0,1524.753970307683,332.75397030768295
direct_linear_svr,svr,2026-2,Lags 1,21,2026-06-22,1192.0,1509.0603287703582,317.0603287703582
direct_linear_svr,svr,2026-2,Lags 1,28,2026-06-29,1192.0,1479.5613065663383,287.5613065663383
direct_linear_svr,svr,2026-2,Lags 2,7,2026-06-16,1204.0,1531.6649394986305,327.6649394986305
direct_linear_svr,svr,2026-2,Lags 2,14,2026-06-23,1204.0,1520.4509569333688,316.45095693336884
direct_linear_svr,svr,2026-2,Lags 2,21,2026-06-30,1204.0,1504.0282721023345,300.02827210233454
direct_linear_svr,svr,2026-2,Lags 2,28,2026-07-07,1204.0,1479.2887124902325,275.28871249023246
direct_linear_svr,svr,2026-2,Lags 3,7,2026-06-22,1078.0,1523.6031317568747,445.60313175687475
direct_linear_svr,svr,2026-2,Lags 3,14,2026-06-29,1078.0,1510.5172856430581,432.51728564305813
direct_linear_svr,svr,2026-2,Lags 3,21,2026-07-06,1078.0,1491.541359481663,413.541359481663
direct_linear_svr,svr,2026-2,Lags 3,28,2026-07-13,1078.0,1456.3065746668706,378.3065746668706
direct_linear_svr,svr,2026-2,Tags 1,7,2026-04-25,1360.0,1535.4770228736604,175.47702287366042
direct_linear_svr,svr,2026-2,Tags 1,14,2026-05-02,1360.0,1531.3670155207462,171.36701552074624
direct_linear_svr,svr,2026-2,Tags 1,21,2026-05-09,1360.0,1530.111300726405,170.11130072640503
direct_linear_svr,svr,2026-2,Tags 1,28,2026-05-16,1360.0,1525.9106527609636,165.91065276096356
direct_linear_svr,svr,2026-2,Tags 2,7,2026-04-25,1556.2800000000002,1533.6170486589556,-22.662951341044618
direct_linear_svr,svr,2026-2,Tags 2,14,2026-05-02,1556.2800000000002,1529.339212864757,-26.940787135243227
direct_linear_svr,svr,2026-2,Tags 2,21,2026-05-09,1556.2800000000002,1528.8946214912685,-27.38537850873172
direct_linear_svr,svr,2026-2,Tags 2,28,2026-05-16,1556.2800000000002,1525.6397641690926,-30.640235830907613
direct_linear_svr,svr,2026-2,Tags 3,7,2026-04-25,1564.0,1533.7149420386768,-30.28505796132322
direct_linear_svr,svr,2026-2,Tags 3,14,2026-05-02,1564.0,1529.9388577656177,-34.06114223438226
direct_linear_svr,svr,2026-2,Tags 3,21,2026-05-09,1564.0,1528.2237997048535,-35.77620029514651
direct_linear_svr,svr,2026-2,Tags 3,28,2026-05-16,1564.0,1524.0499999899305,-39.950000010069516
direct_huber_compact,huber,2025-2,Tags 1,7,2025-04-04,1573.0,1909.7572788310474,336.7572788310474
direct_huber_compact,huber,2025-2,Tags 1,14,2025-04-11,1573.0,1700.6120930733412,127.61209307334116
direct_huber_compact,huber,2025-2,Tags 1,21,2025-04-18,1573.0,1503.4272995502563,-69.5727004497437
direct_huber_compact,huber,2025-2,Tags 1,28,2025-04-25,1573.0,1857.8263658776655,284.82636587766547
direct_huber_compact,huber,2025-2,Tags 2,7,2025-04-04,1599.0,1807.2543502589983,208.25435025899833
direct_huber_compact,huber,2025-2,Tags 2,14,2025-04-11,1599.0,1711.5318121977334,112.53181219773342
direct_huber_compact,huber,2025-2,Tags 2,21,2025-04-18,1599.0,1652.0951297380784,53.09512973807841
direct_huber_compact,huber,2025-2,Tags 2,28,2025-04-25,1599.0,1773.2610126476206,174.26101264762065
direct_huber_compact,huber,2025-2,Tags 3,7,2025-04-04,1544.0,1822.6908801705658,278.69088017056583
direct_huber_compact,huber,2025-2,Tags 3,14,2025-04-11,1544.0,1679.836039112688,135.836039112688
direct_huber_compact,huber,2025-2,Tags 3,21,2025-04-18,1544.0,1652.1998711354677,108.19987113546767
direct_huber_compact,huber,2025-2,Tags 3,28,2025-04-25,1544.0,1603.6601953113222,59.66019531132224
direct_huber_compact,huber,2025-3,Lags 1,7,2025-07-16,1479.9999999999998,1449.3965256867457,-30.603474313254083
direct_huber_compact,huber,2025-3,Lags 1,14,2025-07-23,1479.9999999999998,1508.7438958436128,28.743895843613018
direct_huber_compact,huber,2025-3,Lags 1,21,2025-07-30,1479.9999999999998,1426.6895936879164,-53.31040631208339
direct_huber_compact,huber,2025-3,Lags 1,28,2025-08-06,1479.9999999999998,1422.0466665362521,-57.95333346374764
direct_huber_compact,huber,2025-3,Lags 2,7,2025-07-22,1554.0,1425.1571728433605,-128.8428271566395
direct_huber_compact,huber,2025-3,Lags 2,14,2025-07-29,1554.0,1335.8676800848846,-218.13231991511543
direct_huber_compact,huber,2025-3,Lags 2,21,2025-08-05,1554.0,1356.8817990228397,-197.1182009771603
direct_huber_compact,huber,2025-3,Lags 2,28,2025-08-12,1554.0,1446.354438975571,-107.64556102442907
direct_huber_compact,huber,2025-3,Tags 1,7,2025-06-20,1477.24,1584.589320964345,107.349320964345
direct_huber_compact,huber,2025-3,Tags 1,14,2025-06-27,1477.24,1516.7006334102616,39.46063341026161
direct_huber_compact,huber,2025-3,Tags 1,21,2025-07-04,1477.24,1521.9647377243987,44.724737724398665
direct_huber_compact,huber,2025-3,Tags 1,28,2025-07-11,1477.24,1493.5173036689441,16.277303668944114
direct_huber_compact,huber,2025-3,Tags 2,7,2025-06-20,1490.24,1574.0214953048262,83.7814953048262
direct_huber_compact,huber,2025-3,Tags 2,14,2025-06-27,1490.24,1554.2941329391683,64.05413293916831
direct_huber_compact,huber,2025-3,Tags 2,21,2025-07-04,1490.24,1538.148958719398,47.908958719398015
direct_huber_compact,huber,2025-3,Tags 2,28,2025-07-11,1490.24,1543.7862550418856,53.546255041885615
direct_huber_compact,huber,2025-3,Tags 3,7,2025-06-20,1582.1,1595.955347678864,13.855347678864064
direct_huber_compact,huber,2025-3,Tags 3,14,2025-06-27,1582.1,1663.1272460832558,81.02724608325593
direct_huber_compact,huber,2025-3,Tags 3,21,2025-07-04,1582.1,1513.083298838407,-69.01670116159289
direct_huber_compact,huber,2025-3,Tags 3,28,2025-07-11,1582.1,1469.4945966156693,-112.60540338433066
direct_huber_compact,huber,2025-4,Lags 1,7,2025-10-03,1568.0,1431.0605554843414,-136.93944451565858
direct_huber_compact,huber,2025-4,Lags 1,14,2025-10-10,1568.0,1455.3699234082605,-112.63007659173945
direct_huber_compact,huber,2025-4,Lags 1,21,2025-10-17,1568.0,1505.2406466980924,-62.759353301907595
direct_huber_compact,huber,2025-4,Lags 1,28,2025-10-24,1568.0,1728.6116993607448,160.61169936074475
direct_huber_compact,huber,2025-4,Lags 2,7,2025-10-03,1594.0,1436.3010704932537,-157.69892950674625
direct_huber_compact,huber,2025-4,Lags 2,14,2025-10-10,1594.0,1485.7420094088309,-108.25799059116912
direct_huber_compact,huber,2025-4,Lags 2,21,2025-10-17,1594.0,1534.809739277068,-59.19026072293195
direct_huber_compact,huber,2025-4,Lags 2,28,2025-10-24,1594.0,1772.508653911952,178.50865391195202
direct_huber_compact,huber,2025-4,Tags 1,7,2025-09-02,1441.5,1361.7331445288758,-79.76685547112425
direct_huber_compact,huber,2025-4,Tags 1,14,2025-09-09,1441.5,1356.001383938363,-85.498616061637
direct_huber_compact,huber,2025-4,Tags 1,21,2025-09-16,1441.5,1386.7322716392441,-54.76772836075588
direct_huber_compact,huber,2025-4,Tags 1,28,2025-09-23,1441.5,1367.8536901644393,-73.64630983556071
direct_huber_compact,huber,2025-4,Tags 2,7,2025-09-02,1450.0400000000002,1402.1701324224487,-47.86986757755153
direct_huber_compact,huber,2025-4,Tags 2,14,2025-09-09,1450.0400000000002,1577.0039289133451,126.96392891334494
direct_huber_compact,huber,2025-4,Tags 2,21,2025-09-16,1450.0400000000002,1552.556119153001,102.51611915300077
direct_huber_compact,huber,2025-4,Tags 2,28,2025-09-23,1450.0400000000002,1455.6719578195712,5.631957819570971
direct_huber_compact,huber,2025-4,Tags 3,7,2025-09-02,1293.1200000000001,1395.1298599588383,102.0098599588382
direct_huber_compact,huber,2025-4,Tags 3,14,2025-09-09,1293.1200000000001,1617.8621007555605,324.7421007555604
direct_huber_compact,huber,2025-4,Tags 3,21,2025-09-16,1293.1200000000001,1572.1130467084677,278.99304670846755
direct_huber_compact,huber,2025-4,Tags 3,28,2025-09-23,1293.1200000000001,1517.9650165576397,224.8450165576396
direct_huber_compact,huber,2025-5,Lags 1,7,2025-12-17,1306.0,1449.3151903706935,143.31519037069347
direct_huber_compact,huber,2025-5,Lags 1,14,2025-12-24,1306.0,1394.7512481257017,88.75124812570175
direct_huber_compact,huber,2025-5,Lags 1,21,2025-12-31,1306.0,1301.0479045184684,-4.9520954815316145
direct_huber_compact,huber,2025-5,Lags 1,28,2026-01-07,1306.0,1348.1142588429673,42.114258842967274
direct_huber_compact,huber,2025-5,Lags 2,7,2025-12-24,1176.0,1462.4056419952851,286.4056419952851
direct_huber_compact,huber,2025-5,Lags 2,14,2025-12-31,1176.0,1254.6235514790956,78.62355147909557
direct_huber_compact,huber,2025-5,Lags 2,21,2026-01-07,1176.0,1208.6562217004443,32.65622170044435
direct_huber_compact,huber,2025-5,Lags 2,28,2026-01-14,1176.0,1230.9808847470363,54.98088474703627
direct_huber_compact,huber,2025-5,Lags 3,7,2026-01-02,1182.0,1464.8619152517351,282.8619152517351
direct_huber_compact,huber,2025-5,Lags 3,14,2026-01-09,1182.0,1282.0386964705613,100.03869647056126
direct_huber_compact,huber,2025-5,Lags 3,21,2026-01-16,1182.0,1247.2614106855847,65.26141068558468
direct_huber_compact,huber,2025-5,Lags 3,28,2026-01-23,1182.0,1240.0585098618,58.058509861800076
direct_huber_compact,huber,2025-5,Tags 1,7,2025-11-18,1702.0,1471.4413788781628,-230.55862112183718
direct_huber_compact,huber,2025-5,Tags 1,14,2025-11-25,1702.0,1418.872111924291,-283.12788807570905
direct_huber_compact,huber,2025-5,Tags 1,21,2025-12-02,1702.0,1345.4938720389625,-356.50612796103746
direct_huber_compact,huber,2025-5,Tags 1,28,2025-12-09,1702.0,1448.2224632531054,-253.7775367468946
direct_huber_compact,huber,2025-5,Tags 2,7,2025-11-18,1776.0,1449.8754036074554,-326.1245963925446
direct_huber_compact,huber,2025-5,Tags 2,14,2025-11-25,1776.0,1517.9117381498131,-258.0882618501869
direct_huber_compact,huber,2025-5,Tags 2,21,2025-12-02,1776.0,1469.6749194992565,-306.3250805007435
direct_huber_compact,huber,2025-5,Tags 2,28,2025-12-09,1776.0,1518.368174828774,-257.63182517122596
direct_huber_compact,huber,2025-5,Tags 3,7,2025-11-18,1738.0,1461.3763817059937,-276.6236182940063
direct_huber_compact,huber,2025-5,Tags 3,14,2025-11-25,1738.0,1498.6435103096517,-239.35648969034833
direct_huber_compact,huber,2025-5,Tags 3,21,2025-12-02,1738.0,1490.394148032013,-247.60585196798706
direct_huber_compact,huber,2025-5,Tags 3,28,2025-12-09,1738.0,1526.4689356662411,-211.53106433375888
direct_huber_compact,huber,2026-1,Lags 1,7,2026-03-12,1605.9999999999998,1417.8687216736994,-188.1312783263004
direct_huber_compact,huber,2026-1,Lags 1,14,2026-03-19,1605.9999999999998,1663.2431783466045,57.243178346604736
direct_huber_compact,huber,2026-1,Lags 1,21,2026-03-26,1605.9999999999998,1570.4578120846286,-35.54218791537119
direct_huber_compact,huber,2026-1,Lags 1,28,2026-04-02,1605.9999999999998,1629.4073979732177,23.40739797321794
direct_huber_compact,huber,2026-1,Lags 2,7,2026-03-20,1972.0000000000002,1447.041117609332,-524.9588823906681
direct_huber_compact,huber,2026-1,Lags 2,14,2026-03-27,1972.0000000000002,1916.546430404504,-55.45356959549622
direct_huber_compact,huber,2026-1,Lags 2,21,2026-04-03,1972.0000000000002,1962.44986712795,-9.550132872050199
direct_huber_compact,huber,2026-1,Lags 2,28,2026-04-10,1972.0000000000002,1997.5908552890655,25.590855289065303
direct_huber_compact,huber,2026-1,Lags 3,7,2026-03-27,1691.4399999999998,1413.762078413545,-277.6779215864549
direct_huber_compact,huber,2026-1,Lags 3,14,2026-04-03,1691.4399999999998,1277.1475945407922,-414.29240545920766
direct_huber_compact,huber,2026-1,Lags 3,21,2026-04-10,1691.4399999999998,1332.0926272360257,-359.34737276397414
direct_huber_compact,huber,2026-1,Lags 3,28,2026-04-17,1691.4399999999998,1422.7662545161022,-268.6737454838976
direct_huber_compact,huber,2026-1,Tags 1,7,2026-02-06,1446.68,1534.434659778972,87.75465977897193
direct_huber_compact,huber,2026-1,Tags 1,14,2026-02-13,1446.68,1619.0951208203735,172.41512082037343
direct_huber_compact,huber,2026-1,Tags 1,21,2026-02-20,1446.68,1693.0953975107625,246.41539751076243
direct_huber_compact,huber,2026-1,Tags 1,28,2026-02-27,1446.68,1639.607216302507,192.92721630250685
direct_huber_compact,huber,2026-1,Tags 2,7,2026-02-06,1550.16,1541.4911568162847,-8.668843183715353
direct_huber_compact,huber,2026-1,Tags 2,14,2026-02-13,1550.16,1450.9887341874835,-99.1712658125166
direct_huber_compact,huber,2026-1,Tags 2,21,2026-02-20,1550.16,1677.7926183553475,127.6326183553474
direct_huber_compact,huber,2026-1,Tags 2,28,2026-02-27,1550.16,1535.5398441506788,-14.620155849321236
direct_huber_compact,huber,2026-1,Tags 3,7,2026-02-06,1691.4399999999998,1515.3906420084627,-176.04935799153714
direct_huber_compact,huber,2026-1,Tags 3,14,2026-02-13,1691.4399999999998,1565.4467048360923,-125.99329516390753
direct_huber_compact,huber,2026-1,Tags 3,21,2026-02-20,1691.4399999999998,1703.5412568373201,12.101256837320307
direct_huber_compact,huber,2026-1,Tags 3,28,2026-02-27,1691.4399999999998,1600.9044272922413,-90.53557270775855
direct_huber_compact,huber,2026-2,Lags 1,7,2026-06-08,1192.0,1520.011039686888,328.0110396868879
direct_huber_compact,huber,2026-2,Lags 1,14,2026-06-15,1192.0,1396.05434694192,204.0543469419199
direct_huber_compact,huber,2026-2,Lags 1,21,2026-06-22,1192.0,1263.381449939981,71.38144993998094
direct_huber_compact,huber,2026-2,Lags 1,28,2026-06-29,1192.0,1187.4157307646242,-4.584269235375814
direct_huber_compact,huber,2026-2,Lags 2,7,2026-06-16,1204.0,1519.5848809079473,315.5848809079473
direct_huber_compact,huber,2026-2,Lags 2,14,2026-06-23,1204.0,1277.8014723237338,73.80147232373383
direct_huber_compact,huber,2026-2,Lags 2,21,2026-06-30,1204.0,1158.7535981752953,-45.24640182470466
direct_huber_compact,huber,2026-2,Lags 2,28,2026-07-07,1204.0,1231.1462479879278,27.146247987927836
direct_huber_compact,huber,2026-2,Lags 3,7,2026-06-22,1078.0,1476.8021127715376,398.8021127715376
direct_huber_compact,huber,2026-2,Lags 3,14,2026-06-29,1078.0,1282.257086616946,204.25708661694603
direct_huber_compact,huber,2026-2,Lags 3,21,2026-07-06,1078.0,1229.8050638908621,151.80506389086213
direct_huber_compact,huber,2026-2,Lags 3,28,2026-07-13,1078.0,1235.6489070767307,157.64890707673067
direct_huber_compact,huber,2026-2,Tags 1,7,2026-04-25,1360.0,1539.4805117542942,179.48051175429418
direct_huber_compact,huber,2026-2,Tags 1,14,2026-05-02,1360.0,1441.168541634078,81.16854163407811
direct_huber_compact,huber,2026-2,Tags 1,21,2026-05-09,1360.0,1489.565893010732,129.565893010732
direct_huber_compact,huber,2026-2,Tags 1,28,2026-05-16,1360.0,1505.780633656472,145.780633656472
direct_huber_compact,huber,2026-2,Tags 2,7,2026-04-25,1556.2800000000002,1530.0176542089455,-26.262345791054713
direct_huber_compact,huber,2026-2,Tags 2,14,2026-05-02,1556.2800000000002,1451.36348240102,-104.91651759898014
direct_huber_compact,huber,2026-2,Tags 2,21,2026-05-09,1556.2800000000002,1511.0468074130702,-45.233192586930045
direct_huber_compact,huber,2026-2,Tags 2,28,2026-05-16,1556.2800000000002,1546.8349306597638,-9.445069340236387
direct_huber_compact,huber,2026-2,Tags 3,7,2026-04-25,1564.0,1529.955662318298,-34.04433768170202
direct_huber_compact,huber,2026-2,Tags 3,14,2026-05-02,1564.0,1462.5486542371148,-101.45134576288524
direct_huber_compact,huber,2026-2,Tags 3,21,2026-05-09,1564.0,1514.5690280120298,-49.430971987970224
direct_huber_compact,huber,2026-2,Tags 3,28,2026-05-16,1564.0,1528.7476094746428,-35.252390525357214
direct_elastic_net_compact,elastic_net,2025-2,Tags 1,7,2025-04-04,1573.0,1587.9041426088543,14.904142608854272
direct_elastic_net_compact,elastic_net,2025-2,Tags 1,14,2025-04-11,1573.0,1679.0503112753177,106.05031127531765
direct_elastic_net_compact,elastic_net,2025-2,Tags 1,21,2025-04-18,1573.0,1554.9618846077751,-18.03811539222488
direct_elastic_net_compact,elastic_net,2025-2,Tags 1,28,2025-04-25,1573.0,1834.4181686126817,261.4181686126817
direct_elastic_net_compact,elastic_net,2025-2,Tags 2,7,2025-04-04,1599.0,1573.4473223765492,-25.55267762345079
direct_elastic_net_compact,elastic_net,2025-2,Tags 2,14,2025-04-11,1599.0,1697.2155323325405,98.21553233254053
direct_elastic_net_compact,elastic_net,2025-2,Tags 2,21,2025-04-18,1599.0,1660.543773252279,61.543773252278925
direct_elastic_net_compact,elastic_net,2025-2,Tags 2,28,2025-04-25,1599.0,1757.9649428304592,158.96494283045922
direct_elastic_net_compact,elastic_net,2025-2,Tags 3,7,2025-04-04,1544.0,1583.733525037452,39.733525037451955
direct_elastic_net_compact,elastic_net,2025-2,Tags 3,14,2025-04-11,1544.0,1692.5766615106688,148.57666151066883
direct_elastic_net_compact,elastic_net,2025-2,Tags 3,21,2025-04-18,1544.0,1666.153965207166,122.15396520716604
direct_elastic_net_compact,elastic_net,2025-2,Tags 3,28,2025-04-25,1544.0,1601.6641227877326,57.664122787732595
direct_elastic_net_compact,elastic_net,2025-3,Lags 1,7,2025-07-16,1479.9999999999998,1487.1141630462964,7.114163046296653
direct_elastic_net_compact,elastic_net,2025-3,Lags 1,14,2025-07-23,1479.9999999999998,1496.0211787671078,16.02117876710804
direct_elastic_net_compact,elastic_net,2025-3,Lags 1,21,2025-07-30,1479.9999999999998,1440.9987302891893,-39.00126971081045
direct_elastic_net_compact,elastic_net,2025-3,Lags 1,28,2025-08-06,1479.9999999999998,1434.832453493406,-45.16754650659368
direct_elastic_net_compact,elastic_net,2025-3,Lags 2,7,2025-07-22,1554.0,1483.8912187047385,-70.10878129526145
direct_elastic_net_compact,elastic_net,2025-3,Lags 2,14,2025-07-29,1554.0,1453.7694737391384,-100.23052626086155
direct_elastic_net_compact,elastic_net,2025-3,Lags 2,21,2025-08-05,1554.0,1389.5860826165024,-164.41391738349762
direct_elastic_net_compact,elastic_net,2025-3,Lags 2,28,2025-08-12,1554.0,1447.060256568563,-106.93974343143691
direct_elastic_net_compact,elastic_net,2025-3,Tags 1,7,2025-06-20,1477.24,1515.0463473397976,37.80634733979764
direct_elastic_net_compact,elastic_net,2025-3,Tags 1,14,2025-06-27,1477.24,1518.672607120685,41.43260712068491
direct_elastic_net_compact,elastic_net,2025-3,Tags 1,21,2025-07-04,1477.24,1558.5244975331213,81.28449753312134
direct_elastic_net_compact,elastic_net,2025-3,Tags 1,28,2025-07-11,1477.24,1541.8182863627985,64.57828636279851
direct_elastic_net_compact,elastic_net,2025-3,Tags 2,7,2025-06-20,1490.24,1513.9720325592782,23.732032559278196
direct_elastic_net_compact,elastic_net,2025-3,Tags 2,14,2025-06-27,1490.24,1531.5586612661289,41.318661266128856
direct_elastic_net_compact,elastic_net,2025-3,Tags 2,21,2025-07-04,1490.24,1553.1361497055382,62.896149705538164
direct_elastic_net_compact,elastic_net,2025-3,Tags 2,28,2025-07-11,1490.24,1561.59717630195,71.35717630194995
direct_elastic_net_compact,elastic_net,2025-3,Tags 3,7,2025-06-20,1582.1,1517.194976900836,-64.90502309916383
direct_elastic_net_compact,elastic_net,2025-3,Tags 3,14,2025-06-27,1582.1,1554.0910632544376,-28.008936745562323
direct_elastic_net_compact,elastic_net,2025-3,Tags 3,21,2025-07-04,1582.1,1530.2785942476025,-51.82140575239737
direct_elastic_net_compact,elastic_net,2025-3,Tags 3,28,2025-07-11,1582.1,1520.6761378640413,-61.42386213595864
direct_elastic_net_compact,elastic_net,2025-4,Lags 1,7,2025-10-03,1568.0,1488.119221685255,-79.88077831474493
direct_elastic_net_compact,elastic_net,2025-4,Lags 1,14,2025-10-10,1568.0,1477.6441915977894,-90.35580840221064
direct_elastic_net_compact,elastic_net,2025-4,Lags 1,21,2025-10-17,1568.0,1552.6986121102339,-15.301387889766147
direct_elastic_net_compact,elastic_net,2025-4,Lags 1,28,2025-10-24,1568.0,1715.1898860236795,147.1898860236795
direct_elastic_net_compact,elastic_net,2025-4,Lags 2,7,2025-10-03,1594.0,1488.119221685255,-105.88077831474493
direct_elastic_net_compact,elastic_net,2025-4,Lags 2,14,2025-10-10,1594.0,1490.3914660846283,-103.60853391537171
direct_elastic_net_compact,elastic_net,2025-4,Lags 2,21,2025-10-17,1594.0,1570.443793828631,-23.556206171369013
direct_elastic_net_compact,elastic_net,2025-4,Lags 2,28,2025-10-24,1594.0,1755.8561919710469,161.85619197104688
direct_elastic_net_compact,elastic_net,2025-4,Tags 1,7,2025-09-02,1441.5,1472.8896715300782,31.389671530078203
direct_elastic_net_compact,elastic_net,2025-4,Tags 1,14,2025-09-09,1441.5,1449.4797106610577,7.979710661057652
direct_elastic_net_compact,elastic_net,2025-4,Tags 1,21,2025-09-16,1441.5,1458.5358313705951,17.035831370595133
direct_elastic_net_compact,elastic_net,2025-4,Tags 1,28,2025-09-23,1441.5,1360.3597402190076,-81.14025978099244
direct_elastic_net_compact,elastic_net,2025-4,Tags 2,7,2025-09-02,1450.0400000000002,1477.586635596628,27.546635596627766
direct_elastic_net_compact,elastic_net,2025-4,Tags 2,14,2025-09-09,1450.0400000000002,1517.9644632439731,67.92446324397292
direct_elastic_net_compact,elastic_net,2025-4,Tags 2,21,2025-09-16,1450.0400000000002,1541.5695176274887,91.52951762748853
direct_elastic_net_compact,elastic_net,2025-4,Tags 2,28,2025-09-23,1450.0400000000002,1411.0881588450552,-38.95184115494499
direct_elastic_net_compact,elastic_net,2025-4,Tags 3,7,2025-09-02,1293.1200000000001,1472.8896715300782,179.76967153007809
direct_elastic_net_compact,elastic_net,2025-4,Tags 3,14,2025-09-09,1293.1200000000001,1519.9600391092065,226.84003910920637
direct_elastic_net_compact,elastic_net,2025-4,Tags 3,21,2025-09-16,1293.1200000000001,1536.8716773556478,243.75167735564764
direct_elastic_net_compact,elastic_net,2025-4,Tags 3,28,2025-09-23,1293.1200000000001,1459.5446786776645,166.42467867766436
direct_elastic_net_compact,elastic_net,2025-5,Lags 1,7,2025-12-17,1306.0,1477.0134393750611,171.01343937506113
direct_elastic_net_compact,elastic_net,2025-5,Lags 1,14,2025-12-24,1306.0,1445.4311870103502,139.4311870103502
direct_elastic_net_compact,elastic_net,2025-5,Lags 1,21,2025-12-31,1306.0,1336.7993336368497,30.799333636849724
direct_elastic_net_compact,elastic_net,2025-5,Lags 1,28,2026-01-07,1306.0,1435.4272889325377,129.42728893253775
direct_elastic_net_compact,elastic_net,2025-5,Lags 2,7,2025-12-24,1176.0,1478.6764696133955,302.6764696133955
direct_elastic_net_compact,elastic_net,2025-5,Lags 2,14,2025-12-31,1176.0,1397.0560031084688,221.05600310846876
direct_elastic_net_compact,elastic_net,2025-5,Lags 2,21,2026-01-07,1176.0,1266.5162517620568,90.51625176205675
direct_elastic_net_compact,elastic_net,2025-5,Lags 2,28,2026-01-14,1176.0,1367.453436223808,191.453436223808
direct_elastic_net_compact,elastic_net,2025-5,Lags 3,7,2026-01-02,1182.0,1479.8956890495376,297.8956890495376
direct_elastic_net_compact,elastic_net,2025-5,Lags 3,14,2026-01-09,1182.0,1409.5460778391632,227.54607783916322
direct_elastic_net_compact,elastic_net,2025-5,Lags 3,21,2026-01-16,1182.0,1283.2537049416396,101.25370494163963
direct_elastic_net_compact,elastic_net,2025-5,Lags 3,28,2026-01-23,1182.0,1371.0351273840988,189.03512738409881
direct_elastic_net_compact,elastic_net,2025-5,Tags 1,7,2025-11-18,1702.0,1490.0649218494052,-211.9350781505948
direct_elastic_net_compact,elastic_net,2025-5,Tags 1,14,2025-11-25,1702.0,1474.4996487381882,-227.50035126181183
direct_elastic_net_compact,elastic_net,2025-5,Tags 1,21,2025-12-02,1702.0,1384.8351343809877,-317.1648656190123
direct_elastic_net_compact,elastic_net,2025-5,Tags 1,28,2025-12-09,1702.0,1512.4506085021396,-189.54939149786037
direct_elastic_net_compact,elastic_net,2025-5,Tags 2,7,2025-11-18,1776.0,1482.355512120082,-293.64448787991796
direct_elastic_net_compact,elastic_net,2025-5,Tags 2,14,2025-11-25,1776.0,1503.4750197508008,-272.5249802491992
direct_elastic_net_compact,elastic_net,2025-5,Tags 2,21,2025-12-02,1776.0,1485.5385838157226,-290.46141618427737
direct_elastic_net_compact,elastic_net,2025-5,Tags 2,28,2025-12-09,1776.0,1525.559138374788,-250.44086162521194
direct_elastic_net_compact,elastic_net,2025-5,Tags 3,7,2025-11-18,1738.0,1486.1560159333671,-251.84398406663286
direct_elastic_net_compact,elastic_net,2025-5,Tags 3,14,2025-11-25,1738.0,1492.052029828093,-245.94797017190695
direct_elastic_net_compact,elastic_net,2025-5,Tags 3,21,2025-12-02,1738.0,1511.8122308543807,-226.1877691456193
direct_elastic_net_compact,elastic_net,2025-5,Tags 3,28,2025-12-09,1738.0,1531.989524869009,-206.01047513099093
direct_elastic_net_compact,elastic_net,2026-1,Lags 1,7,2026-03-12,1605.9999999999998,1447.730822485939,-158.26917751406086
direct_elastic_net_compact,elastic_net,2026-1,Lags 1,14,2026-03-19,1605.9999999999998,1508.8877590086026,-97.11224099139713
direct_elastic_net_compact,elastic_net,2026-1,Lags 1,21,2026-03-26,1605.9999999999998,1492.6291654531283,-113.37083454687149
direct_elastic_net_compact,elastic_net,2026-1,Lags 1,28,2026-04-02,1605.9999999999998,1495.2536731028038,-110.74632689719601
direct_elastic_net_compact,elastic_net,2026-1,Lags 2,7,2026-03-20,1972.0000000000002,1457.728704676801,-514.2712953231992
direct_elastic_net_compact,elastic_net,2026-1,Lags 2,14,2026-03-27,1972.0000000000002,1596.707346400857,-375.29265359914325
direct_elastic_net_compact,elastic_net,2026-1,Lags 2,21,2026-04-03,1972.0000000000002,1665.998240513421,-306.0017594865792
direct_elastic_net_compact,elastic_net,2026-1,Lags 2,28,2026-04-10,1972.0000000000002,1666.6795011305244,-305.32049886947584
direct_elastic_net_compact,elastic_net,2026-1,Lags 3,7,2026-03-27,1691.4399999999998,1444.691831390702,-246.74816860929786
direct_elastic_net_compact,elastic_net,2026-1,Lags 3,14,2026-04-03,1691.4399999999998,1405.1274111267746,-286.3125888732252
direct_elastic_net_compact,elastic_net,2026-1,Lags 3,21,2026-04-10,1691.4399999999998,1402.7653097286998,-288.67469027130005
direct_elastic_net_compact,elastic_net,2026-1,Lags 3,28,2026-04-17,1691.4399999999998,1433.4929301229718,-257.94706987702807
direct_elastic_net_compact,elastic_net,2026-1,Tags 1,7,2026-02-06,1446.68,1492.4795586090552,45.79955860905511
direct_elastic_net_compact,elastic_net,2026-1,Tags 1,14,2026-02-13,1446.68,1546.0209842459778,99.34098424597778
direct_elastic_net_compact,elastic_net,2026-1,Tags 1,21,2026-02-20,1446.68,1582.4758182291553,135.7958182291552
direct_elastic_net_compact,elastic_net,2026-1,Tags 1,28,2026-02-27,1446.68,1560.1431624130796,113.46316241307954
direct_elastic_net_compact,elastic_net,2026-1,Tags 2,7,2026-02-06,1550.16,1495.2527102636445,-54.90728973635555
direct_elastic_net_compact,elastic_net,2026-1,Tags 2,14,2026-02-13,1550.16,1500.3439326416656,-49.81606735833452
direct_elastic_net_compact,elastic_net,2026-1,Tags 2,21,2026-02-20,1550.16,1592.8317042344495,42.67170423444941
direct_elastic_net_compact,elastic_net,2026-1,Tags 2,28,2026-02-27,1550.16,1551.5389279525616,1.3789279525615257
direct_elastic_net_compact,elastic_net,2026-1,Tags 3,7,2026-02-06,1691.4399999999998,1484.739297922494,-206.70070207750587
direct_elastic_net_compact,elastic_net,2026-1,Tags 3,14,2026-02-13,1691.4399999999998,1522.17221033712,-169.26778966287975
direct_elastic_net_compact,elastic_net,2026-1,Tags 3,21,2026-02-20,1691.4399999999998,1591.406943764155,-100.03305623584492
direct_elastic_net_compact,elastic_net,2026-1,Tags 3,28,2026-02-27,1691.4399999999998,1553.3809722392132,-138.05902776078665
direct_elastic_net_compact,elastic_net,2026-2,Lags 1,7,2026-06-08,1192.0,1535.8284168398923,343.82841683989227
direct_elastic_net_compact,elastic_net,2026-2,Lags 1,14,2026-06-15,1192.0,1513.82150125241,321.8215012524099
direct_elastic_net_compact,elastic_net,2026-2,Lags 1,21,2026-06-22,1192.0,1413.8825982524381,221.88259825243813
direct_elastic_net_compact,elastic_net,2026-2,Lags 1,28,2026-06-29,1192.0,1419.2266270469452,227.22662704694517
direct_elastic_net_compact,elastic_net,2026-2,Lags 2,7,2026-06-16,1204.0,1535.6920311664744,331.6920311664744
direct_elastic_net_compact,elastic_net,2026-2,Lags 2,14,2026-06-23,1204.0,1496.3485563571896,292.34855635718964
direct_elastic_net_compact,elastic_net,2026-2,Lags 2,21,2026-06-30,1204.0,1390.1519202676598,186.15192026765976
direct_elastic_net_compact,elastic_net,2026-2,Lags 2,28,2026-07-07,1204.0,1429.7334203665703,225.73342036657027
direct_elastic_net_compact,elastic_net,2026-2,Lags 3,7,2026-06-22,1078.0,1524.1727946182202,446.1727946182202
direct_elastic_net_compact,elastic_net,2026-2,Lags 3,14,2026-06-29,1078.0,1481.3230570696398,403.32305706963984
direct_elastic_net_compact,elastic_net,2026-2,Lags 3,21,2026-07-06,1078.0,1355.56573239538,277.5657323953801
direct_elastic_net_compact,elastic_net,2026-2,Lags 3,28,2026-07-13,1078.0,1387.6480928358856,309.64809283588556
direct_elastic_net_compact,elastic_net,2026-2,Tags 1,7,2026-04-25,1360.0,1541.0319306505805,181.03193065058053
direct_elastic_net_compact,elastic_net,2026-2,Tags 1,14,2026-05-02,1360.0,1528.3147071698968,168.3147071698968
direct_elastic_net_compact,elastic_net,2026-2,Tags 1,21,2026-05-09,1360.0,1540.6686304902605,180.6686304902605
direct_elastic_net_compact,elastic_net,2026-2,Tags 1,28,2026-05-16,1360.0,1536.1920396479284,176.19203964792837
direct_elastic_net_compact,elastic_net,2026-2,Tags 2,7,2026-04-25,1556.2800000000002,1538.5047686787957,-17.7752313212045
direct_elastic_net_compact,elastic_net,2026-2,Tags 2,14,2026-05-02,1556.2800000000002,1526.0452710703596,-30.234728929640596
direct_elastic_net_compact,elastic_net,2026-2,Tags 2,21,2026-05-09,1556.2800000000002,1544.6337015660893,-11.646298433910943
direct_elastic_net_compact,elastic_net,2026-2,Tags 2,28,2026-05-16,1556.2800000000002,1540.6004424292496,-15.679557570750603
direct_elastic_net_compact,elastic_net,2026-2,Tags 3,7,2026-04-25,1564.0,1538.4585458220022,-25.54145417799782
direct_elastic_net_compact,elastic_net,2026-2,Tags 3,14,2026-05-02,1564.0,1528.112900277319,-35.88709972268089
direct_elastic_net_compact,elastic_net,2026-2,Tags 3,21,2026-05-09,1564.0,1536.9967217658584,-27.00327823414159
direct_elastic_net_compact,elastic_net,2026-2,Tags 3,28,2026-05-16,1564.0,1535.8224789139629,-28.17752108603713
direct_extra_trees,extra_trees,2025-2,Tags 1,7,2025-04-04,1573.0,1519.7678519881956,-53.232148011804384
direct_extra_trees,extra_trees,2025-2,Tags 1,14,2025-04-11,1573.0,1571.7461540180493,-1.2538459819506897
direct_extra_trees,extra_trees,2025-2,Tags 1,21,2025-04-18,1573.0,1571.7811102450144,-1.2188897549856392
direct_extra_trees,extra_trees,2025-2,Tags 1,28,2025-04-25,1573.0,1664.3575740297656,91.3575740297656
direct_extra_trees,extra_trees,2025-2,Tags 2,7,2025-04-04,1599.0,1526.1066609299949,-72.89333907000514
direct_extra_trees,extra_trees,2025-2,Tags 2,14,2025-04-11,1599.0,1572.7445965685547,-26.255403431445302
direct_extra_trees,extra_trees,2025-2,Tags 2,21,2025-04-18,1599.0,1578.5237690504248,-20.47623094957521
direct_extra_trees,extra_trees,2025-2,Tags 2,28,2025-04-25,1599.0,1657.5800363199808,58.58003631998076
direct_extra_trees,extra_trees,2025-2,Tags 3,7,2025-04-04,1544.0,1520.0173434023375,-23.982656597662526
direct_extra_trees,extra_trees,2025-2,Tags 3,14,2025-04-11,1544.0,1572.1473359624938,28.1473359624938
direct_extra_trees,extra_trees,2025-2,Tags 3,21,2025-04-18,1544.0,1587.2577968553537,43.25779685535372
direct_extra_trees,extra_trees,2025-2,Tags 3,28,2025-04-25,1544.0,1562.3901842626121,18.390184262612138
direct_extra_trees,extra_trees,2025-3,Lags 1,7,2025-07-16,1479.9999999999998,1326.6061539754357,-153.39384602456403
direct_extra_trees,extra_trees,2025-3,Lags 1,14,2025-07-23,1479.9999999999998,1549.1143161459374,69.11431614593766
direct_extra_trees,extra_trees,2025-3,Lags 1,21,2025-07-30,1479.9999999999998,1534.4294470184534,54.42944701845363
direct_extra_trees,extra_trees,2025-3,Lags 1,28,2025-08-06,1479.9999999999998,1439.1630827572683,-40.83691724273149
direct_extra_trees,extra_trees,2025-3,Lags 2,7,2025-07-22,1554.0,1444.6479181911736,-109.35208180882637
direct_extra_trees,extra_trees,2025-3,Lags 2,14,2025-07-29,1554.0,1542.8871585093445,-11.112841490655455
direct_extra_trees,extra_trees,2025-3,Lags 2,21,2025-08-05,1554.0,1519.4199025248415,-34.58009747515848
direct_extra_trees,extra_trees,2025-3,Lags 2,28,2025-08-12,1554.0,1557.2022438015847,3.2022438015847
direct_extra_trees,extra_trees,2025-3,Tags 1,7,2025-06-20,1477.24,1578.3471618253554,101.10716182535543
direct_extra_trees,extra_trees,2025-3,Tags 1,14,2025-06-27,1477.24,1580.6964067734857,103.4564067734857
direct_extra_trees,extra_trees,2025-3,Tags 1,21,2025-07-04,1477.24,1573.7437404687378,96.50374046873776
direct_extra_trees,extra_trees,2025-3,Tags 1,28,2025-07-11,1477.24,1585.8901310659771,108.65013106597712
direct_extra_trees,extra_trees,2025-3,Tags 2,7,2025-06-20,1490.24,1579.5955667602354,89.35556676023543
direct_extra_trees,extra_trees,2025-3,Tags 2,14,2025-06-27,1490.24,1581.908540711215,91.66854071121497
direct_extra_trees,extra_trees,2025-3,Tags 2,21,2025-07-04,1490.24,1571.1635698582368,80.92356985823676
direct_extra_trees,extra_trees,2025-3,Tags 2,28,2025-07-11,1490.24,1617.6485640385604,127.40856403856037
direct_extra_trees,extra_trees,2025-3,Tags 3,7,2025-06-20,1582.1,1578.6426653967837,-3.457334603216168
direct_extra_trees,extra_trees,2025-3,Tags 3,14,2025-06-27,1582.1,1590.4173670076336,8.31736700763372
direct_extra_trees,extra_trees,2025-3,Tags 3,21,2025-07-04,1582.1,1569.6455112501785,-12.454488749821394
direct_extra_trees,extra_trees,2025-3,Tags 3,28,2025-07-11,1582.1,1591.5017094039356,9.401709403935683
direct_extra_trees,extra_trees,2025-4,Lags 1,7,2025-10-03,1568.0,1477.3232080033156,-90.67679199668441
direct_extra_trees,extra_trees,2025-4,Lags 1,14,2025-10-10,1568.0,1586.0200883990371,18.02008839903715
direct_extra_trees,extra_trees,2025-4,Lags 1,21,2025-10-17,1568.0,1642.5605153294655,74.56051532946549
direct_extra_trees,extra_trees,2025-4,Lags 1,28,2025-10-24,1568.0,1654.7364817556536,86.73648175565359
direct_extra_trees,extra_trees,2025-4,Lags 2,7,2025-10-03,1594.0,1462.1954247249275,-131.80457527507247
direct_extra_trees,extra_trees,2025-4,Lags 2,14,2025-10-10,1594.0,1576.5557954572869,-17.444204542713123
direct_extra_trees,extra_trees,2025-4,Lags 2,21,2025-10-17,1594.0,1608.365914128986,14.365914128986105
direct_extra_trees,extra_trees,2025-4,Lags 2,28,2025-10-24,1594.0,1646.1520529629647,52.15205296296472
direct_extra_trees,extra_trees,2025-4,Tags 1,7,2025-09-02,1441.5,1318.3907736396854,-123.10922636031455
direct_extra_trees,extra_trees,2025-4,Tags 1,14,2025-09-09,1441.5,1539.496720178339,97.99672017833905
direct_extra_trees,extra_trees,2025-4,Tags 1,21,2025-09-16,1441.5,1565.3581662105855,123.85816621058552
direct_extra_trees,extra_trees,2025-4,Tags 1,28,2025-09-23,1441.5,1329.9006167099592,-111.5993832900408
direct_extra_trees,extra_trees,2025-4,Tags 2,7,2025-09-02,1450.0400000000002,1354.2912168964415,-95.74878310355871
direct_extra_trees,extra_trees,2025-4,Tags 2,14,2025-09-09,1450.0400000000002,1559.4683837598534,109.4283837598532
direct_extra_trees,extra_trees,2025-4,Tags 2,21,2025-09-16,1450.0400000000002,1542.8146230173159,92.77462301731566
direct_extra_trees,extra_trees,2025-4,Tags 2,28,2025-09-23,1450.0400000000002,1356.746594752287,-93.29340524771328
direct_extra_trees,extra_trees,2025-4,Tags 3,7,2025-09-02,1293.1200000000001,1310.0961927543021,16.97619275430202
direct_extra_trees,extra_trees,2025-4,Tags 3,14,2025-09-09,1293.1200000000001,1583.0349881595519,289.91498815955174
direct_extra_trees,extra_trees,2025-4,Tags 3,21,2025-09-16,1293.1200000000001,1565.2681706553465,272.14817065534635
direct_extra_trees,extra_trees,2025-4,Tags 3,28,2025-09-23,1293.1200000000001,1368.4976625300642,75.37766253006407
direct_extra_trees,extra_trees,2025-5,Lags 1,7,2025-12-17,1306.0,1541.2258982876367,235.2258982876367
direct_extra_trees,extra_trees,2025-5,Lags 1,14,2025-12-24,1306.0,1476.3701282395375,170.3701282395375
direct_extra_trees,extra_trees,2025-5,Lags 1,21,2025-12-31,1306.0,1490.3889201635384,184.3889201635384
direct_extra_trees,extra_trees,2025-5,Lags 1,28,2026-01-07,1306.0,1490.9700810705951,184.97008107059514
direct_extra_trees,extra_trees,2025-5,Lags 2,7,2025-12-24,1176.0,1529.956821428569,353.9568214285689
direct_extra_trees,extra_trees,2025-5,Lags 2,14,2025-12-31,1176.0,1505.36152685185,329.36152685184993
direct_extra_trees,extra_trees,2025-5,Lags 2,21,2026-01-07,1176.0,1330.206473492062,154.20647349206206
direct_extra_trees,extra_trees,2025-5,Lags 2,28,2026-01-14,1176.0,1292.3706464280153,116.37064642801533
direct_extra_trees,extra_trees,2025-5,Lags 3,7,2026-01-02,1182.0,1575.7421093722912,393.7421093722912
direct_extra_trees,extra_trees,2025-5,Lags 3,14,2026-01-09,1182.0,1482.6846624074055,300.68466240740554
direct_extra_trees,extra_trees,2025-5,Lags 3,21,2026-01-16,1182.0,1360.7977026984108,178.79770269841083
direct_extra_trees,extra_trees,2025-5,Lags 3,28,2026-01-23,1182.0,1312.7916455549982,130.79164555499824
direct_extra_trees,extra_trees,2025-5,Tags 1,7,2025-11-18,1702.0,1458.9512852669566,-243.04871473304343
direct_extra_trees,extra_trees,2025-5,Tags 1,14,2025-11-25,1702.0,1457.1886625901882,-244.8113374098118
direct_extra_trees,extra_trees,2025-5,Tags 1,21,2025-12-02,1702.0,1502.7106628506683,-199.2893371493317
direct_extra_trees,extra_trees,2025-5,Tags 1,28,2025-12-09,1702.0,1531.3776590011846,-170.6223409988154
direct_extra_trees,extra_trees,2025-5,Tags 2,7,2025-11-18,1776.0,1509.7840343506507,-266.2159656493493
direct_extra_trees,extra_trees,2025-5,Tags 2,14,2025-11-25,1776.0,1498.1784027032215,-277.82159729677846
direct_extra_trees,extra_trees,2025-5,Tags 2,21,2025-12-02,1776.0,1526.9428377713025,-249.0571622286975
direct_extra_trees,extra_trees,2025-5,Tags 2,28,2025-12-09,1776.0,1540.6176492035752,-235.38235079642482
direct_extra_trees,extra_trees,2025-5,Tags 3,7,2025-11-18,1738.0,1459.5619738119306,-278.43802618806944
direct_extra_trees,extra_trees,2025-5,Tags 3,14,2025-11-25,1738.0,1448.3484412481962,-289.6515587518038
direct_extra_trees,extra_trees,2025-5,Tags 3,21,2025-12-02,1738.0,1519.7358940146894,-218.2641059853106
direct_extra_trees,extra_trees,2025-5,Tags 3,28,2025-12-09,1738.0,1539.2191466759175,-198.7808533240825
direct_extra_trees,extra_trees,2026-1,Lags 1,7,2026-03-12,1605.9999999999998,1475.9466586110204,-130.05334138897933
direct_extra_trees,extra_trees,2026-1,Lags 1,14,2026-03-19,1605.9999999999998,1508.243847774148,-97.75615222585179
direct_extra_trees,extra_trees,2026-1,Lags 1,21,2026-03-26,1605.9999999999998,1534.980389158381,-71.01961084161871
direct_extra_trees,extra_trees,2026-1,Lags 1,28,2026-04-02,1605.9999999999998,1560.5642317633897,-45.4357682366101
direct_extra_trees,extra_trees,2026-1,Lags 2,7,2026-03-20,1972.0000000000002,1483.88768298202,-488.11231701798033
direct_extra_trees,extra_trees,2026-1,Lags 2,14,2026-03-27,1972.0000000000002,1518.390009481204,-453.60999051879617
direct_extra_trees,extra_trees,2026-1,Lags 2,21,2026-04-03,1972.0000000000002,1519.547043082451,-452.4529569175493
direct_extra_trees,extra_trees,2026-1,Lags 2,28,2026-04-10,1972.0000000000002,1572.9797722664046,-399.0202277335957
direct_extra_trees,extra_trees,2026-1,Lags 3,7,2026-03-27,1691.4399999999998,1427.4171728757667,-264.0228271242331
direct_extra_trees,extra_trees,2026-1,Lags 3,14,2026-04-03,1691.4399999999998,1395.1604858371581,-296.2795141628417
direct_extra_trees,extra_trees,2026-1,Lags 3,21,2026-04-10,1691.4399999999998,1449.6184507311314,-241.82154926886847
direct_extra_trees,extra_trees,2026-1,Lags 3,28,2026-04-17,1691.4399999999998,1516.227278153187,-175.21272184681288
direct_extra_trees,extra_trees,2026-1,Tags 1,7,2026-02-06,1446.68,1542.9442445463023,96.26424454630228
direct_extra_trees,extra_trees,2026-1,Tags 1,14,2026-02-13,1446.68,1511.789403743206,65.10940374320603
direct_extra_trees,extra_trees,2026-1,Tags 1,21,2026-02-20,1446.68,1524.0359453425979,77.3559453425978
direct_extra_trees,extra_trees,2026-1,Tags 1,28,2026-02-27,1446.68,1549.9421287212451,103.26212872124506
direct_extra_trees,extra_trees,2026-1,Tags 2,7,2026-02-06,1550.16,1569.7887819539974,19.628781953997304
direct_extra_trees,extra_trees,2026-1,Tags 2,14,2026-02-13,1550.16,1526.5559569961154,-23.604043003884726
direct_extra_trees,extra_trees,2026-1,Tags 2,21,2026-02-20,1550.16,1536.3002843330628,-13.85971566693729
direct_extra_trees,extra_trees,2026-1,Tags 2,28,2026-02-27,1550.16,1534.9715491663117,-15.188450833688421
direct_extra_trees,extra_trees,2026-1,Tags 3,7,2026-02-06,1691.4399999999998,1532.4044807442597,-159.03551925574016
direct_extra_trees,extra_trees,2026-1,Tags 3,14,2026-02-13,1691.4399999999998,1508.5375520092646,-182.90244799073525
direct_extra_trees,extra_trees,2026-1,Tags 3,21,2026-02-20,1691.4399999999998,1521.122152351145,-170.31784764885492
direct_extra_trees,extra_trees,2026-1,Tags 3,28,2026-02-27,1691.4399999999998,1529.8879941507228,-161.55200584927707
direct_extra_trees,extra_trees,2026-2,Lags 1,7,2026-06-08,1192.0,1636.9432612143219,444.94326121432186
direct_extra_trees,extra_trees,2026-2,Lags 1,14,2026-06-15,1192.0,1561.6831370266982,369.6831370266982
direct_extra_trees,extra_trees,2026-2,Lags 1,21,2026-06-22,1192.0,1448.2610599543018,256.2610599543018
direct_extra_trees,extra_trees,2026-2,Lags 1,28,2026-06-29,1192.0,1374.9690420634884,182.96904206348836
direct_extra_trees,extra_trees,2026-2,Lags 2,7,2026-06-16,1204.0,1582.7803326009666,378.78033260096663
direct_extra_trees,extra_trees,2026-2,Lags 2,14,2026-06-23,1204.0,1342.683184570665,138.68318457066493
direct_extra_trees,extra_trees,2026-2,Lags 2,21,2026-06-30,1204.0,1411.0767584704158,207.07675847041583
direct_extra_trees,extra_trees,2026-2,Lags 2,28,2026-07-07,1204.0,1385.871112063488,181.871112063488
direct_extra_trees,extra_trees,2026-2,Lags 3,7,2026-06-22,1078.0,1345.9177448500598,267.91774485005976
direct_extra_trees,extra_trees,2026-2,Lags 3,14,2026-06-29,1078.0,1276.2441907703073,198.24419077030734
direct_extra_trees,extra_trees,2026-2,Lags 3,21,2026-07-06,1078.0,1311.1899077777773,233.1899077777773
direct_extra_trees,extra_trees,2026-2,Lags 3,28,2026-07-13,1078.0,1326.3425909523771,248.34259095237712
direct_extra_trees,extra_trees,2026-2,Tags 1,7,2026-04-25,1360.0,1678.6652647068165,318.6652647068165
direct_extra_trees,extra_trees,2026-2,Tags 1,14,2026-05-02,1360.0,1610.83607485228,250.83607485228003
direct_extra_trees,extra_trees,2026-2,Tags 1,21,2026-05-09,1360.0,1591.9490908045666,231.9490908045666
direct_extra_trees,extra_trees,2026-2,Tags 1,28,2026-05-16,1360.0,1581.4344379100512,221.4344379100512
direct_extra_trees,extra_trees,2026-2,Tags 2,7,2026-04-25,1556.2800000000002,1622.8945878609786,66.61458786097842
direct_extra_trees,extra_trees,2026-2,Tags 2,14,2026-05-02,1556.2800000000002,1572.9650824334299,16.68508243342967
direct_extra_trees,extra_trees,2026-2,Tags 2,21,2026-05-09,1556.2800000000002,1596.9132666342914,40.6332666342912
direct_extra_trees,extra_trees,2026-2,Tags 2,28,2026-05-16,1556.2800000000002,1613.353162777775,57.07316277777477
direct_extra_trees,extra_trees,2026-2,Tags 3,7,2026-04-25,1564.0,1700.9582961882954,136.95829618829544
direct_extra_trees,extra_trees,2026-2,Tags 3,14,2026-05-02,1564.0,1644.296907186054,80.29690718605411
direct_extra_trees,extra_trees,2026-2,Tags 3,21,2026-05-09,1564.0,1593.2190007468457,29.219000746845722
direct_extra_trees,extra_trees,2026-2,Tags 3,28,2026-05-16,1564.0,1606.7064280158709,42.70642801587087
direct_random_forest,random_forest,2025-2,Tags 1,7,2025-04-04,1573.0,1551.2263203744087,-21.773679625591285
direct_random_forest,random_forest,2025-2,Tags 1,14,2025-04-11,1573.0,1565.63389603244,-7.366103967560093
direct_random_forest,random_forest,2025-2,Tags 1,21,2025-04-18,1573.0,1638.6387884753688,65.63878847536876
direct_random_forest,random_forest,2025-2,Tags 1,28,2025-04-25,1573.0,1665.014597702393,92.01459770239308
direct_random_forest,random_forest,2025-2,Tags 2,7,2025-04-04,1599.0,1553.646831406895,-45.35316859310501
direct_random_forest,random_forest,2025-2,Tags 2,14,2025-04-11,1599.0,1568.3983611379924,-30.601638862007576
direct_random_forest,random_forest,2025-2,Tags 2,21,2025-04-18,1599.0,1674.808897649528,75.80889764952803
direct_random_forest,random_forest,2025-2,Tags 2,28,2025-04-25,1599.0,1667.3266576230283,68.32665762302827
direct_random_forest,random_forest,2025-2,Tags 3,7,2025-04-04,1544.0,1553.1197854537738,9.11978545377383
direct_random_forest,random_forest,2025-2,Tags 3,14,2025-04-11,1544.0,1568.8000477036492,24.80004770364917
direct_random_forest,random_forest,2025-2,Tags 3,21,2025-04-18,1544.0,1679.4975120661256,135.49751206612564
direct_random_forest,random_forest,2025-2,Tags 3,28,2025-04-25,1544.0,1560.6713081418523,16.67130814185225
direct_random_forest,random_forest,2025-3,Lags 1,7,2025-07-16,1479.9999999999998,1341.662775763589,-138.33722423641075
direct_random_forest,random_forest,2025-3,Lags 1,14,2025-07-23,1479.9999999999998,1601.689123092892,121.68912309289226
direct_random_forest,random_forest,2025-3,Lags 1,21,2025-07-30,1479.9999999999998,1598.1629414311599,118.1629414311601
direct_random_forest,random_forest,2025-3,Lags 1,28,2025-08-06,1479.9999999999998,1368.5996282711733,-111.40037172882649
direct_random_forest,random_forest,2025-3,Lags 2,7,2025-07-22,1554.0,1401.7206762016463,-152.27932379835374
direct_random_forest,random_forest,2025-3,Lags 2,14,2025-07-29,1554.0,1488.3720109435521,-65.62798905644786
direct_random_forest,random_forest,2025-3,Lags 2,21,2025-08-05,1554.0,1569.2615476982264,15.261547698226423
direct_random_forest,random_forest,2025-3,Lags 2,28,2025-08-12,1554.0,1528.5661673398818,-25.43383266011824
direct_random_forest,random_forest,2025-3,Tags 1,7,2025-06-20,1477.24,1593.1568097100273,115.91680971002734
direct_random_forest,random_forest,2025-3,Tags 1,14,2025-06-27,1477.24,1606.5170145231566,129.2770145231566
direct_random_forest,random_forest,2025-3,Tags 1,21,2025-07-04,1477.24,1611.8750378273025,134.63503782730254
direct_random_forest,random_forest,2025-3,Tags 1,28,2025-07-11,1477.24,1580.240092304863,103.00009230486307
direct_random_forest,random_forest,2025-3,Tags 2,7,2025-06-20,1490.24,1591.7454777234955,101.50547772349546
direct_random_forest,random_forest,2025-3,Tags 2,14,2025-06-27,1490.24,1597.0417988796544,106.80179887965437
direct_random_forest,random_forest,2025-3,Tags 2,21,2025-07-04,1490.24,1606.286391493636,116.04639149363607
direct_random_forest,random_forest,2025-3,Tags 2,28,2025-07-11,1490.24,1608.0381471194924,117.79814711949234
direct_random_forest,random_forest,2025-3,Tags 3,7,2025-06-20,1582.1,1604.3544885912886,22.25448859128869
direct_random_forest,random_forest,2025-3,Tags 3,14,2025-06-27,1582.1,1632.1496118371326,50.049611837132716
direct_random_forest,random_forest,2025-3,Tags 3,21,2025-07-04,1582.1,1525.6344952506195,-56.46550474938044
direct_random_forest,random_forest,2025-3,Tags 3,28,2025-07-11,1582.1,1589.0458884045024,6.9458884045025115
direct_random_forest,random_forest,2025-4,Lags 1,7,2025-10-03,1568.0,1369.3368481041173,-198.66315189588272
direct_random_forest,random_forest,2025-4,Lags 1,14,2025-10-10,1568.0,1600.2966209924045,32.29662099240454
direct_random_forest,random_forest,2025-4,Lags 1,21,2025-10-17,1568.0,1697.4496910038142,129.44969100381422
direct_random_forest,random_forest,2025-4,Lags 1,28,2025-10-24,1568.0,1632.2664295188954,64.2664295188954
direct_random_forest,random_forest,2025-4,Lags 2,7,2025-10-03,1594.0,1359.3291755596247,-234.67082444037533
direct_random_forest,random_forest,2025-4,Lags 2,14,2025-10-10,1594.0,1588.566835773724,-5.433164226275949
direct_random_forest,random_forest,2025-4,Lags 2,21,2025-10-17,1594.0,1632.1560852107823,38.156085210782294
direct_random_forest,random_forest,2025-4,Lags 2,28,2025-10-24,1594.0,1593.73078055355,-0.2692194464500517
direct_random_forest,random_forest,2025-4,Tags 1,7,2025-09-02,1441.5,1374.7742072148217,-66.72579278517833
direct_random_forest,random_forest,2025-4,Tags 1,14,2025-09-09,1441.5,1566.5091668574926,125.00916685749257
direct_random_forest,random_forest,2025-4,Tags 1,21,2025-09-16,1441.5,1552.1930189113841,110.69301891138412
direct_random_forest,random_forest,2025-4,Tags 1,28,2025-09-23,1441.5,1397.439443336074,-44.060556663926036
direct_random_forest,random_forest,2025-4,Tags 2,7,2025-09-02,1450.0400000000002,1347.160723487253,-102.87927651274708
direct_random_forest,random_forest,2025-4,Tags 2,14,2025-09-09,1450.0400000000002,1556.3913013187475,106.35130131874735
direct_random_forest,random_forest,2025-4,Tags 2,21,2025-09-16,1450.0400000000002,1542.5066369809526,92.46663698095244
direct_random_forest,random_forest,2025-4,Tags 2,28,2025-09-23,1450.0400000000002,1421.1896120707704,-28.850387929229782
direct_random_forest,random_forest,2025-4,Tags 3,7,2025-09-02,1293.1200000000001,1381.1881359066851,88.06813590668503
direct_random_forest,random_forest,2025-4,Tags 3,14,2025-09-09,1293.1200000000001,1628.1921091383044,335.0721091383043
direct_random_forest,random_forest,2025-4,Tags 3,21,2025-09-16,1293.1200000000001,1567.3198780871562,274.1998780871561
direct_random_forest,random_forest,2025-4,Tags 3,28,2025-09-23,1293.1200000000001,1438.1671048818105,145.04710488181036
direct_random_forest,random_forest,2025-5,Lags 1,7,2025-12-17,1306.0,1508.7535686332187,202.75356863321872
direct_random_forest,random_forest,2025-5,Lags 1,14,2025-12-24,1306.0,1443.6818285155716,137.68182851557162
direct_random_forest,random_forest,2025-5,Lags 1,21,2025-12-31,1306.0,1393.0188039334732,87.01880393347324
direct_random_forest,random_forest,2025-5,Lags 1,28,2026-01-07,1306.0,1436.294101602841,130.294101602841
direct_random_forest,random_forest,2025-5,Lags 2,7,2025-12-24,1176.0,1477.6974698248976,301.69746982489755
direct_random_forest,random_forest,2025-5,Lags 2,14,2025-12-31,1176.0,1390.7972121421283,214.79721214212827
direct_random_forest,random_forest,2025-5,Lags 2,21,2026-01-07,1176.0,1363.0869435185182,187.08694351851818
direct_random_forest,random_forest,2025-5,Lags 2,28,2026-01-14,1176.0,1355.5448192472345,179.5448192472345
direct_random_forest,random_forest,2025-5,Lags 3,7,2026-01-02,1182.0,1534.630143057221,352.63014305722095
direct_random_forest,random_forest,2025-5,Lags 3,14,2026-01-09,1182.0,1432.3807705783488,250.3807705783488
direct_random_forest,random_forest,2025-5,Lags 3,21,2026-01-16,1182.0,1361.2584600264547,179.2584600264547
direct_random_forest,random_forest,2025-5,Lags 3,28,2026-01-23,1182.0,1345.7093582632187,163.70935826321875
direct_random_forest,random_forest,2025-5,Tags 1,7,2025-11-18,1702.0,1436.168885666077,-265.8311143339231
direct_random_forest,random_forest,2025-5,Tags 1,14,2025-11-25,1702.0,1503.6742998247692,-198.32570017523085
direct_random_forest,random_forest,2025-5,Tags 1,21,2025-12-02,1702.0,1506.2622779363223,-195.73772206367767
direct_random_forest,random_forest,2025-5,Tags 1,28,2025-12-09,1702.0,1560.0571381617447,-141.94286183825534
direct_random_forest,random_forest,2025-5,Tags 2,7,2025-11-18,1776.0,1492.932374592809,-283.0676254071909
direct_random_forest,random_forest,2025-5,Tags 2,14,2025-11-25,1776.0,1517.002217366071,-258.9977826339291
direct_random_forest,random_forest,2025-5,Tags 2,21,2025-12-02,1776.0,1537.9035388295033,-238.0964611704967
direct_random_forest,random_forest,2025-5,Tags 2,28,2025-12-09,1776.0,1569.84557388898,-206.15442611102003
direct_random_forest,random_forest,2025-5,Tags 3,7,2025-11-18,1738.0,1436.7243783628248,-301.27562163717516
direct_random_forest,random_forest,2025-5,Tags 3,14,2025-11-25,1738.0,1513.5740860580374,-224.42591394196256
direct_random_forest,random_forest,2025-5,Tags 3,21,2025-12-02,1738.0,1553.956038744033,-184.0439612559669
direct_random_forest,random_forest,2025-5,Tags 3,28,2025-12-09,1738.0,1568.1113509535824,-169.88864904641764
direct_random_forest,random_forest,2026-1,Lags 1,7,2026-03-12,1605.9999999999998,1417.4883955539897,-188.5116044460101
direct_random_forest,random_forest,2026-1,Lags 1,14,2026-03-19,1605.9999999999998,1518.0479067126946,-87.95209328730516
direct_random_forest,random_forest,2026-1,Lags 1,21,2026-03-26,1605.9999999999998,1499.9605545271397,-106.03944547286005
direct_random_forest,random_forest,2026-1,Lags 1,28,2026-04-02,1605.9999999999998,1533.821895729407,-72.17810427059271
direct_random_forest,random_forest,2026-1,Lags 2,7,2026-03-20,1972.0000000000002,1427.5722522536082,-544.427747746392
direct_random_forest,random_forest,2026-1,Lags 2,14,2026-03-27,1972.0000000000002,1500.0560520164324,-471.9439479835678
direct_random_forest,random_forest,2026-1,Lags 2,21,2026-04-03,1972.0000000000002,1501.6086135306361,-470.3913864693641
direct_random_forest,random_forest,2026-1,Lags 2,28,2026-04-10,1972.0000000000002,1548.67481229434,-423.32518770566026
direct_random_forest,random_forest,2026-1,Lags 3,7,2026-03-27,1691.4399999999998,1417.9884467723275,-273.4515532276723
direct_random_forest,random_forest,2026-1,Lags 3,14,2026-04-03,1691.4399999999998,1338.4619229513594,-352.97807704864044
direct_random_forest,random_forest,2026-1,Lags 3,21,2026-04-10,1691.4399999999998,1433.5835142543567,-257.8564857456431
direct_random_forest,random_forest,2026-1,Lags 3,28,2026-04-17,1691.4399999999998,1462.957051345938,-228.48294865406183
direct_random_forest,random_forest,2026-1,Tags 1,7,2026-02-06,1446.68,1557.9817359942224,111.30173599422233
direct_random_forest,random_forest,2026-1,Tags 1,14,2026-02-13,1446.68,1496.8140009651145,50.13400096511441
direct_random_forest,random_forest,2026-1,Tags 1,21,2026-02-20,1446.68,1510.9204649742853,64.24046497428526
direct_random_forest,random_forest,2026-1,Tags 1,28,2026-02-27,1446.68,1556.5546577534394,109.87465775343935
direct_random_forest,random_forest,2026-1,Tags 2,7,2026-02-06,1550.16,1629.0388037476864,78.87880374768633
direct_random_forest,random_forest,2026-1,Tags 2,14,2026-02-13,1550.16,1522.0138537067417,-28.146146293258425
direct_random_forest,random_forest,2026-1,Tags 2,21,2026-02-20,1550.16,1528.4958380488954,-21.66416195110469
direct_random_forest,random_forest,2026-1,Tags 2,28,2026-02-27,1550.16,1493.0601266757976,-57.09987332420246
direct_random_forest,random_forest,2026-1,Tags 3,7,2026-02-06,1691.4399999999998,1509.4084540382592,-182.03154596174068
direct_random_forest,random_forest,2026-1,Tags 3,14,2026-02-13,1691.4399999999998,1518.5512956440466,-172.88870435595322
direct_random_forest,random_forest,2026-1,Tags 3,21,2026-02-20,1691.4399999999998,1510.0577401161804,-181.38225988381942
direct_random_forest,random_forest,2026-1,Tags 3,28,2026-02-27,1691.4399999999998,1476.136546633779,-215.30345336622077
direct_random_forest,random_forest,2026-2,Lags 1,7,2026-06-08,1192.0,1649.8884949304897,457.88849493048974
direct_random_forest,random_forest,2026-2,Lags 1,14,2026-06-15,1192.0,1587.3170517195763,395.3170517195763
direct_random_forest,random_forest,2026-2,Lags 1,21,2026-06-22,1192.0,1536.2259883621928,344.22598836219277
direct_random_forest,random_forest,2026-2,Lags 1,28,2026-06-29,1192.0,1388.520110118216,196.52011011821605
direct_random_forest,random_forest,2026-2,Lags 2,7,2026-06-16,1204.0,1627.400440824004,423.4004408240039
direct_random_forest,random_forest,2026-2,Lags 2,14,2026-06-23,1204.0,1502.86240543623,298.8624054362299
direct_random_forest,random_forest,2026-2,Lags 2,21,2026-06-30,1204.0,1525.607246291486,321.60724629148604
direct_random_forest,random_forest,2026-2,Lags 2,28,2026-07-07,1204.0,1389.3823214890676,185.38232148906764
direct_random_forest,random_forest,2026-2,Lags 3,7,2026-06-22,1078.0,1313.0130361095387,235.0130361095387
direct_random_forest,random_forest,2026-2,Lags 3,14,2026-06-29,1078.0,1401.8062300216445,323.8062300216445
direct_random_forest,random_forest,2026-2,Lags 3,21,2026-07-06,1078.0,1357.845991242647,279.84599124264696
direct_random_forest,random_forest,2026-2,Lags 3,28,2026-07-13,1078.0,1348.679102198913,270.6791021989129
direct_random_forest,random_forest,2026-2,Tags 1,7,2026-04-25,1360.0,1662.5506748193693,302.5506748193693
direct_random_forest,random_forest,2026-2,Tags 1,14,2026-05-02,1360.0,1632.6646786411736,272.6646786411736
direct_random_forest,random_forest,2026-2,Tags 1,21,2026-05-09,1360.0,1617.6468861740132,257.64688617401316
direct_random_forest,random_forest,2026-2,Tags 1,28,2026-05-16,1360.0,1554.138163650518,194.13816365051798
direct_random_forest,random_forest,2026-2,Tags 2,7,2026-04-25,1556.2800000000002,1635.2653404221512,78.98534042215101
direct_random_forest,random_forest,2026-2,Tags 2,14,2026-05-02,1556.2800000000002,1601.1641339282933,44.88413392829307
direct_random_forest,random_forest,2026-2,Tags 2,21,2026-05-09,1556.2800000000002,1610.8971093589755,54.61710935897531
direct_random_forest,random_forest,2026-2,Tags 2,28,2026-05-16,1556.2800000000002,1540.7066992351179,-15.573300764882333
direct_random_forest,random_forest,2026-2,Tags 3,7,2026-04-25,1564.0,1653.4330127943576,89.43301279435764
direct_random_forest,random_forest,2026-2,Tags 3,14,2026-05-02,1564.0,1633.6705292760937,69.6705292760937
direct_random_forest,random_forest,2026-2,Tags 3,21,2026-05-09,1564.0,1599.1406242411301,35.140624241130126
direct_random_forest,random_forest,2026-2,Tags 3,28,2026-05-16,1564.0,1547.9932971361054,-16.00670286389459
direct_gradient_boosting,gradient_boosting,2025-2,Tags 1,7,2025-04-04,1573.0,1555.7728823430707,-17.227117656929295
direct_gradient_boosting,gradient_boosting,2025-2,Tags 1,14,2025-04-11,1573.0,1566.7186618675532,-6.281338132446763
direct_gradient_boosting,gradient_boosting,2025-2,Tags 1,21,2025-04-18,1573.0,1556.6237770899093,-16.376222910090746
direct_gradient_boosting,gradient_boosting,2025-2,Tags 1,28,2025-04-25,1573.0,1620.1689561819635,47.168956181963495
direct_gradient_boosting,gradient_boosting,2025-2,Tags 2,7,2025-04-04,1599.0,1555.7728823430707,-43.227117656929295
direct_gradient_boosting,gradient_boosting,2025-2,Tags 2,14,2025-04-11,1599.0,1566.7186618675532,-32.28133813244676
direct_gradient_boosting,gradient_boosting,2025-2,Tags 2,21,2025-04-18,1599.0,1566.303486018992,-32.69651398100791
direct_gradient_boosting,gradient_boosting,2025-2,Tags 2,28,2025-04-25,1599.0,1620.1689561819635,21.168956181963495
direct_gradient_boosting,gradient_boosting,2025-2,Tags 3,7,2025-04-04,1544.0,1555.7728823430707,11.772882343070705
direct_gradient_boosting,gradient_boosting,2025-2,Tags 3,14,2025-04-11,1544.0,1566.7186618675532,22.718661867553237
direct_gradient_boosting,gradient_boosting,2025-2,Tags 3,21,2025-04-18,1544.0,1566.303486018992,22.30348601899209
direct_gradient_boosting,gradient_boosting,2025-2,Tags 3,28,2025-04-25,1544.0,1560.8201365255322,16.820136525532234
direct_gradient_boosting,gradient_boosting,2025-3,Lags 1,7,2025-07-16,1479.9999999999998,1354.7051594428274,-125.29484055717239
direct_gradient_boosting,gradient_boosting,2025-3,Lags 1,14,2025-07-23,1479.9999999999998,1595.6590707447644,115.65907074476468
direct_gradient_boosting,gradient_boosting,2025-3,Lags 1,21,2025-07-30,1479.9999999999998,1518.3549162239622,38.35491622396239
direct_gradient_boosting,gradient_boosting,2025-3,Lags 1,28,2025-08-06,1479.9999999999998,1359.0211389890483,-120.9788610109515
direct_gradient_boosting,gradient_boosting,2025-3,Lags 2,7,2025-07-22,1554.0,1309.3709257946962,-244.62907420530382
direct_gradient_boosting,gradient_boosting,2025-3,Lags 2,14,2025-07-29,1554.0,1552.98477038527,-1.0152296147300603
direct_gradient_boosting,gradient_boosting,2025-3,Lags 2,21,2025-08-05,1554.0,1568.7931842886828,14.793184288682824
direct_gradient_boosting,gradient_boosting,2025-3,Lags 2,28,2025-08-12,1554.0,1570.9627802009993,16.962780200999305
direct_gradient_boosting,gradient_boosting,2025-3,Tags 1,7,2025-06-20,1477.24,1600.9650317148607,123.72503171486073
direct_gradient_boosting,gradient_boosting,2025-3,Tags 1,14,2025-06-27,1477.24,1598.8122768376477,121.57227683764768
direct_gradient_boosting,gradient_boosting,2025-3,Tags 1,21,2025-07-04,1477.24,1597.0078108992764,119.76781089927636
direct_gradient_boosting,gradient_boosting,2025-3,Tags 1,28,2025-07-11,1477.24,1614.4640558372294,137.22405583722934
direct_gradient_boosting,gradient_boosting,2025-3,Tags 2,7,2025-06-20,1490.24,1600.9650317148607,110.72503171486073
direct_gradient_boosting,gradient_boosting,2025-3,Tags 2,14,2025-06-27,1490.24,1598.8122768376477,108.57227683764768
direct_gradient_boosting,gradient_boosting,2025-3,Tags 2,21,2025-07-04,1490.24,1585.0166763562588,94.7766763562588
direct_gradient_boosting,gradient_boosting,2025-3,Tags 2,28,2025-07-11,1490.24,1634.1129324026635,143.87293240266354
direct_gradient_boosting,gradient_boosting,2025-3,Tags 3,7,2025-06-20,1582.1,1600.9650317148607,18.865031714860834
direct_gradient_boosting,gradient_boosting,2025-3,Tags 3,14,2025-06-27,1582.1,1633.7033471206946,51.60334712069471
direct_gradient_boosting,gradient_boosting,2025-3,Tags 3,21,2025-07-04,1582.1,1616.451261355059,34.35126135505902
direct_gradient_boosting,gradient_boosting,2025-3,Tags 3,28,2025-07-11,1582.1,1634.1129324026635,52.01293240266364
direct_gradient_boosting,gradient_boosting,2025-4,Lags 1,7,2025-10-03,1568.0,1455.5145020531897,-112.48549794681026
direct_gradient_boosting,gradient_boosting,2025-4,Lags 1,14,2025-10-10,1568.0,1554.559134285973,-13.44086571402704
direct_gradient_boosting,gradient_boosting,2025-4,Lags 1,21,2025-10-17,1568.0,1654.3465467135966,86.34654671359658
direct_gradient_boosting,gradient_boosting,2025-4,Lags 1,28,2025-10-24,1568.0,1609.5347339961247,41.534733996124714
direct_gradient_boosting,gradient_boosting,2025-4,Lags 2,7,2025-10-03,1594.0,1455.5145020531897,-138.48549794681026
direct_gradient_boosting,gradient_boosting,2025-4,Lags 2,14,2025-10-10,1594.0,1509.6542299446483,-84.34577005535175
direct_gradient_boosting,gradient_boosting,2025-4,Lags 2,21,2025-10-17,1594.0,1623.6439191432887,29.643919143288713
direct_gradient_boosting,gradient_boosting,2025-4,Lags 2,28,2025-10-24,1594.0,1607.7624065426796,13.762406542679628
direct_gradient_boosting,gradient_boosting,2025-4,Tags 1,7,2025-09-02,1441.5,1400.041249453984,-41.45875054601606
direct_gradient_boosting,gradient_boosting,2025-4,Tags 1,14,2025-09-09,1441.5,1570.792439717408,129.2924397174079
direct_gradient_boosting,gradient_boosting,2025-4,Tags 1,21,2025-09-16,1441.5,1499.8058177724038,58.30581777240377
direct_gradient_boosting,gradient_boosting,2025-4,Tags 1,28,2025-09-23,1441.5,1389.406416993047,-52.09358300695294
direct_gradient_boosting,gradient_boosting,2025-4,Tags 2,7,2025-09-02,1450.0400000000002,1363.0783306250562,-86.961669374944
direct_gradient_boosting,gradient_boosting,2025-4,Tags 2,14,2025-09-09,1450.0400000000002,1525.8875353760832,75.84753537608299
direct_gradient_boosting,gradient_boosting,2025-4,Tags 2,21,2025-09-16,1450.0400000000002,1495.2399629262734,45.1999629262732
direct_gradient_boosting,gradient_boosting,2025-4,Tags 2,28,2025-09-23,1450.0400000000002,1408.9198071149397,-41.12019288506053
direct_gradient_boosting,gradient_boosting,2025-4,Tags 3,7,2025-09-02,1293.1200000000001,1400.041249453984,106.92124945398382
direct_gradient_boosting,gradient_boosting,2025-4,Tags 3,14,2025-09-09,1293.1200000000001,1570.792439717408,277.67243971740777
direct_gradient_boosting,gradient_boosting,2025-4,Tags 3,21,2025-09-16,1293.1200000000001,1499.8058177724038,206.68581777240365
direct_gradient_boosting,gradient_boosting,2025-4,Tags 3,28,2025-09-23,1293.1200000000001,1408.9198071149397,115.79980711493954
direct_gradient_boosting,gradient_boosting,2025-5,Lags 1,7,2025-12-17,1306.0,1424.6851525303537,118.68515253035366
direct_gradient_boosting,gradient_boosting,2025-5,Lags 1,14,2025-12-24,1306.0,1504.7355396177488,198.73553961774883
direct_gradient_boosting,gradient_boosting,2025-5,Lags 1,21,2025-12-31,1306.0,1437.8296730812672,131.82967308126717
direct_gradient_boosting,gradient_boosting,2025-5,Lags 1,28,2026-01-07,1306.0,1547.521840021245,241.521840021245
direct_gradient_boosting,gradient_boosting,2025-5,Lags 2,7,2025-12-24,1176.0,1427.2944850495444,251.2944850495444
direct_gradient_boosting,gradient_boosting,2025-5,Lags 2,14,2025-12-31,1176.0,1376.7633773096477,200.7633773096477
direct_gradient_boosting,gradient_boosting,2025-5,Lags 2,21,2026-01-07,1176.0,1435.5761413064054,259.57614130640536
direct_gradient_boosting,gradient_boosting,2025-5,Lags 2,28,2026-01-14,1176.0,1353.202064027653,177.20206402765302
direct_gradient_boosting,gradient_boosting,2025-5,Lags 3,7,2026-01-02,1182.0,1433.8481200162628,251.84812001626278
direct_gradient_boosting,gradient_boosting,2025-5,Lags 3,14,2026-01-09,1182.0,1399.9149179506585,217.9149179506585
direct_gradient_boosting,gradient_boosting,2025-5,Lags 3,21,2026-01-16,1182.0,1435.5761413064054,253.57614130640536
direct_gradient_boosting,gradient_boosting,2025-5,Lags 3,28,2026-01-23,1182.0,1328.8361659381892,146.8361659381892
direct_gradient_boosting,gradient_boosting,2025-5,Tags 1,7,2025-11-18,1702.0,1463.5650126288162,-238.43498737118375
direct_gradient_boosting,gradient_boosting,2025-5,Tags 1,14,2025-11-25,1702.0,1514.10990171482,-187.8900982851801
direct_gradient_boosting,gradient_boosting,2025-5,Tags 1,21,2025-12-02,1702.0,1522.1317237916855,-179.86827620831446
direct_gradient_boosting,gradient_boosting,2025-5,Tags 1,28,2025-12-09,1702.0,1529.0366718168707,-172.9633281831293
direct_gradient_boosting,gradient_boosting,2025-5,Tags 2,7,2025-11-18,1776.0,1470.1186475955346,-305.88135240446536
direct_gradient_boosting,gradient_boosting,2025-5,Tags 2,14,2025-11-25,1776.0,1514.10990171482,-261.8900982851801
direct_gradient_boosting,gradient_boosting,2025-5,Tags 2,21,2025-12-02,1776.0,1522.1317237916855,-253.86827620831446
direct_gradient_boosting,gradient_boosting,2025-5,Tags 2,28,2025-12-09,1776.0,1536.009405860906,-239.9905941390939
direct_gradient_boosting,gradient_boosting,2025-5,Tags 3,7,2025-11-18,1738.0,1463.5650126288162,-274.43498737118375
direct_gradient_boosting,gradient_boosting,2025-5,Tags 3,14,2025-11-25,1738.0,1514.10990171482,-223.8900982851801
direct_gradient_boosting,gradient_boosting,2025-5,Tags 3,21,2025-12-02,1738.0,1522.1317237916855,-215.86827620831446
direct_gradient_boosting,gradient_boosting,2025-5,Tags 3,28,2025-12-09,1738.0,1525.7691480744459,-212.23085192555413
direct_gradient_boosting,gradient_boosting,2026-1,Lags 1,7,2026-03-12,1605.9999999999998,1424.9464195256614,-181.05358047433833
direct_gradient_boosting,gradient_boosting,2026-1,Lags 1,14,2026-03-19,1605.9999999999998,1502.9641180336027,-103.03588196639703
direct_gradient_boosting,gradient_boosting,2026-1,Lags 1,21,2026-03-26,1605.9999999999998,1517.791313127289,-88.20868687271081
direct_gradient_boosting,gradient_boosting,2026-1,Lags 1,28,2026-04-02,1605.9999999999998,1563.2739182058147,-42.72608179418512
direct_gradient_boosting,gradient_boosting,2026-1,Lags 2,7,2026-03-20,1972.0000000000002,1424.9464195256614,-547.0535804743388
direct_gradient_boosting,gradient_boosting,2026-1,Lags 2,14,2026-03-27,1972.0000000000002,1498.7520977349106,-473.2479022650896
direct_gradient_boosting,gradient_boosting,2026-1,Lags 2,21,2026-04-03,1972.0000000000002,1518.3237079167309,-453.67629208326935
direct_gradient_boosting,gradient_boosting,2026-1,Lags 2,28,2026-04-10,1972.0000000000002,1563.2739182058147,-408.7260817941856
direct_gradient_boosting,gradient_boosting,2026-1,Lags 3,7,2026-03-27,1691.4399999999998,1424.9464195256614,-266.4935804743384
direct_gradient_boosting,gradient_boosting,2026-1,Lags 3,14,2026-04-03,1691.4399999999998,1373.2573146067973,-318.1826853932025
direct_gradient_boosting,gradient_boosting,2026-1,Lags 3,21,2026-04-10,1691.4399999999998,1457.535917748095,-233.9040822519048
direct_gradient_boosting,gradient_boosting,2026-1,Lags 3,28,2026-04-17,1691.4399999999998,1498.1900346030004,-193.24996539699941
direct_gradient_boosting,gradient_boosting,2026-1,Tags 1,7,2026-02-06,1446.68,1522.7887182020595,76.10871820205944
direct_gradient_boosting,gradient_boosting,2026-1,Tags 1,14,2026-02-13,1446.68,1498.7520977349106,52.072097734910585
direct_gradient_boosting,gradient_boosting,2026-1,Tags 1,21,2026-02-20,1446.68,1517.791313127289,71.1113131272889
direct_gradient_boosting,gradient_boosting,2026-1,Tags 1,28,2026-02-27,1446.68,1558.8041352170387,112.12413521703866
direct_gradient_boosting,gradient_boosting,2026-1,Tags 2,7,2026-02-06,1550.16,1522.7887182020595,-27.371281797940583
direct_gradient_boosting,gradient_boosting,2026-1,Tags 2,14,2026-02-13,1550.16,1498.7520977349106,-51.40790226508943
direct_gradient_boosting,gradient_boosting,2026-1,Tags 2,21,2026-02-20,1550.16,1543.3366838083311,-6.823316191668937
direct_gradient_boosting,gradient_boosting,2026-1,Tags 2,28,2026-02-27,1550.16,1453.2168510266738,-96.94314897332629
direct_gradient_boosting,gradient_boosting,2026-1,Tags 3,7,2026-02-06,1691.4399999999998,1522.7887182020595,-168.65128179794033
direct_gradient_boosting,gradient_boosting,2026-1,Tags 3,14,2026-02-13,1691.4399999999998,1498.7520977349106,-192.68790226508918
direct_gradient_boosting,gradient_boosting,2026-1,Tags 3,21,2026-02-20,1691.4399999999998,1517.791313127289,-173.64868687271087
direct_gradient_boosting,gradient_boosting,2026-1,Tags 3,28,2026-02-27,1691.4399999999998,1453.2168510266738,-238.22314897332603
direct_gradient_boosting,gradient_boosting,2026-2,Lags 1,7,2026-06-08,1192.0,1649.2858799749004,457.28587997490035
direct_gradient_boosting,gradient_boosting,2026-2,Lags 1,14,2026-06-15,1192.0,1576.2851513613718,384.28515136137185
direct_gradient_boosting,gradient_boosting,2026-2,Lags 1,21,2026-06-22,1192.0,1453.8298075413777,261.8298075413777
direct_gradient_boosting,gradient_boosting,2026-2,Lags 1,28,2026-06-29,1192.0,1394.3921075033531,202.39210750335315
direct_gradient_boosting,gradient_boosting,2026-2,Lags 2,7,2026-06-16,1204.0,1580.7748986821725,376.77489868217253
direct_gradient_boosting,gradient_boosting,2026-2,Lags 2,14,2026-06-23,1204.0,1480.6458723081876,276.64587230818756
direct_gradient_boosting,gradient_boosting,2026-2,Lags 2,21,2026-06-30,1204.0,1453.8298075413777,249.8298075413777
direct_gradient_boosting,gradient_boosting,2026-2,Lags 2,28,2026-07-07,1204.0,1394.3921075033531,190.39210750335315
direct_gradient_boosting,gradient_boosting,2026-2,Lags 3,7,2026-06-22,1078.0,1367.7147681007514,289.71476810075137
direct_gradient_boosting,gradient_boosting,2026-2,Lags 3,14,2026-06-29,1078.0,1407.9303290801581,329.9303290801581
direct_gradient_boosting,gradient_boosting,2026-2,Lags 3,21,2026-07-06,1078.0,1294.9409928835348,216.94099288353482
direct_gradient_boosting,gradient_boosting,2026-2,Lags 3,28,2026-07-13,1078.0,1302.7862974245454,224.7862974245454
direct_gradient_boosting,gradient_boosting,2026-2,Tags 1,7,2026-04-25,1360.0,1649.2858799749004,289.28587997490035
direct_gradient_boosting,gradient_boosting,2026-2,Tags 1,14,2026-05-02,1360.0,1576.2851513613718,216.28515136137185
direct_gradient_boosting,gradient_boosting,2026-2,Tags 1,21,2026-05-09,1360.0,1622.5934107276175,262.59341072761754
direct_gradient_boosting,gradient_boosting,2026-2,Tags 1,28,2026-05-16,1360.0,1594.6268111644179,234.62681116441786
direct_gradient_boosting,gradient_boosting,2026-2,Tags 2,7,2026-04-25,1556.2800000000002,1580.7748986821725,24.494898682172334
direct_gradient_boosting,gradient_boosting,2026-2,Tags 2,14,2026-05-02,1556.2800000000002,1576.2851513613718,20.005151361371645
direct_gradient_boosting,gradient_boosting,2026-2,Tags 2,21,2026-05-09,1556.2800000000002,1584.004988067979,27.724988067978757
direct_gradient_boosting,gradient_boosting,2026-2,Tags 2,28,2026-05-16,1556.2800000000002,1575.6299581953815,19.349958195381305
direct_gradient_boosting,gradient_boosting,2026-2,Tags 3,7,2026-04-25,1564.0,1649.2858799749004,85.28587997490035
direct_gradient_boosting,gradient_boosting,2026-2,Tags 3,14,2026-05-02,1564.0,1576.2851513613718,12.285151361371845
direct_gradient_boosting,gradient_boosting,2026-2,Tags 3,21,2026-05-09,1564.0,1584.004988067979,20.004988067978957
direct_gradient_boosting,gradient_boosting,2026-2,Tags 3,28,2026-05-16,1564.0,1562.053526759768,-1.9464732402320806
direct_extra_trees_growth,extra_trees,2025-2,Tags 1,7,2025-04-04,1573.0,1551.558955141735,-21.44104485826506
direct_extra_trees_growth,extra_trees,2025-2,Tags 1,14,2025-04-11,1573.0,1594.187710495143,21.187710495142937
direct_extra_trees_growth,extra_trees,2025-2,Tags 1,21,2025-04-18,1573.0,1551.5628597743955,-21.43714022560448
direct_extra_trees_growth,extra_trees,2025-2,Tags 1,28,2025-04-25,1573.0,1662.519857895624,89.519857895624
direct_extra_trees_growth,extra_trees,2025-2,Tags 2,7,2025-04-04,1599.0,1554.718084599945,-44.28191540005491
direct_extra_trees_growth,extra_trees,2025-2,Tags 2,14,2025-04-11,1599.0,1597.2530365148646,-1.7469634851354385
direct_extra_trees_growth,extra_trees,2025-2,Tags 2,21,2025-04-18,1599.0,1567.4365476797639,-31.563452320236138
direct_extra_trees_growth,extra_trees,2025-2,Tags 2,28,2025-04-25,1599.0,1658.3381068638778,59.33810686387778
direct_extra_trees_growth,extra_trees,2025-2,Tags 3,7,2025-04-04,1544.0,1548.3946148475122,4.39461484751223
direct_extra_trees_growth,extra_trees,2025-2,Tags 3,14,2025-04-11,1544.0,1594.4503676115453,50.45036761154529
direct_extra_trees_growth,extra_trees,2025-2,Tags 3,21,2025-04-18,1544.0,1578.8787743691587,34.87877436915869
direct_extra_trees_growth,extra_trees,2025-2,Tags 3,28,2025-04-25,1544.0,1546.0895704929676,2.089570492967596
direct_extra_trees_growth,extra_trees,2025-3,Lags 1,7,2025-07-16,1479.9999999999998,1482.41448005894,2.414480058940171
direct_extra_trees_growth,extra_trees,2025-3,Lags 1,14,2025-07-23,1479.9999999999998,1556.56911080758,76.56911080758027
direct_extra_trees_growth,extra_trees,2025-3,Lags 1,21,2025-07-30,1479.9999999999998,1512.549869896932,32.54986989693225
direct_extra_trees_growth,extra_trees,2025-3,Lags 1,28,2025-08-06,1479.9999999999998,1452.2318412622094,-27.768158737790372
direct_extra_trees_growth,extra_trees,2025-3,Lags 2,7,2025-07-22,1554.0,1474.6306988210256,-79.36930117897441
direct_extra_trees_growth,extra_trees,2025-3,Lags 2,14,2025-07-29,1554.0,1460.241577446482,-93.7584225535179
direct_extra_trees_growth,extra_trees,2025-3,Lags 2,21,2025-08-05,1554.0,1508.265012769572,-45.73498723042803
direct_extra_trees_growth,extra_trees,2025-3,Lags 2,28,2025-08-12,1554.0,1566.0132360757627,12.013236075762734
direct_extra_trees_growth,extra_trees,2025-3,Tags 1,7,2025-06-20,1477.24,1552.4347845994628,75.19478459946276
direct_extra_trees_growth,extra_trees,2025-3,Tags 1,14,2025-06-27,1477.24,1581.833291641932,104.59329164193196
direct_extra_trees_growth,extra_trees,2025-3,Tags 1,21,2025-07-04,1477.24,1579.5180434313747,102.27804343137473
direct_extra_trees_growth,extra_trees,2025-3,Tags 1,28,2025-07-11,1477.24,1579.7000711142343,102.46007111423432
direct_extra_trees_growth,extra_trees,2025-3,Tags 2,7,2025-06-20,1490.24,1572.8482233370169,82.60822333701685
direct_extra_trees_growth,extra_trees,2025-3,Tags 2,14,2025-06-27,1490.24,1586.1422463413057,95.90224634130573
direct_extra_trees_growth,extra_trees,2025-3,Tags 2,21,2025-07-04,1490.24,1573.4332220177882,83.19322201778823
direct_extra_trees_growth,extra_trees,2025-3,Tags 2,28,2025-07-11,1490.24,1614.2091902702637,123.96919027026365
direct_extra_trees_growth,extra_trees,2025-3,Tags 3,7,2025-06-20,1582.1,1552.7765298808474,-29.32347011915249
direct_extra_trees_growth,extra_trees,2025-3,Tags 3,14,2025-06-27,1582.1,1600.2824317873535,18.182431787353607
direct_extra_trees_growth,extra_trees,2025-3,Tags 3,21,2025-07-04,1582.1,1563.7491570337204,-18.350842966279515
direct_extra_trees_growth,extra_trees,2025-3,Tags 3,28,2025-07-11,1582.1,1588.0946528193804,5.9946528193804625
direct_extra_trees_growth,extra_trees,2025-4,Lags 1,7,2025-10-03,1568.0,1511.1433592323351,-56.856640767664885
direct_extra_trees_growth,extra_trees,2025-4,Lags 1,14,2025-10-10,1568.0,1561.9825400664295,-6.017459933570535
direct_extra_trees_growth,extra_trees,2025-4,Lags 1,21,2025-10-17,1568.0,1584.6354953218265,16.63549532182651
direct_extra_trees_growth,extra_trees,2025-4,Lags 1,28,2025-10-24,1568.0,1686.837106976912,118.83710697691208
direct_extra_trees_growth,extra_trees,2025-4,Lags 2,7,2025-10-03,1594.0,1473.6126980339425,-120.38730196605752
direct_extra_trees_growth,extra_trees,2025-4,Lags 2,14,2025-10-10,1594.0,1570.6875191970203,-23.312480802979735
direct_extra_trees_growth,extra_trees,2025-4,Lags 2,21,2025-10-17,1594.0,1588.823300843965,-5.176699156035056
direct_extra_trees_growth,extra_trees,2025-4,Lags 2,28,2025-10-24,1594.0,1694.8232661303516,100.82326613035161
direct_extra_trees_growth,extra_trees,2025-4,Tags 1,7,2025-09-02,1441.5,1338.181587852414,-103.31841214758606
direct_extra_trees_growth,extra_trees,2025-4,Tags 1,14,2025-09-09,1441.5,1505.8467134605685,64.34671346056848
direct_extra_trees_growth,extra_trees,2025-4,Tags 1,21,2025-09-16,1441.5,1560.573907983981,119.07390798398092
direct_extra_trees_growth,extra_trees,2025-4,Tags 1,28,2025-09-23,1441.5,1342.3496819047637,-99.15031809523634
direct_extra_trees_growth,extra_trees,2025-4,Tags 2,7,2025-09-02,1450.0400000000002,1322.7795870907476,-127.26041290925264
direct_extra_trees_growth,extra_trees,2025-4,Tags 2,14,2025-09-09,1450.0400000000002,1575.3388898480207,125.29888984802051
direct_extra_trees_growth,extra_trees,2025-4,Tags 2,21,2025-09-16,1450.0400000000002,1568.030388751503,117.9903887515029
direct_extra_trees_growth,extra_trees,2025-4,Tags 2,28,2025-09-23,1450.0400000000002,1365.3238557936522,-84.71614420634796
direct_extra_trees_growth,extra_trees,2025-4,Tags 3,7,2025-09-02,1293.1200000000001,1292.424910289046,-0.6950897109541074
direct_extra_trees_growth,extra_trees,2025-4,Tags 3,14,2025-09-09,1293.1200000000001,1567.0634737692844,273.9434737692843
direct_extra_trees_growth,extra_trees,2025-4,Tags 3,21,2025-09-16,1293.1200000000001,1566.1315948303754,273.0115948303753
direct_extra_trees_growth,extra_trees,2025-4,Tags 3,28,2025-09-23,1293.1200000000001,1374.3848283862444,81.26482838624429
direct_extra_trees_growth,extra_trees,2025-5,Lags 1,7,2025-12-17,1306.0,1403.7032703901434,97.70327039014342
direct_extra_trees_growth,extra_trees,2025-5,Lags 1,14,2025-12-24,1306.0,1420.7651452476327,114.76514524763274
direct_extra_trees_growth,extra_trees,2025-5,Lags 1,21,2025-12-31,1306.0,1482.1358323183235,176.13583231832354
direct_extra_trees_growth,extra_trees,2025-5,Lags 1,28,2026-01-07,1306.0,1471.2430112154502,165.24301121545022
direct_extra_trees_growth,extra_trees,2025-5,Lags 2,7,2025-12-24,1176.0,1374.5221185183455,198.52211851834545
direct_extra_trees_growth,extra_trees,2025-5,Lags 2,14,2025-12-31,1176.0,1145.379777777778,-30.620222222222083
direct_extra_trees_growth,extra_trees,2025-5,Lags 2,21,2026-01-07,1176.0,1268.9537942284442,92.95379422844417
direct_extra_trees_growth,extra_trees,2025-5,Lags 2,28,2026-01-14,1176.0,1250.9055961436702,74.90559614367021
direct_extra_trees_growth,extra_trees,2025-5,Lags 3,7,2026-01-02,1182.0,1392.632698136739,210.632698136739
direct_extra_trees_growth,extra_trees,2025-5,Lags 3,14,2026-01-09,1182.0,1160.0128667267916,-21.98713327320843
direct_extra_trees_growth,extra_trees,2025-5,Lags 3,21,2026-01-16,1182.0,1294.866559007058,112.86655900705796
direct_extra_trees_growth,extra_trees,2025-5,Lags 3,28,2026-01-23,1182.0,1260.7837892918183,78.78378929181827
direct_extra_trees_growth,extra_trees,2025-5,Tags 1,7,2025-11-18,1702.0,1513.5182105949063,-188.48178940509365
direct_extra_trees_growth,extra_trees,2025-5,Tags 1,14,2025-11-25,1702.0,1479.628405774363,-222.37159422563695
direct_extra_trees_growth,extra_trees,2025-5,Tags 1,21,2025-12-02,1702.0,1514.2609227505689,-187.73907724943115
direct_extra_trees_growth,extra_trees,2025-5,Tags 1,28,2025-12-09,1702.0,1579.178176585083,-122.82182341491693
direct_extra_trees_growth,extra_trees,2025-5,Tags 2,7,2025-11-18,1776.0,1484.9484903608816,-291.0515096391184
direct_extra_trees_growth,extra_trees,2025-5,Tags 2,14,2025-11-25,1776.0,1487.238630403993,-288.76136959600694
direct_extra_trees_growth,extra_trees,2025-5,Tags 2,21,2025-12-02,1776.0,1519.417711643528,-256.58228835647196
direct_extra_trees_growth,extra_trees,2025-5,Tags 2,28,2025-12-09,1776.0,1548.0093315453082,-227.9906684546918
direct_extra_trees_growth,extra_trees,2025-5,Tags 3,7,2025-11-18,1738.0,1497.1218547442757,-240.87814525572435
direct_extra_trees_growth,extra_trees,2025-5,Tags 3,14,2025-11-25,1738.0,1478.4969614357385,-259.5030385642615
direct_extra_trees_growth,extra_trees,2025-5,Tags 3,21,2025-12-02,1738.0,1525.4122519794453,-212.58774802055473
direct_extra_trees_growth,extra_trees,2025-5,Tags 3,28,2025-12-09,1738.0,1539.3791878055295,-198.62081219447055
direct_extra_trees_growth,extra_trees,2026-1,Lags 1,7,2026-03-12,1605.9999999999998,1495.4695882007877,-110.53041179921206
direct_extra_trees_growth,extra_trees,2026-1,Lags 1,14,2026-03-19,1605.9999999999998,1530.2882153992364,-75.7117846007634
direct_extra_trees_growth,extra_trees,2026-1,Lags 1,21,2026-03-26,1605.9999999999998,1534.9518121924054,-71.04818780759433
direct_extra_trees_growth,extra_trees,2026-1,Lags 1,28,2026-04-02,1605.9999999999998,1567.3847232757062,-38.61527672429361
direct_extra_trees_growth,extra_trees,2026-1,Lags 2,7,2026-03-20,1972.0000000000002,1518.6114050350282,-453.38859496497207
direct_extra_trees_growth,extra_trees,2026-1,Lags 2,14,2026-03-27,1972.0000000000002,1539.7625385176484,-432.2374614823518
direct_extra_trees_growth,extra_trees,2026-1,Lags 2,21,2026-04-03,1972.0000000000002,1556.3156124782472,-415.684387521753
direct_extra_trees_growth,extra_trees,2026-1,Lags 2,28,2026-04-10,1972.0000000000002,1583.471752823097,-388.5282471769033
direct_extra_trees_growth,extra_trees,2026-1,Lags 3,7,2026-03-27,1691.4399999999998,1460.3957857937028,-231.04421420629706
direct_extra_trees_growth,extra_trees,2026-1,Lags 3,14,2026-04-03,1691.4399999999998,1376.3597119566164,-315.08028804338346
direct_extra_trees_growth,extra_trees,2026-1,Lags 3,21,2026-04-10,1691.4399999999998,1463.110847661206,-228.32915233879385
direct_extra_trees_growth,extra_trees,2026-1,Lags 3,28,2026-04-17,1691.4399999999998,1512.6551832596713,-178.78481674032855
direct_extra_trees_growth,extra_trees,2026-1,Tags 1,7,2026-02-06,1446.68,1531.1123628239172,84.43236282391717
direct_extra_trees_growth,extra_trees,2026-1,Tags 1,14,2026-02-13,1446.68,1542.5489647947047,95.86896479470465
direct_extra_trees_growth,extra_trees,2026-1,Tags 1,21,2026-02-20,1446.68,1562.1568755132519,115.4768755132518
direct_extra_trees_growth,extra_trees,2026-1,Tags 1,28,2026-02-27,1446.68,1560.5627384832746,113.88273848327458
direct_extra_trees_growth,extra_trees,2026-1,Tags 2,7,2026-02-06,1550.16,1545.136622286667,-5.023377713333048
direct_extra_trees_growth,extra_trees,2026-1,Tags 2,14,2026-02-13,1550.16,1541.382391570641,-8.777608429359134
direct_extra_trees_growth,extra_trees,2026-1,Tags 2,21,2026-02-20,1550.16,1564.0160889823912,13.856088982391157
direct_extra_trees_growth,extra_trees,2026-1,Tags 2,28,2026-02-27,1550.16,1537.5601271137346,-12.59987288626553
direct_extra_trees_growth,extra_trees,2026-1,Tags 3,7,2026-02-06,1691.4399999999998,1513.678067927198,-177.76193207280176
direct_extra_trees_growth,extra_trees,2026-1,Tags 3,14,2026-02-13,1691.4399999999998,1544.0053592038573,-147.4346407961425
direct_extra_trees_growth,extra_trees,2026-1,Tags 3,21,2026-02-20,1691.4399999999998,1565.0776941207716,-126.36230587922819
direct_extra_trees_growth,extra_trees,2026-1,Tags 3,28,2026-02-27,1691.4399999999998,1539.8020357131745,-151.6379642868253
direct_extra_trees_growth,extra_trees,2026-2,Lags 1,7,2026-06-08,1192.0,1589.2908448950125,397.29084489501247
direct_extra_trees_growth,extra_trees,2026-2,Lags 1,14,2026-06-15,1192.0,1570.6634996919117,378.66349969191174
direct_extra_trees_growth,extra_trees,2026-2,Lags 1,21,2026-06-22,1192.0,1414.5369566155334,222.53695661553343
direct_extra_trees_growth,extra_trees,2026-2,Lags 1,28,2026-06-29,1192.0,1389.3057856349187,197.30578563491872
direct_extra_trees_growth,extra_trees,2026-2,Lags 2,7,2026-06-16,1204.0,1588.4527396382323,384.4527396382323
direct_extra_trees_growth,extra_trees,2026-2,Lags 2,14,2026-06-23,1204.0,1366.0140312131255,162.01403121312546
direct_extra_trees_growth,extra_trees,2026-2,Lags 2,21,2026-06-30,1204.0,1298.8017365896965,94.80173658969647
direct_extra_trees_growth,extra_trees,2026-2,Lags 2,28,2026-07-07,1204.0,1397.1194911904743,193.11949119047426
direct_extra_trees_growth,extra_trees,2026-2,Lags 3,7,2026-06-22,1078.0,1351.037571749025,273.0375717490249
direct_extra_trees_growth,extra_trees,2026-2,Lags 3,14,2026-06-29,1078.0,1213.370777777777,135.370777777777
direct_extra_trees_growth,extra_trees,2026-2,Lags 3,21,2026-07-06,1078.0,1205.5562436507932,127.55624365079325
direct_extra_trees_growth,extra_trees,2026-2,Lags 3,28,2026-07-13,1078.0,1319.3731291269828,241.3731291269828
direct_extra_trees_growth,extra_trees,2026-2,Tags 1,7,2026-04-25,1360.0,1614.0347103578847,254.0347103578847
direct_extra_trees_growth,extra_trees,2026-2,Tags 1,14,2026-05-02,1360.0,1617.213575769291,257.2135757692911
direct_extra_trees_growth,extra_trees,2026-2,Tags 1,21,2026-05-09,1360.0,1589.6177966042426,229.61779660424259
direct_extra_trees_growth,extra_trees,2026-2,Tags 1,28,2026-05-16,1360.0,1590.798292857141,230.79829285714095
direct_extra_trees_growth,extra_trees,2026-2,Tags 2,7,2026-04-25,1556.2800000000002,1639.5781989195068,83.2981989195066
direct_extra_trees_growth,extra_trees,2026-2,Tags 2,14,2026-05-02,1556.2800000000002,1640.3161770250704,84.03617702507017
direct_extra_trees_growth,extra_trees,2026-2,Tags 2,21,2026-05-09,1556.2800000000002,1596.030523761725,39.75052376172471
direct_extra_trees_growth,extra_trees,2026-2,Tags 2,28,2026-05-16,1556.2800000000002,1622.1071574603147,65.82715746031454
direct_extra_trees_growth,extra_trees,2026-2,Tags 3,7,2026-04-25,1564.0,1636.3178553242135,72.3178553242135
direct_extra_trees_growth,extra_trees,2026-2,Tags 3,14,2026-05-02,1564.0,1638.108424578813,74.1084245788129
direct_extra_trees_growth,extra_trees,2026-2,Tags 3,21,2026-05-09,1564.0,1592.790646434978,28.790646434978044
direct_extra_trees_growth,extra_trees,2026-2,Tags 3,28,2026-05-16,1564.0,1617.3002362698385,53.30023626983848
direct_extra_trees_poultry,extra_trees,2025-2,Tags 1,7,2025-04-04,1573.0,1526.4705157567419,-46.52948424325814
direct_extra_trees_poultry,extra_trees,2025-2,Tags 1,14,2025-04-11,1573.0,1568.1191603373134,-4.88083966268664
direct_extra_trees_poultry,extra_trees,2025-2,Tags 1,21,2025-04-18,1573.0,1575.192388128264,2.1923881282639286
direct_extra_trees_poultry,extra_trees,2025-2,Tags 1,28,2025-04-25,1573.0,1657.5490846584414,84.54908465844142
direct_extra_trees_poultry,extra_trees,2025-2,Tags 2,7,2025-04-04,1599.0,1530.6642761006574,-68.33572389934261
direct_extra_trees_poultry,extra_trees,2025-2,Tags 2,14,2025-04-11,1599.0,1568.1191603373134,-30.88083966268664
direct_extra_trees_poultry,extra_trees,2025-2,Tags 2,21,2025-04-18,1599.0,1582.0098352921334,-16.990164707866597
direct_extra_trees_poultry,extra_trees,2025-2,Tags 2,28,2025-04-25,1599.0,1642.193995686748,43.19399568674794
direct_extra_trees_poultry,extra_trees,2025-2,Tags 3,7,2025-04-04,1544.0,1526.1018472382234,-17.8981527617766
direct_extra_trees_poultry,extra_trees,2025-2,Tags 3,14,2025-04-11,1544.0,1568.1191603373134,24.11916033731336
direct_extra_trees_poultry,extra_trees,2025-2,Tags 3,21,2025-04-18,1544.0,1587.095118683946,43.09511868394611
direct_extra_trees_poultry,extra_trees,2025-2,Tags 3,28,2025-04-25,1544.0,1573.3208486985718,29.320848698571808
direct_extra_trees_poultry,extra_trees,2025-3,Lags 1,7,2025-07-16,1479.9999999999998,1337.0679223354423,-142.93207766455748
direct_extra_trees_poultry,extra_trees,2025-3,Lags 1,14,2025-07-23,1479.9999999999998,1572.8086349069551,92.80863490695538
direct_extra_trees_poultry,extra_trees,2025-3,Lags 1,21,2025-07-30,1479.9999999999998,1561.9806097061503,81.98060970615052
direct_extra_trees_poultry,extra_trees,2025-3,Lags 1,28,2025-08-06,1479.9999999999998,1439.8146889604066,-40.185311039593216
direct_extra_trees_poultry,extra_trees,2025-3,Lags 2,7,2025-07-22,1554.0,1439.624370283789,-114.37562971621105
direct_extra_trees_poultry,extra_trees,2025-3,Lags 2,14,2025-07-29,1554.0,1550.2794642972074,-3.720535702792631
direct_extra_trees_poultry,extra_trees,2025-3,Lags 2,21,2025-08-05,1554.0,1528.7518592225156,-25.248140777484423
direct_extra_trees_poultry,extra_trees,2025-3,Lags 2,28,2025-08-12,1554.0,1571.1944702126088,17.19447021260885
direct_extra_trees_poultry,extra_trees,2025-3,Tags 1,7,2025-06-20,1477.24,1580.7081164154388,103.46811641543877
direct_extra_trees_poultry,extra_trees,2025-3,Tags 1,14,2025-06-27,1477.24,1580.0929330982678,102.85293309826784
direct_extra_trees_poultry,extra_trees,2025-3,Tags 1,21,2025-07-04,1477.24,1577.89670878559,100.6567087855899
direct_extra_trees_poultry,extra_trees,2025-3,Tags 1,28,2025-07-11,1477.24,1593.8514383654722,116.61143836547217
direct_extra_trees_poultry,extra_trees,2025-3,Tags 2,7,2025-06-20,1490.24,1584.965553952716,94.72555395271593
direct_extra_trees_poultry,extra_trees,2025-3,Tags 2,14,2025-06-27,1490.24,1581.3509307173158,91.1109307173158
direct_extra_trees_poultry,extra_trees,2025-3,Tags 2,21,2025-07-04,1490.24,1577.4106543411456,87.17065434114556
direct_extra_trees_poultry,extra_trees,2025-3,Tags 2,28,2025-07-11,1490.24,1617.7656654879793,127.52566548797927
direct_extra_trees_poultry,extra_trees,2025-3,Tags 3,7,2025-06-20,1582.1,1580.1436513360736,-1.956348663926292
direct_extra_trees_poultry,extra_trees,2025-3,Tags 3,14,2025-06-27,1582.1,1584.4541110793323,2.3541110793323696
direct_extra_trees_poultry,extra_trees,2025-3,Tags 3,21,2025-07-04,1582.1,1578.0903631130755,-4.009636886924454
direct_extra_trees_poultry,extra_trees,2025-3,Tags 3,28,2025-07-11,1582.1,1604.5430990655123,22.443099065512342
direct_extra_trees_poultry,extra_trees,2025-4,Lags 1,7,2025-10-03,1568.0,1515.1560005147226,-52.843999485277436
direct_extra_trees_poultry,extra_trees,2025-4,Lags 1,14,2025-10-10,1568.0,1551.916820910289,-16.08317908971094
direct_extra_trees_poultry,extra_trees,2025-4,Lags 1,21,2025-10-17,1568.0,1653.625515134281,85.62551513428093
direct_extra_trees_poultry,extra_trees,2025-4,Lags 1,28,2025-10-24,1568.0,1662.1555501298706,94.15555012987056
direct_extra_trees_poultry,extra_trees,2025-4,Lags 2,7,2025-10-03,1594.0,1506.0377782925004,-87.96222170749957
direct_extra_trees_poultry,extra_trees,2025-4,Lags 2,14,2025-10-10,1594.0,1530.5752652025146,-63.42473479748537
direct_extra_trees_poultry,extra_trees,2025-4,Lags 2,21,2025-10-17,1594.0,1583.4070326443139,-10.592967355686142
direct_extra_trees_poultry,extra_trees,2025-4,Lags 2,28,2025-10-24,1594.0,1609.726498600289,15.726498600289005
direct_extra_trees_poultry,extra_trees,2025-4,Tags 1,7,2025-09-02,1441.5,1280.272056878305,-161.22794312169503
direct_extra_trees_poultry,extra_trees,2025-4,Tags 1,14,2025-09-09,1441.5,1576.9273332258738,135.42733322587378
direct_extra_trees_poultry,extra_trees,2025-4,Tags 1,21,2025-09-16,1441.5,1618.1509116241575,176.65091162415752
direct_extra_trees_poultry,extra_trees,2025-4,Tags 1,28,2025-09-23,1441.5,1354.9988187349709,-86.50118126502912
direct_extra_trees_poultry,extra_trees,2025-4,Tags 2,7,2025-09-02,1450.0400000000002,1334.176817955874,-115.86318204412623
direct_extra_trees_poultry,extra_trees,2025-4,Tags 2,14,2025-09-09,1450.0400000000002,1577.5677563138931,127.52775631389295
direct_extra_trees_poultry,extra_trees,2025-4,Tags 2,21,2025-09-16,1450.0400000000002,1552.903243870581,102.86324387058085
direct_extra_trees_poultry,extra_trees,2025-4,Tags 2,28,2025-09-23,1450.0400000000002,1385.91858899952,-64.1214110004803
direct_extra_trees_poultry,extra_trees,2025-4,Tags 3,7,2025-09-02,1293.1200000000001,1262.4525887301577,-30.667411269842432
direct_extra_trees_poultry,extra_trees,2025-4,Tags 3,14,2025-09-09,1293.1200000000001,1627.8120530181245,334.6920530181244
direct_extra_trees_poultry,extra_trees,2025-4,Tags 3,21,2025-09-16,1293.1200000000001,1624.6743125970963,331.5543125970962
direct_extra_trees_poultry,extra_trees,2025-4,Tags 3,28,2025-09-23,1293.1200000000001,1439.5578644492548,146.43786444925468
direct_extra_trees_poultry,extra_trees,2025-5,Lags 1,7,2025-12-17,1306.0,1545.4081177196852,239.40811771968515
direct_extra_trees_poultry,extra_trees,2025-5,Lags 1,14,2025-12-24,1306.0,1501.206199339179,195.20619933917897
direct_extra_trees_poultry,extra_trees,2025-5,Lags 1,21,2025-12-31,1306.0,1507.1939064624266,201.19390646242664
direct_extra_trees_poultry,extra_trees,2025-5,Lags 1,28,2026-01-07,1306.0,1492.8702528878528,186.87025288785276
direct_extra_trees_poultry,extra_trees,2025-5,Lags 2,7,2025-12-24,1176.0,1565.2626833825407,389.2626833825407
direct_extra_trees_poultry,extra_trees,2025-5,Lags 2,14,2025-12-31,1176.0,1565.529328557368,389.529328557368
direct_extra_trees_poultry,extra_trees,2025-5,Lags 2,21,2026-01-07,1176.0,1370.1163054761898,194.11630547618984
direct_extra_trees_poultry,extra_trees,2025-5,Lags 2,28,2026-01-14,1176.0,1318.5741772606998,142.5741772606998
direct_extra_trees_poultry,extra_trees,2025-5,Lags 3,7,2026-01-02,1182.0,1570.0463461318277,388.0463461318277
direct_extra_trees_poultry,extra_trees,2025-5,Lags 3,14,2026-01-09,1182.0,1562.174697912087,380.1746979120869
direct_extra_trees_poultry,extra_trees,2025-5,Lags 3,21,2026-01-16,1182.0,1393.7121826984123,211.71218269841233
direct_extra_trees_poultry,extra_trees,2025-5,Lags 3,28,2026-01-23,1182.0,1337.9081268387145,155.90812683871445
direct_extra_trees_poultry,extra_trees,2025-5,Tags 1,7,2025-11-18,1702.0,1504.0451534731958,-197.9548465268042
direct_extra_trees_poultry,extra_trees,2025-5,Tags 1,14,2025-11-25,1702.0,1446.5065926072095,-255.49340739279046
direct_extra_trees_poultry,extra_trees,2025-5,Tags 1,21,2025-12-02,1702.0,1496.4876013895373,-205.5123986104627
direct_extra_trees_poultry,extra_trees,2025-5,Tags 1,28,2025-12-09,1702.0,1533.2297645167807,-168.77023548321927
direct_extra_trees_poultry,extra_trees,2025-5,Tags 2,7,2025-11-18,1776.0,1537.3597419447224,-238.64025805527763
direct_extra_trees_poultry,extra_trees,2025-5,Tags 2,14,2025-11-25,1776.0,1517.2835770440681,-258.7164229559319
direct_extra_trees_poultry,extra_trees,2025-5,Tags 2,21,2025-12-02,1776.0,1540.6552958315758,-235.3447041684242
direct_extra_trees_poultry,extra_trees,2025-5,Tags 2,28,2025-12-09,1776.0,1545.066217346729,-230.933782653271
direct_extra_trees_poultry,extra_trees,2025-5,Tags 3,7,2025-11-18,1738.0,1501.7529259272233,-236.24707407277674
direct_extra_trees_poultry,extra_trees,2025-5,Tags 3,14,2025-11-25,1738.0,1456.491640078812,-281.508359921188
direct_extra_trees_poultry,extra_trees,2025-5,Tags 3,21,2025-12-02,1738.0,1497.4572594727508,-240.54274052724918
direct_extra_trees_poultry,extra_trees,2025-5,Tags 3,28,2025-12-09,1738.0,1542.5214535790153,-195.47854642098469
direct_extra_trees_poultry,extra_trees,2026-1,Lags 1,7,2026-03-12,1605.9999999999998,1487.1002436144156,-118.89975638558417
direct_extra_trees_poultry,extra_trees,2026-1,Lags 1,14,2026-03-19,1605.9999999999998,1517.3615655859571,-88.63843441404265
direct_extra_trees_poultry,extra_trees,2026-1,Lags 1,21,2026-03-26,1605.9999999999998,1514.0767206302564,-91.92327936974334
direct_extra_trees_poultry,extra_trees,2026-1,Lags 1,28,2026-04-02,1605.9999999999998,1556.641729664758,-49.35827033524174
direct_extra_trees_poultry,extra_trees,2026-1,Lags 2,7,2026-03-20,1972.0000000000002,1496.6219715734885,-475.3780284265117
direct_extra_trees_poultry,extra_trees,2026-1,Lags 2,14,2026-03-27,1972.0000000000002,1522.6686945378713,-449.33130546212897
direct_extra_trees_poultry,extra_trees,2026-1,Lags 2,21,2026-04-03,1972.0000000000002,1519.8678975117573,-452.13210248824294
direct_extra_trees_poultry,extra_trees,2026-1,Lags 2,28,2026-04-10,1972.0000000000002,1569.0065784929661,-402.9934215070341
direct_extra_trees_poultry,extra_trees,2026-1,Lags 3,7,2026-03-27,1691.4399999999998,1464.9998520704041,-226.4401479295957
direct_extra_trees_poultry,extra_trees,2026-1,Lags 3,14,2026-04-03,1691.4399999999998,1370.7105069827594,-320.72949301724043
direct_extra_trees_poultry,extra_trees,2026-1,Lags 3,21,2026-04-10,1691.4399999999998,1478.7857342633954,-212.65426573660443
direct_extra_trees_poultry,extra_trees,2026-1,Lags 3,28,2026-04-17,1691.4399999999998,1532.4038083034015,-159.03619169659828
direct_extra_trees_poultry,extra_trees,2026-1,Tags 1,7,2026-02-06,1446.68,1553.1783530202301,106.49835302023007
direct_extra_trees_poultry,extra_trees,2026-1,Tags 1,14,2026-02-13,1446.68,1518.0859914945597,71.40599149455966
direct_extra_trees_poultry,extra_trees,2026-1,Tags 1,21,2026-02-20,1446.68,1501.847975680617,55.16797568061702
direct_extra_trees_poultry,extra_trees,2026-1,Tags 1,28,2026-02-27,1446.68,1551.1000550009016,104.42005500090158
direct_extra_trees_poultry,extra_trees,2026-1,Tags 2,7,2026-02-06,1550.16,1573.0605966145656,22.90059661456553
direct_extra_trees_poultry,extra_trees,2026-1,Tags 2,14,2026-02-13,1550.16,1538.2585675886223,-11.901432411377755
direct_extra_trees_poultry,extra_trees,2026-1,Tags 2,21,2026-02-20,1550.16,1538.872723804128,-11.287276195871982
direct_extra_trees_poultry,extra_trees,2026-1,Tags 2,28,2026-02-27,1550.16,1550.2766016950404,0.11660169504034457
direct_extra_trees_poultry,extra_trees,2026-1,Tags 3,7,2026-02-06,1691.4399999999998,1543.7393363413535,-147.70066365864636
direct_extra_trees_poultry,extra_trees,2026-1,Tags 3,14,2026-02-13,1691.4399999999998,1522.387433967396,-169.05256603260386
direct_extra_trees_poultry,extra_trees,2026-1,Tags 3,21,2026-02-20,1691.4399999999998,1500.2115909370273,-191.22840906297256
direct_extra_trees_poultry,extra_trees,2026-1,Tags 3,28,2026-02-27,1691.4399999999998,1535.5206175578817,-155.91938244211815
direct_extra_trees_poultry,extra_trees,2026-2,Lags 1,7,2026-06-08,1192.0,1669.3403302532197,477.3403302532197
direct_extra_trees_poultry,extra_trees,2026-2,Lags 1,14,2026-06-15,1192.0,1606.792673936902,414.792673936902
direct_extra_trees_poultry,extra_trees,2026-2,Lags 1,21,2026-06-22,1192.0,1500.3837318111491,308.3837318111491
direct_extra_trees_poultry,extra_trees,2026-2,Lags 1,28,2026-06-29,1192.0,1388.2374430158682,196.23744301586817
direct_extra_trees_poultry,extra_trees,2026-2,Lags 2,7,2026-06-16,1204.0,1645.8391460765356,441.8391460765356
direct_extra_trees_poultry,extra_trees,2026-2,Lags 2,14,2026-06-23,1204.0,1429.04025458587,225.0402545858699
direct_extra_trees_poultry,extra_trees,2026-2,Lags 2,21,2026-06-30,1204.0,1465.9407357671923,261.94073576719234
direct_extra_trees_poultry,extra_trees,2026-2,Lags 2,28,2026-07-07,1204.0,1390.8257996825348,186.8257996825348
direct_extra_trees_poultry,extra_trees,2026-2,Lags 3,7,2026-06-22,1078.0,1332.8045650465297,254.80456504652966
direct_extra_trees_poultry,extra_trees,2026-2,Lags 3,14,2026-06-29,1078.0,1340.4276595707395,262.4276595707395
direct_extra_trees_poultry,extra_trees,2026-2,Lags 3,21,2026-07-06,1078.0,1354.5059552910031,276.50595529100315
direct_extra_trees_poultry,extra_trees,2026-2,Lags 3,28,2026-07-13,1078.0,1322.8908195238046,244.89081952380457
direct_extra_trees_poultry,extra_trees,2026-2,Tags 1,7,2026-04-25,1360.0,1647.7787585502858,287.77875855028583
direct_extra_trees_poultry,extra_trees,2026-2,Tags 1,14,2026-05-02,1360.0,1613.5452262655308,253.5452262655308
direct_extra_trees_poultry,extra_trees,2026-2,Tags 1,21,2026-05-09,1360.0,1590.7099766320728,230.70997663207277
direct_extra_trees_poultry,extra_trees,2026-2,Tags 1,28,2026-05-16,1360.0,1598.6235092063478,238.62350920634776
direct_extra_trees_poultry,extra_trees,2026-2,Tags 2,7,2026-04-25,1556.2800000000002,1620.4487581805256,64.1687581805254
direct_extra_trees_poultry,extra_trees,2026-2,Tags 2,14,2026-05-02,1556.2800000000002,1583.5929617202619,27.312961720261683
direct_extra_trees_poultry,extra_trees,2026-2,Tags 2,21,2026-05-09,1556.2800000000002,1621.4078016873862,65.12780168738595
direct_extra_trees_poultry,extra_trees,2026-2,Tags 2,28,2026-05-16,1556.2800000000002,1667.3229031745996,111.04290317459936
direct_extra_trees_poultry,extra_trees,2026-2,Tags 3,7,2026-04-25,1564.0,1658.8051665926132,94.8051665926132
direct_extra_trees_poultry,extra_trees,2026-2,Tags 3,14,2026-05-02,1564.0,1643.643950007359,79.64395000735908
direct_extra_trees_poultry,extra_trees,2026-2,Tags 3,21,2026-05-09,1564.0,1611.3939986715131,47.393998671513145
direct_extra_trees_poultry,extra_trees,2026-2,Tags 3,28,2026-05-16,1564.0,1657.750900793648,93.75090079364804
remaining_extra_trees_poultry,extra_trees,2025-2,Tags 1,7,2025-04-04,1573.0,1548.3300073577807,-24.669992642219313
remaining_extra_trees_poultry,extra_trees,2025-2,Tags 1,14,2025-04-11,1573.0,1634.6869213006928,61.6869213006928
remaining_extra_trees_poultry,extra_trees,2025-2,Tags 1,21,2025-04-18,1573.0,1565.4906561111102,-7.509343888889816
remaining_extra_trees_poultry,extra_trees,2025-2,Tags 1,28,2025-04-25,1573.0,1865.0616281481473,292.0616281481473
remaining_extra_trees_poultry,extra_trees,2025-2,Tags 2,7,2025-04-04,1599.0,1546.5935659628792,-52.40643403712079
remaining_extra_trees_poultry,extra_trees,2025-2,Tags 2,14,2025-04-11,1599.0,1640.6869213006928,41.6869213006928
remaining_extra_trees_poultry,extra_trees,2025-2,Tags 2,21,2025-04-18,1599.0,1667.9480484920623,68.9480484920623
remaining_extra_trees_poultry,extra_trees,2025-2,Tags 2,28,2025-04-25,1599.0,1734.7947787433855,135.79477874338545
remaining_extra_trees_poultry,extra_trees,2025-2,Tags 3,7,2025-04-04,1544.0,1546.5954809628793,2.5954809628792646
remaining_extra_trees_poultry,extra_trees,2025-2,Tags 3,14,2025-04-11,1544.0,1640.6869213006928,96.6869213006928
remaining_extra_trees_poultry,extra_trees,2025-2,Tags 3,21,2025-04-18,1544.0,1678.7791145238084,134.7791145238084
remaining_extra_trees_poultry,extra_trees,2025-2,Tags 3,28,2025-04-25,1544.0,1569.4131870880046,25.413187088004634
remaining_extra_trees_poultry,extra_trees,2025-3,Lags 1,7,2025-07-16,1479.9999999999998,1333.1072906294626,-146.8927093705372
remaining_extra_trees_poultry,extra_trees,2025-3,Lags 1,14,2025-07-23,1479.9999999999998,1554.9623823664197,74.96238236641989
remaining_extra_trees_poultry,extra_trees,2025-3,Lags 1,21,2025-07-30,1479.9999999999998,1475.7565380580209,-4.2434619419789215
remaining_extra_trees_poultry,extra_trees,2025-3,Lags 1,28,2025-08-06,1479.9999999999998,1420.8346933024995,-59.16530669750023
remaining_extra_trees_poultry,extra_trees,2025-3,Lags 2,7,2025-07-22,1554.0,1434.3896515608467,-119.61034843915331
remaining_extra_trees_poultry,extra_trees,2025-3,Lags 2,14,2025-07-29,1554.0,1521.053363319141,-32.946636680859
remaining_extra_trees_poultry,extra_trees,2025-3,Lags 2,21,2025-08-05,1554.0,1438.3898858224668,-115.6101141775332
remaining_extra_trees_poultry,extra_trees,2025-3,Lags 2,28,2025-08-12,1554.0,1493.3950788833804,-60.60492111661961
remaining_extra_trees_poultry,extra_trees,2025-3,Tags 1,7,2025-06-20,1477.24,1571.1782006639637,93.9382006639637
remaining_extra_trees_poultry,extra_trees,2025-3,Tags 1,14,2025-06-27,1477.24,1572.6972437010836,95.4572437010836
remaining_extra_trees_poultry,extra_trees,2025-3,Tags 1,21,2025-07-04,1477.24,1554.7174923327725,77.4774923327725
remaining_extra_trees_poultry,extra_trees,2025-3,Tags 1,28,2025-07-11,1477.24,1532.5056156524813,55.2656156524813
remaining_extra_trees_poultry,extra_trees,2025-3,Tags 2,7,2025-06-20,1490.24,1571.7139436798363,81.47394367983634
remaining_extra_trees_poultry,extra_trees,2025-3,Tags 2,14,2025-06-27,1490.24,1590.3700570344172,100.13005703441718
remaining_extra_trees_poultry,extra_trees,2025-3,Tags 2,21,2025-07-04,1490.24,1539.0802610990058,48.84026109900583
remaining_extra_trees_poultry,extra_trees,2025-3,Tags 2,28,2025-07-11,1490.24,1561.2113027870678,70.97130278706777
remaining_extra_trees_poultry,extra_trees,2025-3,Tags 3,7,2025-06-20,1582.1,1572.3089975687255,-9.791002431274364
remaining_extra_trees_poultry,extra_trees,2025-3,Tags 3,14,2025-06-27,1582.1,1625.8970214801516,43.79702148015167
remaining_extra_trees_poultry,extra_trees,2025-3,Tags 3,21,2025-07-04,1582.1,1541.6273696448109,-40.47263035518904
remaining_extra_trees_poultry,extra_trees,2025-3,Tags 3,28,2025-07-11,1582.1,1469.7512152621043,-112.34878473789558
remaining_extra_trees_poultry,extra_trees,2025-4,Lags 1,7,2025-10-03,1568.0,1500.591049291817,-67.40895070818306
remaining_extra_trees_poultry,extra_trees,2025-4,Lags 1,14,2025-10-10,1568.0,1570.1858968717409,2.1858968717408516
remaining_extra_trees_poultry,extra_trees,2025-4,Lags 1,21,2025-10-17,1568.0,1631.6970548869658,63.697054886965816
remaining_extra_trees_poultry,extra_trees,2025-4,Lags 1,28,2025-10-24,1568.0,1716.0919388888897,148.09193888888967
remaining_extra_trees_poultry,extra_trees,2025-4,Lags 2,7,2025-10-03,1594.0,1499.5261937362613,-94.47380626373865
remaining_extra_trees_poultry,extra_trees,2025-4,Lags 2,14,2025-10-10,1594.0,1552.778867011408,-41.22113298859199
remaining_extra_trees_poultry,extra_trees,2025-4,Lags 2,21,2025-10-17,1594.0,1612.6425472967776,18.642547296777593
remaining_extra_trees_poultry,extra_trees,2025-4,Lags 2,28,2025-10-24,1594.0,1754.53334936508,160.53334936508008
remaining_extra_trees_poultry,extra_trees,2025-4,Tags 1,7,2025-09-02,1441.5,1349.4700479365063,-92.02995206349374
remaining_extra_trees_poultry,extra_trees,2025-4,Tags 1,14,2025-09-09,1441.5,1557.2295113528257,115.72951135282574
remaining_extra_trees_poultry,extra_trees,2025-4,Tags 1,21,2025-09-16,1441.5,1550.5462762433851,109.04627624338514
remaining_extra_trees_poultry,extra_trees,2025-4,Tags 1,28,2025-09-23,1441.5,1286.2364209523812,-155.2635790476188
remaining_extra_trees_poultry,extra_trees,2025-4,Tags 2,7,2025-09-02,1450.0400000000002,1301.6438907936492,-148.39610920635096
remaining_extra_trees_poultry,extra_trees,2025-4,Tags 2,14,2025-09-09,1450.0400000000002,1555.331824363521,105.29182436352085
remaining_extra_trees_poultry,extra_trees,2025-4,Tags 2,21,2025-09-16,1450.0400000000002,1571.5027640079354,121.46276400793522
remaining_extra_trees_poultry,extra_trees,2025-4,Tags 2,28,2025-09-23,1450.0400000000002,1338.4013600000003,-111.6386399999999
remaining_extra_trees_poultry,extra_trees,2025-4,Tags 3,7,2025-09-02,1293.1200000000001,1341.897898888887,48.777898888886966
remaining_extra_trees_poultry,extra_trees,2025-4,Tags 3,14,2025-09-09,1293.1200000000001,1649.5281837711261,356.408183771126
remaining_extra_trees_poultry,extra_trees,2025-4,Tags 3,21,2025-09-16,1293.1200000000001,1562.887468306878,269.76746830687784
remaining_extra_trees_poultry,extra_trees,2025-4,Tags 3,28,2025-09-23,1293.1200000000001,1358.4689388888892,65.34893888888905
remaining_extra_trees_poultry,extra_trees,2025-5,Lags 1,7,2025-12-17,1306.0,1605.6324166498307,299.6324166498307
remaining_extra_trees_poultry,extra_trees,2025-5,Lags 1,14,2025-12-24,1306.0,1511.9738432133856,205.97384321338563
remaining_extra_trees_poultry,extra_trees,2025-5,Lags 1,21,2025-12-31,1306.0,1405.915060555556,99.91506055555601
remaining_extra_trees_poultry,extra_trees,2025-5,Lags 1,28,2026-01-07,1306.0,1427.1323665079371,121.13236650793715
remaining_extra_trees_poultry,extra_trees,2025-5,Lags 2,7,2025-12-24,1176.0,1623.5483403703677,447.54834037036767
remaining_extra_trees_poultry,extra_trees,2025-5,Lags 2,14,2025-12-31,1176.0,1495.851190506845,319.8511905068449
remaining_extra_trees_poultry,extra_trees,2025-5,Lags 2,21,2026-01-07,1176.0,1332.3291548412703,156.32915484127034
remaining_extra_trees_poultry,extra_trees,2025-5,Lags 2,28,2026-01-14,1176.0,1281.958628571429,105.95862857142902
remaining_extra_trees_poultry,extra_trees,2025-5,Lags 3,7,2026-01-02,1182.0,1636.8849783333303,454.8849783333303
remaining_extra_trees_poultry,extra_trees,2025-5,Lags 3,14,2026-01-09,1182.0,1510.2239223050904,328.22392230509035
remaining_extra_trees_poultry,extra_trees,2025-5,Lags 3,21,2026-01-16,1182.0,1338.5382970634928,156.5382970634928
remaining_extra_trees_poultry,extra_trees,2025-5,Lags 3,28,2026-01-23,1182.0,1299.6998895238098,117.69988952380982
remaining_extra_trees_poultry,extra_trees,2025-5,Tags 1,7,2025-11-18,1702.0,1461.7327419492553,-240.26725805074466
remaining_extra_trees_poultry,extra_trees,2025-5,Tags 1,14,2025-11-25,1702.0,1464.3090655038084,-237.69093449619163
remaining_extra_trees_poultry,extra_trees,2025-5,Tags 1,21,2025-12-02,1702.0,1364.1204510317452,-337.87954896825477
remaining_extra_trees_poultry,extra_trees,2025-5,Tags 1,28,2025-12-09,1702.0,1606.1615323809526,-95.83846761904738
remaining_extra_trees_poultry,extra_trees,2025-5,Tags 2,7,2025-11-18,1776.0,1519.2112707239064,-256.7887292760936
remaining_extra_trees_poultry,extra_trees,2025-5,Tags 2,14,2025-11-25,1776.0,1492.7737438371419,-283.22625616285814
remaining_extra_trees_poultry,extra_trees,2025-5,Tags 2,21,2025-12-02,1776.0,1501.2690898412693,-274.7309101587307
remaining_extra_trees_poultry,extra_trees,2025-5,Tags 2,28,2025-12-09,1776.0,1545.0629520634918,-230.93704793650818
remaining_extra_trees_poultry,extra_trees,2025-5,Tags 3,7,2025-11-18,1738.0,1456.9712842147676,-281.0287157852324
remaining_extra_trees_poultry,extra_trees,2025-5,Tags 3,14,2025-11-25,1738.0,1480.4075216149195,-257.59247838508054
remaining_extra_trees_poultry,extra_trees,2025-5,Tags 3,21,2025-12-02,1738.0,1489.4259006349205,-248.57409936507952
remaining_extra_trees_poultry,extra_trees,2025-5,Tags 3,28,2025-12-09,1738.0,1573.4491115873016,-164.55088841269844
remaining_extra_trees_poultry,extra_trees,2026-1,Lags 1,7,2026-03-12,1605.9999999999998,1482.4104934656054,-123.58950653439433
remaining_extra_trees_poultry,extra_trees,2026-1,Lags 1,14,2026-03-19,1605.9999999999998,1536.4430550717516,-69.55694492824819
remaining_extra_trees_poultry,extra_trees,2026-1,Lags 1,21,2026-03-26,1605.9999999999998,1527.6321722445289,-78.3678277554709
remaining_extra_trees_poultry,extra_trees,2026-1,Lags 1,28,2026-04-02,1605.9999999999998,1565.5820369072703,-40.41796309272945
remaining_extra_trees_poultry,extra_trees,2026-1,Lags 2,7,2026-03-20,1972.0000000000002,1504.7386026455,-467.26139735450033
remaining_extra_trees_poultry,extra_trees,2026-1,Lags 2,14,2026-03-27,1972.0000000000002,1621.761260812411,-350.2387391875893
remaining_extra_trees_poultry,extra_trees,2026-1,Lags 2,21,2026-04-03,1972.0000000000002,1808.2290322103358,-163.77096778966438
remaining_extra_trees_poultry,extra_trees,2026-1,Lags 2,28,2026-04-10,1972.0000000000002,1835.9911737278462,-136.008826272154
remaining_extra_trees_poultry,extra_trees,2026-1,Lags 3,7,2026-03-27,1691.4399999999998,1484.502888306877,-206.93711169312292
remaining_extra_trees_poultry,extra_trees,2026-1,Lags 3,14,2026-04-03,1691.4399999999998,1379.5471803681244,-311.89281963187545
remaining_extra_trees_poultry,extra_trees,2026-1,Lags 3,21,2026-04-10,1691.4399999999998,1387.3374310438146,-304.1025689561852
remaining_extra_trees_poultry,extra_trees,2026-1,Lags 3,28,2026-04-17,1691.4399999999998,1518.4355015414328,-173.004498458567
remaining_extra_trees_poultry,extra_trees,2026-1,Tags 1,7,2026-02-06,1446.68,1528.1960952645475,81.5160952645474
remaining_extra_trees_poultry,extra_trees,2026-1,Tags 1,14,2026-02-13,1446.68,1556.4432159913226,109.76321599132257
remaining_extra_trees_poultry,extra_trees,2026-1,Tags 1,21,2026-02-20,1446.68,1644.6853652378832,198.0053652378831
remaining_extra_trees_poultry,extra_trees,2026-1,Tags 1,28,2026-02-27,1446.68,1572.0965945809749,125.41659458097479
remaining_extra_trees_poultry,extra_trees,2026-1,Tags 2,7,2026-02-06,1550.16,1573.2986017724852,23.138601772485117
remaining_extra_trees_poultry,extra_trees,2026-1,Tags 2,14,2026-02-13,1550.16,1539.4626045857883,-10.697395414211769
remaining_extra_trees_poultry,extra_trees,2026-1,Tags 2,21,2026-02-20,1550.16,1660.802942985326,110.64294298532582
remaining_extra_trees_poultry,extra_trees,2026-1,Tags 2,28,2026-02-27,1550.16,1539.89311440171,-10.266885598290173
remaining_extra_trees_poultry,extra_trees,2026-1,Tags 3,7,2026-02-06,1691.4399999999998,1527.3138111375629,-164.12618886243695
remaining_extra_trees_poultry,extra_trees,2026-1,Tags 3,14,2026-02-13,1691.4399999999998,1537.8401665598442,-153.59983344015563
remaining_extra_trees_poultry,extra_trees,2026-1,Tags 3,21,2026-02-20,1691.4399999999998,1665.3816832499856,-26.058316750014228
remaining_extra_trees_poultry,extra_trees,2026-1,Tags 3,28,2026-02-27,1691.4399999999998,1564.1385694111448,-127.30143058885506
remaining_extra_trees_poultry,extra_trees,2026-2,Lags 1,7,2026-06-08,1192.0,1666.6575205256424,474.65752052564244
remaining_extra_trees_poultry,extra_trees,2026-2,Lags 1,14,2026-06-15,1192.0,1567.0005956349203,375.0005956349203
remaining_extra_trees_poultry,extra_trees,2026-2,Lags 1,21,2026-06-22,1192.0,1369.0998564682538,177.09985646825385
remaining_extra_trees_poultry,extra_trees,2026-2,Lags 1,28,2026-06-29,1192.0,1181.2702696950978,-10.729730304902205
remaining_extra_trees_poultry,extra_trees,2026-2,Lags 2,7,2026-06-16,1204.0,1642.5377353764723,438.53773537647226
remaining_extra_trees_poultry,extra_trees,2026-2,Lags 2,14,2026-06-23,1204.0,1525.155707301586,321.15570730158606
remaining_extra_trees_poultry,extra_trees,2026-2,Lags 2,21,2026-06-30,1204.0,1355.4081581746027,151.4081581746027
remaining_extra_trees_poultry,extra_trees,2026-2,Lags 2,28,2026-07-07,1204.0,1258.371493211026,54.37149321102606
remaining_extra_trees_poultry,extra_trees,2026-2,Lags 3,7,2026-06-22,1078.0,1315.4457913604795,237.44579136047946
remaining_extra_trees_poultry,extra_trees,2026-2,Lags 3,14,2026-06-29,1078.0,1417.3551381746033,339.3551381746033
remaining_extra_trees_poultry,extra_trees,2026-2,Lags 3,21,2026-07-06,1078.0,1262.6908131349203,184.6908131349203
remaining_extra_trees_poultry,extra_trees,2026-2,Lags 3,28,2026-07-13,1078.0,1080.1056827607576,2.105682760757645
remaining_extra_trees_poultry,extra_trees,2026-2,Tags 1,7,2026-04-25,1360.0,1649.9706547962564,289.97065479625644
remaining_extra_trees_poultry,extra_trees,2026-2,Tags 1,14,2026-05-02,1360.0,1604.3212996031739,244.32129960317388
remaining_extra_trees_poultry,extra_trees,2026-2,Tags 1,21,2026-05-09,1360.0,1594.7224143253957,234.72241432539568
remaining_extra_trees_poultry,extra_trees,2026-2,Tags 1,28,2026-05-16,1360.0,1564.2462541421323,204.24625414213233
remaining_extra_trees_poultry,extra_trees,2026-2,Tags 2,7,2026-04-25,1556.2800000000002,1610.4799764924119,54.19997649241168
remaining_extra_trees_poultry,extra_trees,2026-2,Tags 2,14,2026-05-02,1556.2800000000002,1613.3832208730141,57.103220873013925
remaining_extra_trees_poultry,extra_trees,2026-2,Tags 2,21,2026-05-09,1556.2800000000002,1604.351226741222,48.071226741221835
remaining_extra_trees_poultry,extra_trees,2026-2,Tags 2,28,2026-05-16,1556.2800000000002,1667.8154956291623,111.53549562916214
remaining_extra_trees_poultry,extra_trees,2026-2,Tags 3,7,2026-04-25,1564.0,1654.697463144145,90.6974631441451
remaining_extra_trees_poultry,extra_trees,2026-2,Tags 3,14,2026-05-02,1564.0,1619.4783079365077,55.47830793650769
remaining_extra_trees_poultry,extra_trees,2026-2,Tags 3,21,2026-05-09,1564.0,1586.205535251322,22.20553525132209
remaining_extra_trees_poultry,extra_trees,2026-2,Tags 3,28,2026-05-16,1564.0,1589.9269098997079,25.92690989970788
direct_random_forest_poultry,random_forest,2025-2,Tags 1,7,2025-04-04,1573.0,1556.4668674777079,-16.533132522292135
direct_random_forest_poultry,random_forest,2025-2,Tags 1,14,2025-04-11,1573.0,1551.907088876864,-21.09291112313599
direct_random_forest_poultry,random_forest,2025-2,Tags 1,21,2025-04-18,1573.0,1604.2245658453103,31.22456584531028
direct_random_forest_poultry,random_forest,2025-2,Tags 1,28,2025-04-25,1573.0,1642.1274360231582,69.12743602315822
direct_random_forest_poultry,random_forest,2025-2,Tags 2,7,2025-04-04,1599.0,1558.373128586034,-40.626871413966
direct_random_forest_poultry,random_forest,2025-2,Tags 2,14,2025-04-11,1599.0,1557.912126537999,-41.08787346200097
direct_random_forest_poultry,random_forest,2025-2,Tags 2,21,2025-04-18,1599.0,1616.1526575716405,17.152657571640475
direct_random_forest_poultry,random_forest,2025-2,Tags 2,28,2025-04-25,1599.0,1643.3689963883485,44.36899638834848
direct_random_forest_poultry,random_forest,2025-2,Tags 3,7,2025-04-04,1544.0,1557.2800246706902,13.280024670690182
direct_random_forest_poultry,random_forest,2025-2,Tags 3,14,2025-04-11,1544.0,1557.0897088701113,13.08970887011128
direct_random_forest_poultry,random_forest,2025-2,Tags 3,21,2025-04-18,1544.0,1621.8001899183432,77.80018991834322
direct_random_forest_poultry,random_forest,2025-2,Tags 3,28,2025-04-25,1544.0,1560.6689297283328,16.66892972833284
direct_random_forest_poultry,random_forest,2025-3,Lags 1,7,2025-07-16,1479.9999999999998,1359.8989037167537,-120.10109628324608
direct_random_forest_poultry,random_forest,2025-3,Lags 1,14,2025-07-23,1479.9999999999998,1616.1210319204865,136.12103192048676
direct_random_forest_poultry,random_forest,2025-3,Lags 1,21,2025-07-30,1479.9999999999998,1555.1167814373698,75.11678143737004
direct_random_forest_poultry,random_forest,2025-3,Lags 1,28,2025-08-06,1479.9999999999998,1341.8809414983166,-138.11905850168318
direct_random_forest_poultry,random_forest,2025-3,Lags 2,7,2025-07-22,1554.0,1395.3397845248987,-158.66021547510127
direct_random_forest_poultry,random_forest,2025-3,Lags 2,14,2025-07-29,1554.0,1460.9627333799535,-93.03726662004647
direct_random_forest_poultry,random_forest,2025-3,Lags 2,21,2025-08-05,1554.0,1527.6308550953092,-26.369144904690756
direct_random_forest_poultry,random_forest,2025-3,Lags 2,28,2025-08-12,1554.0,1470.0584882635874,-83.94151173641262
direct_random_forest_poultry,random_forest,2025-3,Tags 1,7,2025-06-20,1477.24,1590.5614213599774,113.32142135997742
direct_random_forest_poultry,random_forest,2025-3,Tags 1,14,2025-06-27,1477.24,1597.3695058143157,120.12950581431573
direct_random_forest_poultry,random_forest,2025-3,Tags 1,21,2025-07-04,1477.24,1577.6872110241247,100.44721102412473
direct_random_forest_poultry,random_forest,2025-3,Tags 1,28,2025-07-11,1477.24,1575.4124239837397,98.17242398373969
direct_random_forest_poultry,random_forest,2025-3,Tags 2,7,2025-06-20,1490.24,1590.8186446045108,100.57864460451083
direct_random_forest_poultry,random_forest,2025-3,Tags 2,14,2025-06-27,1490.24,1587.7377496671297,97.49774966712971
direct_random_forest_poultry,random_forest,2025-3,Tags 2,21,2025-07-04,1490.24,1578.107714304548,87.86771430454792
direct_random_forest_poultry,random_forest,2025-3,Tags 2,28,2025-07-11,1490.24,1608.3267522876565,118.08675228765651
direct_random_forest_poultry,random_forest,2025-3,Tags 3,7,2025-06-20,1582.1,1599.9895253149916,17.889525314991715
direct_random_forest_poultry,random_forest,2025-3,Tags 3,14,2025-06-27,1582.1,1621.1999602743008,39.099960274300884
direct_random_forest_poultry,random_forest,2025-3,Tags 3,21,2025-07-04,1582.1,1572.5543956232189,-9.545604376781057
direct_random_forest_poultry,random_forest,2025-3,Tags 3,28,2025-07-11,1582.1,1602.5483229549513,20.448322954951436
direct_random_forest_poultry,random_forest,2025-4,Lags 1,7,2025-10-03,1568.0,1409.0331378866215,-158.9668621133785
direct_random_forest_poultry,random_forest,2025-4,Lags 1,14,2025-10-10,1568.0,1577.4995815297887,9.499581529788657
direct_random_forest_poultry,random_forest,2025-4,Lags 1,21,2025-10-17,1568.0,1644.1788514886118,76.17885148861183
direct_random_forest_poultry,random_forest,2025-4,Lags 1,28,2025-10-24,1568.0,1628.4989695185188,60.498969518518834
direct_random_forest_poultry,random_forest,2025-4,Lags 2,7,2025-10-03,1594.0,1397.735991157425,-196.2640088425751
direct_random_forest_poultry,random_forest,2025-4,Lags 2,14,2025-10-10,1594.0,1546.0123079226742,-47.987692077325846
direct_random_forest_poultry,random_forest,2025-4,Lags 2,21,2025-10-17,1594.0,1590.54551482076,-3.4544851792400095
direct_random_forest_poultry,random_forest,2025-4,Lags 2,28,2025-10-24,1594.0,1568.4275493689943,-25.572450631005722
direct_random_forest_poultry,random_forest,2025-4,Tags 1,7,2025-09-02,1441.5,1429.7172221477313,-11.782777852268737
direct_random_forest_poultry,random_forest,2025-4,Tags 1,14,2025-09-09,1441.5,1556.038517510237,114.53851751023694
direct_random_forest_poultry,random_forest,2025-4,Tags 1,21,2025-09-16,1441.5,1559.952692912051,118.4526929120509
direct_random_forest_poultry,random_forest,2025-4,Tags 1,28,2025-09-23,1441.5,1416.3738782802002,-25.126121719799812
direct_random_forest_poultry,random_forest,2025-4,Tags 2,7,2025-09-02,1450.0400000000002,1399.1783098971391,-50.861690102861076
direct_random_forest_poultry,random_forest,2025-4,Tags 2,14,2025-09-09,1450.0400000000002,1557.103190126156,107.06319012615586
direct_random_forest_poultry,random_forest,2025-4,Tags 2,21,2025-09-16,1450.0400000000002,1559.4503754858802,109.41037548587997
direct_random_forest_poultry,random_forest,2025-4,Tags 2,28,2025-09-23,1450.0400000000002,1439.4784110936896,-10.56158890631059
direct_random_forest_poultry,random_forest,2025-4,Tags 3,7,2025-09-02,1293.1200000000001,1432.369202510887,139.2492025108868
direct_random_forest_poultry,random_forest,2025-4,Tags 3,14,2025-09-09,1293.1200000000001,1642.964142849913,349.84414284991294
direct_random_forest_poultry,random_forest,2025-4,Tags 3,21,2025-09-16,1293.1200000000001,1605.1224117476559,312.00241174765574
direct_random_forest_poultry,random_forest,2025-4,Tags 3,28,2025-09-23,1293.1200000000001,1489.7752515565417,196.65525155654154
direct_random_forest_poultry,random_forest,2025-5,Lags 1,7,2025-12-17,1306.0,1528.6519645241792,222.65196452417922
direct_random_forest_poultry,random_forest,2025-5,Lags 1,14,2025-12-24,1306.0,1498.7614990993436,192.7614990993436
direct_random_forest_poultry,random_forest,2025-5,Lags 1,21,2025-12-31,1306.0,1466.804858090244,160.8048580902439
direct_random_forest_poultry,random_forest,2025-5,Lags 1,28,2026-01-07,1306.0,1455.7505494897696,149.75054948976958
direct_random_forest_poultry,random_forest,2025-5,Lags 2,7,2025-12-24,1176.0,1483.757307854183,307.75730785418295
direct_random_forest_poultry,random_forest,2025-5,Lags 2,14,2025-12-31,1176.0,1488.973241379711,312.973241379711
direct_random_forest_poultry,random_forest,2025-5,Lags 2,21,2026-01-07,1176.0,1442.9380175082326,266.93801750823263
direct_random_forest_poultry,random_forest,2025-5,Lags 2,28,2026-01-14,1176.0,1384.3356904121804,208.33569041218038
direct_random_forest_poultry,random_forest,2025-5,Lags 3,7,2026-01-02,1182.0,1535.2765817308614,353.2765817308614
direct_random_forest_poultry,random_forest,2025-5,Lags 3,14,2026-01-09,1182.0,1489.7128471001458,307.71284710014584
direct_random_forest_poultry,random_forest,2025-5,Lags 3,21,2026-01-16,1182.0,1439.1964158391609,257.19641583916086
direct_random_forest_poultry,random_forest,2025-5,Lags 3,28,2026-01-23,1182.0,1390.7483385122284,208.74833851222843
direct_random_forest_poultry,random_forest,2025-5,Tags 1,7,2025-11-18,1702.0,1418.1246894705296,-283.8753105294704
direct_random_forest_poultry,random_forest,2025-5,Tags 1,14,2025-11-25,1702.0,1492.0467048023957,-209.95329519760435
direct_random_forest_poultry,random_forest,2025-5,Tags 1,21,2025-12-02,1702.0,1469.956545421061,-232.04345457893896
direct_random_forest_poultry,random_forest,2025-5,Tags 1,28,2025-12-09,1702.0,1544.43050785927,-157.56949214073006
direct_random_forest_poultry,random_forest,2025-5,Tags 2,7,2025-11-18,1776.0,1467.7844479494574,-308.21555205054256
direct_random_forest_poultry,random_forest,2025-5,Tags 2,14,2025-11-25,1776.0,1525.2699737102555,-250.7300262897445
direct_random_forest_poultry,random_forest,2025-5,Tags 2,21,2025-12-02,1776.0,1540.4639670607173,-235.53603293928268
direct_random_forest_poultry,random_forest,2025-5,Tags 2,28,2025-12-09,1776.0,1566.1802670534087,-209.81973294659133
direct_random_forest_poultry,random_forest,2025-5,Tags 3,7,2025-11-18,1738.0,1441.6697266812819,-296.3302733187181
direct_random_forest_poultry,random_forest,2025-5,Tags 3,14,2025-11-25,1738.0,1503.575769142451,-234.424230857549
direct_random_forest_poultry,random_forest,2025-5,Tags 3,21,2025-12-02,1738.0,1527.3398681209533,-210.66013187904673
direct_random_forest_poultry,random_forest,2025-5,Tags 3,28,2025-12-09,1738.0,1570.1726167124536,-167.82738328754635
direct_random_forest_poultry,random_forest,2026-1,Lags 1,7,2026-03-12,1605.9999999999998,1422.9081034529659,-183.0918965470339
direct_random_forest_poultry,random_forest,2026-1,Lags 1,14,2026-03-19,1605.9999999999998,1477.9222869378818,-128.07771306211794
direct_random_forest_poultry,random_forest,2026-1,Lags 1,21,2026-03-26,1605.9999999999998,1488.9407891026804,-117.05921089731942
direct_random_forest_poultry,random_forest,2026-1,Lags 1,28,2026-04-02,1605.9999999999998,1528.5613660982528,-77.43863390174693
direct_random_forest_poultry,random_forest,2026-1,Lags 2,7,2026-03-20,1972.0000000000002,1395.591267118149,-576.4087328818512
direct_random_forest_poultry,random_forest,2026-1,Lags 2,14,2026-03-27,1972.0000000000002,1485.9251976170503,-486.0748023829499
direct_random_forest_poultry,random_forest,2026-1,Lags 2,21,2026-04-03,1972.0000000000002,1500.4497751835079,-471.55022481649235
direct_random_forest_poultry,random_forest,2026-1,Lags 2,28,2026-04-10,1972.0000000000002,1555.3537774618894,-416.6462225381108
direct_random_forest_poultry,random_forest,2026-1,Lags 3,7,2026-03-27,1691.4399999999998,1424.553365588489,-266.88663441151084
direct_random_forest_poultry,random_forest,2026-1,Lags 3,14,2026-04-03,1691.4399999999998,1359.7577993278458,-331.68220067215407
direct_random_forest_poultry,random_forest,2026-1,Lags 3,21,2026-04-10,1691.4399999999998,1423.854903893575,-267.58509610642477
direct_random_forest_poultry,random_forest,2026-1,Lags 3,28,2026-04-17,1691.4399999999998,1471.664932872961,-219.77506712703894
direct_random_forest_poultry,random_forest,2026-1,Tags 1,7,2026-02-06,1446.68,1538.2155922164168,91.53559221641672
direct_random_forest_poultry,random_forest,2026-1,Tags 1,14,2026-02-13,1446.68,1470.1508680327242,23.470868032724184
direct_random_forest_poultry,random_forest,2026-1,Tags 1,21,2026-02-20,1446.68,1514.8147346001138,68.13473460011369
direct_random_forest_poultry,random_forest,2026-1,Tags 1,28,2026-02-27,1446.68,1544.0653151312574,97.38531513125736
direct_random_forest_poultry,random_forest,2026-1,Tags 2,7,2026-02-06,1550.16,1616.6729800947592,66.51298009475909
direct_random_forest_poultry,random_forest,2026-1,Tags 2,14,2026-02-13,1550.16,1527.91051049832,-22.249489501680046
direct_random_forest_poultry,random_forest,2026-1,Tags 2,21,2026-02-20,1550.16,1534.104197023965,-16.05580297603501
direct_random_forest_poultry,random_forest,2026-1,Tags 2,28,2026-02-27,1550.16,1503.849309090631,-46.31069090936899
direct_random_forest_poultry,random_forest,2026-1,Tags 3,7,2026-02-06,1691.4399999999998,1498.6078136771293,-192.83218632287048
direct_random_forest_poultry,random_forest,2026-1,Tags 3,14,2026-02-13,1691.4399999999998,1486.4366369510608,-205.00336304893904
direct_random_forest_poultry,random_forest,2026-1,Tags 3,21,2026-02-20,1691.4399999999998,1516.334026444033,-175.10597355596678
direct_random_forest_poultry,random_forest,2026-1,Tags 3,28,2026-02-27,1691.4399999999998,1474.9083603340177,-216.53163966598208
direct_random_forest_poultry,random_forest,2026-2,Lags 1,7,2026-06-08,1192.0,1657.9760884024083,465.9760884024083
direct_random_forest_poultry,random_forest,2026-2,Lags 1,14,2026-06-15,1192.0,1627.0678181313124,435.0678181313124
direct_random_forest_poultry,random_forest,2026-2,Lags 1,21,2026-06-22,1192.0,1570.3858169913428,378.38581699134284
direct_random_forest_poultry,random_forest,2026-2,Lags 1,28,2026-06-29,1192.0,1395.7194325690984,203.71943256909844
direct_random_forest_poultry,random_forest,2026-2,Lags 2,7,2026-06-16,1204.0,1649.0852166465029,445.0852166465029
direct_random_forest_poultry,random_forest,2026-2,Lags 2,14,2026-06-23,1204.0,1564.8889199374694,360.8889199374694
direct_random_forest_poultry,random_forest,2026-2,Lags 2,21,2026-06-30,1204.0,1559.8654256685913,355.86542566859134
direct_random_forest_poultry,random_forest,2026-2,Lags 2,28,2026-07-07,1204.0,1399.0999969341776,195.09999693417763
direct_random_forest_poultry,random_forest,2026-2,Lags 3,7,2026-06-22,1078.0,1317.259506135425,239.259506135425
direct_random_forest_poultry,random_forest,2026-2,Lags 3,14,2026-06-29,1078.0,1454.3486857407406,376.3486857407406
direct_random_forest_poultry,random_forest,2026-2,Lags 3,21,2026-07-06,1078.0,1378.8909231072632,300.89092310726323
direct_random_forest_poultry,random_forest,2026-2,Lags 3,28,2026-07-13,1078.0,1362.3697078576986,284.3697078576986
direct_random_forest_poultry,random_forest,2026-2,Tags 1,7,2026-04-25,1360.0,1634.1449742099437,274.1449742099437
direct_random_forest_poultry,random_forest,2026-2,Tags 1,14,2026-05-02,1360.0,1636.3273763780655,276.32737637806554
direct_random_forest_poultry,random_forest,2026-2,Tags 1,21,2026-05-09,1360.0,1624.8391673833578,264.8391673833578
direct_random_forest_poultry,random_forest,2026-2,Tags 1,28,2026-05-16,1360.0,1565.1534339448524,205.1534339448524
direct_random_forest_poultry,random_forest,2026-2,Tags 2,7,2026-04-25,1556.2800000000002,1617.9954180180257,61.7154180180255
direct_random_forest_poultry,random_forest,2026-2,Tags 2,14,2026-05-02,1556.2800000000002,1606.2617206902341,49.98172069023394
direct_random_forest_poultry,random_forest,2026-2,Tags 2,21,2026-05-09,1556.2800000000002,1594.9430702390207,38.6630702390205
direct_random_forest_poultry,random_forest,2026-2,Tags 2,28,2026-05-16,1556.2800000000002,1539.1371574424654,-17.142842557534777
direct_random_forest_poultry,random_forest,2026-2,Tags 3,7,2026-04-25,1564.0,1628.7722479292731,64.77224792927314
direct_random_forest_poultry,random_forest,2026-2,Tags 3,14,2026-05-02,1564.0,1640.7689049639243,76.76890496392434
direct_random_forest_poultry,random_forest,2026-2,Tags 3,21,2026-05-09,1564.0,1597.269652858067,33.26965285806705
direct_random_forest_poultry,random_forest,2026-2,Tags 3,28,2026-05-16,1564.0,1556.817365371758,-7.182634628242113
direct_gradient_boosting_poultry,gradient_boosting,2025-2,Tags 1,7,2025-04-04,1573.0,1567.4857137757406,-5.514286224259422
direct_gradient_boosting_poultry,gradient_boosting,2025-2,Tags 1,14,2025-04-11,1573.0,1566.3514694487183,-6.648530551281738
direct_gradient_boosting_poultry,gradient_boosting,2025-2,Tags 1,21,2025-04-18,1573.0,1563.8425305930627,-9.157469406937253
direct_gradient_boosting_poultry,gradient_boosting,2025-2,Tags 1,28,2025-04-25,1573.0,1620.1689561819635,47.168956181963495
direct_gradient_boosting_poultry,gradient_boosting,2025-2,Tags 2,7,2025-04-04,1599.0,1567.4857137757406,-31.514286224259422
direct_gradient_boosting_poultry,gradient_boosting,2025-2,Tags 2,14,2025-04-11,1599.0,1566.3514694487183,-32.64853055128174
direct_gradient_boosting_poultry,gradient_boosting,2025-2,Tags 2,21,2025-04-18,1599.0,1563.8425305930627,-35.15746940693725
direct_gradient_boosting_poultry,gradient_boosting,2025-2,Tags 2,28,2025-04-25,1599.0,1620.1689561819635,21.168956181963495
direct_gradient_boosting_poultry,gradient_boosting,2025-2,Tags 3,7,2025-04-04,1544.0,1567.4857137757406,23.485713775740578
direct_gradient_boosting_poultry,gradient_boosting,2025-2,Tags 3,14,2025-04-11,1544.0,1566.3514694487183,22.351469448718262
direct_gradient_boosting_poultry,gradient_boosting,2025-2,Tags 3,21,2025-04-18,1544.0,1563.8425305930627,19.842530593062747
direct_gradient_boosting_poultry,gradient_boosting,2025-2,Tags 3,28,2025-04-25,1544.0,1560.8201365255322,16.820136525532234
direct_gradient_boosting_poultry,gradient_boosting,2025-3,Lags 1,7,2025-07-16,1479.9999999999998,1374.4920214033205,-105.50797859667932
direct_gradient_boosting_poultry,gradient_boosting,2025-3,Lags 1,14,2025-07-23,1479.9999999999998,1604.2849328885438,124.28493288854406
direct_gradient_boosting_poultry,gradient_boosting,2025-3,Lags 1,21,2025-07-30,1479.9999999999998,1529.017881065482,49.01788106548224
direct_gradient_boosting_poultry,gradient_boosting,2025-3,Lags 1,28,2025-08-06,1479.9999999999998,1300.6166485956946,-179.38335140430513
direct_gradient_boosting_poultry,gradient_boosting,2025-3,Lags 2,7,2025-07-22,1554.0,1288.6481650263004,-265.3518349736996
direct_gradient_boosting_poultry,gradient_boosting,2025-3,Lags 2,14,2025-07-29,1554.0,1539.5527840369803,-14.447215963019744
direct_gradient_boosting_poultry,gradient_boosting,2025-3,Lags 2,21,2025-08-05,1554.0,1553.828377885244,-0.17162211475601907
direct_gradient_boosting_poultry,gradient_boosting,2025-3,Lags 2,28,2025-08-12,1554.0,1517.1030947771887,-36.896905222811256
direct_gradient_boosting_poultry,gradient_boosting,2025-3,Tags 1,7,2025-06-20,1477.24,1589.6496217519339,112.40962175193386
direct_gradient_boosting_poultry,gradient_boosting,2025-3,Tags 1,14,2025-06-27,1477.24,1604.2849328885438,127.04493288854383
direct_gradient_boosting_poultry,gradient_boosting,2025-3,Tags 1,21,2025-07-04,1477.24,1578.9098546783644,101.66985467836435
direct_gradient_boosting_poultry,gradient_boosting,2025-3,Tags 1,28,2025-07-11,1477.24,1621.3503836641055,144.11038366410548
direct_gradient_boosting_poultry,gradient_boosting,2025-3,Tags 2,7,2025-06-20,1490.24,1589.6496217519339,99.40962175193386
direct_gradient_boosting_poultry,gradient_boosting,2025-3,Tags 2,14,2025-06-27,1490.24,1604.2849328885438,114.04493288854383
direct_gradient_boosting_poultry,gradient_boosting,2025-3,Tags 2,21,2025-07-04,1490.24,1574.8111529666944,84.5711529666944
direct_gradient_boosting_poultry,gradient_boosting,2025-3,Tags 2,28,2025-07-11,1490.24,1636.6395952186024,146.39959521860237
direct_gradient_boosting_poultry,gradient_boosting,2025-3,Tags 3,7,2025-06-20,1582.1,1589.6496217519339,7.549621751933955
direct_gradient_boosting_poultry,gradient_boosting,2025-3,Tags 3,14,2025-06-27,1582.1,1625.8892205363852,43.7892205363853
direct_gradient_boosting_poultry,gradient_boosting,2025-3,Tags 3,21,2025-07-04,1582.1,1574.8111529666944,-7.288847033305501
direct_gradient_boosting_poultry,gradient_boosting,2025-3,Tags 3,28,2025-07-11,1582.1,1636.6395952186024,54.53959521860247
direct_gradient_boosting_poultry,gradient_boosting,2025-4,Lags 1,7,2025-10-03,1568.0,1480.8141946959993,-87.18580530400072
direct_gradient_boosting_poultry,gradient_boosting,2025-4,Lags 1,14,2025-10-10,1568.0,1500.153710678457,-67.84628932154305
direct_gradient_boosting_poultry,gradient_boosting,2025-4,Lags 1,21,2025-10-17,1568.0,1564.520610360479,-3.4793896395210595
direct_gradient_boosting_poultry,gradient_boosting,2025-4,Lags 1,28,2025-10-24,1568.0,1610.4233113545463,42.423311354546286
direct_gradient_boosting_poultry,gradient_boosting,2025-4,Lags 2,7,2025-10-03,1594.0,1480.8141946959993,-113.18580530400072
direct_gradient_boosting_poultry,gradient_boosting,2025-4,Lags 2,14,2025-10-10,1594.0,1482.7957631825936,-111.20423681740635
direct_gradient_boosting_poultry,gradient_boosting,2025-4,Lags 2,21,2025-10-17,1594.0,1560.650930263063,-33.349069736937054
direct_gradient_boosting_poultry,gradient_boosting,2025-4,Lags 2,28,2025-10-24,1594.0,1539.0480828826737,-54.951917117326275
direct_gradient_boosting_poultry,gradient_boosting,2025-4,Tags 1,7,2025-09-02,1441.5,1429.7178305232535,-11.782169476746503
direct_gradient_boosting_poultry,gradient_boosting,2025-4,Tags 1,14,2025-09-09,1441.5,1519.873826503506,78.37382650350605
direct_gradient_boosting_poultry,gradient_boosting,2025-4,Tags 1,21,2025-09-16,1441.5,1502.0216482472492,60.52164824724923
direct_gradient_boosting_poultry,gradient_boosting,2025-4,Tags 1,28,2025-09-23,1441.5,1393.0086386239163,-48.49136137608366
direct_gradient_boosting_poultry,gradient_boosting,2025-4,Tags 2,7,2025-09-02,1450.0400000000002,1372.8667441912246,-77.1732558087756
direct_gradient_boosting_poultry,gradient_boosting,2025-4,Tags 2,14,2025-09-09,1450.0400000000002,1533.8201562084996,83.78015620849942
direct_gradient_boosting_poultry,gradient_boosting,2025-4,Tags 2,21,2025-09-16,1450.0400000000002,1575.3654216221219,125.32542162212167
direct_gradient_boosting_poultry,gradient_boosting,2025-4,Tags 2,28,2025-09-23,1450.0400000000002,1411.3108988728525,-38.729101127147715
direct_gradient_boosting_poultry,gradient_boosting,2025-4,Tags 3,7,2025-09-02,1293.1200000000001,1429.7178305232535,136.59783052325338
direct_gradient_boosting_poultry,gradient_boosting,2025-4,Tags 3,14,2025-09-09,1293.1200000000001,1570.898219529412,277.7782195294119
direct_gradient_boosting_poultry,gradient_boosting,2025-4,Tags 3,21,2025-09-16,1293.1200000000001,1586.2549414171588,293.13494141715864
direct_gradient_boosting_poultry,gradient_boosting,2025-4,Tags 3,28,2025-09-23,1293.1200000000001,1472.7234556708638,179.6034556708637
direct_gradient_boosting_poultry,gradient_boosting,2025-5,Lags 1,7,2025-12-17,1306.0,1523.0025982412335,217.0025982412335
direct_gradient_boosting_poultry,gradient_boosting,2025-5,Lags 1,14,2025-12-24,1306.0,1504.9996721415919,198.99967214159187
direct_gradient_boosting_poultry,gradient_boosting,2025-5,Lags 1,21,2025-12-31,1306.0,1411.8819531048941,105.88195310489414
direct_gradient_boosting_poultry,gradient_boosting,2025-5,Lags 1,28,2026-01-07,1306.0,1515.2228202306108,209.22282023061075
direct_gradient_boosting_poultry,gradient_boosting,2025-5,Lags 2,7,2025-12-24,1176.0,1486.9475321995908,310.9475321995908
direct_gradient_boosting_poultry,gradient_boosting,2025-5,Lags 2,14,2025-12-31,1176.0,1475.5957469960233,299.5957469960233
direct_gradient_boosting_poultry,gradient_boosting,2025-5,Lags 2,21,2026-01-07,1176.0,1431.3577272392208,255.35772723922082
direct_gradient_boosting_poultry,gradient_boosting,2025-5,Lags 2,28,2026-01-14,1176.0,1450.005103478455,274.0051034784551
direct_gradient_boosting_poultry,gradient_boosting,2025-5,Lags 3,7,2026-01-02,1182.0,1563.7391790382878,381.73917903828783
direct_gradient_boosting_poultry,gradient_boosting,2025-5,Lags 3,14,2026-01-09,1182.0,1499.0289453937899,317.02894539378985
direct_gradient_boosting_poultry,gradient_boosting,2025-5,Lags 3,21,2026-01-16,1182.0,1431.3577272392208,249.35772723922082
direct_gradient_boosting_poultry,gradient_boosting,2025-5,Lags 3,28,2026-01-23,1182.0,1447.747280376631,265.7472803766309
direct_gradient_boosting_poultry,gradient_boosting,2025-5,Tags 1,7,2025-11-18,1702.0,1413.674859458145,-288.32514054185503
direct_gradient_boosting_poultry,gradient_boosting,2025-5,Tags 1,14,2025-11-25,1702.0,1524.8634439658633,-177.13655603413667
direct_gradient_boosting_poultry,gradient_boosting,2025-5,Tags 1,21,2025-12-02,1702.0,1530.2478606951079,-171.75213930489213
direct_gradient_boosting_poultry,gradient_boosting,2025-5,Tags 1,28,2025-12-09,1702.0,1550.2106331942434,-151.78936680575657
direct_gradient_boosting_poultry,gradient_boosting,2025-5,Tags 2,7,2025-11-18,1776.0,1494.1609348356653,-281.83906516433467
direct_gradient_boosting_poultry,gradient_boosting,2025-5,Tags 2,14,2025-11-25,1776.0,1524.8634439658633,-251.13655603413667
direct_gradient_boosting_poultry,gradient_boosting,2025-5,Tags 2,21,2025-12-02,1776.0,1550.7975298778001,-225.20247012219988
direct_gradient_boosting_poultry,gradient_boosting,2025-5,Tags 2,28,2025-12-09,1776.0,1558.340103195677,-217.6598968043229
direct_gradient_boosting_poultry,gradient_boosting,2025-5,Tags 3,7,2025-11-18,1738.0,1436.9766447954116,-301.02335520458837
direct_gradient_boosting_poultry,gradient_boosting,2025-5,Tags 3,14,2025-11-25,1738.0,1524.8634439658633,-213.13655603413667
direct_gradient_boosting_poultry,gradient_boosting,2025-5,Tags 3,21,2025-12-02,1738.0,1530.2478606951079,-207.75213930489213
direct_gradient_boosting_poultry,gradient_boosting,2025-5,Tags 3,28,2025-12-09,1738.0,1585.3390311978865,-152.66096880211353
direct_gradient_boosting_poultry,gradient_boosting,2026-1,Lags 1,7,2026-03-12,1605.9999999999998,1433.0335432087015,-172.96645679129824
direct_gradient_boosting_poultry,gradient_boosting,2026-1,Lags 1,14,2026-03-19,1605.9999999999998,1468.373439947997,-137.6265600520028
direct_gradient_boosting_poultry,gradient_boosting,2026-1,Lags 1,21,2026-03-26,1605.9999999999998,1507.7860003725068,-98.21399962749297
direct_gradient_boosting_poultry,gradient_boosting,2026-1,Lags 1,28,2026-04-02,1605.9999999999998,1563.2739182058147,-42.72608179418512
direct_gradient_boosting_poultry,gradient_boosting,2026-1,Lags 2,7,2026-03-20,1972.0000000000002,1427.969229143483,-544.0307708565172
direct_gradient_boosting_poultry,gradient_boosting,2026-1,Lags 2,14,2026-03-27,1972.0000000000002,1471.318301819861,-500.68169818013916
direct_gradient_boosting_poultry,gradient_boosting,2026-1,Lags 2,21,2026-04-03,1972.0000000000002,1528.188728640184,-443.81127135981615
direct_gradient_boosting_poultry,gradient_boosting,2026-1,Lags 2,28,2026-04-10,1972.0000000000002,1563.2739182058147,-408.7260817941856
direct_gradient_boosting_poultry,gradient_boosting,2026-1,Lags 3,7,2026-03-27,1691.4399999999998,1433.0335432087015,-258.4064567912983
direct_gradient_boosting_poultry,gradient_boosting,2026-1,Lags 3,14,2026-04-03,1691.4399999999998,1371.8140251464358,-319.625974853564
direct_gradient_boosting_poultry,gradient_boosting,2026-1,Lags 3,21,2026-04-10,1691.4399999999998,1483.748855465278,-207.69114453472184
direct_gradient_boosting_poultry,gradient_boosting,2026-1,Lags 3,28,2026-04-17,1691.4399999999998,1487.7135932585302,-203.72640674146965
direct_gradient_boosting_poultry,gradient_boosting,2026-1,Tags 1,7,2026-02-06,1446.68,1542.2495053075343,95.5695053075342
direct_gradient_boosting_poultry,gradient_boosting,2026-1,Tags 1,14,2026-02-13,1446.68,1449.9680775669776,3.288077566977563
direct_gradient_boosting_poultry,gradient_boosting,2026-1,Tags 1,21,2026-02-20,1446.68,1553.9283917359257,107.24839173592568
direct_gradient_boosting_poultry,gradient_boosting,2026-1,Tags 1,28,2026-02-27,1446.68,1558.8041352170387,112.12413521703866
direct_gradient_boosting_poultry,gradient_boosting,2026-1,Tags 2,7,2026-02-06,1550.16,1544.2221097212948,-5.937890278705254
direct_gradient_boosting_poultry,gradient_boosting,2026-1,Tags 2,14,2026-02-13,1550.16,1499.6184365674396,-50.54156343256045
direct_gradient_boosting_poultry,gradient_boosting,2026-1,Tags 2,21,2026-02-20,1550.16,1556.3219271077503,6.161927107750216
direct_gradient_boosting_poultry,gradient_boosting,2026-1,Tags 2,28,2026-02-27,1550.16,1453.2168510266738,-96.94314897332629
direct_gradient_boosting_poultry,gradient_boosting,2026-1,Tags 3,7,2026-02-06,1691.4399999999998,1531.0809754225766,-160.35902457742327
direct_gradient_boosting_poultry,gradient_boosting,2026-1,Tags 3,14,2026-02-13,1691.4399999999998,1468.373439947997,-223.06656005200284
direct_gradient_boosting_poultry,gradient_boosting,2026-1,Tags 3,21,2026-02-20,1691.4399999999998,1545.8631521062296,-145.57684789377026
direct_gradient_boosting_poultry,gradient_boosting,2026-1,Tags 3,28,2026-02-27,1691.4399999999998,1453.2168510266738,-238.22314897332603
direct_gradient_boosting_poultry,gradient_boosting,2026-2,Lags 1,7,2026-06-08,1192.0,1647.5009320057034,455.50093200570336
direct_gradient_boosting_poultry,gradient_boosting,2026-2,Lags 1,14,2026-06-15,1192.0,1591.0438308673454,399.0438308673454
direct_gradient_boosting_poultry,gradient_boosting,2026-2,Lags 1,21,2026-06-22,1192.0,1482.1735537856173,290.1735537856173
direct_gradient_boosting_poultry,gradient_boosting,2026-2,Lags 1,28,2026-06-29,1192.0,1395.5104666405275,203.5104666405275
direct_gradient_boosting_poultry,gradient_boosting,2026-2,Lags 2,7,2026-06-16,1204.0,1597.827460495698,393.827460495698
direct_gradient_boosting_poultry,gradient_boosting,2026-2,Lags 2,14,2026-06-23,1204.0,1585.691865993959,381.691865993959
direct_gradient_boosting_poultry,gradient_boosting,2026-2,Lags 2,21,2026-06-30,1204.0,1482.1735537856173,278.1735537856173
direct_gradient_boosting_poultry,gradient_boosting,2026-2,Lags 2,28,2026-07-07,1204.0,1395.5104666405275,191.5104666405275
direct_gradient_boosting_poultry,gradient_boosting,2026-2,Lags 3,7,2026-06-22,1078.0,1367.4555739943692,289.45557399436916
direct_gradient_boosting_poultry,gradient_boosting,2026-2,Lags 3,14,2026-06-29,1078.0,1468.1891079017817,390.18910790178165
direct_gradient_boosting_poultry,gradient_boosting,2026-2,Lags 3,21,2026-07-06,1078.0,1363.0927716664237,285.0927716664237
direct_gradient_boosting_poultry,gradient_boosting,2026-2,Lags 3,28,2026-07-13,1078.0,1338.1703243322513,260.1703243322513
direct_gradient_boosting_poultry,gradient_boosting,2026-2,Tags 1,7,2026-04-25,1360.0,1627.5379022250534,267.53790222505336
direct_gradient_boosting_poultry,gradient_boosting,2026-2,Tags 1,14,2026-05-02,1360.0,1591.0438308673454,231.04383086734538
direct_gradient_boosting_poultry,gradient_boosting,2026-2,Tags 1,21,2026-05-09,1360.0,1622.918120719006,262.9181207190061
direct_gradient_boosting_poultry,gradient_boosting,2026-2,Tags 1,28,2026-05-16,1360.0,1623.6489874077893,263.64898740778926
direct_gradient_boosting_poultry,gradient_boosting,2026-2,Tags 2,7,2026-04-25,1556.2800000000002,1577.864430715048,21.5844307150478
direct_gradient_boosting_poultry,gradient_boosting,2026-2,Tags 2,14,2026-05-02,1556.2800000000002,1585.691865993959,29.411865993958827
direct_gradient_boosting_poultry,gradient_boosting,2026-2,Tags 2,21,2026-05-09,1556.2800000000002,1581.4593537606695,25.1793537606693
direct_gradient_boosting_poultry,gradient_boosting,2026-2,Tags 2,28,2026-05-16,1556.2800000000002,1615.8682218757249,59.588221875724685
direct_gradient_boosting_poultry,gradient_boosting,2026-2,Tags 3,7,2026-04-25,1564.0,1627.5379022250534,63.53790222505336
direct_gradient_boosting_poultry,gradient_boosting,2026-2,Tags 3,14,2026-05-02,1564.0,1591.0438308673454,27.043830867345378
direct_gradient_boosting_poultry,gradient_boosting,2026-2,Tags 3,21,2026-05-09,1564.0,1581.4593537606695,17.4593537606695
direct_gradient_boosting_poultry,gradient_boosting,2026-2,Tags 3,28,2026-05-16,1564.0,1615.8682218757249,51.868221875724885
direct_hist_gradient_boosting_poultry,hist_gradient_boosting,2025-2,Tags 1,7,2025-04-04,1573.0,1515.2359771355136,-57.76402286448638
direct_hist_gradient_boosting_poultry,hist_gradient_boosting,2025-2,Tags 1,14,2025-04-11,1573.0,1509.0591936886517,-63.9408063113483
direct_hist_gradient_boosting_poultry,hist_gradient_boosting,2025-2,Tags 1,21,2025-04-18,1573.0,1519.4857629044723,-53.51423709552773
direct_hist_gradient_boosting_poultry,hist_gradient_boosting,2025-2,Tags 1,28,2025-04-25,1573.0,1511.5273378686747,-61.47266213132525
direct_hist_gradient_boosting_poultry,hist_gradient_boosting,2025-2,Tags 2,7,2025-04-04,1599.0,1515.2359771355136,-83.76402286448638
direct_hist_gradient_boosting_poultry,hist_gradient_boosting,2025-2,Tags 2,14,2025-04-11,1599.0,1509.0591936886517,-89.9408063113483
direct_hist_gradient_boosting_poultry,hist_gradient_boosting,2025-2,Tags 2,21,2025-04-18,1599.0,1519.4857629044723,-79.51423709552773
direct_hist_gradient_boosting_poultry,hist_gradient_boosting,2025-2,Tags 2,28,2025-04-25,1599.0,1511.5273378686747,-87.47266213132525
direct_hist_gradient_boosting_poultry,hist_gradient_boosting,2025-2,Tags 3,7,2025-04-04,1544.0,1515.2359771355136,-28.76402286448638
direct_hist_gradient_boosting_poultry,hist_gradient_boosting,2025-2,Tags 3,14,2025-04-11,1544.0,1509.0591936886517,-34.9408063113483
direct_hist_gradient_boosting_poultry,hist_gradient_boosting,2025-2,Tags 3,21,2025-04-18,1544.0,1519.4857629044723,-24.514237095527733
direct_hist_gradient_boosting_poultry,hist_gradient_boosting,2025-2,Tags 3,28,2025-04-25,1544.0,1511.5273378686747,-32.47266213132525
direct_hist_gradient_boosting_poultry,hist_gradient_boosting,2025-3,Lags 1,7,2025-07-16,1479.9999999999998,1406.4568879596075,-73.54311204039232
direct_hist_gradient_boosting_poultry,hist_gradient_boosting,2025-3,Lags 1,14,2025-07-23,1479.9999999999998,1570.3455775719735,90.34557757197376
direct_hist_gradient_boosting_poultry,hist_gradient_boosting,2025-3,Lags 1,21,2025-07-30,1479.9999999999998,1573.1358090472866,93.13580904728678
direct_hist_gradient_boosting_poultry,hist_gradient_boosting,2025-3,Lags 1,28,2025-08-06,1479.9999999999998,1357.8618567574363,-122.1381432425635
direct_hist_gradient_boosting_poultry,hist_gradient_boosting,2025-3,Lags 2,7,2025-07-22,1554.0,1510.2269707262965,-43.773029273703514
direct_hist_gradient_boosting_poultry,hist_gradient_boosting,2025-3,Lags 2,14,2025-07-29,1554.0,1562.1443883026488,8.14438830264885
direct_hist_gradient_boosting_poultry,hist_gradient_boosting,2025-3,Lags 2,21,2025-08-05,1554.0,1573.1358090472866,19.135809047286557
direct_hist_gradient_boosting_poultry,hist_gradient_boosting,2025-3,Lags 2,28,2025-08-12,1554.0,1466.2352681088882,-87.76473189111175
direct_hist_gradient_boosting_poultry,hist_gradient_boosting,2025-3,Tags 1,7,2025-06-20,1477.24,1564.4164970748513,87.17649707485134
direct_hist_gradient_boosting_poultry,hist_gradient_boosting,2025-3,Tags 1,14,2025-06-27,1477.24,1534.9856382226114,57.74563822261143
direct_hist_gradient_boosting_poultry,hist_gradient_boosting,2025-3,Tags 1,21,2025-07-04,1477.24,1568.9190861605368,91.67908616053683
direct_hist_gradient_boosting_poultry,hist_gradient_boosting,2025-3,Tags 1,28,2025-07-11,1477.24,1572.7256433966543,95.48564339665427
direct_hist_gradient_boosting_poultry,hist_gradient_boosting,2025-3,Tags 2,7,2025-06-20,1490.24,1564.4164970748513,74.17649707485134
direct_hist_gradient_boosting_poultry,hist_gradient_boosting,2025-3,Tags 2,14,2025-06-27,1490.24,1534.9856382226114,44.74563822261143
direct_hist_gradient_boosting_poultry,hist_gradient_boosting,2025-3,Tags 2,21,2025-07-04,1490.24,1568.9190861605368,78.67908616053683
direct_hist_gradient_boosting_poultry,hist_gradient_boosting,2025-3,Tags 2,28,2025-07-11,1490.24,1572.7256433966543,82.48564339665427
direct_hist_gradient_boosting_poultry,hist_gradient_boosting,2025-3,Tags 3,7,2025-06-20,1582.1,1549.8024318650007,-32.29756813499921
direct_hist_gradient_boosting_poultry,hist_gradient_boosting,2025-3,Tags 3,14,2025-06-27,1582.1,1546.0776177308855,-36.02238226911436
direct_hist_gradient_boosting_poultry,hist_gradient_boosting,2025-3,Tags 3,21,2025-07-04,1582.1,1496.62137842651,-85.47862157348982
direct_hist_gradient_boosting_poultry,hist_gradient_boosting,2025-3,Tags 3,28,2025-07-11,1582.1,1598.3032855336053,16.203285533605367
direct_hist_gradient_boosting_poultry,hist_gradient_boosting,2025-4,Lags 1,7,2025-10-03,1568.0,1428.62853504351,-139.37146495648994
direct_hist_gradient_boosting_poultry,hist_gradient_boosting,2025-4,Lags 1,14,2025-10-10,1568.0,1486.7972597786406,-81.20274022135936
direct_hist_gradient_boosting_poultry,hist_gradient_boosting,2025-4,Lags 1,21,2025-10-17,1568.0,1533.8694574934761,-34.13054250652385
direct_hist_gradient_boosting_poultry,hist_gradient_boosting,2025-4,Lags 1,28,2025-10-24,1568.0,1567.3326533898362,-0.6673466101638041
direct_hist_gradient_boosting_poultry,hist_gradient_boosting,2025-4,Lags 2,7,2025-10-03,1594.0,1428.62853504351,-165.37146495648994
direct_hist_gradient_boosting_poultry,hist_gradient_boosting,2025-4,Lags 2,14,2025-10-10,1594.0,1486.7972597786406,-107.20274022135936
direct_hist_gradient_boosting_poultry,hist_gradient_boosting,2025-4,Lags 2,21,2025-10-17,1594.0,1505.2123016195635,-88.7876983804365
direct_hist_gradient_boosting_poultry,hist_gradient_boosting,2025-4,Lags 2,28,2025-10-24,1594.0,1567.3326533898362,-26.667346610163804
direct_hist_gradient_boosting_poultry,hist_gradient_boosting,2025-4,Tags 1,7,2025-09-02,1441.5,1428.62853504351,-12.871464956489945
direct_hist_gradient_boosting_poultry,hist_gradient_boosting,2025-4,Tags 1,14,2025-09-09,1441.5,1502.855452726495,61.35545272649506
direct_hist_gradient_boosting_poultry,hist_gradient_boosting,2025-4,Tags 1,21,2025-09-16,1441.5,1493.379964976788,51.87996497678796
direct_hist_gradient_boosting_poultry,hist_gradient_boosting,2025-4,Tags 1,28,2025-09-23,1441.5,1302.3542578830838,-139.14574211691615
direct_hist_gradient_boosting_poultry,hist_gradient_boosting,2025-4,Tags 2,7,2025-09-02,1450.0400000000002,1428.62853504351,-21.411464956490136
direct_hist_gradient_boosting_poultry,hist_gradient_boosting,2025-4,Tags 2,14,2025-09-09,1450.0400000000002,1503.59002723828,53.55002723827988
direct_hist_gradient_boosting_poultry,hist_gradient_boosting,2025-4,Tags 2,21,2025-09-16,1450.0400000000002,1520.4557436672908,70.4157436672906
direct_hist_gradient_boosting_poultry,hist_gradient_boosting,2025-4,Tags 2,28,2025-09-23,1450.0400000000002,1351.814065330786,-98.22593466921421
direct_hist_gradient_boosting_poultry,hist_gradient_boosting,2025-4,Tags 3,7,2025-09-02,1293.1200000000001,1428.62853504351,135.50853504350994
direct_hist_gradient_boosting_poultry,hist_gradient_boosting,2025-4,Tags 3,14,2025-09-09,1293.1200000000001,1533.581969430513,240.4619694305129
direct_hist_gradient_boosting_poultry,hist_gradient_boosting,2025-4,Tags 3,21,2025-09-16,1293.1200000000001,1576.9847927128326,283.86479271283247
direct_hist_gradient_boosting_poultry,hist_gradient_boosting,2025-4,Tags 3,28,2025-09-23,1293.1200000000001,1351.814065330786,58.69406533078586
direct_hist_gradient_boosting_poultry,hist_gradient_boosting,2025-5,Lags 1,7,2025-12-17,1306.0,1512.9100412630733,206.91004126307325
direct_hist_gradient_boosting_poultry,hist_gradient_boosting,2025-5,Lags 1,14,2025-12-24,1306.0,1502.5496739523064,196.54967395230642
direct_hist_gradient_boosting_poultry,hist_gradient_boosting,2025-5,Lags 1,21,2025-12-31,1306.0,1462.2810515786925,156.28105157869254
direct_hist_gradient_boosting_poultry,hist_gradient_boosting,2025-5,Lags 1,28,2026-01-07,1306.0,1517.245350730041,211.24535073004108
direct_hist_gradient_boosting_poultry,hist_gradient_boosting,2025-5,Lags 2,7,2025-12-24,1176.0,1507.297058734171,331.29705873417106
direct_hist_gradient_boosting_poultry,hist_gradient_boosting,2025-5,Lags 2,14,2025-12-31,1176.0,1512.615203648152,336.6152036481519
direct_hist_gradient_boosting_poultry,hist_gradient_boosting,2025-5,Lags 2,21,2026-01-07,1176.0,1456.8852936851836,280.88529368518357
direct_hist_gradient_boosting_poultry,hist_gradient_boosting,2025-5,Lags 2,28,2026-01-14,1176.0,1428.3097796215247,252.30977962152474
direct_hist_gradient_boosting_poultry,hist_gradient_boosting,2025-5,Lags 3,7,2026-01-02,1182.0,1512.9100412630733,330.91004126307325
direct_hist_gradient_boosting_poultry,hist_gradient_boosting,2025-5,Lags 3,14,2026-01-09,1182.0,1473.5509260627111,291.55092606271114
direct_hist_gradient_boosting_poultry,hist_gradient_boosting,2025-5,Lags 3,21,2026-01-16,1182.0,1459.1044876156277,277.1044876156277
direct_hist_gradient_boosting_poultry,hist_gradient_boosting,2025-5,Lags 3,28,2026-01-23,1182.0,1428.0527109439404,246.05271094394038
direct_hist_gradient_boosting_poultry,hist_gradient_boosting,2025-5,Tags 1,7,2025-11-18,1702.0,1463.9836423584418,-238.01635764155822
direct_hist_gradient_boosting_poultry,hist_gradient_boosting,2025-5,Tags 1,14,2025-11-25,1702.0,1453.8539570444743,-248.14604295552567
direct_hist_gradient_boosting_poultry,hist_gradient_boosting,2025-5,Tags 1,21,2025-12-02,1702.0,1508.3274751747872,-193.6725248252128
direct_hist_gradient_boosting_poultry,hist_gradient_boosting,2025-5,Tags 1,28,2025-12-09,1702.0,1542.6117490534882,-159.3882509465118
direct_hist_gradient_boosting_poultry,hist_gradient_boosting,2025-5,Tags 2,7,2025-11-18,1776.0,1495.955914341736,-280.04408565826407
direct_hist_gradient_boosting_poultry,hist_gradient_boosting,2025-5,Tags 2,14,2025-11-25,1776.0,1519.0659096885788,-256.9340903114212
direct_hist_gradient_boosting_poultry,hist_gradient_boosting,2025-5,Tags 2,21,2025-12-02,1776.0,1523.7520810298429,-252.24791897015712
direct_hist_gradient_boosting_poultry,hist_gradient_boosting,2025-5,Tags 2,28,2025-12-09,1776.0,1616.5357839543776,-159.46421604562238
direct_hist_gradient_boosting_poultry,hist_gradient_boosting,2025-5,Tags 3,7,2025-11-18,1738.0,1467.2109653306354,-270.7890346693646
direct_hist_gradient_boosting_poultry,hist_gradient_boosting,2025-5,Tags 3,14,2025-11-25,1738.0,1472.2121359460082,-265.7878640539918
direct_hist_gradient_boosting_poultry,hist_gradient_boosting,2025-5,Tags 3,21,2025-12-02,1738.0,1551.272434258859,-186.727565741141
direct_hist_gradient_boosting_poultry,hist_gradient_boosting,2025-5,Tags 3,28,2025-12-09,1738.0,1606.795851283973,-131.20414871602702
direct_hist_gradient_boosting_poultry,hist_gradient_boosting,2026-1,Lags 1,7,2026-03-12,1605.9999999999998,1433.4124279417154,-172.58757205828442
direct_hist_gradient_boosting_poultry,hist_gradient_boosting,2026-1,Lags 1,14,2026-03-19,1605.9999999999998,1465.5918407067036,-140.4081592932962
direct_hist_gradient_boosting_poultry,hist_gradient_boosting,2026-1,Lags 1,21,2026-03-26,1605.9999999999998,1506.094950573211,-99.90504942678876
direct_hist_gradient_boosting_poultry,hist_gradient_boosting,2026-1,Lags 1,28,2026-04-02,1605.9999999999998,1524.3378151529084,-81.66218484709134
direct_hist_gradient_boosting_poultry,hist_gradient_boosting,2026-1,Lags 2,7,2026-03-20,1972.0000000000002,1433.4124279417154,-538.5875720582849
direct_hist_gradient_boosting_poultry,hist_gradient_boosting,2026-1,Lags 2,14,2026-03-27,1972.0000000000002,1454.9535454663423,-517.0464545336579
direct_hist_gradient_boosting_poultry,hist_gradient_boosting,2026-1,Lags 2,21,2026-04-03,1972.0000000000002,1506.094950573211,-465.9050494267892
direct_hist_gradient_boosting_poultry,hist_gradient_boosting,2026-1,Lags 2,28,2026-04-10,1972.0000000000002,1524.3378151529084,-447.6621848470918
direct_hist_gradient_boosting_poultry,hist_gradient_boosting,2026-1,Lags 3,7,2026-03-27,1691.4399999999998,1427.7842508242552,-263.65574917574463
direct_hist_gradient_boosting_poultry,hist_gradient_boosting,2026-1,Lags 3,14,2026-04-03,1691.4399999999998,1391.7422413294476,-299.6977586705523
direct_hist_gradient_boosting_poultry,hist_gradient_boosting,2026-1,Lags 3,21,2026-04-10,1691.4399999999998,1522.1249608506248,-169.31503914937502
direct_hist_gradient_boosting_poultry,hist_gradient_boosting,2026-1,Lags 3,28,2026-04-17,1691.4399999999998,1524.3378151529084,-167.1021848470914
direct_hist_gradient_boosting_poultry,hist_gradient_boosting,2026-1,Tags 1,7,2026-02-06,1446.68,1475.5587842504608,28.87878425046074
direct_hist_gradient_boosting_poultry,hist_gradient_boosting,2026-1,Tags 1,14,2026-02-13,1446.68,1458.9648686263288,12.284868626328716
direct_hist_gradient_boosting_poultry,hist_gradient_boosting,2026-1,Tags 1,21,2026-02-20,1446.68,1485.826990425483,39.146990425482954
direct_hist_gradient_boosting_poultry,hist_gradient_boosting,2026-1,Tags 1,28,2026-02-27,1446.68,1517.1126265614726,70.43262656147249
direct_hist_gradient_boosting_poultry,hist_gradient_boosting,2026-1,Tags 2,7,2026-02-06,1550.16,1518.368489354803,-31.79151064519715
direct_hist_gradient_boosting_poultry,hist_gradient_boosting,2026-1,Tags 2,14,2026-02-13,1550.16,1504.2816306743302,-45.87836932566984
direct_hist_gradient_boosting_poultry,hist_gradient_boosting,2026-1,Tags 2,21,2026-02-20,1550.16,1515.9148923315165,-34.24510766848357
direct_hist_gradient_boosting_poultry,hist_gradient_boosting,2026-1,Tags 2,28,2026-02-27,1550.16,1433.0880236406656,-117.07197635933449
direct_hist_gradient_boosting_poultry,hist_gradient_boosting,2026-1,Tags 3,7,2026-02-06,1691.4399999999998,1475.5587842504608,-215.88121574953902
direct_hist_gradient_boosting_poultry,hist_gradient_boosting,2026-1,Tags 3,14,2026-02-13,1691.4399999999998,1458.9648686263288,-232.47513137367105
direct_hist_gradient_boosting_poultry,hist_gradient_boosting,2026-1,Tags 3,21,2026-02-20,1691.4399999999998,1479.450000405873,-211.98999959412686
direct_hist_gradient_boosting_poultry,hist_gradient_boosting,2026-1,Tags 3,28,2026-02-27,1691.4399999999998,1404.5133832453544,-286.92661675464547
direct_hist_gradient_boosting_poultry,hist_gradient_boosting,2026-2,Lags 1,7,2026-06-08,1192.0,1601.1594053477852,409.1594053477852
direct_hist_gradient_boosting_poultry,hist_gradient_boosting,2026-2,Lags 1,14,2026-06-15,1192.0,1580.0373702809406,388.03737028094065
direct_hist_gradient_boosting_poultry,hist_gradient_boosting,2026-2,Lags 1,21,2026-06-22,1192.0,1576.5024405467775,384.5024405467775
direct_hist_gradient_boosting_poultry,hist_gradient_boosting,2026-2,Lags 1,28,2026-06-29,1192.0,1475.7093093806545,283.70930938065453
direct_hist_gradient_boosting_poultry,hist_gradient_boosting,2026-2,Lags 2,7,2026-06-16,1204.0,1601.1594053477852,397.1594053477852
direct_hist_gradient_boosting_poultry,hist_gradient_boosting,2026-2,Lags 2,14,2026-06-23,1204.0,1580.0373702809406,376.03737028094065
direct_hist_gradient_boosting_poultry,hist_gradient_boosting,2026-2,Lags 2,21,2026-06-30,1204.0,1576.5024405467775,372.5024405467775
direct_hist_gradient_boosting_poultry,hist_gradient_boosting,2026-2,Lags 2,28,2026-07-07,1204.0,1475.7093093806545,271.70930938065453
direct_hist_gradient_boosting_poultry,hist_gradient_boosting,2026-2,Lags 3,7,2026-06-22,1078.0,1475.7332673030305,397.7332673030305
direct_hist_gradient_boosting_poultry,hist_gradient_boosting,2026-2,Lags 3,14,2026-06-29,1078.0,1489.2480845841744,411.2480845841744
direct_hist_gradient_boosting_poultry,hist_gradient_boosting,2026-2,Lags 3,21,2026-07-06,1078.0,1475.7332673030305,397.7332673030305
direct_hist_gradient_boosting_poultry,hist_gradient_boosting,2026-2,Lags 3,28,2026-07-13,1078.0,1475.0078070374143,397.0078070374143
direct_hist_gradient_boosting_poultry,hist_gradient_boosting,2026-2,Tags 1,7,2026-04-25,1360.0,1601.1594053477852,241.1594053477852
direct_hist_gradient_boosting_poultry,hist_gradient_boosting,2026-2,Tags 1,14,2026-05-02,1360.0,1593.8521046672242,233.85210466722424
direct_hist_gradient_boosting_poultry,hist_gradient_boosting,2026-2,Tags 1,21,2026-05-09,1360.0,1600.9526188196014,240.9526188196014
direct_hist_gradient_boosting_poultry,hist_gradient_boosting,2026-2,Tags 1,28,2026-05-16,1360.0,1517.1533836553335,157.15338365533353
direct_hist_gradient_boosting_poultry,hist_gradient_boosting,2026-2,Tags 2,7,2026-04-25,1556.2800000000002,1601.1594053477852,44.879405347784996
direct_hist_gradient_boosting_poultry,hist_gradient_boosting,2026-2,Tags 2,14,2026-05-02,1556.2800000000002,1634.2622294684095,77.98222946840929
direct_hist_gradient_boosting_poultry,hist_gradient_boosting,2026-2,Tags 2,21,2026-05-09,1556.2800000000002,1600.9526188196014,44.67261881960121
direct_hist_gradient_boosting_poultry,hist_gradient_boosting,2026-2,Tags 2,28,2026-05-16,1556.2800000000002,1517.3600634461247,-38.91993655387546
direct_hist_gradient_boosting_poultry,hist_gradient_boosting,2026-2,Tags 3,7,2026-04-25,1564.0,1601.1594053477852,37.159405347785196
direct_hist_gradient_boosting_poultry,hist_gradient_boosting,2026-2,Tags 3,14,2026-05-02,1564.0,1593.8521046672242,29.85210466722424
direct_hist_gradient_boosting_poultry,hist_gradient_boosting,2026-2,Tags 3,21,2026-05-09,1564.0,1600.9526188196014,36.95261881960141
direct_hist_gradient_boosting_poultry,hist_gradient_boosting,2026-2,Tags 3,28,2026-05-16,1564.0,1517.1533836553335,-46.84661634466647
direct_poultry_core_ridge,ridge,2025-2,Tags 1,7,2025-04-04,1573.0,1603.1765137269076,30.176513726907615
direct_poultry_core_ridge,ridge,2025-2,Tags 1,14,2025-04-11,1573.0,1637.009353130401,64.009353130401
direct_poultry_core_ridge,ridge,2025-2,Tags 1,21,2025-04-18,1573.0,1573.7093181122318,0.7093181122318128
direct_poultry_core_ridge,ridge,2025-2,Tags 1,28,2025-04-25,1573.0,1775.2102947142994,202.21029471429938
direct_poultry_core_ridge,ridge,2025-2,Tags 2,7,2025-04-04,1599.0,1589.4128563450913,-9.587143654908687
direct_poultry_core_ridge,ridge,2025-2,Tags 2,14,2025-04-11,1599.0,1643.3679300956521,44.36793009565213
direct_poultry_core_ridge,ridge,2025-2,Tags 2,21,2025-04-18,1599.0,1627.3573459658542,28.357345965854165
direct_poultry_core_ridge,ridge,2025-2,Tags 2,28,2025-04-25,1599.0,1726.2074256075796,127.20742560757958
direct_poultry_core_ridge,ridge,2025-2,Tags 3,7,2025-04-04,1544.0,1598.9265578948427,54.926557894842745
direct_poultry_core_ridge,ridge,2025-2,Tags 3,14,2025-04-11,1544.0,1645.202331997823,101.20233199782297
direct_poultry_core_ridge,ridge,2025-2,Tags 3,21,2025-04-18,1544.0,1636.0741205502084,92.07412055020836
direct_poultry_core_ridge,ridge,2025-2,Tags 3,28,2025-04-25,1544.0,1636.0474979235282,92.04749792352823
direct_poultry_core_ridge,ridge,2025-3,Lags 1,7,2025-07-16,1479.9999999999998,1396.9986480144664,-83.00135198553335
direct_poultry_core_ridge,ridge,2025-3,Lags 1,14,2025-07-23,1479.9999999999998,1441.2146506645183,-38.78534933548144
direct_poultry_core_ridge,ridge,2025-3,Lags 1,21,2025-07-30,1479.9999999999998,1418.7168705153422,-61.28312948465759
direct_poultry_core_ridge,ridge,2025-3,Lags 1,28,2025-08-06,1479.9999999999998,1412.6777385043815,-67.32226149561825
direct_poultry_core_ridge,ridge,2025-3,Lags 2,7,2025-07-22,1554.0,1483.025799761392,-70.97420023860809
direct_poultry_core_ridge,ridge,2025-3,Lags 2,14,2025-07-29,1554.0,1425.442820633098,-128.5571793669019
direct_poultry_core_ridge,ridge,2025-3,Lags 2,21,2025-08-05,1554.0,1413.784052235591,-140.21594776440907
direct_poultry_core_ridge,ridge,2025-3,Lags 2,28,2025-08-12,1554.0,1440.185692693682,-113.81430730631791
direct_poultry_core_ridge,ridge,2025-3,Tags 1,7,2025-06-20,1477.24,1547.7716775562867,70.5316775562867
direct_poultry_core_ridge,ridge,2025-3,Tags 1,14,2025-06-27,1477.24,1568.5554535004992,91.31545350049919
direct_poultry_core_ridge,ridge,2025-3,Tags 1,21,2025-07-04,1477.24,1579.591735440396,102.35173544039594
direct_poultry_core_ridge,ridge,2025-3,Tags 1,28,2025-07-11,1477.24,1568.3144857993605,91.07448579936045
direct_poultry_core_ridge,ridge,2025-3,Tags 2,7,2025-06-20,1490.24,1546.1139309201135,55.87393092011348
direct_poultry_core_ridge,ridge,2025-3,Tags 2,14,2025-06-27,1490.24,1579.346315346438,89.1063153464379
direct_poultry_core_ridge,ridge,2025-3,Tags 2,21,2025-07-04,1490.24,1569.27114971504,79.0311497150401
direct_poultry_core_ridge,ridge,2025-3,Tags 2,28,2025-07-11,1490.24,1583.1348928330517,92.8948928330517
direct_poultry_core_ridge,ridge,2025-3,Tags 3,7,2025-06-20,1582.1,1550.3839450671755,-31.716054932824363
direct_poultry_core_ridge,ridge,2025-3,Tags 3,14,2025-06-27,1582.1,1606.2550398096978,24.155039809697882
direct_poultry_core_ridge,ridge,2025-3,Tags 3,21,2025-07-04,1582.1,1560.0227777527614,-22.077222247238524
direct_poultry_core_ridge,ridge,2025-3,Tags 3,28,2025-07-11,1582.1,1569.0015252200187,-13.098474779981188
direct_poultry_core_ridge,ridge,2025-4,Lags 1,7,2025-10-03,1568.0,1471.5441818309218,-96.45581816907816
direct_poultry_core_ridge,ridge,2025-4,Lags 1,14,2025-10-10,1568.0,1460.7452459061553,-107.25475409384467
direct_poultry_core_ridge,ridge,2025-4,Lags 1,21,2025-10-17,1568.0,1523.4242419499537,-44.57575805004626
direct_poultry_core_ridge,ridge,2025-4,Lags 1,28,2025-10-24,1568.0,1564.3445134586134,-3.6554865413866082
direct_poultry_core_ridge,ridge,2025-4,Lags 2,7,2025-10-03,1594.0,1471.4693671588298,-122.53063284117025
direct_poultry_core_ridge,ridge,2025-4,Lags 2,14,2025-10-10,1594.0,1460.2928366400076,-133.70716335999236
direct_poultry_core_ridge,ridge,2025-4,Lags 2,21,2025-10-17,1594.0,1471.8369187785784,-122.16308122142163
direct_poultry_core_ridge,ridge,2025-4,Lags 2,28,2025-10-24,1594.0,1517.7103373593739,-76.28966264062615
direct_poultry_core_ridge,ridge,2025-4,Tags 1,7,2025-09-02,1441.5,1574.8965064111278,133.3965064111278
direct_poultry_core_ridge,ridge,2025-4,Tags 1,14,2025-09-09,1441.5,1488.4298556462848,46.92985564628475
direct_poultry_core_ridge,ridge,2025-4,Tags 1,21,2025-09-16,1441.5,1475.9456810908193,34.445681090819335
direct_poultry_core_ridge,ridge,2025-4,Tags 1,28,2025-09-23,1441.5,1419.3555307534943,-22.14446924650565
direct_poultry_core_ridge,ridge,2025-4,Tags 2,7,2025-09-02,1450.0400000000002,1492.5656529620096,42.52565296200942
direct_poultry_core_ridge,ridge,2025-4,Tags 2,14,2025-09-09,1450.0400000000002,1539.836475871582,89.79647587158183
direct_poultry_core_ridge,ridge,2025-4,Tags 2,21,2025-09-16,1450.0400000000002,1523.4261253332065,73.38612533320634
direct_poultry_core_ridge,ridge,2025-4,Tags 2,28,2025-09-23,1450.0400000000002,1459.5519602136285,9.5119602136283
direct_poultry_core_ridge,ridge,2025-4,Tags 3,7,2025-09-02,1293.1200000000001,1572.9555114307573,279.83551143075715
direct_poultry_core_ridge,ridge,2025-4,Tags 3,14,2025-09-09,1293.1200000000001,1534.6742863384773,241.55428633847714
direct_poultry_core_ridge,ridge,2025-4,Tags 3,21,2025-09-16,1293.1200000000001,1504.9463243275302,211.82632432753007
direct_poultry_core_ridge,ridge,2025-4,Tags 3,28,2025-09-23,1293.1200000000001,1481.1571942851833,188.0371942851832
direct_poultry_core_ridge,ridge,2025-5,Lags 1,7,2025-12-17,1306.0,1531.1440337505355,225.14403375053553
direct_poultry_core_ridge,ridge,2025-5,Lags 1,14,2025-12-24,1306.0,1495.83743457249,189.8374345724901
direct_poultry_core_ridge,ridge,2025-5,Lags 1,21,2025-12-31,1306.0,1490.7385630761883,184.73856307618826
direct_poultry_core_ridge,ridge,2025-5,Lags 1,28,2026-01-07,1306.0,1480.732394860625,174.73239486062494
direct_poultry_core_ridge,ridge,2025-5,Lags 2,7,2025-12-24,1176.0,1513.9390355194712,337.9390355194712
direct_poultry_core_ridge,ridge,2025-5,Lags 2,14,2025-12-31,1176.0,1458.0163376542055,282.0163376542055
direct_poultry_core_ridge,ridge,2025-5,Lags 2,21,2026-01-07,1176.0,1427.5149503455998,251.5149503455998
direct_poultry_core_ridge,ridge,2025-5,Lags 2,28,2026-01-14,1176.0,1415.043759274978,239.0437592749779
direct_poultry_core_ridge,ridge,2025-5,Lags 3,7,2026-01-02,1182.0,1535.8615596764612,353.8615596764612
direct_poultry_core_ridge,ridge,2025-5,Lags 3,14,2026-01-09,1182.0,1463.956221771593,281.95622177159294
direct_poultry_core_ridge,ridge,2025-5,Lags 3,21,2026-01-16,1182.0,1435.0793383438672,253.07933834386722
direct_poultry_core_ridge,ridge,2025-5,Lags 3,28,2026-01-23,1182.0,1423.5109914067593,241.51099140675933
direct_poultry_core_ridge,ridge,2025-5,Tags 1,7,2025-11-18,1702.0,1482.587459678776,-219.41254032122401
direct_poultry_core_ridge,ridge,2025-5,Tags 1,14,2025-11-25,1702.0,1486.917797603691,-215.08220239630896
direct_poultry_core_ridge,ridge,2025-5,Tags 1,21,2025-12-02,1702.0,1454.1313972565154,-247.86860274348464
direct_poultry_core_ridge,ridge,2025-5,Tags 1,28,2025-12-09,1702.0,1518.9643724667646,-183.03562753323536
direct_poultry_core_ridge,ridge,2025-5,Tags 2,7,2025-11-18,1776.0,1508.1868719587226,-267.8131280412774
direct_poultry_core_ridge,ridge,2025-5,Tags 2,14,2025-11-25,1776.0,1522.772162579755,-253.2278374202449
direct_poultry_core_ridge,ridge,2025-5,Tags 2,21,2025-12-02,1776.0,1516.0253794075597,-259.97462059244026
direct_poultry_core_ridge,ridge,2025-5,Tags 2,28,2025-12-09,1776.0,1530.900941502709,-245.09905849729103
direct_poultry_core_ridge,ridge,2025-5,Tags 3,7,2025-11-18,1738.0,1488.23475366634,-249.7652463336599
direct_poultry_core_ridge,ridge,2025-5,Tags 3,14,2025-11-25,1738.0,1486.7165196803808,-251.28348031961923
direct_poultry_core_ridge,ridge,2025-5,Tags 3,21,2025-12-02,1738.0,1524.7734576080188,-213.22654239198118
direct_poultry_core_ridge,ridge,2025-5,Tags 3,28,2025-12-09,1738.0,1537.632627630927,-200.3673723690731
direct_poultry_core_ridge,ridge,2026-1,Lags 1,7,2026-03-12,1605.9999999999998,1426.6640383357683,-179.3359616642315
direct_poultry_core_ridge,ridge,2026-1,Lags 1,14,2026-03-19,1605.9999999999998,1472.0246928189858,-133.97530718101393
direct_poultry_core_ridge,ridge,2026-1,Lags 1,21,2026-03-26,1605.9999999999998,1447.5973021545396,-158.40269784546012
direct_poultry_core_ridge,ridge,2026-1,Lags 1,28,2026-04-02,1605.9999999999998,1456.3357712216632,-149.66422877833656
direct_poultry_core_ridge,ridge,2026-1,Lags 2,7,2026-03-20,1972.0000000000002,1570.2495032542924,-401.7504967457078
direct_poultry_core_ridge,ridge,2026-1,Lags 2,14,2026-03-27,1972.0000000000002,1757.7587327964916,-214.24126720350864
direct_poultry_core_ridge,ridge,2026-1,Lags 2,21,2026-04-03,1972.0000000000002,1748.3493018395627,-223.6506981604375
direct_poultry_core_ridge,ridge,2026-1,Lags 2,28,2026-04-10,1972.0000000000002,1766.2454885646998,-205.7545114353004
direct_poultry_core_ridge,ridge,2026-1,Lags 3,7,2026-03-27,1691.4399999999998,1465.0339116294847,-226.40608837051514
direct_poultry_core_ridge,ridge,2026-1,Lags 3,14,2026-04-03,1691.4399999999998,1442.7592686812136,-248.68073131878623
direct_poultry_core_ridge,ridge,2026-1,Lags 3,21,2026-04-10,1691.4399999999998,1429.1880974036837,-262.2519025963161
direct_poultry_core_ridge,ridge,2026-1,Lags 3,28,2026-04-17,1691.4399999999998,1455.7265522229245,-235.71344777707532
direct_poultry_core_ridge,ridge,2026-1,Tags 1,7,2026-02-06,1446.68,1539.2117836497716,92.53178364977157
direct_poultry_core_ridge,ridge,2026-1,Tags 1,14,2026-02-13,1446.68,1634.3802631694862,187.7002631694861
direct_poultry_core_ridge,ridge,2026-1,Tags 1,21,2026-02-20,1446.68,1628.0916004678065,181.41160046780647
direct_poultry_core_ridge,ridge,2026-1,Tags 1,28,2026-02-27,1446.68,1615.4348425913736,168.75484259137352
direct_poultry_core_ridge,ridge,2026-1,Tags 2,7,2026-02-06,1550.16,1523.6320456113142,-26.527954388685885
direct_poultry_core_ridge,ridge,2026-1,Tags 2,14,2026-02-13,1550.16,1536.5607097636766,-13.59929023632344
direct_poultry_core_ridge,ridge,2026-1,Tags 2,21,2026-02-20,1550.16,1603.2962623511903,53.136262351190226
direct_poultry_core_ridge,ridge,2026-1,Tags 2,28,2026-02-27,1550.16,1552.0238493066088,1.8638493066086994
direct_poultry_core_ridge,ridge,2026-1,Tags 3,7,2026-02-06,1691.4399999999998,1531.7289943105768,-159.71100568942302
direct_poultry_core_ridge,ridge,2026-1,Tags 3,14,2026-02-13,1691.4399999999998,1600.7887304147403,-90.65126958525957
direct_poultry_core_ridge,ridge,2026-1,Tags 3,21,2026-02-20,1691.4399999999998,1632.4846128040244,-58.95538719597539
direct_poultry_core_ridge,ridge,2026-1,Tags 3,28,2026-02-27,1691.4399999999998,1601.8477549738595,-89.59224502614029
direct_poultry_core_ridge,ridge,2026-2,Lags 1,7,2026-06-08,1192.0,1524.4271587295318,332.4271587295318
direct_poultry_core_ridge,ridge,2026-2,Lags 1,14,2026-06-15,1192.0,1632.677638450971,440.677638450971
direct_poultry_core_ridge,ridge,2026-2,Lags 1,21,2026-06-22,1192.0,1530.7019788305668,338.70197883056676
direct_poultry_core_ridge,ridge,2026-2,Lags 1,28,2026-06-29,1192.0,1428.3717972148684,236.37179721486837
direct_poultry_core_ridge,ridge,2026-2,Lags 2,7,2026-06-16,1204.0,1512.1851198646318,308.1851198646318
direct_poultry_core_ridge,ridge,2026-2,Lags 2,14,2026-06-23,1204.0,1595.0449972251788,391.0449972251788
direct_poultry_core_ridge,ridge,2026-2,Lags 2,21,2026-06-30,1204.0,1507.0790624267963,303.0790624267963
direct_poultry_core_ridge,ridge,2026-2,Lags 2,28,2026-07-07,1204.0,1434.6937466372192,230.6937466372192
direct_poultry_core_ridge,ridge,2026-2,Lags 3,7,2026-06-22,1078.0,1498.215997592976,420.215997592976
direct_poultry_core_ridge,ridge,2026-2,Lags 3,14,2026-06-29,1078.0,1540.7302941585756,462.7302941585756
direct_poultry_core_ridge,ridge,2026-2,Lags 3,21,2026-07-06,1078.0,1423.133356129143,345.13335612914307
direct_poultry_core_ridge,ridge,2026-2,Lags 3,28,2026-07-13,1078.0,1402.083771282191,324.08377128219104
direct_poultry_core_ridge,ridge,2026-2,Tags 1,7,2026-04-25,1360.0,1550.503685421302,190.50368542130195
direct_poultry_core_ridge,ridge,2026-2,Tags 1,14,2026-05-02,1360.0,1525.849139519562,165.84913951956196
direct_poultry_core_ridge,ridge,2026-2,Tags 1,21,2026-05-09,1360.0,1534.3841238195184,174.38412381951844
direct_poultry_core_ridge,ridge,2026-2,Tags 1,28,2026-05-16,1360.0,1547.8969616922964,187.89696169229637
direct_poultry_core_ridge,ridge,2026-2,Tags 2,7,2026-04-25,1556.2800000000002,1522.693452749014,-33.58654725098609
direct_poultry_core_ridge,ridge,2026-2,Tags 2,14,2026-05-02,1556.2800000000002,1523.6656031961243,-32.614396803875934
direct_poultry_core_ridge,ridge,2026-2,Tags 2,21,2026-05-09,1556.2800000000002,1554.313459925986,-1.9665400740141195
direct_poultry_core_ridge,ridge,2026-2,Tags 2,28,2026-05-16,1556.2800000000002,1539.8694021316635,-16.41059786833671
direct_poultry_core_ridge,ridge,2026-2,Tags 3,7,2026-04-25,1564.0,1552.457108615111,-11.54289138488889
direct_poultry_core_ridge,ridge,2026-2,Tags 3,14,2026-05-02,1564.0,1600.2709956075714,36.27099560757142
direct_poultry_core_ridge,ridge,2026-2,Tags 3,21,2026-05-09,1564.0,1547.459311286456,-16.540688713543886
direct_poultry_core_ridge,ridge,2026-2,Tags 3,28,2026-05-16,1564.0,1564.4463066933458,0.4463066933458322
remaining_poultry_core_ridge,ridge,2025-2,Tags 1,7,2025-04-04,1573.0,1631.7882649680723,58.788264968072326
remaining_poultry_core_ridge,ridge,2025-2,Tags 1,14,2025-04-11,1573.0,1679.3233568552919,106.32335685529188
remaining_poultry_core_ridge,ridge,2025-2,Tags 1,21,2025-04-18,1573.0,1547.8134427673845,-25.18655723261554
remaining_poultry_core_ridge,ridge,2025-2,Tags 1,28,2025-04-25,1573.0,1862.2269555349426,289.2269555349426
remaining_poultry_core_ridge,ridge,2025-2,Tags 2,7,2025-04-04,1599.0,1613.187303302674,14.187303302674081
remaining_poultry_core_ridge,ridge,2025-2,Tags 2,14,2025-04-11,1599.0,1689.2667209360607,90.26672093606066
remaining_poultry_core_ridge,ridge,2025-2,Tags 2,21,2025-04-18,1599.0,1673.8156533874812,74.81565338748123
remaining_poultry_core_ridge,ridge,2025-2,Tags 2,28,2025-04-25,1599.0,1802.0383399627203,203.03833996272033
remaining_poultry_core_ridge,ridge,2025-2,Tags 3,7,2025-04-04,1544.0,1625.7903053545367,81.79030535453671
remaining_poultry_core_ridge,ridge,2025-2,Tags 3,14,2025-04-11,1544.0,1689.902363619873,145.90236361987309
remaining_poultry_core_ridge,ridge,2025-2,Tags 3,21,2025-04-18,1544.0,1684.8823508365253,140.88235083652535
remaining_poultry_core_ridge,ridge,2025-2,Tags 3,28,2025-04-25,1544.0,1642.6584800500573,98.65848005005728
remaining_poultry_core_ridge,ridge,2025-3,Lags 1,7,2025-07-16,1479.9999999999998,1397.282831008608,-82.71716899139187
remaining_poultry_core_ridge,ridge,2025-3,Lags 1,14,2025-07-23,1479.9999999999998,1459.2447222786457,-20.755277721354105
remaining_poultry_core_ridge,ridge,2025-3,Lags 1,21,2025-07-30,1479.9999999999998,1416.5059458433566,-63.49405415664319
remaining_poultry_core_ridge,ridge,2025-3,Lags 1,28,2025-08-06,1479.9999999999998,1402.627934573125,-77.37206542687477
remaining_poultry_core_ridge,ridge,2025-3,Lags 2,7,2025-07-22,1554.0,1479.8452661186382,-74.15473388136184
remaining_poultry_core_ridge,ridge,2025-3,Lags 2,14,2025-07-29,1554.0,1411.0142343690322,-142.98576563096776
remaining_poultry_core_ridge,ridge,2025-3,Lags 2,21,2025-08-05,1554.0,1387.5193004066375,-166.4806995933625
remaining_poultry_core_ridge,ridge,2025-3,Lags 2,28,2025-08-12,1554.0,1460.669136942553,-93.330863057447
remaining_poultry_core_ridge,ridge,2025-3,Tags 1,7,2025-06-20,1477.24,1557.5384035940815,80.29840359408149
remaining_poultry_core_ridge,ridge,2025-3,Tags 1,14,2025-06-27,1477.24,1569.504140936153,92.2641409361529
remaining_poultry_core_ridge,ridge,2025-3,Tags 1,21,2025-07-04,1477.24,1590.5041536845433,113.26415368454332
remaining_poultry_core_ridge,ridge,2025-3,Tags 1,28,2025-07-11,1477.24,1555.9279906481675,78.68799064816744
remaining_poultry_core_ridge,ridge,2025-3,Tags 2,7,2025-06-20,1490.24,1554.893094047673,64.653094047673
remaining_poultry_core_ridge,ridge,2025-3,Tags 2,14,2025-06-27,1490.24,1592.3229555921396,102.08295559213957
remaining_poultry_core_ridge,ridge,2025-3,Tags 2,21,2025-07-04,1490.24,1572.6753101385698,82.43531013856978
remaining_poultry_core_ridge,ridge,2025-3,Tags 2,28,2025-07-11,1490.24,1598.744551939208,108.50455193920789
remaining_poultry_core_ridge,ridge,2025-3,Tags 3,7,2025-06-20,1582.1,1561.6280087248742,-20.471991275125674
remaining_poultry_core_ridge,ridge,2025-3,Tags 3,14,2025-06-27,1582.1,1630.5132974574174,48.41329745741746
remaining_poultry_core_ridge,ridge,2025-3,Tags 3,21,2025-07-04,1582.1,1533.3551420278732,-48.74485797212674
remaining_poultry_core_ridge,ridge,2025-3,Tags 3,28,2025-07-11,1582.1,1516.9937277764204,-65.10627222357948
remaining_poultry_core_ridge,ridge,2025-4,Lags 1,7,2025-10-03,1568.0,1463.6050854662976,-104.39491453370238
remaining_poultry_core_ridge,ridge,2025-4,Lags 1,14,2025-10-10,1568.0,1460.74814605137,-107.25185394863001
remaining_poultry_core_ridge,ridge,2025-4,Lags 1,21,2025-10-17,1568.0,1578.8425686508845,10.84256865088446
remaining_poultry_core_ridge,ridge,2025-4,Lags 1,28,2025-10-24,1568.0,1663.5793243069468,95.57932430694677
remaining_poultry_core_ridge,ridge,2025-4,Lags 2,7,2025-10-03,1594.0,1463.9656582424168,-130.0343417575832
remaining_poultry_core_ridge,ridge,2025-4,Lags 2,14,2025-10-10,1594.0,1465.2976584516905,-128.7023415483095
remaining_poultry_core_ridge,ridge,2025-4,Lags 2,21,2025-10-17,1594.0,1559.1183860395818,-34.881613960418235
remaining_poultry_core_ridge,ridge,2025-4,Lags 2,28,2025-10-24,1594.0,1686.5547883191919,92.55478831919186
remaining_poultry_core_ridge,ridge,2025-4,Tags 1,7,2025-09-02,1441.5,1561.2208414548427,119.72084145484268
remaining_poultry_core_ridge,ridge,2025-4,Tags 1,14,2025-09-09,1441.5,1469.439797746908,27.93979774690797
remaining_poultry_core_ridge,ridge,2025-4,Tags 1,21,2025-09-16,1441.5,1460.8608530333813,19.360853033381318
remaining_poultry_core_ridge,ridge,2025-4,Tags 1,28,2025-09-23,1441.5,1299.000046972343,-142.49995302765706
remaining_poultry_core_ridge,ridge,2025-4,Tags 2,7,2025-09-02,1450.0400000000002,1476.1564861503214,26.11648615032118
remaining_poultry_core_ridge,ridge,2025-4,Tags 2,14,2025-09-09,1450.0400000000002,1529.0140094552448,78.97400945524464
remaining_poultry_core_ridge,ridge,2025-4,Tags 2,21,2025-09-16,1450.0400000000002,1499.222785439647,49.18278543964675
remaining_poultry_core_ridge,ridge,2025-4,Tags 2,28,2025-09-23,1450.0400000000002,1298.435254675387,-151.6047453246133
remaining_poultry_core_ridge,ridge,2025-4,Tags 3,7,2025-09-02,1293.1200000000001,1561.6399685657889,268.51996856578876
remaining_poultry_core_ridge,ridge,2025-4,Tags 3,14,2025-09-09,1293.1200000000001,1536.6497532609858,243.52975326098567
remaining_poultry_core_ridge,ridge,2025-4,Tags 3,21,2025-09-16,1293.1200000000001,1489.8945916912285,196.77459169122835
remaining_poultry_core_ridge,ridge,2025-4,Tags 3,28,2025-09-23,1293.1200000000001,1354.487437293502,61.36743729350178
remaining_poultry_core_ridge,ridge,2025-5,Lags 1,7,2025-12-17,1306.0,1519.2060792631707,213.20607926317075
remaining_poultry_core_ridge,ridge,2025-5,Lags 1,14,2025-12-24,1306.0,1455.3349083292744,149.3349083292744
remaining_poultry_core_ridge,ridge,2025-5,Lags 1,21,2025-12-31,1306.0,1386.548580519961,80.54858051996098
remaining_poultry_core_ridge,ridge,2025-5,Lags 1,28,2026-01-07,1306.0,1385.305742216995,79.30574221699499
remaining_poultry_core_ridge,ridge,2025-5,Lags 2,7,2025-12-24,1176.0,1506.3790637008515,330.3790637008515
remaining_poultry_core_ridge,ridge,2025-5,Lags 2,14,2025-12-31,1176.0,1388.78871265438,212.7887126543801
remaining_poultry_core_ridge,ridge,2025-5,Lags 2,21,2026-01-07,1176.0,1307.35688532235,131.35688532235008
remaining_poultry_core_ridge,ridge,2025-5,Lags 2,28,2026-01-14,1176.0,1255.9795449110466,79.97954491104656
remaining_poultry_core_ridge,ridge,2025-5,Lags 3,7,2026-01-02,1182.0,1522.0131700687296,340.01317006872955
remaining_poultry_core_ridge,ridge,2025-5,Lags 3,14,2026-01-09,1182.0,1403.540432789334,221.5404327893341
remaining_poultry_core_ridge,ridge,2025-5,Lags 3,21,2026-01-16,1182.0,1323.1849768516847,141.18497685168472
remaining_poultry_core_ridge,ridge,2025-5,Lags 3,28,2026-01-23,1182.0,1262.32228903618,80.32228903618011
remaining_poultry_core_ridge,ridge,2025-5,Tags 1,7,2025-11-18,1702.0,1483.8137375426354,-218.1862624573646
remaining_poultry_core_ridge,ridge,2025-5,Tags 1,14,2025-11-25,1702.0,1464.3093870616365,-237.69061293836353
remaining_poultry_core_ridge,ridge,2025-5,Tags 1,21,2025-12-02,1702.0,1405.4753798764184,-296.5246201235816
remaining_poultry_core_ridge,ridge,2025-5,Tags 1,28,2025-12-09,1702.0,1586.532232787083,-115.4677672129169
remaining_poultry_core_ridge,ridge,2025-5,Tags 2,7,2025-11-18,1776.0,1498.936489748541,-277.0635102514591
remaining_poultry_core_ridge,ridge,2025-5,Tags 2,14,2025-11-25,1776.0,1508.5112950938947,-267.48870490610534
remaining_poultry_core_ridge,ridge,2025-5,Tags 2,21,2025-12-02,1776.0,1509.101383220193,-266.89861677980707
remaining_poultry_core_ridge,ridge,2025-5,Tags 2,28,2025-12-09,1776.0,1545.1200593040228,-230.8799406959772
remaining_poultry_core_ridge,ridge,2025-5,Tags 3,7,2025-11-18,1738.0,1487.8411355197788,-250.15886448022115
remaining_poultry_core_ridge,ridge,2025-5,Tags 3,14,2025-11-25,1738.0,1475.8574780467966,-262.1425219532034
remaining_poultry_core_ridge,ridge,2025-5,Tags 3,21,2025-12-02,1738.0,1539.298916509626,-198.701083490374
remaining_poultry_core_ridge,ridge,2025-5,Tags 3,28,2025-12-09,1738.0,1575.6852845051837,-162.31471549481626
remaining_poultry_core_ridge,ridge,2026-1,Lags 1,7,2026-03-12,1605.9999999999998,1428.1051179700894,-177.89488202991038
remaining_poultry_core_ridge,ridge,2026-1,Lags 1,14,2026-03-19,1605.9999999999998,1525.3959105364318,-80.60408946356802
remaining_poultry_core_ridge,ridge,2026-1,Lags 1,21,2026-03-26,1605.9999999999998,1506.3018712383148,-99.69812876168498
remaining_poultry_core_ridge,ridge,2026-1,Lags 1,28,2026-04-02,1605.9999999999998,1551.4868469444787,-54.513153055521116
remaining_poultry_core_ridge,ridge,2026-1,Lags 2,7,2026-03-20,1972.0000000000002,1578.3198530435966,-393.68014695640363
remaining_poultry_core_ridge,ridge,2026-1,Lags 2,14,2026-03-27,1972.0000000000002,1849.4795195793617,-122.52048042063848
remaining_poultry_core_ridge,ridge,2026-1,Lags 2,21,2026-04-03,1972.0000000000002,1897.5847930966397,-74.41520690336051
remaining_poultry_core_ridge,ridge,2026-1,Lags 2,28,2026-04-10,1972.0000000000002,1987.8300509705546,15.830050970554339
remaining_poultry_core_ridge,ridge,2026-1,Lags 3,7,2026-03-27,1691.4399999999998,1457.7220432252607,-233.71795677473915
remaining_poultry_core_ridge,ridge,2026-1,Lags 3,14,2026-04-03,1691.4399999999998,1405.4105636573279,-286.02943634267194
remaining_poultry_core_ridge,ridge,2026-1,Lags 3,21,2026-04-10,1691.4399999999998,1364.6303533017942,-326.8096466982056
remaining_poultry_core_ridge,ridge,2026-1,Lags 3,28,2026-04-17,1691.4399999999998,1445.7090827757788,-245.730917224221
remaining_poultry_core_ridge,ridge,2026-1,Tags 1,7,2026-02-06,1446.68,1555.2054094793907,108.52540947939065
remaining_poultry_core_ridge,ridge,2026-1,Tags 1,14,2026-02-13,1446.68,1690.1908259615789,243.5108259615788
remaining_poultry_core_ridge,ridge,2026-1,Tags 1,21,2026-02-20,1446.68,1701.9055242844775,255.2255242844774
remaining_poultry_core_ridge,ridge,2026-1,Tags 1,28,2026-02-27,1446.68,1671.5110765224126,224.83107652241256
remaining_poultry_core_ridge,ridge,2026-1,Tags 2,7,2026-02-06,1550.16,1531.155306995536,-19.004693004464116
remaining_poultry_core_ridge,ridge,2026-1,Tags 2,14,2026-02-13,1550.16,1536.7430163571805,-13.41698364281956
remaining_poultry_core_ridge,ridge,2026-1,Tags 2,21,2026-02-20,1550.16,1694.792731111629,144.63273111162903
remaining_poultry_core_ridge,ridge,2026-1,Tags 2,28,2026-02-27,1550.16,1581.9338738021943,31.773873802194203
remaining_poultry_core_ridge,ridge,2026-1,Tags 3,7,2026-02-06,1691.4399999999998,1544.9229914071584,-146.51700859284142
remaining_poultry_core_ridge,ridge,2026-1,Tags 3,14,2026-02-13,1691.4399999999998,1641.5782857372328,-49.86171426276701
remaining_poultry_core_ridge,ridge,2026-1,Tags 3,21,2026-02-20,1691.4399999999998,1726.844893955572,35.404893955572106
remaining_poultry_core_ridge,ridge,2026-1,Tags 3,28,2026-02-27,1691.4399999999998,1658.8188939500146,-32.6211060499852
remaining_poultry_core_ridge,ridge,2026-2,Lags 1,7,2026-06-08,1192.0,1524.7189994584137,332.7189994584137
remaining_poultry_core_ridge,ridge,2026-2,Lags 1,14,2026-06-15,1192.0,1591.613637550382,399.613637550382
remaining_poultry_core_ridge,ridge,2026-2,Lags 1,21,2026-06-22,1192.0,1408.6184056502893,216.61840565028933
remaining_poultry_core_ridge,ridge,2026-2,Lags 1,28,2026-06-29,1192.0,1224.1187748077546,32.11877480775456
remaining_poultry_core_ridge,ridge,2026-2,Lags 2,7,2026-06-16,1204.0,1511.4403644530912,307.4403644530912
remaining_poultry_core_ridge,ridge,2026-2,Lags 2,14,2026-06-23,1204.0,1531.1595377082076,327.1595377082076
remaining_poultry_core_ridge,ridge,2026-2,Lags 2,21,2026-06-30,1204.0,1380.8739958587134,176.87399585871344
remaining_poultry_core_ridge,ridge,2026-2,Lags 2,28,2026-07-07,1204.0,1281.9596866538811,77.95968665388114
remaining_poultry_core_ridge,ridge,2026-2,Lags 3,7,2026-06-22,1078.0,1474.0411261510362,396.0411261510362
remaining_poultry_core_ridge,ridge,2026-2,Lags 3,14,2026-06-29,1078.0,1450.3343100417048,372.33431004170484
remaining_poultry_core_ridge,ridge,2026-2,Lags 3,21,2026-07-06,1078.0,1232.1988469530638,154.19884695306382
remaining_poultry_core_ridge,ridge,2026-2,Lags 3,28,2026-07-13,1078.0,1129.5284871861722,51.52848718617224
remaining_poultry_core_ridge,ridge,2026-2,Tags 1,7,2026-04-25,1360.0,1553.5087074194457,193.50870741944573
remaining_poultry_core_ridge,ridge,2026-2,Tags 1,14,2026-05-02,1360.0,1501.0721029596496,141.07210295964956
remaining_poultry_core_ridge,ridge,2026-2,Tags 1,21,2026-05-09,1360.0,1508.6904179875182,148.69041798751823
remaining_poultry_core_ridge,ridge,2026-2,Tags 1,28,2026-05-16,1360.0,1541.528812000412,181.52881200041202
remaining_poultry_core_ridge,ridge,2026-2,Tags 2,7,2026-04-25,1556.2800000000002,1517.6273165167572,-38.65268348324298
remaining_poultry_core_ridge,ridge,2026-2,Tags 2,14,2026-05-02,1556.2800000000002,1497.7269227982586,-58.553077201741644
remaining_poultry_core_ridge,ridge,2026-2,Tags 2,21,2026-05-09,1556.2800000000002,1564.7833578089867,8.503357808986493
remaining_poultry_core_ridge,ridge,2026-2,Tags 2,28,2026-05-16,1556.2800000000002,1540.5145136984154,-15.765486301584815
remaining_poultry_core_ridge,ridge,2026-2,Tags 3,7,2026-04-25,1564.0,1550.6404373825258,-13.35956261747424
remaining_poultry_core_ridge,ridge,2026-2,Tags 3,14,2026-05-02,1564.0,1561.8173835218327,-2.182616478167347
remaining_poultry_core_ridge,ridge,2026-2,Tags 3,21,2026-05-09,1564.0,1501.3227683643054,-62.677231635694625
remaining_poultry_core_ridge,ridge,2026-2,Tags 3,28,2026-05-16,1564.0,1552.5165926785548,-11.483407321445156
direct_poultry_core_pls,pls_multi,2025-2,Tags 1,7,2025-04-04,1573.0,1695.2586563055165,122.25865630551652
direct_poultry_core_pls,pls_multi,2025-2,Tags 1,14,2025-04-11,1573.0,1736.7769371493441,163.77693714934412
direct_poultry_core_pls,pls_multi,2025-2,Tags 1,21,2025-04-18,1573.0,1657.5807676167715,84.58076761677148
direct_poultry_core_pls,pls_multi,2025-2,Tags 1,28,2025-04-25,1573.0,1837.050262077309,264.05026207730907
direct_poultry_core_pls,pls_multi,2025-2,Tags 2,7,2025-04-04,1599.0,1667.0361377672855,68.03613776728548
direct_poultry_core_pls,pls_multi,2025-2,Tags 2,14,2025-04-11,1599.0,1745.2226538541047,146.2226538541047
direct_poultry_core_pls,pls_multi,2025-2,Tags 2,21,2025-04-18,1599.0,1722.9406597410944,123.94065974109435
direct_poultry_core_pls,pls_multi,2025-2,Tags 2,28,2025-04-25,1599.0,1805.6758988119716,206.6758988119716
direct_poultry_core_pls,pls_multi,2025-2,Tags 3,7,2025-04-04,1544.0,1687.2313899837295,143.2313899837295
direct_poultry_core_pls,pls_multi,2025-2,Tags 3,14,2025-04-11,1544.0,1749.4637915907288,205.46379159072876
direct_poultry_core_pls,pls_multi,2025-2,Tags 3,21,2025-04-18,1544.0,1736.8933367925288,192.89333679252877
direct_poultry_core_pls,pls_multi,2025-2,Tags 3,28,2025-04-25,1544.0,1741.9913116796781,197.99131167967812
direct_poultry_core_pls,pls_multi,2025-3,Lags 1,7,2025-07-16,1479.9999999999998,1305.0050481204291,-174.99495187957064
direct_poultry_core_pls,pls_multi,2025-3,Lags 1,14,2025-07-23,1479.9999999999998,1383.139527204477,-96.86047279552281
direct_poultry_core_pls,pls_multi,2025-3,Lags 1,21,2025-07-30,1479.9999999999998,1346.5325552864515,-133.46744471354828
direct_poultry_core_pls,pls_multi,2025-3,Lags 1,28,2025-08-06,1479.9999999999998,1345.304587417795,-134.69541258220488
direct_poultry_core_pls,pls_multi,2025-3,Lags 2,7,2025-07-22,1554.0,1453.7961898602732,-100.20381013972678
direct_poultry_core_pls,pls_multi,2025-3,Lags 2,14,2025-07-29,1554.0,1381.218991018057,-172.78100898194293
direct_poultry_core_pls,pls_multi,2025-3,Lags 2,21,2025-08-05,1554.0,1351.0762304349096,-202.92376956509042
direct_poultry_core_pls,pls_multi,2025-3,Lags 2,28,2025-08-12,1554.0,1389.8715021345924,-164.12849786540755
direct_poultry_core_pls,pls_multi,2025-3,Tags 1,7,2025-06-20,1477.24,1617.7860006831093,140.54600068310924
direct_poultry_core_pls,pls_multi,2025-3,Tags 1,14,2025-06-27,1477.24,1646.2296194632866,168.98961946328654
direct_poultry_core_pls,pls_multi,2025-3,Tags 1,21,2025-07-04,1477.24,1662.2118671946305,184.97186719463048
direct_poultry_core_pls,pls_multi,2025-3,Tags 1,28,2025-07-11,1477.24,1654.5707062132988,177.33070621329875
direct_poultry_core_pls,pls_multi,2025-3,Tags 2,7,2025-06-20,1490.24,1616.6027846891989,126.36278468919886
direct_poultry_core_pls,pls_multi,2025-3,Tags 2,14,2025-06-27,1490.24,1659.9895735809139,169.74957358091388
direct_poultry_core_pls,pls_multi,2025-3,Tags 2,21,2025-07-04,1490.24,1648.7843450743026,158.54434507430256
direct_poultry_core_pls,pls_multi,2025-3,Tags 2,28,2025-07-11,1490.24,1671.2197765126277,180.97977651262772
direct_poultry_core_pls,pls_multi,2025-3,Tags 3,7,2025-06-20,1582.1,1621.3617466796618,39.26174667966188
direct_poultry_core_pls,pls_multi,2025-3,Tags 3,14,2025-06-27,1582.1,1691.3208629416588,109.22086294165888
direct_poultry_core_pls,pls_multi,2025-3,Tags 3,21,2025-07-04,1582.1,1641.356072038386,59.25607203838604
direct_poultry_core_pls,pls_multi,2025-3,Tags 3,28,2025-07-11,1582.1,1658.3185334397763,76.21853343977637
direct_poultry_core_pls,pls_multi,2025-4,Lags 1,7,2025-10-03,1568.0,1430.6694946117698,-137.33050538823022
direct_poultry_core_pls,pls_multi,2025-4,Lags 1,14,2025-10-10,1568.0,1443.2150322151388,-124.78496778486124
direct_poultry_core_pls,pls_multi,2025-4,Lags 1,21,2025-10-17,1568.0,1518.49249633617,-49.50750366382999
direct_poultry_core_pls,pls_multi,2025-4,Lags 1,28,2025-10-24,1568.0,1561.374209846483,-6.625790153517073
direct_poultry_core_pls,pls_multi,2025-4,Lags 2,7,2025-10-03,1594.0,1430.5550171956188,-163.4449828043812
direct_poultry_core_pls,pls_multi,2025-4,Lags 2,14,2025-10-10,1594.0,1443.2177748759766,-150.7822251240234
direct_poultry_core_pls,pls_multi,2025-4,Lags 2,21,2025-10-17,1594.0,1439.4878262290997,-154.5121737709003
direct_poultry_core_pls,pls_multi,2025-4,Lags 2,28,2025-10-24,1594.0,1495.5814892546875,-98.41851074531246
direct_poultry_core_pls,pls_multi,2025-4,Tags 1,7,2025-09-02,1441.5,1635.0947400989244,193.59474009892438
direct_poultry_core_pls,pls_multi,2025-4,Tags 1,14,2025-09-09,1441.5,1447.726191069299,6.22619106929892
direct_poultry_core_pls,pls_multi,2025-4,Tags 1,21,2025-09-16,1441.5,1425.5492916048102,-15.95070839518985
direct_poultry_core_pls,pls_multi,2025-4,Tags 1,28,2025-09-23,1441.5,1374.0662943461489,-67.43370565385112
direct_poultry_core_pls,pls_multi,2025-4,Tags 2,7,2025-09-02,1450.0400000000002,1460.107094284394,10.067094284393761
direct_poultry_core_pls,pls_multi,2025-4,Tags 2,14,2025-09-09,1450.0400000000002,1590.7773569707447,140.7373569707445
direct_poultry_core_pls,pls_multi,2025-4,Tags 2,21,2025-09-16,1450.0400000000002,1570.2341346989397,120.19413469893948
direct_poultry_core_pls,pls_multi,2025-4,Tags 2,28,2025-09-23,1450.0400000000002,1507.563093050829,57.52309305082872
direct_poultry_core_pls,pls_multi,2025-4,Tags 3,7,2025-09-02,1293.1200000000001,1632.4412084990065,339.3212084990064
direct_poultry_core_pls,pls_multi,2025-4,Tags 3,14,2025-09-09,1293.1200000000001,1503.971457349782,210.85145734978187
direct_poultry_core_pls,pls_multi,2025-4,Tags 3,21,2025-09-16,1293.1200000000001,1478.4248443529889,185.30484435298877
direct_poultry_core_pls,pls_multi,2025-4,Tags 3,28,2025-09-23,1293.1200000000001,1457.5419474761054,164.4219474761053
direct_poultry_core_pls,pls_multi,2025-5,Lags 1,7,2025-12-17,1306.0,1507.458064183284,201.45806418328402
direct_poultry_core_pls,pls_multi,2025-5,Lags 1,14,2025-12-24,1306.0,1505.4422404209417,199.44224042094174
direct_poultry_core_pls,pls_multi,2025-5,Lags 1,21,2025-12-31,1306.0,1506.6123599211628,200.6123599211628
direct_poultry_core_pls,pls_multi,2025-5,Lags 1,28,2026-01-07,1306.0,1481.8887215101124,175.88872151011242
direct_poultry_core_pls,pls_multi,2025-5,Lags 2,7,2025-12-24,1176.0,1552.2872990145877,376.2872990145877
direct_poultry_core_pls,pls_multi,2025-5,Lags 2,14,2025-12-31,1176.0,1429.931041675373,253.93104167537308
direct_poultry_core_pls,pls_multi,2025-5,Lags 2,21,2026-01-07,1176.0,1412.1650067704254,236.1650067704254
direct_poultry_core_pls,pls_multi,2025-5,Lags 2,28,2026-01-14,1176.0,1367.3799198968968,191.3799198968968
direct_poultry_core_pls,pls_multi,2025-5,Lags 3,7,2026-01-02,1182.0,1516.120588509799,334.12058850979906
direct_poultry_core_pls,pls_multi,2025-5,Lags 3,14,2026-01-09,1182.0,1449.8016296809756,267.80162968097557
direct_poultry_core_pls,pls_multi,2025-5,Lags 3,21,2026-01-16,1182.0,1428.574971002034,246.5749710020341
direct_poultry_core_pls,pls_multi,2025-5,Lags 3,28,2026-01-23,1182.0,1385.7093399640112,203.70933996401118
direct_poultry_core_pls,pls_multi,2025-5,Tags 1,7,2025-11-18,1702.0,1530.0019207449225,-171.99807925507753
direct_poultry_core_pls,pls_multi,2025-5,Tags 1,14,2025-11-25,1702.0,1504.3626265785524,-197.6373734214476
direct_poultry_core_pls,pls_multi,2025-5,Tags 1,21,2025-12-02,1702.0,1480.843056504683,-221.1569434953169
direct_poultry_core_pls,pls_multi,2025-5,Tags 1,28,2025-12-09,1702.0,1556.627731571381,-145.372268428619
direct_poultry_core_pls,pls_multi,2025-5,Tags 2,7,2025-11-18,1776.0,1484.183965166248,-291.8160348337519
direct_poultry_core_pls,pls_multi,2025-5,Tags 2,14,2025-11-25,1776.0,1498.5094225626972,-277.4905774373028
direct_poultry_core_pls,pls_multi,2025-5,Tags 2,21,2025-12-02,1776.0,1502.283496328825,-273.7165036711749
direct_poultry_core_pls,pls_multi,2025-5,Tags 2,28,2025-12-09,1776.0,1518.7650166218,-257.2349833782
direct_poultry_core_pls,pls_multi,2025-5,Tags 3,7,2025-11-18,1738.0,1539.0232100299727,-198.9767899700273
direct_poultry_core_pls,pls_multi,2025-5,Tags 3,14,2025-11-25,1738.0,1504.732772466596,-233.2672275334039
direct_poultry_core_pls,pls_multi,2025-5,Tags 3,21,2025-12-02,1738.0,1574.9840169632105,-163.01598303678952
direct_poultry_core_pls,pls_multi,2025-5,Tags 3,28,2025-12-09,1738.0,1585.620825183255,-152.37917481674504
direct_poultry_core_pls,pls_multi,2026-1,Lags 1,7,2026-03-12,1605.9999999999998,1388.745525461742,-217.25447453825768
direct_poultry_core_pls,pls_multi,2026-1,Lags 1,14,2026-03-19,1605.9999999999998,1440.0273575253166,-165.9726424746832
direct_poultry_core_pls,pls_multi,2026-1,Lags 1,21,2026-03-26,1605.9999999999998,1408.492173036987,-197.5078269630128
direct_poultry_core_pls,pls_multi,2026-1,Lags 1,28,2026-04-02,1605.9999999999998,1407.4032920115224,-198.59670798847742
direct_poultry_core_pls,pls_multi,2026-1,Lags 2,7,2026-03-20,1972.0000000000002,1458.6398471205762,-513.360152879424
direct_poultry_core_pls,pls_multi,2026-1,Lags 2,14,2026-03-27,1972.0000000000002,1555.2053713910511,-416.7946286089491
direct_poultry_core_pls,pls_multi,2026-1,Lags 2,21,2026-04-03,1972.0000000000002,1595.505582813855,-376.49441718614526
direct_poultry_core_pls,pls_multi,2026-1,Lags 2,28,2026-04-10,1972.0000000000002,1599.2429802920797,-372.75701970792056
direct_poultry_core_pls,pls_multi,2026-1,Lags 3,7,2026-03-27,1691.4399999999998,1507.0273783210814,-184.4126216789184
direct_poultry_core_pls,pls_multi,2026-1,Lags 3,14,2026-04-03,1691.4399999999998,1495.1285765021503,-196.31142349784955
direct_poultry_core_pls,pls_multi,2026-1,Lags 3,21,2026-04-10,1691.4399999999998,1483.5991259396703,-207.8408740603295
direct_poultry_core_pls,pls_multi,2026-1,Lags 3,28,2026-04-17,1691.4399999999998,1508.4369931782426,-183.00300682175725
direct_poultry_core_pls,pls_multi,2026-1,Tags 1,7,2026-02-06,1446.68,1457.606103903665,10.926103903664853
direct_poultry_core_pls,pls_multi,2026-1,Tags 1,14,2026-02-13,1446.68,1520.3699612475637,73.68996124756359
direct_poultry_core_pls,pls_multi,2026-1,Tags 1,21,2026-02-20,1446.68,1535.5090040234513,88.82900402345126
direct_poultry_core_pls,pls_multi,2026-1,Tags 1,28,2026-02-27,1446.68,1508.4926899061925,61.81268990619242
direct_poultry_core_pls,pls_multi,2026-1,Tags 2,7,2026-02-06,1550.16,1563.6410324755777,13.48103247557765
direct_poultry_core_pls,pls_multi,2026-1,Tags 2,14,2026-02-13,1550.16,1585.1647488049296,35.00474880492948
direct_poultry_core_pls,pls_multi,2026-1,Tags 2,21,2026-02-20,1550.16,1653.3792123251217,103.21921232512159
direct_poultry_core_pls,pls_multi,2026-1,Tags 2,28,2026-02-27,1550.16,1612.657743276907,62.49774327690693
direct_poultry_core_pls,pls_multi,2026-1,Tags 3,7,2026-02-06,1691.4399999999998,1451.6249993312215,-239.81500066877834
direct_poultry_core_pls,pls_multi,2026-1,Tags 3,14,2026-02-13,1691.4399999999998,1482.5040597017214,-208.9359402982784
direct_poultry_core_pls,pls_multi,2026-1,Tags 3,21,2026-02-20,1691.4399999999998,1535.6880402501843,-155.75195974981557
direct_poultry_core_pls,pls_multi,2026-1,Tags 3,28,2026-02-27,1691.4399999999998,1491.2014044075254,-200.23859559247444
direct_poultry_core_pls,pls_multi,2026-2,Lags 1,7,2026-06-08,1192.0,1529.5490712493124,337.5490712493124
direct_poultry_core_pls,pls_multi,2026-2,Lags 1,14,2026-06-15,1192.0,1683.4445451175882,491.4445451175882
direct_poultry_core_pls,pls_multi,2026-2,Lags 1,21,2026-06-22,1192.0,1473.7350262673174,281.7350262673174
direct_poultry_core_pls,pls_multi,2026-2,Lags 1,28,2026-06-29,1192.0,1318.3269749142498,126.32697491424983
direct_poultry_core_pls,pls_multi,2026-2,Lags 2,7,2026-06-16,1204.0,1523.5034745729508,319.50347457295084
direct_poultry_core_pls,pls_multi,2026-2,Lags 2,14,2026-06-23,1204.0,1625.2400967896556,421.2400967896556
direct_poultry_core_pls,pls_multi,2026-2,Lags 2,21,2026-06-30,1204.0,1432.949573440622,228.9495734406221
direct_poultry_core_pls,pls_multi,2026-2,Lags 2,28,2026-07-07,1204.0,1329.8150272445073,125.81502724450729
direct_poultry_core_pls,pls_multi,2026-2,Lags 3,7,2026-06-22,1078.0,1529.15072324996,451.15072324996004
direct_poultry_core_pls,pls_multi,2026-2,Lags 3,14,2026-06-29,1078.0,1532.7237826894893,454.7237826894893
direct_poultry_core_pls,pls_multi,2026-2,Lags 3,21,2026-07-06,1078.0,1357.0752877614273,279.07528776142726
direct_poultry_core_pls,pls_multi,2026-2,Lags 3,28,2026-07-13,1078.0,1298.8433402018954,220.84334020189544
direct_poultry_core_pls,pls_multi,2026-2,Tags 1,7,2026-04-25,1360.0,1612.380472999374,252.38047299937398
direct_poultry_core_pls,pls_multi,2026-2,Tags 1,14,2026-05-02,1360.0,1532.693549327031,172.69354932703095
direct_poultry_core_pls,pls_multi,2026-2,Tags 1,21,2026-05-09,1360.0,1582.744859867633,222.74485986763307
direct_poultry_core_pls,pls_multi,2026-2,Tags 1,28,2026-05-16,1360.0,1550.400156166825,190.4001561668249
direct_poultry_core_pls,pls_multi,2026-2,Tags 2,7,2026-04-25,1556.2800000000002,1489.7273308751348,-66.55266912486536
direct_poultry_core_pls,pls_multi,2026-2,Tags 2,14,2026-05-02,1556.2800000000002,1527.6272207655093,-28.652779234490936
direct_poultry_core_pls,pls_multi,2026-2,Tags 2,21,2026-05-09,1556.2800000000002,1582.759414403495,26.47941440349473
direct_poultry_core_pls,pls_multi,2026-2,Tags 2,28,2026-05-16,1556.2800000000002,1566.1321934347507,9.852193434750461
direct_poultry_core_pls,pls_multi,2026-2,Tags 3,7,2026-04-25,1564.0,1617.7040062750611,53.70400627506115
direct_poultry_core_pls,pls_multi,2026-2,Tags 3,14,2026-05-02,1564.0,1660.0182463278973,96.01824632789726
direct_poultry_core_pls,pls_multi,2026-2,Tags 3,21,2026-05-09,1564.0,1610.166427484302,46.16642748430195
direct_poultry_core_pls,pls_multi,2026-2,Tags 3,28,2026-05-16,1564.0,1571.3117207252446,7.311720725244641
direct_xgboost_growth,xgboost,2025-2,Tags 1,7,2025-04-04,1573.0,1520.8546142578125,-52.1453857421875
direct_xgboost_growth,xgboost,2025-2,Tags 1,14,2025-04-11,1573.0,1538.6707763671875,-34.3292236328125
direct_xgboost_growth,xgboost,2025-2,Tags 1,21,2025-04-18,1573.0,1510.172607421875,-62.827392578125
direct_xgboost_growth,xgboost,2025-2,Tags 1,28,2025-04-25,1573.0,1568.8250732421875,-4.1749267578125
direct_xgboost_growth,xgboost,2025-2,Tags 2,7,2025-04-04,1599.0,1520.8546142578125,-78.1453857421875
direct_xgboost_growth,xgboost,2025-2,Tags 2,14,2025-04-11,1599.0,1538.6707763671875,-60.3292236328125
direct_xgboost_growth,xgboost,2025-2,Tags 2,21,2025-04-18,1599.0,1530.5721435546875,-68.4278564453125
direct_xgboost_growth,xgboost,2025-2,Tags 2,28,2025-04-25,1599.0,1571.1903076171875,-27.8096923828125
direct_xgboost_growth,xgboost,2025-2,Tags 3,7,2025-04-04,1544.0,1520.8546142578125,-23.1453857421875
direct_xgboost_growth,xgboost,2025-2,Tags 3,14,2025-04-11,1544.0,1536.1646728515625,-7.8353271484375
direct_xgboost_growth,xgboost,2025-2,Tags 3,21,2025-04-18,1544.0,1536.1837158203125,-7.8162841796875
direct_xgboost_growth,xgboost,2025-2,Tags 3,28,2025-04-25,1544.0,1523.122314453125,-20.877685546875
direct_xgboost_growth,xgboost,2025-3,Lags 1,7,2025-07-16,1479.9999999999998,1435.3111572265625,-44.6888427734375
direct_xgboost_growth,xgboost,2025-3,Lags 1,14,2025-07-23,1479.9999999999998,1488.9189453125,8.9189453125
direct_xgboost_growth,xgboost,2025-3,Lags 1,21,2025-07-30,1479.9999999999998,1446.6414794921875,-33.3585205078125
direct_xgboost_growth,xgboost,2025-3,Lags 1,28,2025-08-06,1479.9999999999998,1431.9383544921875,-48.0616455078125
direct_xgboost_growth,xgboost,2025-3,Lags 2,7,2025-07-22,1554.0,1440.156494140625,-113.843505859375
direct_xgboost_growth,xgboost,2025-3,Lags 2,14,2025-07-29,1554.0,1413.95556640625,-140.04443359375
direct_xgboost_growth,xgboost,2025-3,Lags 2,21,2025-08-05,1554.0,1431.5325927734375,-122.4674072265625
direct_xgboost_growth,xgboost,2025-3,Lags 2,28,2025-08-12,1554.0,1483.948974609375,-70.051025390625
direct_xgboost_growth,xgboost,2025-3,Tags 1,7,2025-06-20,1477.24,1541.265869140625,64.02587890625
direct_xgboost_growth,xgboost,2025-3,Tags 1,14,2025-06-27,1477.24,1564.3883056640625,87.1483154296875
direct_xgboost_growth,xgboost,2025-3,Tags 1,21,2025-07-04,1477.24,1549.026123046875,71.7861328125
direct_xgboost_growth,xgboost,2025-3,Tags 1,28,2025-07-11,1477.24,1572.296875,95.056884765625
direct_xgboost_growth,xgboost,2025-3,Tags 2,7,2025-06-20,1490.24,1570.477294921875,80.2373046875
direct_xgboost_growth,xgboost,2025-3,Tags 2,14,2025-06-27,1490.24,1559.6446533203125,69.4046630859375
direct_xgboost_growth,xgboost,2025-3,Tags 2,21,2025-07-04,1490.24,1548.40283203125,58.162841796875
direct_xgboost_growth,xgboost,2025-3,Tags 2,28,2025-07-11,1490.24,1578.7808837890625,88.5408935546875
direct_xgboost_growth,xgboost,2025-3,Tags 3,7,2025-06-20,1582.1,1541.265869140625,-40.8341064453125
direct_xgboost_growth,xgboost,2025-3,Tags 3,14,2025-06-27,1582.1,1566.0897216796875,-16.01025390625
direct_xgboost_growth,xgboost,2025-3,Tags 3,21,2025-07-04,1582.1,1538.2633056640625,-43.836669921875
direct_xgboost_growth,xgboost,2025-3,Tags 3,28,2025-07-11,1582.1,1570.51220703125,-11.5877685546875
direct_xgboost_growth,xgboost,2025-4,Lags 1,7,2025-10-03,1568.0,1439.7266845703125,-128.2733154296875
direct_xgboost_growth,xgboost,2025-4,Lags 1,14,2025-10-10,1568.0,1523.245849609375,-44.754150390625
direct_xgboost_growth,xgboost,2025-4,Lags 1,21,2025-10-17,1568.0,1561.626708984375,-6.373291015625
direct_xgboost_growth,xgboost,2025-4,Lags 1,28,2025-10-24,1568.0,1575.3509521484375,7.3509521484375
direct_xgboost_growth,xgboost,2025-4,Lags 2,7,2025-10-03,1594.0,1424.5933837890625,-169.4066162109375
direct_xgboost_growth,xgboost,2025-4,Lags 2,14,2025-10-10,1594.0,1523.245849609375,-70.754150390625
direct_xgboost_growth,xgboost,2025-4,Lags 2,21,2025-10-17,1594.0,1561.626708984375,-32.373291015625
direct_xgboost_growth,xgboost,2025-4,Lags 2,28,2025-10-24,1594.0,1575.3509521484375,-18.6490478515625
direct_xgboost_growth,xgboost,2025-4,Tags 1,7,2025-09-02,1441.5,1438.1217041015625,-3.3782958984375
direct_xgboost_growth,xgboost,2025-4,Tags 1,14,2025-09-09,1441.5,1500.240234375,58.740234375
direct_xgboost_growth,xgboost,2025-4,Tags 1,21,2025-09-16,1441.5,1549.31201171875,107.81201171875
direct_xgboost_growth,xgboost,2025-4,Tags 1,28,2025-09-23,1441.5,1416.9327392578125,-24.5672607421875
direct_xgboost_growth,xgboost,2025-4,Tags 2,7,2025-09-02,1450.0400000000002,1418.1322021484375,-31.9078369140625
direct_xgboost_growth,xgboost,2025-4,Tags 2,14,2025-09-09,1450.0400000000002,1527.847412109375,77.807373046875
direct_xgboost_growth,xgboost,2025-4,Tags 2,21,2025-09-16,1450.0400000000002,1564.0894775390625,114.0494384765625
direct_xgboost_growth,xgboost,2025-4,Tags 2,28,2025-09-23,1450.0400000000002,1416.9327392578125,-33.1072998046875
direct_xgboost_growth,xgboost,2025-4,Tags 3,7,2025-09-02,1293.1200000000001,1426.736328125,133.6163330078125
direct_xgboost_growth,xgboost,2025-4,Tags 3,14,2025-09-09,1293.1200000000001,1529.658203125,236.5382080078125
direct_xgboost_growth,xgboost,2025-4,Tags 3,21,2025-09-16,1293.1200000000001,1564.0894775390625,270.969482421875
direct_xgboost_growth,xgboost,2025-4,Tags 3,28,2025-09-23,1293.1200000000001,1416.9327392578125,123.812744140625
direct_xgboost_growth,xgboost,2025-5,Lags 1,7,2025-12-17,1306.0,1432.948974609375,126.948974609375
direct_xgboost_growth,xgboost,2025-5,Lags 1,14,2025-12-24,1306.0,1442.8916015625,136.8916015625
direct_xgboost_growth,xgboost,2025-5,Lags 1,21,2025-12-31,1306.0,1467.2525634765625,161.2525634765625
direct_xgboost_growth,xgboost,2025-5,Lags 1,28,2026-01-07,1306.0,1426.73046875,120.73046875
direct_xgboost_growth,xgboost,2025-5,Lags 2,7,2025-12-24,1176.0,1437.3345947265625,261.3345947265625
direct_xgboost_growth,xgboost,2025-5,Lags 2,14,2025-12-31,1176.0,1451.086181640625,275.086181640625
direct_xgboost_growth,xgboost,2025-5,Lags 2,21,2026-01-07,1176.0,1477.955078125,301.955078125
direct_xgboost_growth,xgboost,2025-5,Lags 2,28,2026-01-14,1176.0,1422.5615234375,246.5615234375
direct_xgboost_growth,xgboost,2025-5,Lags 3,7,2026-01-02,1182.0,1437.3345947265625,255.3345947265625
direct_xgboost_growth,xgboost,2025-5,Lags 3,14,2026-01-09,1182.0,1451.8062744140625,269.8062744140625
direct_xgboost_growth,xgboost,2025-5,Lags 3,21,2026-01-16,1182.0,1474.89208984375,292.89208984375
direct_xgboost_growth,xgboost,2025-5,Lags 3,28,2026-01-23,1182.0,1422.5615234375,240.5615234375
direct_xgboost_growth,xgboost,2025-5,Tags 1,7,2025-11-18,1702.0,1499.74853515625,-202.25146484375
direct_xgboost_growth,xgboost,2025-5,Tags 1,14,2025-11-25,1702.0,1465.2757568359375,-236.7242431640625
direct_xgboost_growth,xgboost,2025-5,Tags 1,21,2025-12-02,1702.0,1470.28515625,-231.71484375
direct_xgboost_growth,xgboost,2025-5,Tags 1,28,2025-12-09,1702.0,1554.317138671875,-147.682861328125
direct_xgboost_growth,xgboost,2025-5,Tags 2,7,2025-11-18,1776.0,1499.74853515625,-276.25146484375
direct_xgboost_growth,xgboost,2025-5,Tags 2,14,2025-11-25,1776.0,1505.649658203125,-270.350341796875
direct_xgboost_growth,xgboost,2025-5,Tags 2,21,2025-12-02,1776.0,1508.6019287109375,-267.3980712890625
direct_xgboost_growth,xgboost,2025-5,Tags 2,28,2025-12-09,1776.0,1557.6964111328125,-218.3035888671875
direct_xgboost_growth,xgboost,2025-5,Tags 3,7,2025-11-18,1738.0,1499.74853515625,-238.25146484375
direct_xgboost_growth,xgboost,2025-5,Tags 3,14,2025-11-25,1738.0,1505.649658203125,-232.350341796875
direct_xgboost_growth,xgboost,2025-5,Tags 3,21,2025-12-02,1738.0,1513.138671875,-224.861328125
direct_xgboost_growth,xgboost,2025-5,Tags 3,28,2025-12-09,1738.0,1559.4129638671875,-178.5870361328125
direct_xgboost_growth,xgboost,2026-1,Lags 1,7,2026-03-12,1605.9999999999998,1423.606201171875,-182.393798828125
direct_xgboost_growth,xgboost,2026-1,Lags 1,14,2026-03-19,1605.9999999999998,1493.316162109375,-112.683837890625
direct_xgboost_growth,xgboost,2026-1,Lags 1,21,2026-03-26,1605.9999999999998,1485.943359375,-120.056640625
direct_xgboost_growth,xgboost,2026-1,Lags 1,28,2026-04-02,1605.9999999999998,1534.9117431640625,-71.0882568359375
direct_xgboost_growth,xgboost,2026-1,Lags 2,7,2026-03-20,1972.0000000000002,1505.2828369140625,-466.7171630859375
direct_xgboost_growth,xgboost,2026-1,Lags 2,14,2026-03-27,1972.0000000000002,1515.17529296875,-456.82470703125
direct_xgboost_growth,xgboost,2026-1,Lags 2,21,2026-04-03,1972.0000000000002,1519.728759765625,-452.271240234375
direct_xgboost_growth,xgboost,2026-1,Lags 2,28,2026-04-10,1972.0000000000002,1534.9117431640625,-437.0882568359375
direct_xgboost_growth,xgboost,2026-1,Lags 3,7,2026-03-27,1691.4399999999998,1423.606201171875,-267.833740234375
direct_xgboost_growth,xgboost,2026-1,Lags 3,14,2026-04-03,1691.4399999999998,1378.6846923828125,-312.7552490234375
direct_xgboost_growth,xgboost,2026-1,Lags 3,21,2026-04-10,1691.4399999999998,1396.9154052734375,-294.5245361328125
direct_xgboost_growth,xgboost,2026-1,Lags 3,28,2026-04-17,1691.4399999999998,1487.8353271484375,-203.6046142578125
direct_xgboost_growth,xgboost,2026-1,Tags 1,7,2026-02-06,1446.68,1502.154052734375,55.4739990234375
direct_xgboost_growth,xgboost,2026-1,Tags 1,14,2026-02-13,1446.68,1515.17529296875,68.4952392578125
direct_xgboost_growth,xgboost,2026-1,Tags 1,21,2026-02-20,1446.68,1523.589599609375,76.9095458984375
direct_xgboost_growth,xgboost,2026-1,Tags 1,28,2026-02-27,1446.68,1530.0108642578125,83.330810546875
direct_xgboost_growth,xgboost,2026-1,Tags 2,7,2026-02-06,1550.16,1502.154052734375,-48.0059814453125
direct_xgboost_growth,xgboost,2026-1,Tags 2,14,2026-02-13,1550.16,1515.17529296875,-34.9847412109375
direct_xgboost_growth,xgboost,2026-1,Tags 2,21,2026-02-20,1550.16,1523.589599609375,-26.5704345703125
direct_xgboost_growth,xgboost,2026-1,Tags 2,28,2026-02-27,1550.16,1446.19775390625,-103.9622802734375
direct_xgboost_growth,xgboost,2026-1,Tags 3,7,2026-02-06,1691.4399999999998,1502.154052734375,-189.285888671875
direct_xgboost_growth,xgboost,2026-1,Tags 3,14,2026-02-13,1691.4399999999998,1522.4327392578125,-169.0072021484375
direct_xgboost_growth,xgboost,2026-1,Tags 3,21,2026-02-20,1691.4399999999998,1523.589599609375,-167.850341796875
direct_xgboost_growth,xgboost,2026-1,Tags 3,28,2026-02-27,1691.4399999999998,1446.19775390625,-245.2421875
direct_xgboost_growth,xgboost,2026-2,Lags 1,7,2026-06-08,1192.0,1611.508544921875,419.508544921875
direct_xgboost_growth,xgboost,2026-2,Lags 1,14,2026-06-15,1192.0,1604.33837890625,412.33837890625
direct_xgboost_growth,xgboost,2026-2,Lags 1,21,2026-06-22,1192.0,1549.3375244140625,357.3375244140625
direct_xgboost_growth,xgboost,2026-2,Lags 1,28,2026-06-29,1192.0,1494.260009765625,302.260009765625
direct_xgboost_growth,xgboost,2026-2,Lags 2,7,2026-06-16,1204.0,1611.508544921875,407.508544921875
direct_xgboost_growth,xgboost,2026-2,Lags 2,14,2026-06-23,1204.0,1604.33837890625,400.33837890625
direct_xgboost_growth,xgboost,2026-2,Lags 2,21,2026-06-30,1204.0,1549.8338623046875,345.8338623046875
direct_xgboost_growth,xgboost,2026-2,Lags 2,28,2026-07-07,1204.0,1494.260009765625,290.260009765625
direct_xgboost_growth,xgboost,2026-2,Lags 3,7,2026-06-22,1078.0,1464.316650390625,386.316650390625
direct_xgboost_growth,xgboost,2026-2,Lags 3,14,2026-06-29,1078.0,1466.41796875,388.41796875
direct_xgboost_growth,xgboost,2026-2,Lags 3,21,2026-07-06,1078.0,1498.303955078125,420.303955078125
direct_xgboost_growth,xgboost,2026-2,Lags 3,28,2026-07-13,1078.0,1463.330078125,385.330078125
direct_xgboost_growth,xgboost,2026-2,Tags 1,7,2026-04-25,1360.0,1610.9462890625,250.9462890625
direct_xgboost_growth,xgboost,2026-2,Tags 1,14,2026-05-02,1360.0,1610.1627197265625,250.1627197265625
direct_xgboost_growth,xgboost,2026-2,Tags 1,21,2026-05-09,1360.0,1577.2335205078125,217.2335205078125
direct_xgboost_growth,xgboost,2026-2,Tags 1,28,2026-05-16,1360.0,1573.1561279296875,213.1561279296875
direct_xgboost_growth,xgboost,2026-2,Tags 2,7,2026-04-25,1556.2800000000002,1610.9462890625,54.666259765625
direct_xgboost_growth,xgboost,2026-2,Tags 2,14,2026-05-02,1556.2800000000002,1610.1627197265625,53.8826904296875
direct_xgboost_growth,xgboost,2026-2,Tags 2,21,2026-05-09,1556.2800000000002,1577.2335205078125,20.9534912109375
direct_xgboost_growth,xgboost,2026-2,Tags 2,28,2026-05-16,1556.2800000000002,1573.1561279296875,16.8760986328125
direct_xgboost_growth,xgboost,2026-2,Tags 3,7,2026-04-25,1564.0,1610.9462890625,46.9462890625
direct_xgboost_growth,xgboost,2026-2,Tags 3,14,2026-05-02,1564.0,1610.1627197265625,46.1627197265625
direct_xgboost_growth,xgboost,2026-2,Tags 3,21,2026-05-09,1564.0,1576.4193115234375,12.4193115234375
direct_xgboost_growth,xgboost,2026-2,Tags 3,28,2026-05-16,1564.0,1573.1561279296875,9.1561279296875
direct_xgboost_poultry,xgboost,2025-2,Tags 1,7,2025-04-04,1573.0,1558.849365234375,-14.150634765625
direct_xgboost_poultry,xgboost,2025-2,Tags 1,14,2025-04-11,1573.0,1540.260986328125,-32.739013671875
direct_xgboost_poultry,xgboost,2025-2,Tags 1,21,2025-04-18,1573.0,1527.2032470703125,-45.7967529296875
direct_xgboost_poultry,xgboost,2025-2,Tags 1,28,2025-04-25,1573.0,1570.8853759765625,-2.1146240234375
direct_xgboost_poultry,xgboost,2025-2,Tags 2,7,2025-04-04,1599.0,1558.849365234375,-40.150634765625
direct_xgboost_poultry,xgboost,2025-2,Tags 2,14,2025-04-11,1599.0,1540.260986328125,-58.739013671875
direct_xgboost_poultry,xgboost,2025-2,Tags 2,21,2025-04-18,1599.0,1538.4403076171875,-60.5596923828125
direct_xgboost_poultry,xgboost,2025-2,Tags 2,28,2025-04-25,1599.0,1570.8853759765625,-28.1146240234375
direct_xgboost_poultry,xgboost,2025-2,Tags 3,7,2025-04-04,1544.0,1558.849365234375,14.849365234375
direct_xgboost_poultry,xgboost,2025-2,Tags 3,14,2025-04-11,1544.0,1540.260986328125,-3.739013671875
direct_xgboost_poultry,xgboost,2025-2,Tags 3,21,2025-04-18,1544.0,1538.4403076171875,-5.5596923828125
direct_xgboost_poultry,xgboost,2025-2,Tags 3,28,2025-04-25,1544.0,1527.4422607421875,-16.5577392578125
direct_xgboost_poultry,xgboost,2025-3,Lags 1,7,2025-07-16,1479.9999999999998,1432.3663330078125,-47.6336669921875
direct_xgboost_poultry,xgboost,2025-3,Lags 1,14,2025-07-23,1479.9999999999998,1471.422607421875,-8.577392578125
direct_xgboost_poultry,xgboost,2025-3,Lags 1,21,2025-07-30,1479.9999999999998,1443.3450927734375,-36.6549072265625
direct_xgboost_poultry,xgboost,2025-3,Lags 1,28,2025-08-06,1479.9999999999998,1425.7174072265625,-54.2825927734375
direct_xgboost_poultry,xgboost,2025-3,Lags 2,7,2025-07-22,1554.0,1430.31640625,-123.68359375
direct_xgboost_poultry,xgboost,2025-3,Lags 2,14,2025-07-29,1554.0,1438.34814453125,-115.65185546875
direct_xgboost_poultry,xgboost,2025-3,Lags 2,21,2025-08-05,1554.0,1435.7239990234375,-118.2760009765625
direct_xgboost_poultry,xgboost,2025-3,Lags 2,28,2025-08-12,1554.0,1467.3465576171875,-86.6534423828125
direct_xgboost_poultry,xgboost,2025-3,Tags 1,7,2025-06-20,1477.24,1552.6962890625,75.456298828125
direct_xgboost_poultry,xgboost,2025-3,Tags 1,14,2025-06-27,1477.24,1548.1864013671875,70.9464111328125
direct_xgboost_poultry,xgboost,2025-3,Tags 1,21,2025-07-04,1477.24,1549.327392578125,72.08740234375
direct_xgboost_poultry,xgboost,2025-3,Tags 1,28,2025-07-11,1477.24,1578.758056640625,101.51806640625
direct_xgboost_poultry,xgboost,2025-3,Tags 2,7,2025-06-20,1490.24,1562.19580078125,71.955810546875
direct_xgboost_poultry,xgboost,2025-3,Tags 2,14,2025-06-27,1490.24,1546.1236572265625,55.8836669921875
direct_xgboost_poultry,xgboost,2025-3,Tags 2,21,2025-07-04,1490.24,1548.0810546875,57.841064453125
direct_xgboost_poultry,xgboost,2025-3,Tags 2,28,2025-07-11,1490.24,1578.758056640625,88.51806640625
direct_xgboost_poultry,xgboost,2025-3,Tags 3,7,2025-06-20,1582.1,1552.6962890625,-29.4036865234375
direct_xgboost_poultry,xgboost,2025-3,Tags 3,14,2025-06-27,1582.1,1547.998291015625,-34.1016845703125
direct_xgboost_poultry,xgboost,2025-3,Tags 3,21,2025-07-04,1582.1,1540.238525390625,-41.8614501953125
direct_xgboost_poultry,xgboost,2025-3,Tags 3,28,2025-07-11,1582.1,1578.758056640625,-3.3419189453125
direct_xgboost_poultry,xgboost,2025-4,Lags 1,7,2025-10-03,1568.0,1455.4688720703125,-112.5311279296875
direct_xgboost_poultry,xgboost,2025-4,Lags 1,14,2025-10-10,1568.0,1499.1478271484375,-68.8521728515625
direct_xgboost_poultry,xgboost,2025-4,Lags 1,21,2025-10-17,1568.0,1549.349609375,-18.650390625
direct_xgboost_poultry,xgboost,2025-4,Lags 1,28,2025-10-24,1568.0,1571.6787109375,3.6787109375
direct_xgboost_poultry,xgboost,2025-4,Lags 2,7,2025-10-03,1594.0,1455.4688720703125,-138.5311279296875
direct_xgboost_poultry,xgboost,2025-4,Lags 2,14,2025-10-10,1594.0,1499.1478271484375,-94.8521728515625
direct_xgboost_poultry,xgboost,2025-4,Lags 2,21,2025-10-17,1594.0,1539.9072265625,-54.0927734375
direct_xgboost_poultry,xgboost,2025-4,Lags 2,28,2025-10-24,1594.0,1553.68212890625,-40.31787109375
direct_xgboost_poultry,xgboost,2025-4,Tags 1,7,2025-09-02,1441.5,1471.2506103515625,29.7506103515625
direct_xgboost_poultry,xgboost,2025-4,Tags 1,14,2025-09-09,1441.5,1481.25537109375,39.75537109375
direct_xgboost_poultry,xgboost,2025-4,Tags 1,21,2025-09-16,1441.5,1548.50341796875,107.00341796875
direct_xgboost_poultry,xgboost,2025-4,Tags 1,28,2025-09-23,1441.5,1423.6605224609375,-17.8394775390625
direct_xgboost_poultry,xgboost,2025-4,Tags 2,7,2025-09-02,1450.0400000000002,1465.42041015625,15.38037109375
direct_xgboost_poultry,xgboost,2025-4,Tags 2,14,2025-09-09,1450.0400000000002,1550.565185546875,100.525146484375
direct_xgboost_poultry,xgboost,2025-4,Tags 2,21,2025-09-16,1450.0400000000002,1563.670654296875,113.630615234375
direct_xgboost_poultry,xgboost,2025-4,Tags 2,28,2025-09-23,1450.0400000000002,1431.1290283203125,-18.9110107421875
direct_xgboost_poultry,xgboost,2025-4,Tags 3,7,2025-09-02,1293.1200000000001,1465.6773681640625,172.557373046875
direct_xgboost_poultry,xgboost,2025-4,Tags 3,14,2025-09-09,1293.1200000000001,1546.392822265625,253.2728271484375
direct_xgboost_poultry,xgboost,2025-4,Tags 3,21,2025-09-16,1293.1200000000001,1563.670654296875,270.5506591796875
direct_xgboost_poultry,xgboost,2025-4,Tags 3,28,2025-09-23,1293.1200000000001,1431.1290283203125,138.009033203125
direct_xgboost_poultry,xgboost,2025-5,Lags 1,7,2025-12-17,1306.0,1472.0714111328125,166.0714111328125
direct_xgboost_poultry,xgboost,2025-5,Lags 1,14,2025-12-24,1306.0,1476.6981201171875,170.6981201171875
direct_xgboost_poultry,xgboost,2025-5,Lags 1,21,2025-12-31,1306.0,1473.3994140625,167.3994140625
direct_xgboost_poultry,xgboost,2025-5,Lags 1,28,2026-01-07,1306.0,1435.3114013671875,129.3114013671875
direct_xgboost_poultry,xgboost,2025-5,Lags 2,7,2025-12-24,1176.0,1477.824462890625,301.824462890625
direct_xgboost_poultry,xgboost,2025-5,Lags 2,14,2025-12-31,1176.0,1481.1124267578125,305.1124267578125
direct_xgboost_poultry,xgboost,2025-5,Lags 2,21,2026-01-07,1176.0,1472.4703369140625,296.4703369140625
direct_xgboost_poultry,xgboost,2025-5,Lags 2,28,2026-01-14,1176.0,1429.506103515625,253.506103515625
direct_xgboost_poultry,xgboost,2025-5,Lags 3,7,2026-01-02,1182.0,1477.824462890625,295.824462890625
direct_xgboost_poultry,xgboost,2025-5,Lags 3,14,2026-01-09,1182.0,1482.7430419921875,300.7430419921875
direct_xgboost_poultry,xgboost,2025-5,Lags 3,21,2026-01-16,1182.0,1464.588134765625,282.588134765625
direct_xgboost_poultry,xgboost,2025-5,Lags 3,28,2026-01-23,1182.0,1433.1129150390625,251.1129150390625
direct_xgboost_poultry,xgboost,2025-5,Tags 1,7,2025-11-18,1702.0,1491.259765625,-210.740234375
direct_xgboost_poultry,xgboost,2025-5,Tags 1,14,2025-11-25,1702.0,1474.426025390625,-227.573974609375
direct_xgboost_poultry,xgboost,2025-5,Tags 1,21,2025-12-02,1702.0,1465.5673828125,-236.4326171875
direct_xgboost_poultry,xgboost,2025-5,Tags 1,28,2025-12-09,1702.0,1558.156982421875,-143.843017578125
direct_xgboost_poultry,xgboost,2025-5,Tags 2,7,2025-11-18,1776.0,1498.9697265625,-277.0302734375
direct_xgboost_poultry,xgboost,2025-5,Tags 2,14,2025-11-25,1776.0,1495.363525390625,-280.636474609375
direct_xgboost_poultry,xgboost,2025-5,Tags 2,21,2025-12-02,1776.0,1507.2171630859375,-268.7828369140625
direct_xgboost_poultry,xgboost,2025-5,Tags 2,28,2025-12-09,1776.0,1558.7381591796875,-217.2618408203125
direct_xgboost_poultry,xgboost,2025-5,Tags 3,7,2025-11-18,1738.0,1489.472412109375,-248.527587890625
direct_xgboost_poultry,xgboost,2025-5,Tags 3,14,2025-11-25,1738.0,1481.7982177734375,-256.2017822265625
direct_xgboost_poultry,xgboost,2025-5,Tags 3,21,2025-12-02,1738.0,1506.5657958984375,-231.4342041015625
direct_xgboost_poultry,xgboost,2025-5,Tags 3,28,2025-12-09,1738.0,1558.7381591796875,-179.2618408203125
direct_xgboost_poultry,xgboost,2026-1,Lags 1,7,2026-03-12,1605.9999999999998,1419.2828369140625,-186.7171630859375
direct_xgboost_poultry,xgboost,2026-1,Lags 1,14,2026-03-19,1605.9999999999998,1447.0445556640625,-158.9554443359375
direct_xgboost_poultry,xgboost,2026-1,Lags 1,21,2026-03-26,1605.9999999999998,1477.84619140625,-128.15380859375
direct_xgboost_poultry,xgboost,2026-1,Lags 1,28,2026-04-02,1605.9999999999998,1533.6785888671875,-72.3214111328125
direct_xgboost_poultry,xgboost,2026-1,Lags 2,7,2026-03-20,1972.0000000000002,1481.6864013671875,-490.3135986328125
direct_xgboost_poultry,xgboost,2026-1,Lags 2,14,2026-03-27,1972.0000000000002,1490.419677734375,-481.580322265625
direct_xgboost_poultry,xgboost,2026-1,Lags 2,21,2026-04-03,1972.0000000000002,1512.382568359375,-459.617431640625
direct_xgboost_poultry,xgboost,2026-1,Lags 2,28,2026-04-10,1972.0000000000002,1533.6785888671875,-438.3214111328125
direct_xgboost_poultry,xgboost,2026-1,Lags 3,7,2026-03-27,1691.4399999999998,1421.8734130859375,-269.5665283203125
direct_xgboost_poultry,xgboost,2026-1,Lags 3,14,2026-04-03,1691.4399999999998,1417.2117919921875,-274.2281494140625
direct_xgboost_poultry,xgboost,2026-1,Lags 3,21,2026-04-10,1691.4399999999998,1399.3529052734375,-292.0870361328125
direct_xgboost_poultry,xgboost,2026-1,Lags 3,28,2026-04-17,1691.4399999999998,1478.3221435546875,-213.1177978515625
direct_xgboost_poultry,xgboost,2026-1,Tags 1,7,2026-02-06,1446.68,1503.4149169921875,56.73486328125
direct_xgboost_poultry,xgboost,2026-1,Tags 1,14,2026-02-13,1446.68,1501.2781982421875,54.59814453125
direct_xgboost_poultry,xgboost,2026-1,Tags 1,21,2026-02-20,1446.68,1517.24462890625,70.5645751953125
direct_xgboost_poultry,xgboost,2026-1,Tags 1,28,2026-02-27,1446.68,1533.20068359375,86.5206298828125
direct_xgboost_poultry,xgboost,2026-1,Tags 2,7,2026-02-06,1550.16,1506.0054931640625,-44.154541015625
direct_xgboost_poultry,xgboost,2026-1,Tags 2,14,2026-02-13,1550.16,1507.8118896484375,-42.34814453125
direct_xgboost_poultry,xgboost,2026-1,Tags 2,21,2026-02-20,1550.16,1524.8131103515625,-25.346923828125
direct_xgboost_poultry,xgboost,2026-1,Tags 2,28,2026-02-27,1550.16,1457.0179443359375,-93.14208984375
direct_xgboost_poultry,xgboost,2026-1,Tags 3,7,2026-02-06,1691.4399999999998,1502.6607666015625,-188.7791748046875
direct_xgboost_poultry,xgboost,2026-1,Tags 3,14,2026-02-13,1691.4399999999998,1500.7271728515625,-190.7127685546875
direct_xgboost_poultry,xgboost,2026-1,Tags 3,21,2026-02-20,1691.4399999999998,1515.9295654296875,-175.5103759765625
direct_xgboost_poultry,xgboost,2026-1,Tags 3,28,2026-02-27,1691.4399999999998,1457.0179443359375,-234.4219970703125
direct_xgboost_poultry,xgboost,2026-2,Lags 1,7,2026-06-08,1192.0,1605.7110595703125,413.7110595703125
direct_xgboost_poultry,xgboost,2026-2,Lags 1,14,2026-06-15,1192.0,1590.5223388671875,398.5223388671875
direct_xgboost_poultry,xgboost,2026-2,Lags 1,21,2026-06-22,1192.0,1542.2701416015625,350.2701416015625
direct_xgboost_poultry,xgboost,2026-2,Lags 1,28,2026-06-29,1192.0,1491.05615234375,299.05615234375
direct_xgboost_poultry,xgboost,2026-2,Lags 2,7,2026-06-16,1204.0,1605.7110595703125,401.7110595703125
direct_xgboost_poultry,xgboost,2026-2,Lags 2,14,2026-06-23,1204.0,1590.5223388671875,386.5223388671875
direct_xgboost_poultry,xgboost,2026-2,Lags 2,21,2026-06-30,1204.0,1543.4775390625,339.4775390625
direct_xgboost_poultry,xgboost,2026-2,Lags 2,28,2026-07-07,1204.0,1491.05615234375,287.05615234375
direct_xgboost_poultry,xgboost,2026-2,Lags 3,7,2026-06-22,1078.0,1467.562744140625,389.562744140625
direct_xgboost_poultry,xgboost,2026-2,Lags 3,14,2026-06-29,1078.0,1525.9517822265625,447.9517822265625
direct_xgboost_poultry,xgboost,2026-2,Lags 3,21,2026-07-06,1078.0,1499.8160400390625,421.8160400390625
direct_xgboost_poultry,xgboost,2026-2,Lags 3,28,2026-07-13,1078.0,1463.740478515625,385.740478515625
direct_xgboost_poultry,xgboost,2026-2,Tags 1,7,2026-04-25,1360.0,1605.146728515625,245.146728515625
direct_xgboost_poultry,xgboost,2026-2,Tags 1,14,2026-05-02,1360.0,1591.7750244140625,231.7750244140625
direct_xgboost_poultry,xgboost,2026-2,Tags 1,21,2026-05-09,1360.0,1575.3341064453125,215.3341064453125
direct_xgboost_poultry,xgboost,2026-2,Tags 1,28,2026-05-16,1360.0,1569.2996826171875,209.2996826171875
direct_xgboost_poultry,xgboost,2026-2,Tags 2,7,2026-04-25,1556.2800000000002,1605.146728515625,48.86669921875
direct_xgboost_poultry,xgboost,2026-2,Tags 2,14,2026-05-02,1556.2800000000002,1587.646484375,31.366455078125
direct_xgboost_poultry,xgboost,2026-2,Tags 2,21,2026-05-09,1556.2800000000002,1575.1595458984375,18.8795166015625
direct_xgboost_poultry,xgboost,2026-2,Tags 2,28,2026-05-16,1556.2800000000002,1568.55517578125,12.275146484375
direct_xgboost_poultry,xgboost,2026-2,Tags 3,7,2026-04-25,1564.0,1605.146728515625,41.146728515625
direct_xgboost_poultry,xgboost,2026-2,Tags 3,14,2026-05-02,1564.0,1588.83984375,24.83984375
direct_xgboost_poultry,xgboost,2026-2,Tags 3,21,2026-05-09,1564.0,1573.404541015625,9.404541015625
direct_xgboost_poultry,xgboost,2026-2,Tags 3,28,2026-05-16,1564.0,1569.2996826171875,5.2996826171875
direct_lightgbm_growth,lightgbm,2025-2,Tags 1,7,2025-04-04,1573.0,1544.3622822557024,-28.63771774429756
direct_lightgbm_growth,lightgbm,2025-2,Tags 1,14,2025-04-11,1573.0,1534.099358013923,-38.90064198607706
direct_lightgbm_growth,lightgbm,2025-2,Tags 1,21,2025-04-18,1573.0,1544.6748709129429,-28.32512908705712
direct_lightgbm_growth,lightgbm,2025-2,Tags 1,28,2025-04-25,1573.0,1573.805499807364,0.8054998073639581
direct_lightgbm_growth,lightgbm,2025-2,Tags 2,7,2025-04-04,1599.0,1544.3622822557024,-54.63771774429756
direct_lightgbm_growth,lightgbm,2025-2,Tags 2,14,2025-04-11,1599.0,1534.099358013923,-64.90064198607706
direct_lightgbm_growth,lightgbm,2025-2,Tags 2,21,2025-04-18,1599.0,1544.6748709129429,-54.32512908705712
direct_lightgbm_growth,lightgbm,2025-2,Tags 2,28,2025-04-25,1599.0,1573.805499807364,-25.194500192636042
direct_lightgbm_growth,lightgbm,2025-2,Tags 3,7,2025-04-04,1544.0,1544.3622822557024,0.3622822557024392
direct_lightgbm_growth,lightgbm,2025-2,Tags 3,14,2025-04-11,1544.0,1534.099358013923,-9.900641986077062
direct_lightgbm_growth,lightgbm,2025-2,Tags 3,21,2025-04-18,1544.0,1544.6748709129429,0.6748709129428789
direct_lightgbm_growth,lightgbm,2025-2,Tags 3,28,2025-04-25,1544.0,1519.6708703313968,-24.329129668603173
direct_lightgbm_growth,lightgbm,2025-3,Lags 1,7,2025-07-16,1479.9999999999998,1422.9161031999126,-57.08389680008713
direct_lightgbm_growth,lightgbm,2025-3,Lags 1,14,2025-07-23,1479.9999999999998,1468.5100457969702,-11.489954203029583
direct_lightgbm_growth,lightgbm,2025-3,Lags 1,21,2025-07-30,1479.9999999999998,1468.49376072366,-11.506239276339784
direct_lightgbm_growth,lightgbm,2025-3,Lags 1,28,2025-08-06,1479.9999999999998,1397.7600918351727,-82.23990816482706
direct_lightgbm_growth,lightgbm,2025-3,Lags 2,7,2025-07-22,1554.0,1453.6187338301513,-100.38126616984869
direct_lightgbm_growth,lightgbm,2025-3,Lags 2,14,2025-07-29,1554.0,1426.7494126089837,-127.25058739101632
direct_lightgbm_growth,lightgbm,2025-3,Lags 2,21,2025-08-05,1554.0,1426.751978005741,-127.24802199425903
direct_lightgbm_growth,lightgbm,2025-3,Lags 2,28,2025-08-12,1554.0,1564.734809813861,10.73480981386092
direct_lightgbm_growth,lightgbm,2025-3,Tags 1,7,2025-06-20,1477.24,1549.7108253549682,72.47082535496816
direct_lightgbm_growth,lightgbm,2025-3,Tags 1,14,2025-06-27,1477.24,1555.5678075692067,78.3278075692067
direct_lightgbm_growth,lightgbm,2025-3,Tags 1,21,2025-07-04,1477.24,1555.56954224751,78.32954224751006
direct_lightgbm_growth,lightgbm,2025-3,Tags 1,28,2025-07-11,1477.24,1585.1540518448664,107.91405184486644
direct_lightgbm_growth,lightgbm,2025-3,Tags 2,7,2025-06-20,1490.24,1556.3288887078338,66.0888887078338
direct_lightgbm_growth,lightgbm,2025-3,Tags 2,14,2025-06-27,1490.24,1555.5678075692067,65.3278075692067
direct_lightgbm_growth,lightgbm,2025-3,Tags 2,21,2025-07-04,1490.24,1555.56954224751,65.32954224751006
direct_lightgbm_growth,lightgbm,2025-3,Tags 2,28,2025-07-11,1490.24,1585.1540518448664,94.91405184486644
direct_lightgbm_growth,lightgbm,2025-3,Tags 3,7,2025-06-20,1582.1,1549.7108253549682,-32.389174645031744
direct_lightgbm_growth,lightgbm,2025-3,Tags 3,14,2025-06-27,1582.1,1555.5678075692067,-26.532192430793202
direct_lightgbm_growth,lightgbm,2025-3,Tags 3,21,2025-07-04,1582.1,1555.56954224751,-26.530457752489838
direct_lightgbm_growth,lightgbm,2025-3,Tags 3,28,2025-07-11,1582.1,1564.734809813861,-17.36519018613899
direct_lightgbm_growth,lightgbm,2025-4,Lags 1,7,2025-10-03,1568.0,1429.6527324862461,-138.34726751375388
direct_lightgbm_growth,lightgbm,2025-4,Lags 1,14,2025-10-10,1568.0,1528.7724851488586,-39.22751485114145
direct_lightgbm_growth,lightgbm,2025-4,Lags 1,21,2025-10-17,1568.0,1567.3658502052833,-0.6341497947166772
direct_lightgbm_growth,lightgbm,2025-4,Lags 1,28,2025-10-24,1568.0,1595.522064846043,27.522064846042895
direct_lightgbm_growth,lightgbm,2025-4,Lags 2,7,2025-10-03,1594.0,1411.7616782238156,-182.23832177618442
direct_lightgbm_growth,lightgbm,2025-4,Lags 2,14,2025-10-10,1594.0,1528.7724851488586,-65.22751485114145
direct_lightgbm_growth,lightgbm,2025-4,Lags 2,21,2025-10-17,1594.0,1567.3658502052833,-26.634149794716677
direct_lightgbm_growth,lightgbm,2025-4,Lags 2,28,2025-10-24,1594.0,1595.522064846043,1.5220648460428947
direct_lightgbm_growth,lightgbm,2025-4,Tags 1,7,2025-09-02,1441.5,1429.6527324862461,-11.847267513753877
direct_lightgbm_growth,lightgbm,2025-4,Tags 1,14,2025-09-09,1441.5,1522.3385238060769,80.83852380607686
direct_lightgbm_growth,lightgbm,2025-4,Tags 1,21,2025-09-16,1441.5,1567.3658502052833,125.86585020528332
direct_lightgbm_growth,lightgbm,2025-4,Tags 1,28,2025-09-23,1441.5,1405.5963777527047,-35.90362224729529
direct_lightgbm_growth,lightgbm,2025-4,Tags 2,7,2025-09-02,1450.0400000000002,1411.7616782238156,-38.27832177618461
direct_lightgbm_growth,lightgbm,2025-4,Tags 2,14,2025-09-09,1450.0400000000002,1528.7724851488586,78.73248514885836
direct_lightgbm_growth,lightgbm,2025-4,Tags 2,21,2025-09-16,1450.0400000000002,1567.3658502052833,117.32585020528313
direct_lightgbm_growth,lightgbm,2025-4,Tags 2,28,2025-09-23,1450.0400000000002,1405.5963777527047,-44.44362224729548
direct_lightgbm_growth,lightgbm,2025-4,Tags 3,7,2025-09-02,1293.1200000000001,1411.7616782238156,118.64167822381546
direct_lightgbm_growth,lightgbm,2025-4,Tags 3,14,2025-09-09,1293.1200000000001,1528.7724851488586,235.65248514885843
direct_lightgbm_growth,lightgbm,2025-4,Tags 3,21,2025-09-16,1293.1200000000001,1567.3658502052833,274.2458502052832
direct_lightgbm_growth,lightgbm,2025-4,Tags 3,28,2025-09-23,1293.1200000000001,1405.5963777527047,112.4763777527046
direct_lightgbm_growth,lightgbm,2025-5,Lags 1,7,2025-12-17,1306.0,1448.2576592706491,142.25765927064913
direct_lightgbm_growth,lightgbm,2025-5,Lags 1,14,2025-12-24,1306.0,1449.9232203474749,143.92322034747485
direct_lightgbm_growth,lightgbm,2025-5,Lags 1,21,2025-12-31,1306.0,1478.140889779741,172.14088977974097
direct_lightgbm_growth,lightgbm,2025-5,Lags 1,28,2026-01-07,1306.0,1524.1065260818123,218.10652608181226
direct_lightgbm_growth,lightgbm,2025-5,Lags 2,7,2025-12-24,1176.0,1448.2576592706491,272.2576592706491
direct_lightgbm_growth,lightgbm,2025-5,Lags 2,14,2025-12-31,1176.0,1441.0873629886864,265.08736298868644
direct_lightgbm_growth,lightgbm,2025-5,Lags 2,21,2026-01-07,1176.0,1478.140889779741,302.140889779741
direct_lightgbm_growth,lightgbm,2025-5,Lags 2,28,2026-01-14,1176.0,1414.8401586104903,238.84015861049033
direct_lightgbm_growth,lightgbm,2025-5,Lags 3,7,2026-01-02,1182.0,1448.2576592706491,266.2576592706491
direct_lightgbm_growth,lightgbm,2025-5,Lags 3,14,2026-01-09,1182.0,1441.888908037816,259.888908037816
direct_lightgbm_growth,lightgbm,2025-5,Lags 3,21,2026-01-16,1182.0,1478.140889779741,296.140889779741
direct_lightgbm_growth,lightgbm,2025-5,Lags 3,28,2026-01-23,1182.0,1414.8401586104903,232.84015861049033
direct_lightgbm_growth,lightgbm,2025-5,Tags 1,7,2025-11-18,1702.0,1500.1118508810157,-201.8881491189843
direct_lightgbm_growth,lightgbm,2025-5,Tags 1,14,2025-11-25,1702.0,1451.8563208309022,-250.14367916909782
direct_lightgbm_growth,lightgbm,2025-5,Tags 1,21,2025-12-02,1702.0,1478.140889779741,-223.85911022025903
direct_lightgbm_growth,lightgbm,2025-5,Tags 1,28,2025-12-09,1702.0,1558.1127678910655,-143.88723210893454
direct_lightgbm_growth,lightgbm,2025-5,Tags 2,7,2025-11-18,1776.0,1500.1118508810157,-275.8881491189843
direct_lightgbm_growth,lightgbm,2025-5,Tags 2,14,2025-11-25,1776.0,1506.7208204058963,-269.27917959410365
direct_lightgbm_growth,lightgbm,2025-5,Tags 2,21,2025-12-02,1776.0,1527.4823718275286,-248.5176281724714
direct_lightgbm_growth,lightgbm,2025-5,Tags 2,28,2025-12-09,1776.0,1558.1127678910655,-217.88723210893454
direct_lightgbm_growth,lightgbm,2025-5,Tags 3,7,2025-11-18,1738.0,1500.1118508810157,-237.8881491189843
direct_lightgbm_growth,lightgbm,2025-5,Tags 3,14,2025-11-25,1738.0,1506.7208204058963,-231.27917959410365
direct_lightgbm_growth,lightgbm,2025-5,Tags 3,21,2025-12-02,1738.0,1527.4823718275286,-210.5176281724714
direct_lightgbm_growth,lightgbm,2025-5,Tags 3,28,2025-12-09,1738.0,1558.1127678910655,-179.88723210893454
direct_lightgbm_growth,lightgbm,2026-1,Lags 1,7,2026-03-12,1605.9999999999998,1420.2021712529036,-185.79782874709622
direct_lightgbm_growth,lightgbm,2026-1,Lags 1,14,2026-03-19,1605.9999999999998,1459.2819947918588,-146.718005208141
direct_lightgbm_growth,lightgbm,2026-1,Lags 1,21,2026-03-26,1605.9999999999998,1500.483843555113,-105.51615644488675
direct_lightgbm_growth,lightgbm,2026-1,Lags 1,28,2026-04-02,1605.9999999999998,1540.570184329235,-65.42981567076481
direct_lightgbm_growth,lightgbm,2026-1,Lags 2,7,2026-03-20,1972.0000000000002,1502.331750925809,-469.6682490741912
direct_lightgbm_growth,lightgbm,2026-1,Lags 2,14,2026-03-27,1972.0000000000002,1459.2819947918588,-512.7180052081414
direct_lightgbm_growth,lightgbm,2026-1,Lags 2,21,2026-04-03,1972.0000000000002,1500.483843555113,-471.5161564448872
direct_lightgbm_growth,lightgbm,2026-1,Lags 2,28,2026-04-10,1972.0000000000002,1540.570184329235,-431.42981567076527
direct_lightgbm_growth,lightgbm,2026-1,Lags 3,7,2026-03-27,1691.4399999999998,1420.2021712529036,-271.2378287470963
direct_lightgbm_growth,lightgbm,2026-1,Lags 3,14,2026-04-03,1691.4399999999998,1405.5563375690786,-285.8836624309213
direct_lightgbm_growth,lightgbm,2026-1,Lags 3,21,2026-04-10,1691.4399999999998,1397.6337273219128,-293.806272678087
direct_lightgbm_growth,lightgbm,2026-1,Lags 3,28,2026-04-17,1691.4399999999998,1479.6896416257707,-211.7503583742291
direct_lightgbm_growth,lightgbm,2026-1,Tags 1,7,2026-02-06,1446.68,1502.331750925809,55.65175092580898
direct_lightgbm_growth,lightgbm,2026-1,Tags 1,14,2026-02-13,1446.68,1459.2819947918588,12.601994791858715
direct_lightgbm_growth,lightgbm,2026-1,Tags 1,21,2026-02-20,1446.68,1510.9524534421867,64.27245344218659
direct_lightgbm_growth,lightgbm,2026-1,Tags 1,28,2026-02-27,1446.68,1535.8605156923297,89.18051569232966
direct_lightgbm_growth,lightgbm,2026-1,Tags 2,7,2026-02-06,1550.16,1502.331750925809,-47.828249074191035
direct_lightgbm_growth,lightgbm,2026-1,Tags 2,14,2026-02-13,1550.16,1459.2819947918588,-90.8780052081413
direct_lightgbm_growth,lightgbm,2026-1,Tags 2,21,2026-02-20,1550.16,1500.483843555113,-49.676156444887056
direct_lightgbm_growth,lightgbm,2026-1,Tags 2,28,2026-02-27,1550.16,1489.345844133571,-60.81415586642902
direct_lightgbm_growth,lightgbm,2026-1,Tags 3,7,2026-02-06,1691.4399999999998,1502.331750925809,-189.10824907419078
direct_lightgbm_growth,lightgbm,2026-1,Tags 3,14,2026-02-13,1691.4399999999998,1508.2943055429787,-183.14569445702114
direct_lightgbm_growth,lightgbm,2026-1,Tags 3,21,2026-02-20,1691.4399999999998,1510.9524534421867,-180.48754655781318
direct_lightgbm_growth,lightgbm,2026-1,Tags 3,28,2026-02-27,1691.4399999999998,1489.345844133571,-202.09415586642876
direct_lightgbm_growth,lightgbm,2026-2,Lags 1,7,2026-06-08,1192.0,1617.1274972723982,425.12749727239816
direct_lightgbm_growth,lightgbm,2026-2,Lags 1,14,2026-06-15,1192.0,1588.2673600361063,396.2673600361063
direct_lightgbm_growth,lightgbm,2026-2,Lags 1,21,2026-06-22,1192.0,1580.9900508834555,388.9900508834555
direct_lightgbm_growth,lightgbm,2026-2,Lags 1,28,2026-06-29,1192.0,1486.7216237825085,294.72162378250846
direct_lightgbm_growth,lightgbm,2026-2,Lags 2,7,2026-06-16,1204.0,1617.1274972723982,413.12749727239816
direct_lightgbm_growth,lightgbm,2026-2,Lags 2,14,2026-06-23,1204.0,1589.289178658924,385.2891786589239
direct_lightgbm_growth,lightgbm,2026-2,Lags 2,21,2026-06-30,1204.0,1580.9900508834555,376.9900508834555
direct_lightgbm_growth,lightgbm,2026-2,Lags 2,28,2026-07-07,1204.0,1486.7216237825085,282.72162378250846
direct_lightgbm_growth,lightgbm,2026-2,Lags 3,7,2026-06-22,1078.0,1450.8289805316972,372.8289805316972
direct_lightgbm_growth,lightgbm,2026-2,Lags 3,14,2026-06-29,1078.0,1449.3557192183985,371.35571921839846
direct_lightgbm_growth,lightgbm,2026-2,Lags 3,21,2026-07-06,1078.0,1486.3972720575464,408.3972720575464
direct_lightgbm_growth,lightgbm,2026-2,Lags 3,28,2026-07-13,1078.0,1449.5071178798098,371.5071178798098
direct_lightgbm_growth,lightgbm,2026-2,Tags 1,7,2026-04-25,1360.0,1553.0061181286271,193.00611812862712
direct_lightgbm_growth,lightgbm,2026-2,Tags 1,14,2026-05-02,1360.0,1590.6356015248566,230.6356015248566
direct_lightgbm_growth,lightgbm,2026-2,Tags 1,21,2026-05-09,1360.0,1584.5501491204805,224.55014912048046
direct_lightgbm_growth,lightgbm,2026-2,Tags 1,28,2026-05-16,1360.0,1550.8915915426783,190.89159154267827
direct_lightgbm_growth,lightgbm,2026-2,Tags 2,7,2026-04-25,1556.2800000000002,1617.1274972723982,60.84749727239796
direct_lightgbm_growth,lightgbm,2026-2,Tags 2,14,2026-05-02,1556.2800000000002,1590.6356015248566,34.35560152485641
direct_lightgbm_growth,lightgbm,2026-2,Tags 2,21,2026-05-09,1556.2800000000002,1584.5501491204805,28.270149120480255
direct_lightgbm_growth,lightgbm,2026-2,Tags 2,28,2026-05-16,1556.2800000000002,1547.1638764805682,-9.116123519431994
direct_lightgbm_growth,lightgbm,2026-2,Tags 3,7,2026-04-25,1564.0,1617.1274972723982,53.12749727239816
direct_lightgbm_growth,lightgbm,2026-2,Tags 3,14,2026-05-02,1564.0,1590.6356015248566,26.63560152485661
direct_lightgbm_growth,lightgbm,2026-2,Tags 3,21,2026-05-09,1564.0,1584.5501491204805,20.550149120480455
direct_lightgbm_growth,lightgbm,2026-2,Tags 3,28,2026-05-16,1564.0,1547.1638764805682,-16.836123519431794
direct_lightgbm_poultry,lightgbm,2025-2,Tags 1,7,2025-04-04,1573.0,1546.8823193168516,-26.117680683148365
direct_lightgbm_poultry,lightgbm,2025-2,Tags 1,14,2025-04-11,1573.0,1546.970336568471,-26.02966343152889
direct_lightgbm_poultry,lightgbm,2025-2,Tags 1,21,2025-04-18,1573.0,1544.7541705201086,-28.245829479891427
direct_lightgbm_poultry,lightgbm,2025-2,Tags 1,28,2025-04-25,1573.0,1555.5557418394258,-17.444258160574236
direct_lightgbm_poultry,lightgbm,2025-2,Tags 2,7,2025-04-04,1599.0,1546.8823193168516,-52.117680683148365
direct_lightgbm_poultry,lightgbm,2025-2,Tags 2,14,2025-04-11,1599.0,1546.970336568471,-52.02966343152889
direct_lightgbm_poultry,lightgbm,2025-2,Tags 2,21,2025-04-18,1599.0,1544.7541705201086,-54.24582947989143
direct_lightgbm_poultry,lightgbm,2025-2,Tags 2,28,2025-04-25,1599.0,1555.5557418394258,-43.444258160574236
direct_lightgbm_poultry,lightgbm,2025-2,Tags 3,7,2025-04-04,1544.0,1546.8823193168516,2.8823193168516354
direct_lightgbm_poultry,lightgbm,2025-2,Tags 3,14,2025-04-11,1544.0,1546.970336568471,2.9703365684711116
direct_lightgbm_poultry,lightgbm,2025-2,Tags 3,21,2025-04-18,1544.0,1544.7541705201086,0.7541705201085733
direct_lightgbm_poultry,lightgbm,2025-2,Tags 3,28,2025-04-25,1544.0,1532.5535716659247,-11.446428334075335
direct_lightgbm_poultry,lightgbm,2025-3,Lags 1,7,2025-07-16,1479.9999999999998,1422.6825701233618,-57.317429876638016
direct_lightgbm_poultry,lightgbm,2025-3,Lags 1,14,2025-07-23,1479.9999999999998,1467.3460998610885,-12.65390013891124
direct_lightgbm_poultry,lightgbm,2025-3,Lags 1,21,2025-07-30,1479.9999999999998,1433.8204371893003,-46.17956281069951
direct_lightgbm_poultry,lightgbm,2025-3,Lags 1,28,2025-08-06,1479.9999999999998,1397.6264422883255,-82.37355771167427
direct_lightgbm_poultry,lightgbm,2025-3,Lags 2,7,2025-07-22,1554.0,1454.335400355518,-99.664599644482
direct_lightgbm_poultry,lightgbm,2025-3,Lags 2,14,2025-07-29,1554.0,1427.9543611067688,-126.04563889323117
direct_lightgbm_poultry,lightgbm,2025-3,Lags 2,21,2025-08-05,1554.0,1433.8204371893003,-120.17956281069974
direct_lightgbm_poultry,lightgbm,2025-3,Lags 2,28,2025-08-12,1554.0,1564.6558965980673,10.65589659806733
direct_lightgbm_poultry,lightgbm,2025-3,Tags 1,7,2025-06-20,1477.24,1549.8679296617222,72.62792966172219
direct_lightgbm_poultry,lightgbm,2025-3,Tags 1,14,2025-06-27,1477.24,1555.5437830925812,78.30378309258117
direct_lightgbm_poultry,lightgbm,2025-3,Tags 1,21,2025-07-04,1477.24,1555.8021788283093,78.56217882830924
direct_lightgbm_poultry,lightgbm,2025-3,Tags 1,28,2025-07-11,1477.24,1585.0710119523865,107.83101195238646
direct_lightgbm_poultry,lightgbm,2025-3,Tags 2,7,2025-06-20,1490.24,1556.351155239544,66.1111552395439
direct_lightgbm_poultry,lightgbm,2025-3,Tags 2,14,2025-06-27,1490.24,1555.5437830925812,65.30378309258117
direct_lightgbm_poultry,lightgbm,2025-3,Tags 2,21,2025-07-04,1490.24,1555.8021788283093,65.56217882830924
direct_lightgbm_poultry,lightgbm,2025-3,Tags 2,28,2025-07-11,1490.24,1585.0710119523865,94.83101195238646
direct_lightgbm_poultry,lightgbm,2025-3,Tags 3,7,2025-06-20,1582.1,1549.8679296617222,-32.23207033827771
direct_lightgbm_poultry,lightgbm,2025-3,Tags 3,14,2025-06-27,1582.1,1555.5437830925812,-26.55621690741873
direct_lightgbm_poultry,lightgbm,2025-3,Tags 3,21,2025-07-04,1582.1,1555.8021788283093,-26.297821171690657
direct_lightgbm_poultry,lightgbm,2025-3,Tags 3,28,2025-07-11,1582.1,1566.69185815265,-15.408141847349953
direct_lightgbm_poultry,lightgbm,2025-4,Lags 1,7,2025-10-03,1568.0,1435.6618266324892,-132.33817336751076
direct_lightgbm_poultry,lightgbm,2025-4,Lags 1,14,2025-10-10,1568.0,1492.3051285008644,-75.69487149913562
direct_lightgbm_poultry,lightgbm,2025-4,Lags 1,21,2025-10-17,1568.0,1550.2583535378299,-17.741646462170138
direct_lightgbm_poultry,lightgbm,2025-4,Lags 1,28,2025-10-24,1568.0,1595.8697422084392,27.86974220843922
direct_lightgbm_poultry,lightgbm,2025-4,Lags 2,7,2025-10-03,1594.0,1435.6618266324892,-158.33817336751076
direct_lightgbm_poultry,lightgbm,2025-4,Lags 2,14,2025-10-10,1594.0,1492.3051285008644,-101.69487149913562
direct_lightgbm_poultry,lightgbm,2025-4,Lags 2,21,2025-10-17,1594.0,1550.2583535378299,-43.74164646217014
direct_lightgbm_poultry,lightgbm,2025-4,Lags 2,28,2025-10-24,1594.0,1595.8697422084392,1.8697422084392201
direct_lightgbm_poultry,lightgbm,2025-4,Tags 1,7,2025-09-02,1441.5,1436.8145675620294,-4.685432437970576
direct_lightgbm_poultry,lightgbm,2025-4,Tags 1,14,2025-09-09,1441.5,1492.3051285008644,50.805128500864384
direct_lightgbm_poultry,lightgbm,2025-4,Tags 1,21,2025-09-16,1441.5,1550.2583535378299,108.75835353782986
direct_lightgbm_poultry,lightgbm,2025-4,Tags 1,28,2025-09-23,1441.5,1393.128984017604,-48.3710159823961
direct_lightgbm_poultry,lightgbm,2025-4,Tags 2,7,2025-09-02,1450.0400000000002,1436.8145675620294,-13.225432437970767
direct_lightgbm_poultry,lightgbm,2025-4,Tags 2,14,2025-09-09,1450.0400000000002,1568.7061252970104,118.66612529701024
direct_lightgbm_poultry,lightgbm,2025-4,Tags 2,21,2025-09-16,1450.0400000000002,1568.2771343985523,118.23713439855214
direct_lightgbm_poultry,lightgbm,2025-4,Tags 2,28,2025-09-23,1450.0400000000002,1393.128984017604,-56.91101598239629
direct_lightgbm_poultry,lightgbm,2025-4,Tags 3,7,2025-09-02,1293.1200000000001,1436.8145675620294,143.6945675620293
direct_lightgbm_poultry,lightgbm,2025-4,Tags 3,14,2025-09-09,1293.1200000000001,1568.7061252970104,275.5861252970103
direct_lightgbm_poultry,lightgbm,2025-4,Tags 3,21,2025-09-16,1293.1200000000001,1568.2771343985523,275.1571343985522
direct_lightgbm_poultry,lightgbm,2025-4,Tags 3,28,2025-09-23,1293.1200000000001,1393.128984017604,100.00898401760378
direct_lightgbm_poultry,lightgbm,2025-5,Lags 1,7,2025-12-17,1306.0,1454.1390783359404,148.13907833594044
direct_lightgbm_poultry,lightgbm,2025-5,Lags 1,14,2025-12-24,1306.0,1506.872776900546,200.8727769005459
direct_lightgbm_poultry,lightgbm,2025-5,Lags 1,21,2025-12-31,1306.0,1457.3517487385554,151.35174873855544
direct_lightgbm_poultry,lightgbm,2025-5,Lags 1,28,2026-01-07,1306.0,1455.221014957526,149.221014957526
direct_lightgbm_poultry,lightgbm,2025-5,Lags 2,7,2025-12-24,1176.0,1454.1390783359404,278.13907833594044
direct_lightgbm_poultry,lightgbm,2025-5,Lags 2,14,2025-12-31,1176.0,1506.872776900546,330.8727769005459
direct_lightgbm_poultry,lightgbm,2025-5,Lags 2,21,2026-01-07,1176.0,1457.3517487385554,281.35174873855544
direct_lightgbm_poultry,lightgbm,2025-5,Lags 2,28,2026-01-14,1176.0,1455.221014957526,279.221014957526
direct_lightgbm_poultry,lightgbm,2025-5,Lags 3,7,2026-01-02,1182.0,1454.1390783359404,272.13907833594044
direct_lightgbm_poultry,lightgbm,2025-5,Lags 3,14,2026-01-09,1182.0,1506.872776900546,324.8727769005459
direct_lightgbm_poultry,lightgbm,2025-5,Lags 3,21,2026-01-16,1182.0,1457.3517487385554,275.35174873855544
direct_lightgbm_poultry,lightgbm,2025-5,Lags 3,28,2026-01-23,1182.0,1455.221014957526,273.221014957526
direct_lightgbm_poultry,lightgbm,2025-5,Tags 1,7,2025-11-18,1702.0,1475.6217603129965,-226.37823968700354
direct_lightgbm_poultry,lightgbm,2025-5,Tags 1,14,2025-11-25,1702.0,1452.9711309996335,-249.0288690003665
direct_lightgbm_poultry,lightgbm,2025-5,Tags 1,21,2025-12-02,1702.0,1455.6818895089846,-246.31811049101543
direct_lightgbm_poultry,lightgbm,2025-5,Tags 1,28,2025-12-09,1702.0,1545.2398425103834,-156.76015748961663
direct_lightgbm_poultry,lightgbm,2025-5,Tags 2,7,2025-11-18,1776.0,1475.6217603129965,-300.37823968700354
direct_lightgbm_poultry,lightgbm,2025-5,Tags 2,14,2025-11-25,1776.0,1507.8719001578004,-268.1280998421996
direct_lightgbm_poultry,lightgbm,2025-5,Tags 2,21,2025-12-02,1776.0,1520.0161942036523,-255.98380579634772
direct_lightgbm_poultry,lightgbm,2025-5,Tags 2,28,2025-12-09,1776.0,1548.864922545359,-227.13507745464108
direct_lightgbm_poultry,lightgbm,2025-5,Tags 3,7,2025-11-18,1738.0,1475.6217603129965,-262.37823968700354
direct_lightgbm_poultry,lightgbm,2025-5,Tags 3,14,2025-11-25,1738.0,1452.9711309996335,-285.0288690003665
direct_lightgbm_poultry,lightgbm,2025-5,Tags 3,21,2025-12-02,1738.0,1518.3463349740814,-219.6536650259186
direct_lightgbm_poultry,lightgbm,2025-5,Tags 3,28,2025-12-09,1738.0,1548.864922545359,-189.13507745464108
direct_lightgbm_poultry,lightgbm,2026-1,Lags 1,7,2026-03-12,1605.9999999999998,1412.3692435563862,-193.63075644361356
direct_lightgbm_poultry,lightgbm,2026-1,Lags 1,14,2026-03-19,1605.9999999999998,1496.1321212413027,-109.86787875869709
direct_lightgbm_poultry,lightgbm,2026-1,Lags 1,21,2026-03-26,1605.9999999999998,1501.0196003531553,-104.98039964684449
direct_lightgbm_poultry,lightgbm,2026-1,Lags 1,28,2026-04-02,1605.9999999999998,1542.7139590935192,-63.28604090648059
direct_lightgbm_poultry,lightgbm,2026-1,Lags 2,7,2026-03-20,1972.0000000000002,1423.6206287039565,-548.3793712960437
direct_lightgbm_poultry,lightgbm,2026-1,Lags 2,14,2026-03-27,1972.0000000000002,1496.1321212413027,-475.86787875869754
direct_lightgbm_poultry,lightgbm,2026-1,Lags 2,21,2026-04-03,1972.0000000000002,1501.0196003531553,-470.98039964684494
direct_lightgbm_poultry,lightgbm,2026-1,Lags 2,28,2026-04-10,1972.0000000000002,1542.7139590935192,-429.28604090648105
direct_lightgbm_poultry,lightgbm,2026-1,Lags 3,7,2026-03-27,1691.4399999999998,1412.3692435563862,-279.0707564436136
direct_lightgbm_poultry,lightgbm,2026-1,Lags 3,14,2026-04-03,1691.4399999999998,1353.5690189854918,-337.87098101450806
direct_lightgbm_poultry,lightgbm,2026-1,Lags 3,21,2026-04-10,1691.4399999999998,1454.145345621594,-237.29465437840577
direct_lightgbm_poultry,lightgbm,2026-1,Lags 3,28,2026-04-17,1691.4399999999998,1477.9302109406356,-213.50978905936427
direct_lightgbm_poultry,lightgbm,2026-1,Tags 1,7,2026-02-06,1446.68,1511.258721704943,64.57872170494284
direct_lightgbm_poultry,lightgbm,2026-1,Tags 1,14,2026-02-13,1446.68,1522.286195519427,75.60619551942705
direct_lightgbm_poultry,lightgbm,2026-1,Tags 1,21,2026-02-20,1446.68,1523.35999462115,76.67999462114994
direct_lightgbm_poultry,lightgbm,2026-1,Tags 1,28,2026-02-27,1446.68,1534.6676846107127,87.98768461071268
direct_lightgbm_poultry,lightgbm,2026-1,Tags 2,7,2026-02-06,1550.16,1511.258721704943,-38.90127829505718
direct_lightgbm_poultry,lightgbm,2026-1,Tags 2,14,2026-02-13,1550.16,1522.286195519427,-27.87380448057297
direct_lightgbm_poultry,lightgbm,2026-1,Tags 2,21,2026-02-20,1550.16,1523.35999462115,-26.800005378850074
direct_lightgbm_poultry,lightgbm,2026-1,Tags 2,28,2026-02-27,1550.16,1491.351130763581,-58.808869236419014
direct_lightgbm_poultry,lightgbm,2026-1,Tags 3,7,2026-02-06,1691.4399999999998,1511.258721704943,-180.18127829505693
direct_lightgbm_poultry,lightgbm,2026-1,Tags 3,14,2026-02-13,1691.4399999999998,1522.286195519427,-169.15380448057272
direct_lightgbm_poultry,lightgbm,2026-1,Tags 3,21,2026-02-20,1691.4399999999998,1523.35999462115,-168.08000537884982
direct_lightgbm_poultry,lightgbm,2026-1,Tags 3,28,2026-02-27,1691.4399999999998,1489.9823294831506,-201.45767051684925
direct_lightgbm_poultry,lightgbm,2026-2,Lags 1,7,2026-06-08,1192.0,1617.1274972723982,425.12749727239816
direct_lightgbm_poultry,lightgbm,2026-2,Lags 1,14,2026-06-15,1192.0,1609.9559528185741,417.95595281857413
direct_lightgbm_poultry,lightgbm,2026-2,Lags 1,21,2026-06-22,1192.0,1570.5909901940447,378.5909901940447
direct_lightgbm_poultry,lightgbm,2026-2,Lags 1,28,2026-06-29,1192.0,1487.942957146025,295.94295714602504
direct_lightgbm_poultry,lightgbm,2026-2,Lags 2,7,2026-06-16,1204.0,1617.1274972723982,413.12749727239816
direct_lightgbm_poultry,lightgbm,2026-2,Lags 2,14,2026-06-23,1204.0,1609.9559528185741,405.95595281857413
direct_lightgbm_poultry,lightgbm,2026-2,Lags 2,21,2026-06-30,1204.0,1570.5909901940447,366.5909901940447
direct_lightgbm_poultry,lightgbm,2026-2,Lags 2,28,2026-07-07,1204.0,1487.942957146025,283.94295714602504
direct_lightgbm_poultry,lightgbm,2026-2,Lags 3,7,2026-06-22,1078.0,1450.8289805316972,372.8289805316972
direct_lightgbm_poultry,lightgbm,2026-2,Lags 3,14,2026-06-29,1078.0,1508.0977309871605,430.0977309871605
direct_lightgbm_poultry,lightgbm,2026-2,Lags 3,21,2026-07-06,1078.0,1486.8388312461748,408.8388312461748
direct_lightgbm_poultry,lightgbm,2026-2,Lags 3,28,2026-07-13,1078.0,1449.3671419378484,371.3671419378484
direct_lightgbm_poultry,lightgbm,2026-2,Tags 1,7,2026-04-25,1360.0,1553.0061181286271,193.00611812862712
direct_lightgbm_poultry,lightgbm,2026-2,Tags 1,14,2026-05-02,1360.0,1576.1055545936256,216.10555459362558
direct_lightgbm_poultry,lightgbm,2026-2,Tags 1,21,2026-05-09,1360.0,1583.910973725004,223.91097372500394
direct_lightgbm_poultry,lightgbm,2026-2,Tags 1,28,2026-05-16,1360.0,1553.0879841686963,193.08798416869627
direct_lightgbm_poultry,lightgbm,2026-2,Tags 2,7,2026-04-25,1556.2800000000002,1617.1274972723982,60.84749727239796
direct_lightgbm_poultry,lightgbm,2026-2,Tags 2,14,2026-05-02,1556.2800000000002,1610.1574489856466,53.877448985646424
direct_lightgbm_poultry,lightgbm,2026-2,Tags 2,21,2026-05-09,1556.2800000000002,1583.910973725004,27.63097372500374
direct_lightgbm_poultry,lightgbm,2026-2,Tags 2,28,2026-05-16,1556.2800000000002,1553.3849201932576,-2.895079806742615
direct_lightgbm_poultry,lightgbm,2026-2,Tags 3,7,2026-04-25,1564.0,1617.1274972723982,53.12749727239816
direct_lightgbm_poultry,lightgbm,2026-2,Tags 3,14,2026-05-02,1564.0,1610.5844359847915,46.584435984791526
direct_lightgbm_poultry,lightgbm,2026-2,Tags 3,21,2026-05-09,1564.0,1583.910973725004,19.91097372500394
direct_lightgbm_poultry,lightgbm,2026-2,Tags 3,28,2026-05-16,1564.0,1553.3849201932576,-10.615079806742415
direct_catboost_growth,catboost,2025-2,Tags 1,7,2025-04-04,1573.0,1558.7105655852765,-14.289434414723473
direct_catboost_growth,catboost,2025-2,Tags 1,14,2025-04-11,1573.0,1543.8212282333989,-29.17877176660113
direct_catboost_growth,catboost,2025-2,Tags 1,21,2025-04-18,1573.0,1543.7436227219152,-29.256377278084756
direct_catboost_growth,catboost,2025-2,Tags 1,28,2025-04-25,1573.0,1555.2564214511467,-17.743578548853293
direct_catboost_growth,catboost,2025-2,Tags 2,7,2025-04-04,1599.0,1558.7105655852765,-40.28943441472347
direct_catboost_growth,catboost,2025-2,Tags 2,14,2025-04-11,1599.0,1543.8212282333989,-55.17877176660113
direct_catboost_growth,catboost,2025-2,Tags 2,21,2025-04-18,1599.0,1546.4563352364,-52.54366476359996
direct_catboost_growth,catboost,2025-2,Tags 2,28,2025-04-25,1599.0,1557.8877564071179,-41.11224359288212
direct_catboost_growth,catboost,2025-2,Tags 3,7,2025-04-04,1544.0,1558.7105655852765,14.710565585276527
direct_catboost_growth,catboost,2025-2,Tags 3,14,2025-04-11,1544.0,1543.8212282333989,-0.17877176660113037
direct_catboost_growth,catboost,2025-2,Tags 3,21,2025-04-18,1544.0,1546.4563352364,2.4563352364000366
direct_catboost_growth,catboost,2025-2,Tags 3,28,2025-04-25,1544.0,1525.595713204007,-18.404286795992903
direct_catboost_growth,catboost,2025-3,Lags 1,7,2025-07-16,1479.9999999999998,1456.5119330989587,-23.488066901041066
direct_catboost_growth,catboost,2025-3,Lags 1,14,2025-07-23,1479.9999999999998,1531.5166471913074,51.516647191307584
direct_catboost_growth,catboost,2025-3,Lags 1,21,2025-07-30,1479.9999999999998,1496.2528275661919,16.25282756619208
direct_catboost_growth,catboost,2025-3,Lags 1,28,2025-08-06,1479.9999999999998,1453.350954323784,-26.649045676215792
direct_catboost_growth,catboost,2025-3,Lags 2,7,2025-07-22,1554.0,1445.228847956938,-108.7711520430621
direct_catboost_growth,catboost,2025-3,Lags 2,14,2025-07-29,1554.0,1455.1228398876715,-98.87716011232851
direct_catboost_growth,catboost,2025-3,Lags 2,21,2025-08-05,1554.0,1513.9104408440296,-40.08955915597039
direct_catboost_growth,catboost,2025-3,Lags 2,28,2025-08-12,1554.0,1549.1513548180492,-4.848645181950815
direct_catboost_growth,catboost,2025-3,Tags 1,7,2025-06-20,1477.24,1546.8356725060212,69.59567250602117
direct_catboost_growth,catboost,2025-3,Tags 1,14,2025-06-27,1477.24,1556.8843904582784,79.6443904582784
direct_catboost_growth,catboost,2025-3,Tags 1,21,2025-07-04,1477.24,1557.615040130978,80.37504013097805
direct_catboost_growth,catboost,2025-3,Tags 1,28,2025-07-11,1477.24,1565.8902781304391,88.65027813043912
direct_catboost_growth,catboost,2025-3,Tags 2,7,2025-06-20,1490.24,1569.3464746717418,79.10647467174181
direct_catboost_growth,catboost,2025-3,Tags 2,14,2025-06-27,1490.24,1556.8843904582784,66.6443904582784
direct_catboost_growth,catboost,2025-3,Tags 2,21,2025-07-04,1490.24,1557.615040130978,67.37504013097805
direct_catboost_growth,catboost,2025-3,Tags 2,28,2025-07-11,1490.24,1574.2204714905113,83.98047149051126
direct_catboost_growth,catboost,2025-3,Tags 3,7,2025-06-20,1582.1,1546.8356725060212,-35.264327493978726
direct_catboost_growth,catboost,2025-3,Tags 3,14,2025-06-27,1582.1,1556.8843904582784,-25.215609541721506
direct_catboost_growth,catboost,2025-3,Tags 3,21,2025-07-04,1582.1,1557.615040130978,-24.48495986902185
direct_catboost_growth,catboost,2025-3,Tags 3,28,2025-07-11,1582.1,1566.2694465057652,-15.830553494234664
direct_catboost_growth,catboost,2025-4,Lags 1,7,2025-10-03,1568.0,1465.1191783372356,-102.88082166276445
direct_catboost_growth,catboost,2025-4,Lags 1,14,2025-10-10,1568.0,1539.9726498952139,-28.027350104786137
direct_catboost_growth,catboost,2025-4,Lags 1,21,2025-10-17,1568.0,1567.495214281968,-0.5047857180320534
direct_catboost_growth,catboost,2025-4,Lags 1,28,2025-10-24,1568.0,1571.6732229446359,3.6732229446358815
direct_catboost_growth,catboost,2025-4,Lags 2,7,2025-10-03,1594.0,1461.5916751664652,-132.40832483353483
direct_catboost_growth,catboost,2025-4,Lags 2,14,2025-10-10,1594.0,1539.9726498952139,-54.02735010478614
direct_catboost_growth,catboost,2025-4,Lags 2,21,2025-10-17,1594.0,1567.495214281968,-26.504785718032053
direct_catboost_growth,catboost,2025-4,Lags 2,28,2025-10-24,1594.0,1571.6732229446359,-22.32677705536412
direct_catboost_growth,catboost,2025-4,Tags 1,7,2025-09-02,1441.5,1408.4411778401743,-33.058822159825695
direct_catboost_growth,catboost,2025-4,Tags 1,14,2025-09-09,1441.5,1529.3388394025533,87.83883940255328
direct_catboost_growth,catboost,2025-4,Tags 1,21,2025-09-16,1441.5,1563.7162956306533,122.21629563065335
direct_catboost_growth,catboost,2025-4,Tags 1,28,2025-09-23,1441.5,1484.924247580019,43.42424758001903
direct_catboost_growth,catboost,2025-4,Tags 2,7,2025-09-02,1450.0400000000002,1422.988382344942,-27.05161765505818
direct_catboost_growth,catboost,2025-4,Tags 2,14,2025-09-09,1450.0400000000002,1536.1838500667739,86.14385006677367
direct_catboost_growth,catboost,2025-4,Tags 2,21,2025-09-16,1450.0400000000002,1567.495214281968,117.45521428196776
direct_catboost_growth,catboost,2025-4,Tags 2,28,2025-09-23,1450.0400000000002,1505.2944710919269,55.25447109192669
direct_catboost_growth,catboost,2025-4,Tags 3,7,2025-09-02,1293.1200000000001,1404.913674669404,111.7936746694038
direct_catboost_growth,catboost,2025-4,Tags 3,14,2025-09-09,1293.1200000000001,1534.9417073198322,241.82170731983206
direct_catboost_growth,catboost,2025-4,Tags 3,21,2025-09-16,1293.1200000000001,1566.2198434891013,273.0998434891012
direct_catboost_growth,catboost,2025-4,Tags 3,28,2025-09-23,1293.1200000000001,1505.2944710919269,212.17447109192676
direct_catboost_growth,catboost,2025-5,Lags 1,7,2025-12-17,1306.0,1450.2871576732061,144.28715767320614
direct_catboost_growth,catboost,2025-5,Lags 1,14,2025-12-24,1306.0,1461.1656912193462,155.16569121934617
direct_catboost_growth,catboost,2025-5,Lags 1,21,2025-12-31,1306.0,1502.5213402548593,196.5213402548593
direct_catboost_growth,catboost,2025-5,Lags 1,28,2026-01-07,1306.0,1490.388676442721,184.3886764427209
direct_catboost_growth,catboost,2025-5,Lags 2,7,2025-12-24,1176.0,1443.528346206009,267.528346206009
direct_catboost_growth,catboost,2025-5,Lags 2,14,2025-12-31,1176.0,1440.8839400778904,264.88394007789043
direct_catboost_growth,catboost,2025-5,Lags 2,21,2026-01-07,1176.0,1456.246169036205,280.24616903620495
direct_catboost_growth,catboost,2025-5,Lags 2,28,2026-01-14,1176.0,1441.1499441038668,265.1499441038668
direct_catboost_growth,catboost,2025-5,Lags 3,7,2026-01-02,1182.0,1450.9968678374908,268.99686783749075
direct_catboost_growth,catboost,2025-5,Lags 3,14,2026-01-09,1182.0,1444.4280202121035,262.42802021210355
direct_catboost_growth,catboost,2025-5,Lags 3,21,2026-01-16,1182.0,1456.438864196828,274.43886419682804
direct_catboost_growth,catboost,2025-5,Lags 3,28,2026-01-23,1182.0,1421.1766747778765,239.17667477787654
direct_catboost_growth,catboost,2025-5,Tags 1,7,2025-11-18,1702.0,1494.8386945382492,-207.16130546175077
direct_catboost_growth,catboost,2025-5,Tags 1,14,2025-11-25,1702.0,1494.4788459442657,-207.5211540557343
direct_catboost_growth,catboost,2025-5,Tags 1,21,2025-12-02,1702.0,1505.8828467210603,-196.11715327893967
direct_catboost_growth,catboost,2025-5,Tags 1,28,2025-12-09,1702.0,1530.863231775678,-171.13676822432194
direct_catboost_growth,catboost,2025-5,Tags 2,7,2025-11-18,1776.0,1482.0760460278232,-293.92395397217683
direct_catboost_growth,catboost,2025-5,Tags 2,14,2025-11-25,1776.0,1510.270223228407,-265.7297767715929
direct_catboost_growth,catboost,2025-5,Tags 2,21,2025-12-02,1776.0,1516.6290093749556,-259.37099062504444
direct_catboost_growth,catboost,2025-5,Tags 2,28,2025-12-09,1776.0,1531.79731120396,-244.2026887960401
direct_catboost_growth,catboost,2025-5,Tags 3,7,2025-11-18,1738.0,1494.8386945382492,-243.16130546175077
direct_catboost_growth,catboost,2025-5,Tags 3,14,2025-11-25,1738.0,1507.1942469672033,-230.8057530327967
direct_catboost_growth,catboost,2025-5,Tags 3,21,2025-12-02,1738.0,1521.4273509573252,-216.5726490426748
direct_catboost_growth,catboost,2025-5,Tags 3,28,2025-12-09,1738.0,1535.8616588025031,-202.13834119749686
direct_catboost_growth,catboost,2026-1,Lags 1,7,2026-03-12,1605.9999999999998,1518.1674423264678,-87.83255767353194
direct_catboost_growth,catboost,2026-1,Lags 1,14,2026-03-19,1605.9999999999998,1516.4937663613202,-89.50623363867953
direct_catboost_growth,catboost,2026-1,Lags 1,21,2026-03-26,1605.9999999999998,1516.2973758494759,-89.70262415052389
direct_catboost_growth,catboost,2026-1,Lags 1,28,2026-04-02,1605.9999999999998,1530.945136949052,-75.05486305094769
direct_catboost_growth,catboost,2026-1,Lags 2,7,2026-03-20,1972.0000000000002,1519.7761675617485,-452.22383243825175
direct_catboost_growth,catboost,2026-1,Lags 2,14,2026-03-27,1972.0000000000002,1516.4937663613202,-455.50623363868
direct_catboost_growth,catboost,2026-1,Lags 2,21,2026-04-03,1972.0000000000002,1516.2973758494759,-455.70262415052434
direct_catboost_growth,catboost,2026-1,Lags 2,28,2026-04-10,1972.0000000000002,1530.945136949052,-441.05486305094814
direct_catboost_growth,catboost,2026-1,Lags 3,7,2026-03-27,1691.4399999999998,1445.7807848247357,-245.65921517526408
direct_catboost_growth,catboost,2026-1,Lags 3,14,2026-04-03,1691.4399999999998,1366.02228085569,-325.4177191443098
direct_catboost_growth,catboost,2026-1,Lags 3,21,2026-04-10,1691.4399999999998,1431.1735998170157,-260.26640018298417
direct_catboost_growth,catboost,2026-1,Lags 3,28,2026-04-17,1691.4399999999998,1478.5053013158458,-212.934698684154
direct_catboost_growth,catboost,2026-1,Tags 1,7,2026-02-06,1446.68,1521.0845199876724,74.4045199876723
direct_catboost_growth,catboost,2026-1,Tags 1,14,2026-02-13,1446.68,1516.4937663613202,69.81376636132018
direct_catboost_growth,catboost,2026-1,Tags 1,21,2026-02-20,1446.68,1516.2973758494759,69.61737584947582
direct_catboost_growth,catboost,2026-1,Tags 1,28,2026-02-27,1446.68,1529.9908993809415,83.31089938094146
direct_catboost_growth,catboost,2026-1,Tags 2,7,2026-02-06,1550.16,1521.0845199876724,-29.075480012327716
direct_catboost_growth,catboost,2026-1,Tags 2,14,2026-02-13,1550.16,1516.4937663613202,-33.66623363867984
direct_catboost_growth,catboost,2026-1,Tags 2,21,2026-02-20,1550.16,1516.2973758494759,-33.8626241505242
direct_catboost_growth,catboost,2026-1,Tags 2,28,2026-02-27,1550.16,1486.6917845069827,-63.4682154930174
direct_catboost_growth,catboost,2026-1,Tags 3,7,2026-02-06,1691.4399999999998,1518.5715983710206,-172.8684016289792
direct_catboost_growth,catboost,2026-1,Tags 3,14,2026-02-13,1691.4399999999998,1518.23615109561,-173.20384890438982
direct_catboost_growth,catboost,2026-1,Tags 3,21,2026-02-20,1691.4399999999998,1516.2973758494759,-175.14262415052394
direct_catboost_growth,catboost,2026-1,Tags 3,28,2026-02-27,1691.4399999999998,1486.6917845069827,-204.74821549301714
direct_catboost_growth,catboost,2026-2,Lags 1,7,2026-06-08,1192.0,1599.7953033034466,407.79530330344664
direct_catboost_growth,catboost,2026-2,Lags 1,14,2026-06-15,1192.0,1587.461775049655,395.461775049655
direct_catboost_growth,catboost,2026-2,Lags 1,21,2026-06-22,1192.0,1554.5639677419376,362.56396774193763
direct_catboost_growth,catboost,2026-2,Lags 1,28,2026-06-29,1192.0,1479.7119545710214,287.71195457102135
direct_catboost_growth,catboost,2026-2,Lags 2,7,2026-06-16,1204.0,1599.7953033034466,395.79530330344664
direct_catboost_growth,catboost,2026-2,Lags 2,14,2026-06-23,1204.0,1571.5631143190487,367.56311431904874
direct_catboost_growth,catboost,2026-2,Lags 2,21,2026-06-30,1204.0,1551.4405275520382,347.44052755203825
direct_catboost_growth,catboost,2026-2,Lags 2,28,2026-07-07,1204.0,1480.3212903876572,276.3212903876572
direct_catboost_growth,catboost,2026-2,Lags 3,7,2026-06-22,1078.0,1454.5838351283637,376.5838351283637
direct_catboost_growth,catboost,2026-2,Lags 3,14,2026-06-29,1078.0,1460.2189596139824,382.2189596139824
direct_catboost_growth,catboost,2026-2,Lags 3,21,2026-07-06,1078.0,1456.4678280875673,378.46782808756734
direct_catboost_growth,catboost,2026-2,Lags 3,28,2026-07-13,1078.0,1451.9155496614692,373.9155496614692
direct_catboost_growth,catboost,2026-2,Tags 1,7,2026-04-25,1360.0,1588.3335280944466,228.3335280944466
direct_catboost_growth,catboost,2026-2,Tags 1,14,2026-05-02,1360.0,1582.1090742051556,222.1090742051556
direct_catboost_growth,catboost,2026-2,Tags 1,21,2026-05-09,1360.0,1581.2272903743733,221.2272903743733
direct_catboost_growth,catboost,2026-2,Tags 1,28,2026-05-16,1360.0,1550.4349386570161,190.43493865701612
direct_catboost_growth,catboost,2026-2,Tags 2,7,2026-04-25,1556.2800000000002,1601.3041924964903,45.02419249649006
direct_catboost_growth,catboost,2026-2,Tags 2,14,2026-05-02,1556.2800000000002,1587.8939105253885,31.61391052538829
direct_catboost_growth,catboost,2026-2,Tags 2,21,2026-05-09,1556.2800000000002,1585.6058268451727,29.325826845172514
direct_catboost_growth,catboost,2026-2,Tags 2,28,2026-05-16,1556.2800000000002,1555.3414391646493,-0.9385608353509269
direct_catboost_growth,catboost,2026-2,Tags 3,7,2026-04-25,1564.0,1601.3041924964903,37.30419249649026
direct_catboost_growth,catboost,2026-2,Tags 3,14,2026-05-02,1564.0,1587.8939105253885,23.893910525388492
direct_catboost_growth,catboost,2026-2,Tags 3,21,2026-05-09,1564.0,1585.1127185588518,21.11271855885184
direct_catboost_growth,catboost,2026-2,Tags 3,28,2026-05-16,1564.0,1553.9109681313837,-10.089031868616303
direct_catboost_poultry,catboost,2025-2,Tags 1,7,2025-04-04,1573.0,1547.62200912343,-25.37799087657004
direct_catboost_poultry,catboost,2025-2,Tags 1,14,2025-04-11,1573.0,1519.6205696378288,-53.379430362171206
direct_catboost_poultry,catboost,2025-2,Tags 1,21,2025-04-18,1573.0,1517.7097764907558,-55.29022350924424
direct_catboost_poultry,catboost,2025-2,Tags 1,28,2025-04-25,1573.0,1566.2311196962062,-6.768880303793821
direct_catboost_poultry,catboost,2025-2,Tags 2,7,2025-04-04,1599.0,1547.62200912343,-51.37799087657004
direct_catboost_poultry,catboost,2025-2,Tags 2,14,2025-04-11,1599.0,1519.6205696378288,-79.3794303621712
direct_catboost_poultry,catboost,2025-2,Tags 2,21,2025-04-18,1599.0,1522.3725424657316,-76.62745753426839
direct_catboost_poultry,catboost,2025-2,Tags 2,28,2025-04-25,1599.0,1566.2311196962062,-32.76888030379382
direct_catboost_poultry,catboost,2025-2,Tags 3,7,2025-04-04,1544.0,1547.62200912343,3.6220091234299616
direct_catboost_poultry,catboost,2025-2,Tags 3,14,2025-04-11,1544.0,1519.6205696378288,-24.379430362171206
direct_catboost_poultry,catboost,2025-2,Tags 3,21,2025-04-18,1544.0,1523.213591816472,-20.78640818352801
direct_catboost_poultry,catboost,2025-2,Tags 3,28,2025-04-25,1544.0,1542.7114308968623,-1.288569103137661
direct_catboost_poultry,catboost,2025-3,Lags 1,7,2025-07-16,1479.9999999999998,1443.960756351065,-36.03924364893487
direct_catboost_poultry,catboost,2025-3,Lags 1,14,2025-07-23,1479.9999999999998,1524.779108869596,44.77910886959626
direct_catboost_poultry,catboost,2025-3,Lags 1,21,2025-07-30,1479.9999999999998,1488.977245316877,8.977245316877315
direct_catboost_poultry,catboost,2025-3,Lags 1,28,2025-08-06,1479.9999999999998,1448.2524889044753,-31.747511095524487
direct_catboost_poultry,catboost,2025-3,Lags 2,7,2025-07-22,1554.0,1448.8640165100107,-105.13598348998926
direct_catboost_poultry,catboost,2025-3,Lags 2,14,2025-07-29,1554.0,1440.0680792074077,-113.93192079259234
direct_catboost_poultry,catboost,2025-3,Lags 2,21,2025-08-05,1554.0,1504.1108700436112,-49.88912995638884
direct_catboost_poultry,catboost,2025-3,Lags 2,28,2025-08-12,1554.0,1527.8171512984009,-26.18284870159914
direct_catboost_poultry,catboost,2025-3,Tags 1,7,2025-06-20,1477.24,1557.059423679764,79.81942367976399
direct_catboost_poultry,catboost,2025-3,Tags 1,14,2025-06-27,1477.24,1555.156904330508,77.91690433050803
direct_catboost_poultry,catboost,2025-3,Tags 1,21,2025-07-04,1477.24,1558.348087761612,81.10808776161207
direct_catboost_poultry,catboost,2025-3,Tags 1,28,2025-07-11,1477.24,1568.5909937027286,91.3509937027286
direct_catboost_poultry,catboost,2025-3,Tags 2,7,2025-06-20,1490.24,1558.9636497949164,68.72364979491635
direct_catboost_poultry,catboost,2025-3,Tags 2,14,2025-06-27,1490.24,1555.156904330508,64.91690433050803
direct_catboost_poultry,catboost,2025-3,Tags 2,21,2025-07-04,1490.24,1558.348087761612,68.10808776161207
direct_catboost_poultry,catboost,2025-3,Tags 2,28,2025-07-11,1490.24,1579.1166211346094,88.87662113460942
direct_catboost_poultry,catboost,2025-3,Tags 3,7,2025-06-20,1582.1,1557.059423679764,-25.040576320235914
direct_catboost_poultry,catboost,2025-3,Tags 3,14,2025-06-27,1582.1,1555.156904330508,-26.943095669491868
direct_catboost_poultry,catboost,2025-3,Tags 3,21,2025-07-04,1582.1,1553.5556864790929,-28.544313520907053
direct_catboost_poultry,catboost,2025-3,Tags 3,28,2025-07-11,1582.1,1567.5236021520207,-14.576397847979251
direct_catboost_poultry,catboost,2025-4,Lags 1,7,2025-10-03,1568.0,1488.8875997970467,-79.11240020295327
direct_catboost_poultry,catboost,2025-4,Lags 1,14,2025-10-10,1568.0,1519.1531079525191,-48.84689204748088
direct_catboost_poultry,catboost,2025-4,Lags 1,21,2025-10-17,1568.0,1547.5390550491156,-20.460944950884368
direct_catboost_poultry,catboost,2025-4,Lags 1,28,2025-10-24,1568.0,1567.0752724972915,-0.9247275027084925
direct_catboost_poultry,catboost,2025-4,Lags 2,7,2025-10-03,1594.0,1487.141226824564,-106.858773175436
direct_catboost_poultry,catboost,2025-4,Lags 2,14,2025-10-10,1594.0,1519.1531079525191,-74.84689204748088
direct_catboost_poultry,catboost,2025-4,Lags 2,21,2025-10-17,1594.0,1543.6971320503997,-50.30286794960034
direct_catboost_poultry,catboost,2025-4,Lags 2,28,2025-10-24,1594.0,1559.9155241838732,-34.08447581612677
direct_catboost_poultry,catboost,2025-4,Tags 1,7,2025-09-02,1441.5,1445.0885411049358,3.588541104935757
direct_catboost_poultry,catboost,2025-4,Tags 1,14,2025-09-09,1441.5,1497.538839364417,56.03883936441707
direct_catboost_poultry,catboost,2025-4,Tags 1,21,2025-09-16,1441.5,1547.5390550491156,106.03905504911563
direct_catboost_poultry,catboost,2025-4,Tags 1,28,2025-09-23,1441.5,1443.6764764543848,2.176476454384783
direct_catboost_poultry,catboost,2025-4,Tags 2,7,2025-09-02,1450.0400000000002,1455.0915702657214,5.051570265721239
direct_catboost_poultry,catboost,2025-4,Tags 2,14,2025-09-09,1450.0400000000002,1557.1843018454267,107.14430184542653
direct_catboost_poultry,catboost,2025-4,Tags 2,21,2025-09-16,1450.0400000000002,1568.6276467769708,118.58764677697059
direct_catboost_poultry,catboost,2025-4,Tags 2,28,2025-09-23,1450.0400000000002,1467.6232494980434,17.583249498043187
direct_catboost_poultry,catboost,2025-4,Tags 3,7,2025-09-02,1293.1200000000001,1447.0022853631544,153.88228536315432
direct_catboost_poultry,catboost,2025-4,Tags 3,14,2025-09-09,1293.1200000000001,1555.468637065057,262.3486370650569
direct_catboost_poultry,catboost,2025-4,Tags 3,21,2025-09-16,1293.1200000000001,1568.6276467769708,275.50764677697066
direct_catboost_poultry,catboost,2025-4,Tags 3,28,2025-09-23,1293.1200000000001,1467.6232494980434,174.50324949804326
direct_catboost_poultry,catboost,2025-5,Lags 1,7,2025-12-17,1306.0,1531.071439243154,225.07143924315392
direct_catboost_poultry,catboost,2025-5,Lags 1,14,2025-12-24,1306.0,1526.4181235422177,220.4181235422177
direct_catboost_poultry,catboost,2025-5,Lags 1,21,2025-12-31,1306.0,1523.7456056422732,217.74560564227318
direct_catboost_poultry,catboost,2025-5,Lags 1,28,2026-01-07,1306.0,1499.9444467976718,193.94444679767184
direct_catboost_poultry,catboost,2025-5,Lags 2,7,2025-12-24,1176.0,1528.7041669884936,352.7041669884936
direct_catboost_poultry,catboost,2025-5,Lags 2,14,2025-12-31,1176.0,1515.4218053520046,339.42180535200464
direct_catboost_poultry,catboost,2025-5,Lags 2,21,2026-01-07,1176.0,1497.448616672422,321.4486166724221
direct_catboost_poultry,catboost,2025-5,Lags 2,28,2026-01-14,1176.0,1432.1732001484781,256.17320014847814
direct_catboost_poultry,catboost,2025-5,Lags 3,7,2026-01-02,1182.0,1531.071439243154,349.0714392431539
direct_catboost_poultry,catboost,2025-5,Lags 3,14,2026-01-09,1182.0,1521.1086906834653,339.1086906834653
direct_catboost_poultry,catboost,2025-5,Lags 3,21,2026-01-16,1182.0,1497.448616672422,315.4486166724221
direct_catboost_poultry,catboost,2025-5,Lags 3,28,2026-01-23,1182.0,1435.5091997510492,253.5091997510492
direct_catboost_poultry,catboost,2025-5,Tags 1,7,2025-11-18,1702.0,1536.3849924770188,-165.61500752298116
direct_catboost_poultry,catboost,2025-5,Tags 1,14,2025-11-25,1702.0,1501.950344764118,-200.04965523588203
direct_catboost_poultry,catboost,2025-5,Tags 1,21,2025-12-02,1702.0,1529.2210563715596,-172.7789436284404
direct_catboost_poultry,catboost,2025-5,Tags 1,28,2025-12-09,1702.0,1548.145095547595,-153.85490445240498
direct_catboost_poultry,catboost,2025-5,Tags 2,7,2025-11-18,1776.0,1536.3849924770188,-239.61500752298116
direct_catboost_poultry,catboost,2025-5,Tags 2,14,2025-11-25,1776.0,1515.3221655042375,-260.67783449576245
direct_catboost_poultry,catboost,2025-5,Tags 2,21,2025-12-02,1776.0,1535.2432775372226,-240.75672246277736
direct_catboost_poultry,catboost,2025-5,Tags 2,28,2025-12-09,1776.0,1548.145095547595,-227.85490445240498
direct_catboost_poultry,catboost,2025-5,Tags 3,7,2025-11-18,1738.0,1536.3849924770188,-201.61500752298116
direct_catboost_poultry,catboost,2025-5,Tags 3,14,2025-11-25,1738.0,1510.7509160851312,-227.24908391486883
direct_catboost_poultry,catboost,2025-5,Tags 3,21,2025-12-02,1738.0,1535.2432775372226,-202.75672246277736
direct_catboost_poultry,catboost,2025-5,Tags 3,28,2025-12-09,1738.0,1548.145095547595,-189.85490445240498
direct_catboost_poultry,catboost,2026-1,Lags 1,7,2026-03-12,1605.9999999999998,1502.0136476150933,-103.98635238490647
direct_catboost_poultry,catboost,2026-1,Lags 1,14,2026-03-19,1605.9999999999998,1497.9229653838458,-108.07703461615392
direct_catboost_poultry,catboost,2026-1,Lags 1,21,2026-03-26,1605.9999999999998,1505.360851343027,-100.6391486569728
direct_catboost_poultry,catboost,2026-1,Lags 1,28,2026-04-02,1605.9999999999998,1533.7346917941388,-72.26530820586095
direct_catboost_poultry,catboost,2026-1,Lags 2,7,2026-03-20,1972.0000000000002,1480.762829083506,-491.2371709164943
direct_catboost_poultry,catboost,2026-1,Lags 2,14,2026-03-27,1972.0000000000002,1512.7181415671942,-459.2818584328061
direct_catboost_poultry,catboost,2026-1,Lags 2,21,2026-04-03,1972.0000000000002,1509.132341411999,-462.8676585880012
direct_catboost_poultry,catboost,2026-1,Lags 2,28,2026-04-10,1972.0000000000002,1533.7346917941388,-438.2653082058614
direct_catboost_poultry,catboost,2026-1,Lags 3,7,2026-03-27,1691.4399999999998,1470.292010906822,-221.14798909317778
direct_catboost_poultry,catboost,2026-1,Lags 3,14,2026-04-03,1691.4399999999998,1385.1437534441889,-306.29624655581097
direct_catboost_poultry,catboost,2026-1,Lags 3,21,2026-04-10,1691.4399999999998,1447.9002774792316,-243.53972252076824
direct_catboost_poultry,catboost,2026-1,Lags 3,28,2026-04-17,1691.4399999999998,1483.8435539822656,-207.59644601773425
direct_catboost_poultry,catboost,2026-1,Tags 1,7,2026-02-06,1446.68,1492.1752064813522,45.49520648135217
direct_catboost_poultry,catboost,2026-1,Tags 1,14,2026-02-13,1446.68,1503.695884985389,57.01588498538899
direct_catboost_poultry,catboost,2026-1,Tags 1,21,2026-02-20,1446.68,1515.2739817079707,68.59398170797067
direct_catboost_poultry,catboost,2026-1,Tags 1,28,2026-02-27,1446.68,1533.7346917941388,87.05469179413876
direct_catboost_poultry,catboost,2026-1,Tags 2,7,2026-02-06,1550.16,1515.2927098098369,-34.8672901901632
direct_catboost_poultry,catboost,2026-1,Tags 2,14,2026-02-13,1550.16,1518.4910611687371,-31.66893883126295
direct_catboost_poultry,catboost,2026-1,Tags 2,21,2026-02-20,1550.16,1519.0454717769426,-31.114528223057505
direct_catboost_poultry,catboost,2026-1,Tags 2,28,2026-02-27,1550.16,1486.9655613940433,-63.19443860595675
direct_catboost_poultry,catboost,2026-1,Tags 3,7,2026-02-06,1691.4399999999998,1488.4702446257209,-202.96975537427898
direct_catboost_poultry,catboost,2026-1,Tags 3,14,2026-02-13,1691.4399999999998,1501.9137699533735,-189.52623004662632
direct_catboost_poultry,catboost,2026-1,Tags 3,21,2026-02-20,1691.4399999999998,1513.5386799318987,-177.90132006810109
direct_catboost_poultry,catboost,2026-1,Tags 3,28,2026-02-27,1691.4399999999998,1486.9655613940433,-204.4744386059565
direct_catboost_poultry,catboost,2026-2,Lags 1,7,2026-06-08,1192.0,1589.8188851402563,397.81888514025627
direct_catboost_poultry,catboost,2026-2,Lags 1,14,2026-06-15,1192.0,1584.7298991342432,392.72989913424317
direct_catboost_poultry,catboost,2026-2,Lags 1,21,2026-06-22,1192.0,1564.2890709111396,372.28907091113956
direct_catboost_poultry,catboost,2026-2,Lags 1,28,2026-06-29,1192.0,1481.4323417506894,289.4323417506894
direct_catboost_poultry,catboost,2026-2,Lags 2,7,2026-06-16,1204.0,1588.770647370339,384.770647370339
direct_catboost_poultry,catboost,2026-2,Lags 2,14,2026-06-23,1204.0,1581.5477444378448,377.5477444378448
direct_catboost_poultry,catboost,2026-2,Lags 2,21,2026-06-30,1204.0,1558.8379454574729,354.83794545747287
direct_catboost_poultry,catboost,2026-2,Lags 2,28,2026-07-07,1204.0,1481.5257220966512,277.5257220966512
direct_catboost_poultry,catboost,2026-2,Lags 3,7,2026-06-22,1078.0,1477.3455738322261,399.34557383222614
direct_catboost_poultry,catboost,2026-2,Lags 3,14,2026-06-29,1078.0,1542.33958289856,464.3395828985599
direct_catboost_poultry,catboost,2026-2,Lags 3,21,2026-07-06,1078.0,1484.051275527624,406.05127552762406
direct_catboost_poultry,catboost,2026-2,Lags 3,28,2026-07-13,1078.0,1464.9134384836602,386.91343848366023
direct_catboost_poultry,catboost,2026-2,Tags 1,7,2026-04-25,1360.0,1581.935368936848,221.9353689368479
direct_catboost_poultry,catboost,2026-2,Tags 1,14,2026-05-02,1360.0,1579.3706603635023,219.37066036350234
direct_catboost_poultry,catboost,2026-2,Tags 1,21,2026-05-09,1360.0,1583.207246069674,223.20724606967406
direct_catboost_poultry,catboost,2026-2,Tags 1,28,2026-05-16,1360.0,1558.435252550092,198.43525255009195
direct_catboost_poultry,catboost,2026-2,Tags 2,7,2026-04-25,1556.2800000000002,1592.606117692246,36.326117692245816
direct_catboost_poultry,catboost,2026-2,Tags 2,14,2026-05-02,1556.2800000000002,1572.0601571722816,15.780157172281406
direct_catboost_poultry,catboost,2026-2,Tags 2,21,2026-05-09,1556.2800000000002,1583.207246069674,26.927246069673856
direct_catboost_poultry,catboost,2026-2,Tags 2,28,2026-05-16,1556.2800000000002,1563.7500947034268,7.470094703426639
direct_catboost_poultry,catboost,2026-2,Tags 3,7,2026-04-25,1564.0,1593.0397951872103,29.039795187210302
direct_catboost_poultry,catboost,2026-2,Tags 3,14,2026-05-02,1564.0,1584.2867570784829,20.28675707848288
direct_catboost_poultry,catboost,2026-2,Tags 3,21,2026-05-09,1564.0,1583.207246069674,19.207246069674056
direct_catboost_poultry,catboost,2026-2,Tags 3,28,2026-05-16,1564.0,1561.549535190832,-2.4504648091678973
