cycle_id,building_id,review_day,as_of_date,max_source_day_used,outcome_day35_weight_g,current_weight_g,current_target_g,current_ratio_to_target,current_gap_to_target_g,current_deficit_to_day35_g,current_gap_pct,latest_measurement_day,measurement_staleness_days,weight_measurement_count,available_checkpoint_count,last_interval_adg_g_day,prior_interval_adg_g_day,adg_acceleration_g_day2,placement_to_current_adg_g_day,survival_pct,beginning_inventory,current_population,log_beginning_inventory,population_loss_pct,mortality_cumulative_per_1000,mortality_recent_3d_per_1000,mortality_recent_7d_per_1000,temperature_history_mean_c,temperature_history_sd_c,temperature_recent_7d_mean_c,temperature_history_min_c,temperature_history_max_c,temperature_range_history_mean_c,temperature_trend_c_day,temperature_target_gap_mean_c,temperature_target_abs_error_mean_c,heat_excess_degree_days,cold_excess_degree_days,heat_stress_day_pct,cold_stress_day_pct,temperature_coverage,humidity_history_mean_pct,humidity_history_sd_pct,humidity_recent_7d_mean_pct,humidity_history_min_pct,humidity_history_max_pct,humidity_range_history_mean_pct,humidity_trend_pct_day,humidity_target_gap_mean_pct,humidity_target_abs_error_mean_pct,high_humidity_excess_days,low_humidity_excess_days,high_humidity_day_pct,low_humidity_day_pct,humidity_coverage,thi_history_mean_c,thi_history_max_c,thi_stress_day_pct,compound_heat_humidity_days,cycle_checkpoint_mean_g,cycle_checkpoint_sd_g,cycle_checkpoint_count,weight_minus_cycle_checkpoint_mean_g,is_lags_building,weight_day7_g,ratio_day7,gap_day7_g,weight_day14_g,ratio_day14,gap_day14_g,weight_day21_g,ratio_day21,gap_day21_g,weight_day28_g,ratio_day28,gap_day28_g,gain_day7_14_g,adg_day7_14_g,gain_day14_21_g,adg_day14_21_g,gain_day21_28_g,adg_day21_28_g,role
2025-2,Tags 1,7,2025-04-04,7,1573.0,149.0,170.0,0.8764705882352941,-21.0,-1651.0,-12.352941176470589,7,0,1,1,,,,15.571428571428571,97.82352941176471,6800.0,6652.0,8.824677891164198,2.176470588235294,21.76470588235294,6.764705882352941,21.76470588235294,,,,,,,,,,,,,,0.0,,,,,,,,,,,,,,0.0,,,,0,146.66666666666666,2.6246692913372702,3,2.333333333333343,0.0,149.0,0.8764705882352941,-21.0,,,,,,,,,,,,,,,,development
2025-2,Tags 1,14,2025-04-11,14,1573.0,338.0,380.0,0.8894736842105263,-42.0,-1462.0,-11.052631578947368,14,0,2,2,27.0,,,21.285714285714285,96.97058823529412,6800.0,6594.0,8.824677891164198,3.0294117647058822,30.294117647058822,3.0882352941176467,8.529411764705882,,,,,,,,,,,,,,0.0,,,,,,,,,,,,,,0.0,,,,0,342.0,2.8284271247461903,3,-4.0,0.0,149.0,0.8764705882352941,-21.0,338.0,0.8894736842105263,-42.0,,,,,,,189.0,27.0,,,,,development
2025-2,Tags 1,21,2025-04-18,21,1573.0,554.0,800.0,0.6925,-246.0,-1246.0,-30.75,21,0,3,3,30.857142857142858,27.0,3.8571428571428577,24.476190476190474,95.89705882352942,6800.0,6521.0,8.824677891164198,4.102941176470589,41.029411764705884,4.411764705882353,10.735294117647058,,,,,,,,,,,,,,0.0,,,,,,,,,,,,,,0.0,,,,0,637.3333333333334,59.12886116121485,3,-83.33333333333337,0.0,149.0,0.8764705882352941,-21.0,338.0,0.8894736842105263,-42.0,554.0,0.6925,-246.0,,,,189.0,27.0,216.0,30.857142857142858,,,development
2025-2,Tags 1,28,2025-04-25,28,1573.0,1331.0,1200.0,1.1091666666666666,131.0,-469.0,10.916666666666666,28,0,4,4,111.0,30.857142857142858,80.14285714285714,46.107142857142854,94.86764705882354,6800.0,6451.0,8.824677891164198,5.13235294117647,51.3235294117647,4.852941176470589,10.294117647058824,,,,,,,,,,,,,,0.0,,,,,,,,,,,,,,0.0,,,,0,1240.0,90.8221705679107,3,91.0,0.0,149.0,0.8764705882352941,-21.0,338.0,0.8894736842105263,-42.0,554.0,0.6925,-246.0,1331.0,1.1091666666666666,131.0,189.0,27.0,216.0,30.857142857142858,777.0,111.0,development
2025-2,Tags 2,7,2025-04-04,7,1599.0,143.0,170.0,0.8411764705882353,-27.0,-1657.0,-15.88235294117647,7,0,1,1,,,,14.714285714285714,98.33823529411765,6800.0,6687.0,8.824677891164198,1.6617647058823528,16.61764705882353,5.294117647058823,16.61764705882353,,,,,,,,,,,,,,0.0,,,,,,,,,,,,,,0.0,,,,0,146.66666666666666,2.6246692913372702,3,-3.666666666666657,0.0,143.0,0.8411764705882353,-27.0,,,,,,,,,,,,,,,,development
2025-2,Tags 2,14,2025-04-11,14,1599.0,344.0,380.0,0.9052631578947369,-36.0,-1456.0,-9.473684210526317,14,0,2,2,28.714285714285715,,,21.714285714285715,97.41176470588235,6800.0,6624.0,8.824677891164198,2.588235294117647,25.88235294117647,3.676470588235294,9.26470588235294,,,,,,,,,,,,,,0.0,,,,,,,,,,,,,,0.0,,,,0,342.0,2.8284271247461903,3,2.0,0.0,143.0,0.8411764705882353,-27.0,344.0,0.9052631578947369,-36.0,,,,,,,201.0,28.714285714285715,,,,,development
2025-2,Tags 2,21,2025-04-18,21,1599.0,673.0,800.0,0.84125,-127.0,-1127.0,-15.875,21,0,3,3,47.0,28.714285714285715,18.285714285714285,30.142857142857142,96.44117647058823,6800.0,6558.0,8.824677891164198,3.558823529411765,35.58823529411765,3.676470588235294,9.705882352941178,,,,,,,,,,,,,,0.0,,,,,,,,,,,,,,0.0,,,,0,637.3333333333334,59.12886116121485,3,35.66666666666663,0.0,143.0,0.8411764705882353,-27.0,344.0,0.9052631578947369,-36.0,673.0,0.84125,-127.0,,,,201.0,28.714285714285715,329.0,47.0,,,development
2025-2,Tags 2,28,2025-04-25,28,1599.0,1273.0,1200.0,1.0608333333333333,73.0,-527.0,6.083333333333334,28,0,4,4,85.71428571428571,47.0,38.71428571428571,44.035714285714285,95.54411764705883,6800.0,6497.0,8.824677891164198,4.455882352941176,44.55882352941176,3.9705882352941173,8.970588235294118,,,,,,,,,,,,,,0.0,,,,,,,,,,,,,,0.0,,,,0,1240.0,90.8221705679107,3,33.0,0.0,143.0,0.8411764705882353,-27.0,344.0,0.9052631578947369,-36.0,673.0,0.84125,-127.0,1273.0,1.0608333333333333,73.0,201.0,28.714285714285715,329.0,47.0,600.0,85.71428571428571,development
2025-2,Tags 3,7,2025-04-04,7,1544.0,148.0,170.0,0.8705882352941177,-22.0,-1652.0,-12.941176470588237,7,0,1,1,,,,15.428571428571429,98.55882352941177,6800.0,6702.0,8.824677891164198,1.4411764705882353,14.411764705882353,5.147058823529412,14.411764705882353,,,,,,,,,,,,,,0.0,,,,,,,,,,,,,,0.0,,,,0,146.66666666666666,2.6246692913372702,3,1.3333333333333428,0.0,148.0,0.8705882352941177,-22.0,,,,,,,,,,,,,,,,development
2025-2,Tags 3,14,2025-04-11,14,1544.0,344.0,380.0,0.9052631578947369,-36.0,-1456.0,-9.473684210526317,14,0,2,2,28.0,,,21.714285714285715,97.55882352941177,6800.0,6634.0,8.824677891164198,2.441176470588235,24.41176470588235,3.823529411764706,10.0,,,,,,,,,,,,,,0.0,,,,,,,,,,,,,,0.0,,,,0,342.0,2.8284271247461903,3,2.0,0.0,148.0,0.8705882352941177,-22.0,344.0,0.9052631578947369,-36.0,,,,,,,196.0,28.0,,,,,development
2025-2,Tags 3,21,2025-04-18,21,1544.0,685.0,800.0,0.85625,-115.0,-1115.0,-14.374999999999998,21,0,3,3,48.714285714285715,28.0,20.714285714285715,30.714285714285715,96.75,6800.0,6579.0,8.824677891164198,3.25,32.5,2.941176470588235,8.088235294117649,,,,,,,,,,,,,,0.0,,,,,,,,,,,,,,0.0,,,,0,637.3333333333334,59.12886116121485,3,47.66666666666663,0.0,148.0,0.8705882352941177,-22.0,344.0,0.9052631578947369,-36.0,685.0,0.85625,-115.0,,,,196.0,28.0,341.0,48.714285714285715,,,development
2025-2,Tags 3,28,2025-04-25,28,1544.0,1116.0,1200.0,0.93,-84.0,-684.0,-7.000000000000001,28,0,4,4,61.57142857142857,48.714285714285715,12.857142857142854,38.42857142857143,96.0735294117647,6800.0,6533.0,8.824677891164198,3.9264705882352944,39.26470588235294,2.941176470588235,6.764705882352941,,,,,,,,,,,,,,0.0,,,,,,,,,,,,,,0.0,,,,0,1240.0,90.8221705679107,3,-124.0,0.0,148.0,0.8705882352941177,-22.0,344.0,0.9052631578947369,-36.0,685.0,0.85625,-115.0,1116.0,0.93,-84.0,196.0,28.0,341.0,48.714285714285715,431.0,61.57142857142857,development
2025-3,Lags 1,7,2025-07-16,7,1479.9999999999998,101.00000000000001,170.0,0.5941176470588236,-68.99999999999999,-1699.0,-40.58823529411764,7,0,1,1,,,,8.714285714285717,98.6368496079829,11224.0,11071.0,9.325809621782296,1.3631503920171062,13.631503920171061,6.325730577334284,13.631503920171061,32.008814102564095,0.37941508819247743,32.008814102564095,29.8,34.1,2.985714285714285,0.07791323260072788,2.865956959706957,2.865956959706957,7.141666666666602,0.0,57.14285714285714,0.0,1.0,76.26540750915751,1.156178850782401,76.26540750915751,66.8,85.9,11.814285714285717,0.21567651098901813,16.265407509157516,16.265407509157516,43.8578525641026,0.0,100.0,0.0,1.0,31.477962639343186,31.95185868160943,100.0,4,120.75,11.453711188955301,4,-19.749999999999986,1.0,101.00000000000001,0.5941176470588236,-68.99999999999999,,,,,,,,,,,,,,,,development
2025-3,Lags 1,14,2025-07-23,14,1479.9999999999998,255.49999999999994,380.0,0.6723684210526314,-124.50000000000006,-1544.5,-32.76315789473686,14,0,2,2,22.071428571428562,,,15.392857142857139,97.31824661439772,11224.0,10923.0,9.325809621782296,2.681753385602281,26.81753385602281,6.593014967925874,13.186029935851748,31.054575006014634,1.188262459371637,30.10033590946517,27.5,34.1,2.8214285714285703,-0.25269758858992725,3.76886072030035,3.76886072030035,19.844018032922797,0.0,78.57142857142857,0.0,1.0,80.21733330749578,4.7126806865510575,84.16925910583403,66.8,89.4,9.52857142857143,1.0765461512265597,22.71733330749578,22.71733330749578,178.0426663049409,0.0,100.0,0.0,1.0,30.619823245262573,31.95185868160943,100.0,11,286.2175,22.395332521532275,4,-30.71750000000003,1.0,101.00000000000001,0.5941176470588236,-68.99999999999999,255.49999999999994,0.6723684210526314,-124.50000000000006,,,,,,,154.49999999999994,22.071428571428562,,,,,development
2025-3,Lags 1,21,2025-07-30,21,1479.9999999999998,461.0,800.0,0.57625,-339.0,-1339.0,-42.375,21,0,3,3,29.357142857142865,22.071428571428562,7.2857142857143025,20.047619047619047,96.10655737704919,11224.0,10787.0,9.325809621782296,3.8934426229508197,38.9344262295082,5.167498218104063,12.116892373485388,30.538967046332907,1.2440552027158838,29.507751126969442,26.8,34.1,3.1047619047619044,-0.1689956768229205,4.872300379666238,4.872300379666238,48.3982759217089,0.0,85.71428571428571,0.0,1.0,80.9512843926639,4.7908924119195735,82.41918656300017,64.6,90.3,10.580952380952382,0.3809817248097778,25.951284392663897,25.951284392663897,334.9769722459419,0.0,100.0,0.0,1.0,30.124213269684105,31.95185868160943,100.0,18,549.2724999999999,54.496284449033766,4,-88.27249999999992,1.0,101.00000000000001,0.5941176470588236,-68.99999999999999,255.49999999999994,0.6723684210526314,-124.50000000000006,461.0,0.57625,-339.0,,,,154.49999999999994,22.071428571428562,205.50000000000006,29.357142857142865,,,development
2025-3,Lags 1,28,2025-08-06,28,1479.9999999999998,856.0000000000001,1200.0,0.7133333333333334,-343.9999999999999,-943.9999999999999,-28.666666666666657,28,0,4,4,56.428571428571445,29.357142857142865,27.07142857142858,29.142857142857146,95.12651461154668,11224.0,10677.0,9.325809621782296,4.8734853884533145,48.734853884533145,4.365645046329294,9.800427655024945,30.096794347711466,1.3983054860390094,28.770276251847143,24.2,35.2,4.346428571428571,-0.14904826481709227,5.846794347711464,5.846794347711464,95.79020968463891,0.0,89.28571428571429,0.0,1.0,80.79459362490988,5.061591296305666,80.32452132164781,50.2,94.2,15.657142857142858,0.1782682760099621,27.04459362490988,27.04459362490988,477.24862149747656,0.0,100.0,0.0,1.0,29.680996263790462,31.95185868160943,96.42857142857143,25,1002.2200000000001,89.43451459028553,4,-146.22000000000003,1.0,101.00000000000001,0.5941176470588236,-68.99999999999999,255.49999999999994,0.6723684210526314,-124.50000000000006,461.0,0.57625,-339.0,856.0000000000001,0.7133333333333334,-343.9999999999999,154.49999999999994,22.071428571428562,205.50000000000006,29.357142857142865,395.0000000000001,56.428571428571445,development
2025-3,Lags 2,7,2025-07-22,7,1554.0,98.0,170.0,0.5764705882352941,-72.0,-1702.0,-42.35294117647059,7,0,1,1,,,,8.285714285714286,97.96363636363637,11000.0,10776.0,9.305650551780507,2.0363636363636366,20.363636363636363,7.454545454545454,20.363636363636363,29.45423987212553,0.13966768492469184,29.45423987212553,27.6,31.9,2.866666666666666,0.010070116054146821,0.4542398721255327,1.0447701751557996,0.0,0.0,0.0,0.0,0.8571428571428571,84.9253740866108,0.840247392479783,84.9253740866108,78.1,87.6,6.2,0.34461879432620857,24.925374086610802,24.925374086610802,89.55224451966481,0.0,100.0,0.0,0.8571428571428571,29.136648264691164,29.355197361333932,100.0,0,116.2,13.702554506368509,5,-18.200000000000003,1.0,98.0,0.5764705882352941,-72.0,,,,,,,,,,,,,,,,development
2025-3,Lags 2,14,2025-07-29,14,1554.0,210.00000000000006,380.0,0.5526315789473686,-169.99999999999994,-1590.0,-44.73684210526314,14,0,2,2,16.000000000000007,,,12.142857142857148,96.53636363636363,11000.0,10619.0,9.305650551780507,3.463636363636364,34.63636363636364,5.909090909090909,14.272727272727272,29.16594008828053,0.5198501867594921,28.918825987841956,26.6,32.3,3.1230769230769226,-0.050204826202164814,2.0890170113574533,2.361569458909884,5.023448581560398,0.0,46.15384615384615,0.0,0.9285714285714286,84.3475437682884,2.904207796139811,83.85226063829782,65.1,88.1,8.161538461538463,-0.3132025775642876,27.039851460596115,27.039851460596115,221.51806898774947,0.0,100.0,0.0,0.9285714285714286,28.836264212999644,29.51617607466274,92.3076923076923,6,270.974,36.478732214812496,5,-60.97399999999993,1.0,98.0,0.5764705882352941,-72.0,210.00000000000006,0.5526315789473686,-169.99999999999994,,,,,,,112.00000000000006,16.000000000000007,,,,,development
2025-3,Lags 2,21,2025-08-05,21,1554.0,428.00000000000006,800.0,0.535,-371.99999999999994,-1372.0,-46.49999999999999,21,0,3,3,31.142857142857142,16.000000000000007,15.142857142857135,18.476190476190478,95.48181818181818,11000.0,10503.0,9.305650551780507,4.5181818181818185,45.18181818181819,4.2727272727272725,10.545454545454545,29.3132033192871,0.7663332729918958,29.58669217687073,25.3,35.3,4.489999999999999,-0.0030284085282307888,3.8632033192870994,4.040362410196179,34.130293819655506,0.0,65.0,0.0,0.9523809523809523,81.16398380653034,5.9043183770265175,75.2516581632653,49.1,90.5,14.355,-0.6151707982134116,26.413983806530325,26.413983806530325,328.2796761306066,0.0,100.0,0.0,0.9523809523809523,28.910296071097225,29.837624743477896,90.0,13,525.0179999999999,68.76771841496559,5,-97.01799999999986,1.0,98.0,0.5764705882352941,-72.0,210.00000000000006,0.5526315789473686,-169.99999999999994,428.00000000000006,0.535,-371.99999999999994,,,,112.00000000000006,16.000000000000007,218.0,31.142857142857142,,,development
2025-3,Lags 2,28,2025-08-12,28,1554.0,916.0,1200.0,0.7633333333333333,-284.0,-884.0,-23.666666666666668,28,0,4,4,69.71428571428571,31.142857142857142,38.57142857142857,31.285714285714285,94.6,11000.0,10406.0,9.305650551780507,5.4,54.0,3.9090909090909087,8.818181818181818,29.03265592965283,0.9534329800658341,27.629918981481474,25.0,35.3,4.449999999999999,-0.059241957647486805,4.4909892629861625,4.638621838743729,56.6499697455814,0.0,70.83333333333334,0.0,0.8571428571428571,81.87618828013329,5.651860419285533,85.43721064814808,49.1,91.0,14.358333333333334,-0.21089564631158303,27.917854946799952,27.917854946799952,430.0285187231989,0.0,100.0,0.0,0.8571428571428571,28.647002415726092,29.837624743477896,75.0,17,984.9760000000002,87.1105508190598,5,-68.97600000000023,1.0,98.0,0.5764705882352941,-72.0,210.00000000000006,0.5526315789473686,-169.99999999999994,428.00000000000006,0.535,-371.99999999999994,916.0,0.7633333333333333,-284.0,112.00000000000006,16.000000000000007,218.0,31.142857142857142,487.99999999999994,69.71428571428571,development
2025-3,Tags 1,7,2025-06-20,7,1477.24,127.0,170.0,0.7470588235294118,-43.0,-1673.0,-25.294117647058822,7,0,1,1,,,,12.428571428571429,98.83180858550317,7105.0,7022.0,8.868554040531201,1.1681914144968333,11.681914144968331,4.644616467276565,11.681914144968331,,,,,,,,,,,,,,0.0,,,,,,,,,,,,,,0.0,,,,0,127.33333333333333,1.247219128924647,3,-0.3333333333333286,0.0,127.0,0.7470588235294118,-43.0,,,,,,,,,,,,,,,,development
2025-3,Tags 1,14,2025-06-27,14,1477.24,277.58,380.0,0.7304736842105263,-102.42000000000002,-1522.42,-26.952631578947372,14,0,2,2,21.51142857142857,,,16.97,98.08585503166783,7105.0,6969.0,8.868554040531201,1.9141449683321605,19.141449683321607,2.6741731175228716,7.459535538353272,,,,,,,,,,,,,,0.0,,,,,,,,,,,,,,0.0,,,,0,296.45666666666665,15.791530078564985,3,-18.876666666666665,0.0,127.0,0.7470588235294118,-43.0,277.58,0.7304736842105263,-102.42000000000002,,,,,,,150.57999999999998,21.51142857142857,,,,,development
2025-3,Tags 1,21,2025-07-04,21,1477.24,602.51,800.0,0.7531375,-197.49,-1197.49,-24.68625,21,0,3,3,46.41857142857143,21.51142857142857,24.907142857142862,26.786190476190477,97.25545390570021,7105.0,6910.0,8.868554040531201,2.744546094299789,27.44546094299789,4.081632653061225,8.304011259676283,,,,,,,,,,,,,,0.0,,,,,,,,,,,,,,0.0,,,,0,578.6966666666666,22.286027511026333,3,23.81333333333339,0.0,127.0,0.7470588235294118,-43.0,277.58,0.7304736842105263,-102.42000000000002,602.51,0.7531375,-197.49,,,,150.57999999999998,21.51142857142857,324.93,46.41857142857143,,,development
2025-3,Tags 1,28,2025-07-11,28,1477.24,1046.8,1200.0,0.8723333333333333,-153.20000000000005,-753.2,-12.766666666666671,28,0,4,4,63.46999999999999,46.41857142857143,17.05142857142856,35.957142857142856,96.56579873328643,7105.0,6861.0,8.868554040531201,3.4342012667135817,34.34201266713582,2.9556650246305423,6.896551724137931,,,,,,,,,,,,,,0.0,,,,,,,,,,,,,,0.0,,,,0,1050.96,34.09339329938669,3,-4.160000000000082,0.0,127.0,0.7470588235294118,-43.0,277.58,0.7304736842105263,-102.42000000000002,602.51,0.7531375,-197.49,1046.8,0.8723333333333333,-153.20000000000005,150.57999999999998,21.51142857142857,324.93,46.41857142857143,444.28999999999996,63.46999999999999,development
2025-3,Tags 2,7,2025-06-20,7,1490.24,126.0,170.0,0.7411764705882353,-44.0,-1674.0,-25.882352941176475,7,0,1,1,,,,12.285714285714286,98.42002237136465,7152.0,7039.0,8.87514731685335,1.5799776286353466,15.799776286353467,6.012304250559284,15.799776286353467,,,,,,,,,,,,,,0.0,,,,,,,,,,,,,,0.0,,,,0,127.33333333333333,1.247219128924647,3,-1.3333333333333286,0.0,126.0,0.7411764705882353,-44.0,,,,,,,,,,,,,,,,development
2025-3,Tags 2,14,2025-06-27,14,1490.24,295.56,380.0,0.7777894736842106,-84.44,-1504.44,-22.221052631578946,14,0,2,2,24.222857142857144,,,18.254285714285714,97.44127516778524,7152.0,6969.0,8.87514731685335,2.5587248322147653,25.58724832214765,3.635346756152125,9.787472035794183,,,,,,,,,,,,,,0.0,,,,,,,,,,,,,,0.0,,,,0,296.45666666666665,15.791530078564985,3,-0.896666666666647,0.0,126.0,0.7411764705882353,-44.0,295.56,0.7777894736842106,-84.44,,,,,,,169.56,24.222857142857144,,,,,development
2025-3,Tags 2,21,2025-07-04,21,1490.24,584.67,800.0,0.7308374999999999,-215.33000000000004,-1215.33,-26.91625,21,0,3,3,41.301428571428566,24.222857142857144,17.078571428571422,25.936666666666664,96.63031319910515,7152.0,6911.0,8.87514731685335,3.3696868008948546,33.69686800894855,3.635346756152125,8.109619686800894,,,,,,,,,,,,,,0.0,,,,,,,,,,,,,,0.0,,,,0,578.6966666666666,22.286027511026333,3,5.973333333333358,0.0,126.0,0.7411764705882353,-44.0,295.56,0.7777894736842106,-84.44,584.67,0.7308374999999999,-215.33000000000004,,,,169.56,24.222857142857144,289.10999999999996,41.301428571428566,,,development
2025-3,Tags 2,28,2025-07-11,28,1490.24,1094.64,1200.0,0.9122000000000001,-105.3599999999999,-705.3599999999999,-8.779999999999992,28,0,4,4,72.85285714285716,41.301428571428566,31.551428571428595,37.66571428571429,95.93120805369128,7152.0,6861.0,8.87514731685335,4.068791946308725,40.68791946308725,3.0760626398210293,6.991051454138702,,,,,,,,,,,,,,0.0,,,,,,,,,,,,,,0.0,,,,0,1050.96,34.09339329938669,3,43.680000000000064,0.0,126.0,0.7411764705882353,-44.0,295.56,0.7777894736842106,-84.44,584.67,0.7308374999999999,-215.33000000000004,1094.64,0.9122000000000001,-105.3599999999999,169.56,24.222857142857144,289.10999999999996,41.301428571428566,509.97000000000014,72.85285714285716,development
2025-3,Tags 3,7,2025-06-20,7,1582.1,129.0,170.0,0.7588235294117647,-41.0,-1671.0,-24.11764705882353,7,0,1,1,,,,12.714285714285714,98.9196015153641,7127.0,7050.0,8.871645667501872,1.0803984846358916,10.803984846358915,3.0868528132454047,10.803984846358915,,,,,,,,,,,,,,0.0,,,,,,,,,,,,,,0.0,,,,0,127.33333333333333,1.247219128924647,3,1.6666666666666714,0.0,129.0,0.7588235294117647,-41.0,,,,,,,,,,,,,,,,development
2025-3,Tags 3,14,2025-06-27,14,1582.1,316.23,380.0,0.8321842105263159,-63.76999999999998,-1483.77,-16.781578947368416,14,0,2,2,26.747142857142858,,,19.73071428571429,98.31626210186614,7127.0,7007.0,8.871645667501872,1.6837378981338573,16.837378981338574,2.9465413217342498,6.033394134979655,,,,,,,,,,,,,,0.0,,,,,,,,,,,,,,0.0,,,,0,296.45666666666665,15.791530078564985,3,19.77333333333337,0.0,129.0,0.7588235294117647,-41.0,316.23,0.8321842105263159,-63.76999999999998,,,,,,,187.23000000000002,26.747142857142858,,,,,development
2025-3,Tags 3,21,2025-07-04,21,1582.1,548.91,800.0,0.6861375,-251.09000000000003,-1251.0900000000001,-31.386250000000004,21,0,3,3,33.239999999999995,26.747142857142858,6.492857142857137,24.233809523809523,97.67082924091484,7127.0,6961.0,8.871645667501872,2.3291707590851694,23.291707590851694,2.6659183387119407,6.454328609513119,,,,,,,,,,,,,,0.0,,,,,,,,,,,,,,0.0,,,,0,578.6966666666666,22.286027511026333,3,-29.786666666666633,0.0,129.0,0.7588235294117647,-41.0,316.23,0.8321842105263159,-63.76999999999998,548.91,0.6861375,-251.09000000000003,,,,187.23000000000002,26.747142857142858,232.67999999999995,33.239999999999995,,,development
2025-3,Tags 3,28,2025-07-11,28,1582.1,1011.4400000000002,1200.0,0.8428666666666668,-188.55999999999983,-788.5599999999998,-15.713333333333319,28,0,4,4,66.07571428571431,33.239999999999995,32.83571428571432,34.69428571428572,97.02539637996352,7127.0,6915.0,8.871645667501872,2.974603620036481,29.746036200364813,2.5256068472007858,6.454328609513119,,,,,,,,,,,,,,0.0,,,,,,,,,,,,,,0.0,,,,0,1050.96,34.09339329938669,3,-39.51999999999987,0.0,129.0,0.7588235294117647,-41.0,316.23,0.8321842105263159,-63.76999999999998,548.91,0.6861375,-251.09000000000003,1011.4400000000002,0.8428666666666668,-188.55999999999983,187.23000000000002,26.747142857142858,232.67999999999995,33.239999999999995,462.5300000000002,66.07571428571431,development
2025-4,Lags 1,7,2025-10-03,7,1568.0,101.00000000000001,170.0,0.5941176470588236,-68.99999999999999,-1699.0,-40.58823529411764,7,0,1,1,,,,8.714285714285717,98.37282074206527,11185.0,11003.0,9.32232887392423,1.6271792579347342,16.27179257934734,7.510058113544926,16.27179257934734,,,,,,,,,,,,,,0.0,,,,,,,,,,,,,,0.0,,,,0,95.24,4.854935632940985,5,5.760000000000019,1.0,101.00000000000001,0.5941176470588236,-68.99999999999999,,,,,,,,,,,,,,,,development
2025-4,Lags 1,14,2025-10-10,14,1568.0,235.00000000000003,380.0,0.618421052631579,-144.99999999999997,-1565.0,-38.157894736842096,14,0,2,2,19.142857142857142,,,13.92857142857143,97.54135002235135,11185.0,10910.0,9.32232887392423,2.4586499776486366,24.586499776486367,2.950379973178364,8.314707197139025,28.7091914893617,0.8028085106383003,28.7091914893617,26.0,33.5,6.65,-1.6056170212765999,3.7091914893617,3.7091914893617,1.5120000000000005,0.0,50.0,0.0,0.14285714285714285,85.94451063829786,2.2725106382978524,85.94451063829786,71.1,91.7,17.050000000000004,4.545021276595696,30.94451063829785,30.94451063829785,41.8890212765957,0.0,100.0,0.0,0.14285714285714285,28.416132455265647,29.166374778894724,50.0,1,240.708,14.561327412018445,5,-5.70799999999997,1.0,101.00000000000001,0.5941176470588236,-68.99999999999999,235.00000000000003,0.618421052631579,-144.99999999999997,,,,,,,134.0,19.142857142857142,,,,,development
2025-4,Lags 1,21,2025-10-17,21,1568.0,585.0,800.0,0.73125,-215.0,-1215.0,-26.875,21,0,3,3,50.0,19.142857142857142,30.857142857142858,25.952380952380953,96.77246312025034,11185.0,10824.0,9.32232887392423,3.2275368797496644,32.27536879749665,2.592758158247653,7.688869021010281,27.891312844759668,1.3294805844492967,26.2555555555556,25.8,33.5,4.766666666666667,-1.6282222222222023,2.8913128447596663,2.8913128447596663,1.5120000000000005,0.0,33.33333333333333,0.0,0.14285714285714285,87.64819227738377,3.041041267203537,91.0555555555556,71.1,91.7,11.666666666666671,3.6917777777778173,34.314858944050435,34.314858944050435,72.9445768321513,0.0,100.0,0.0,0.14285714285714285,27.63704097510893,29.166374778894724,33.33333333333333,1,528.81,52.27564327676897,5,56.190000000000055,1.0,101.00000000000001,0.5941176470588236,-68.99999999999999,235.00000000000003,0.618421052631579,-144.99999999999997,585.0,0.73125,-215.0,,,,134.0,19.142857142857142,350.0,50.0,,,development
2025-4,Lags 1,28,2025-10-24,28,1568.0,1120.0,1200.0,0.9333333333333333,-80.0,-680.0,-6.666666666666667,28,0,4,4,76.42857142857143,50.0,26.42857142857143,38.57142857142857,96.29861421546715,11185.0,10771.0,9.32232887392423,3.7013857845328566,37.013857845328566,2.32454179704962,4.7384890478319175,27.891312844759668,1.3294805844492967,,25.8,33.5,4.766666666666667,-1.6282222222222023,2.8913128447596663,2.8913128447596663,1.5120000000000005,0.0,33.33333333333333,0.0,0.10714285714285714,87.64819227738377,3.041041267203537,,71.1,91.7,11.666666666666671,3.6917777777778173,34.314858944050435,34.314858944050435,72.9445768321513,0.0,100.0,0.0,0.10714285714285714,27.63704097510893,29.166374778894724,33.33333333333333,1,913.9919999999998,185.12155254318722,5,206.00800000000015,1.0,101.00000000000001,0.5941176470588236,-68.99999999999999,235.00000000000003,0.618421052631579,-144.99999999999997,585.0,0.73125,-215.0,1120.0,0.9333333333333333,-80.0,134.0,19.142857142857142,350.0,50.0,535.0,76.42857142857143,development
2025-4,Lags 2,7,2025-10-03,7,1594.0,101.00000000000001,170.0,0.5941176470588236,-68.99999999999999,-1699.0,-40.58823529411764,7,0,1,1,,,,8.714285714285717,98.57908847184986,11190.0,11031.0,9.322775801305971,1.420911528150134,14.20911528150134,7.149240393208221,14.20911528150134,,,,,,,,,,,,,,0.0,,,,,,,,,,,,,,0.0,,,,0,95.24,4.854935632940985,5,5.760000000000019,1.0,101.00000000000001,0.5941176470588236,-68.99999999999999,,,,,,,,,,,,,,,,development
2025-4,Lags 2,14,2025-10-10,14,1594.0,242.99999999999997,380.0,0.6394736842105262,-137.00000000000003,-1557.0,-36.05263157894738,14,0,2,2,20.285714285714278,,,14.499999999999998,97.63181411974978,11190.0,10925.0,9.322775801305971,2.3681858802502234,23.681858802502234,3.7533512064343166,9.472743521000893,28.9103518821604,0.6550327332241999,28.9103518821604,25.4,34.2,7.600000000000001,-1.310065466448397,3.9103518821603984,3.9103518821603984,1.8207037643207968,0.0,100.0,0.0,0.14285714285714285,81.6805237315875,2.334369885433702,81.6805237315875,63.0,86.6,16.799999999999997,4.668739770867403,26.6805237315875,26.6805237315875,33.361047463175,0.0,100.0,0.0,0.14285714285714285,28.52281480930586,29.12274433490871,100.0,2,240.708,14.561327412018445,5,2.291999999999973,1.0,101.00000000000001,0.5941176470588236,-68.99999999999999,242.99999999999997,0.6394736842105262,-137.00000000000003,,,,,,,141.99999999999994,20.285714285714278,,,,,development
2025-4,Lags 2,21,2025-10-17,21,1594.0,594.0,800.0,0.7425,-206.0,-1206.0,-25.75,21,0,3,3,50.142857142857146,20.285714285714278,29.85714285714287,26.38095238095238,96.89901697944593,11190.0,10843.0,9.322775801305971,3.1009830205540663,31.009830205540663,2.9490616621983916,7.327971403038427,30.091410560551715,1.2035302121505773,30.485096786682153,25.4,34.3,5.4,0.3642366017768212,6.966410560551713,6.966410560551713,31.731284484413703,0.0,100.0,0.0,0.38095238095238093,80.04242140396332,3.577497742637081,79.49638729475528,63.0,87.1,13.1375,-0.5642843245304308,28.792421403963324,28.792421403963324,150.3393712317066,0.0,100.0,0.0,0.38095238095238093,29.65921654477046,32.1437145309923,100.0,8,528.81,52.27564327676897,5,65.19000000000005,1.0,101.00000000000001,0.5941176470588236,-68.99999999999999,242.99999999999997,0.6394736842105262,-137.00000000000003,594.0,0.7425,-206.0,,,,141.99999999999994,20.285714285714278,351.0,50.142857142857146,,,development
2025-4,Lags 2,28,2025-10-24,28,1594.0,1158.0000000000002,1200.0,0.9650000000000002,-41.99999999999977,-641.9999999999998,-3.499999999999981,28,0,4,4,80.5714285714286,50.142857142857146,30.428571428571452,39.92857142857144,96.40750670241287,11190.0,10788.0,9.322775801305971,3.5924932975871315,35.924932975871315,2.0554066130473636,4.915102770330653,30.091410560551715,1.2035302121505773,,25.4,34.3,5.4,0.3642366017768212,6.966410560551713,6.966410560551713,31.731284484413703,0.0,100.0,0.0,0.2857142857142857,80.04242140396332,3.577497742637081,,63.0,87.1,13.1375,-0.5642843245304308,28.792421403963324,28.792421403963324,150.3393712317066,0.0,100.0,0.0,0.2857142857142857,29.65921654477046,32.1437145309923,100.0,8,913.9919999999998,185.12155254318722,5,244.00800000000038,1.0,101.00000000000001,0.5941176470588236,-68.99999999999999,242.99999999999997,0.6394736842105262,-137.00000000000003,594.0,0.7425,-206.0,1158.0000000000002,0.9650000000000002,-41.99999999999977,141.99999999999994,20.285714285714278,351.0,50.142857142857146,564.0000000000002,80.5714285714286,development
2025-4,Tags 1,7,2025-09-02,7,1441.5,90.3,170.0,0.5311764705882352,-79.7,-1709.7,-46.88235294117648,7,0,1,1,,,,7.185714285714285,97.69263040134247,7151.0,6986.0,8.875007486048396,2.3073695986575307,23.073695986575306,13.284855264997901,23.073695986575306,28.00505952380953,0.7492380861585737,28.00505952380953,24.9,35.2,6.885714285714286,-0.30669642857143004,-1.1377976190476151,1.1377976190476151,0.0,0.0,0.0,0.0,1.0,88.06011904761907,2.9581594576189927,88.06011904761907,64.3,96.5,21.428571428571427,1.2447172619047686,28.060119047619075,28.060119047619075,126.42083333333352,0.0,100.0,0.0,1.0,27.75997714570869,28.671796688809568,57.14285714285714,0,91.39999999999999,1.5556349186104033,3,-1.0999999999999943,0.0,90.3,0.5311764705882352,-79.7,,,,,,,,,,,,,,,,development
2025-4,Tags 1,14,2025-09-09,14,1441.5,215.79999999999998,380.0,0.5678947368421052,-164.20000000000002,-1584.2,-43.21052631578948,14,0,2,2,17.928571428571427,,,12.557142857142855,96.19633617675849,7151.0,6879.0,8.875007486048396,3.803663823241505,38.03663823241505,4.474898615578241,14.962942245839743,27.824892350557246,0.6347293983205147,27.64472517730497,24.2,35.2,7.335714285714286,-0.08587483438547244,0.5391780648429639,1.7451304457953363,0.5687500000000014,0.0,7.142857142857142,0.0,1.0,88.01599544072951,2.495168388074176,87.97187183383994,64.3,97.1,22.757142857142856,0.09810634401060042,30.515995440729494,30.515995440729494,287.223936170213,0.0,100.0,0.0,1.0,27.579736239343127,28.671796688809568,35.714285714285715,1,241.84666666666666,18.424956505300685,3,-26.04666666666668,0.0,90.3,0.5311764705882352,-79.7,215.79999999999998,0.5678947368421052,-164.20000000000002,,,,,,,125.49999999999999,17.928571428571427,,,,,development
2025-4,Tags 1,21,2025-09-16,21,1441.5,459.86999999999995,800.0,0.5748374999999999,-340.13000000000005,-1340.13,-42.51625000000001,21,0,3,3,34.86714285714285,17.928571428571427,16.938571428571425,19.99380952380952,95.03565934834289,7151.0,6796.0,8.875007486048396,4.9643406516571105,49.643406516571105,4.894420360788701,11.606768284156061,28.077681862834794,1.4505078151179498,28.667524058149066,24.2,35.2,6.5200000000000005,0.04560154332526087,2.2276818628347947,3.0776818628347846,22.6322276822277,0.0,30.0,0.0,0.9523809523809523,87.00531049606182,4.602835996202047,84.64704562517062,58.2,97.1,20.475,-0.21341893411136606,31.755310496061846,31.755310496061846,435.10620992123665,0.0,100.0,0.0,0.9523809523809523,27.807879645642856,30.994748042184373,45.0,6,488.3500000000001,21.178821182177934,3,-28.480000000000132,0.0,90.3,0.5311764705882352,-79.7,215.79999999999998,0.5678947368421052,-164.20000000000002,459.86999999999995,0.5748374999999999,-340.13000000000005,,,,125.49999999999999,17.928571428571427,244.06999999999996,34.86714285714285,,,development
2025-4,Tags 1,28,2025-09-23,28,1441.5,730.8199999999999,1200.0,0.6090166666666667,-469.18000000000006,-1069.18,-39.09833333333334,28,0,4,4,38.707142857142856,34.86714285714285,3.8400000000000034,24.672142857142855,94.07075933435884,7151.0,6727.0,8.875007486048396,5.929240665641169,59.292406656411686,3.3561739616836808,9.649000139840581,28.49016532984981,1.9011872218758172,32.614999999999995,24.2,35.2,6.186363636363637,0.13383535157430662,3.1719835116679955,3.944710784395259,43.8622276822277,0.0,36.36363636363637,0.0,0.7857142857142857,85.72846408732894,5.986542747496881,72.96000000000001,58.2,97.1,19.96818181818182,-0.4674530364744167,30.955736814601668,30.955736814601668,461.0262099212367,0.0,100.0,0.0,0.7857142857142857,28.18895739538575,32.02184008982413,50.0,8,763.9866666666667,24.93956606590334,3,-33.16666666666674,0.0,90.3,0.5311764705882352,-79.7,215.79999999999998,0.5678947368421052,-164.20000000000002,459.86999999999995,0.5748374999999999,-340.13000000000005,730.8199999999999,0.6090166666666667,-469.18000000000006,125.49999999999999,17.928571428571427,244.06999999999996,34.86714285714285,270.95,38.707142857142856,development
2025-4,Tags 2,7,2025-09-02,7,1450.0400000000002,93.6,170.0,0.5505882352941176,-76.4,-1706.4,-44.94117647058824,7,0,1,1,,,,7.657142857142857,98.65244244806289,7124.0,7028.0,8.871224644409553,1.347557551937114,13.475575519371139,6.7377877596855695,13.475575519371139,,,,,,,,,,,,,,0.0,,,,,,,,,,,,,,0.0,,,,0,91.39999999999999,1.5556349186104033,3,2.200000000000003,0.0,93.6,0.5505882352941176,-76.4,,,,,,,,,,,,,,,,development
2025-4,Tags 2,14,2025-09-09,14,1450.0400000000002,255.49999999999994,380.0,0.6723684210526314,-124.50000000000006,-1544.5,-32.76315789473686,14,0,2,2,23.128571428571423,,,15.392857142857139,97.6137001684447,7124.0,6954.0,8.871224644409553,2.386299831555306,23.86299831555306,3.9303761931499155,10.387422796181921,,,,,,,,,,,,,,0.0,,,,,,,,,,,,,,0.0,,,,0,241.84666666666666,18.424956505300685,3,13.65333333333328,0.0,93.6,0.5505882352941176,-76.4,255.49999999999994,0.6723684210526314,-124.50000000000006,,,,,,,161.89999999999995,23.128571428571423,,,,,development
2025-4,Tags 2,21,2025-09-16,21,1450.0400000000002,510.62000000000006,800.0,0.638275,-289.37999999999994,-1289.3799999999999,-36.17249999999999,21,0,3,3,36.4457142857143,23.128571428571423,13.31714285714288,22.410476190476192,96.53284671532847,7124.0,6877.0,8.871224644409553,3.4671532846715327,34.67153284671533,3.7900056148231327,10.808534531162268,,,,,,,,,,,,,,0.0,,,,,,,,,,,,,,0.0,,,,0,488.3500000000001,21.178821182177934,3,22.269999999999982,0.0,93.6,0.5505882352941176,-76.4,255.49999999999994,0.6723684210526314,-124.50000000000006,510.62000000000006,0.638275,-289.37999999999994,,,,161.89999999999995,23.128571428571423,255.12000000000012,36.4457142857143,,,development
2025-4,Tags 2,28,2025-09-23,28,1450.0400000000002,770.18,1200.0,0.6418166666666666,-429.82000000000005,-1029.8200000000002,-35.818333333333335,28,0,4,4,37.079999999999984,36.4457142857143,0.6342857142856815,26.07785714285714,95.69062324536776,7124.0,6817.0,8.871224644409553,4.309376754632229,43.09376754632229,2.807411566535654,8.422234699606962,,,,,,,,,,,,,,0.0,,,,,,,,,,,,,,0.0,,,,0,763.9866666666667,24.93956606590334,3,6.193333333333271,0.0,93.6,0.5505882352941176,-76.4,255.49999999999994,0.6723684210526314,-124.50000000000006,510.62000000000006,0.638275,-289.37999999999994,770.18,0.6418166666666666,-429.82000000000005,161.89999999999995,23.128571428571423,255.12000000000012,36.4457142857143,259.5599999999999,37.079999999999984,development
2025-4,Tags 3,7,2025-09-02,7,1293.1200000000001,90.3,170.0,0.5311764705882352,-79.7,-1709.7,-46.88235294117648,7,0,1,1,,,,7.185714285714285,99.00713186966857,7151.0,7080.0,8.875007486048396,0.9928681303314221,9.928681303314221,3.3561739616836808,9.928681303314221,27.54196428571429,0.605865618407755,27.54196428571429,24.5,34.6,7.014285714285714,-0.2128245314083054,-1.6008928571428573,1.6008928571428573,0.0,0.40695921985819794,0.0,28.57142857142857,1.0,86.30932117527861,2.2581403369425543,86.30932117527861,61.8,93.5,19.928571428571427,0.8461467831813719,26.309321175278626,26.309321175278626,114.1652482269504,0.0,100.0,0.0,1.0,27.26124932772379,28.016426988755864,28.57142857142857,0,91.39999999999999,1.5556349186104033,3,-1.0999999999999943,0.0,90.3,0.5311764705882352,-79.7,,,,,,,,,,,,,,,,development
2025-4,Tags 3,14,2025-09-09,14,1293.1200000000001,254.24,380.0,0.6690526315789473,-125.75999999999999,-1545.76,-33.09473684210526,14,0,2,2,23.419999999999998,,,15.302857142857144,98.07019997203187,7151.0,7013.0,8.875007486048396,1.9298000279681162,19.298000279681162,3.4960145434205003,9.369318976366943,27.48484042553192,0.5206326579385538,27.427716565349538,24.2,34.6,7.200000000000001,-0.04836431299197233,0.19912613981762842,1.897340425531914,0.36808510638299907,0.40695921985819794,7.142857142857142,14.285714285714285,1.0,85.95681357649445,2.079501296259333,85.60430597771024,61.8,93.5,20.150000000000002,-0.020881848647799815,28.456813576494433,28.456813576494433,258.3953900709221,0.0,100.0,0.0,1.0,27.19697912711216,28.023608445921393,21.428571428571427,1,241.84666666666666,18.424956505300685,3,12.393333333333345,0.0,90.3,0.5311764705882352,-79.7,254.24,0.6690526315789473,-125.75999999999999,,,,,,,163.94,23.419999999999998,,,,,development
2025-4,Tags 3,21,2025-09-16,21,1293.1200000000001,494.56000000000006,800.0,0.6182000000000001,-305.43999999999994,-1305.44,-38.17999999999999,21,0,3,3,34.33142857142858,23.419999999999998,10.911428571428583,21.645714285714288,97.03537966717941,7151.0,6939.0,8.875007486048396,2.9646203328205845,29.646203328205843,4.05537687036778,10.348203048524681,27.559557342037394,1.2960329601016436,28.08257575757575,24.0,34.6,6.71875,0.0021063853491113454,0.7470573420373936,2.2665175693101185,6.801418439716301,0.40695921985819794,12.5,12.5,0.7619047619047619,85.36192778852354,4.15940721469776,81.19772727272729,61.8,93.5,18.606250000000003,-0.23757516497894593,28.799427788523545,28.799427788523545,300.7908446163767,0.0,100.0,0.0,0.7619047619047619,27.256722405455037,30.801169887087923,25.0,2,488.3500000000001,21.178821182177934,3,6.2099999999999795,0.0,90.3,0.5311764705882352,-79.7,254.24,0.6690526315789473,-125.75999999999999,494.56000000000006,0.6182000000000001,-305.43999999999994,,,,163.94,23.419999999999998,240.32000000000005,34.33142857142858,,,development
2025-4,Tags 3,28,2025-09-23,28,1293.1200000000001,790.96,1200.0,0.6591333333333333,-409.03999999999996,-1009.04,-34.086666666666666,28,0,4,4,42.34285714285714,34.33142857142858,8.01142857142856,26.82,96.30820864214795,7151.0,6887.0,8.875007486048396,3.6917913578520487,36.91791357852048,2.7968116347364003,7.271710250314642,27.559557342037394,1.2960329601016436,,24.0,34.6,6.71875,0.0021063853491113454,0.7470573420373936,2.2665175693101185,6.801418439716301,0.40695921985819794,12.5,12.5,0.5714285714285714,85.36192778852354,4.15940721469776,,61.8,93.5,18.606250000000003,-0.23757516497894593,28.799427788523545,28.799427788523545,300.7908446163767,0.0,100.0,0.0,0.5714285714285714,27.256722405455037,30.801169887087923,25.0,2,763.9866666666667,24.93956606590334,3,26.973333333333358,0.0,90.3,0.5311764705882352,-79.7,254.24,0.6690526315789473,-125.75999999999999,494.56000000000006,0.6182000000000001,-305.43999999999994,790.96,0.6591333333333333,-409.03999999999996,163.94,23.419999999999998,240.32000000000005,34.33142857142858,296.4,42.34285714285714,development
2025-5,Lags 1,7,2025-12-17,7,1306.0,95.0,170.0,0.5588235294117647,-75.0,-1705.0,-44.11764705882353,7,0,1,1,,,,7.857142857142857,98.93000445831476,11215.0,11095.0,9.32500744695431,1.069995541685243,10.69995541685243,2.942487739634418,10.69995541685243,,,,,,,,,,,,,,0.0,,,,,,,,,,,,,,0.0,,,,0,103.5,5.024937810560445,4,-8.5,1.0,95.0,0.5588235294117647,-75.0,,,,,,,,,,,,,,,,development
2025-5,Lags 1,14,2025-12-24,14,1306.0,203.0,380.0,0.5342105263157895,-177.0,-1597.0,-46.578947368421055,14,0,2,2,15.428571428571429,,,11.642857142857142,98.21667409719126,11215.0,11015.0,9.32500744695431,1.7833259028087385,17.833259028087383,2.5858225590726707,7.133303611234953,27.36,0.5266666666666993,27.36,26.2,31.4,3.049999999999999,1.053333333333399,0.8599999999999994,2.0266666666666993,0.0,0.0,0.0,0.0,0.14285714285714285,82.0722222222222,0.42777777777779846,82.0722222222222,74.5,85.5,8.25,-0.8555555555555975,27.0722222222222,27.0722222222222,34.1444444444444,0.0,100.0,0.0,0.14285714285714285,26.989802166351964,27.504552316631568,0.0,0,238.0,22.516660498395403,4,-35.0,1.0,95.0,0.5588235294117647,-75.0,203.0,0.5342105263157895,-177.0,,,,,,,108.0,15.428571428571429,,,,,development
2025-5,Lags 1,21,2025-12-31,21,1306.0,415.0,800.0,0.51875,-385.0,-1385.0,-48.125,21,0,3,3,30.285714285714285,15.428571428571429,14.857142857142856,17.857142857142858,97.50334373606778,11215.0,10935.0,9.32500744695431,2.4966562639322336,24.966562639322337,3.209986625055729,7.133303611234953,27.36,0.5266666666666993,,26.2,31.4,3.049999999999999,1.053333333333399,0.8599999999999994,2.0266666666666993,0.0,0.0,0.0,0.0,0.09523809523809523,82.0722222222222,0.42777777777779846,,74.5,85.5,8.25,-0.8555555555555975,27.0722222222222,27.0722222222222,34.1444444444444,0.0,100.0,0.0,0.09523809523809523,26.989802166351964,27.504552316631568,0.0,0,510.25,74.74080210969106,4,-95.25,1.0,95.0,0.5588235294117647,-75.0,203.0,0.5342105263157895,-177.0,415.0,0.51875,-385.0,,,,108.0,15.428571428571429,212.0,30.285714285714285,,,development
2025-5,Lags 1,28,2026-01-07,28,1306.0,842.0,1200.0,0.7016666666666667,-358.0,-958.0,-29.833333333333336,28,0,4,4,61.0,30.285714285714285,30.714285714285715,28.642857142857142,96.91484618814088,11215.0,10869.0,9.32500744695431,3.0851538118591173,30.851538118591172,3.031654034774855,5.884975479268836,27.0989880952381,0.6535232981670832,26.99458333333334,23.9,31.4,4.2285714285714295,-0.0088736979166656,5.241845238095244,5.575178571428586,24.972916666666702,0.0,71.42857142857143,0.0,0.25,77.10099206349203,4.778344415127927,75.11249999999995,63.1,86.1,11.714285714285714,-0.33311011904761917,25.672420634920595,25.672420634920595,109.70694444444418,0.0,100.0,0.0,0.25,26.62359527915864,27.504552316631568,0.0,5,1013.75,99.6151971337707,4,-171.75,1.0,95.0,0.5588235294117647,-75.0,203.0,0.5342105263157895,-177.0,415.0,0.51875,-385.0,842.0,0.7016666666666667,-358.0,108.0,15.428571428571429,212.0,30.285714285714285,427.0,61.0,development
2025-5,Lags 2,7,2025-12-24,7,1176.0,91.0,170.0,0.5352941176470588,-79.0,-1709.0,-46.470588235294116,7,0,1,1,,,,7.285714285714286,98.61818181818181,11000.0,10848.0,9.305650551780507,1.3818181818181818,13.818181818181818,4.545454545454545,13.818181818181818,28.1827777777778,0.5661111111111001,28.1827777777778,26.6,31.5,3.1999999999999993,1.1322222222221983,-1.8172222222222008,1.8172222222222008,0.0,0.3833333333333009,0.0,50.0,0.2857142857142857,82.0722222222222,0.42777777777779846,82.0722222222222,74.5,85.5,8.25,-0.8555555555555896,22.0722222222222,22.0722222222222,24.144444444444403,0.0,100.0,0.0,0.2857142857142857,27.80831164740318,28.362165241768203,50.0,0,101.0,6.723094525588644,5,-10.0,1.0,91.0,0.5352941176470588,-79.0,,,,,,,,,,,,,,,,development
2025-5,Lags 2,14,2025-12-31,14,1176.0,155.0,380.0,0.40789473684210525,-225.0,-1645.0,-59.210526315789465,14,0,2,2,9.142857142857142,,,8.214285714285714,97.65454545454546,11000.0,10742.0,9.305650551780507,2.3454545454545452,23.454545454545453,4.181818181818182,9.636363636363635,28.1827777777778,0.5661111111111001,,26.6,31.5,3.1999999999999993,1.1322222222221983,-1.8172222222222008,1.8172222222222008,0.0,0.3833333333333009,0.0,50.0,0.14285714285714285,82.0722222222222,0.42777777777779846,,74.5,85.5,8.25,-0.8555555555555896,22.0722222222222,22.0722222222222,24.144444444444403,0.0,100.0,0.0,0.14285714285714285,27.80831164740318,28.362165241768203,50.0,0,221.4,38.83091551843711,5,-66.4,1.0,91.0,0.5352941176470588,-79.0,155.0,0.40789473684210525,-225.0,,,,,,,64.0,9.142857142857142,,,,,development
2025-5,Lags 2,21,2026-01-07,21,1176.0,335.0,800.0,0.41875,-465.0,-1465.0,-58.12500000000001,21,0,3,3,25.714285714285715,9.142857142857142,16.571428571428573,14.047619047619047,96.68181818181819,11000.0,10635.0,9.305650551780507,3.318181818181818,33.18181818181818,4.363636363636364,9.727272727272727,27.322757936507944,0.8870505153485018,26.978749999999998,24.0,31.5,4.328571428571428,-0.05470889136904915,3.0370436507936573,4.075456349206344,9.893750000000004,0.3833333333333009,71.42857142857143,14.285714285714285,0.3333333333333333,77.10099206349203,4.778344415127927,75.11249999999995,63.1,86.1,11.714285714285714,-0.33311011904762117,24.243849206349164,24.243849206349164,99.70694444444418,0.0,100.0,0.0,0.3333333333333333,26.846357485994044,28.362165241768203,14.285714285714285,5,475.2,96.86568019685816,5,-140.2,1.0,91.0,0.5352941176470588,-79.0,155.0,0.40789473684210525,-225.0,335.0,0.41875,-465.0,,,,64.0,9.142857142857142,180.0,25.714285714285715,,,development
2025-5,Lags 2,28,2026-01-14,28,1176.0,674.0,1200.0,0.5616666666666666,-526.0,-1126.0,-43.833333333333336,28,0,4,4,48.42857142857143,25.714285714285715,22.714285714285715,22.642857142857142,95.88181818181818,11000.0,10547.0,9.305650551780507,4.118181818181818,41.18181818181818,3.545454545454546,8.0,27.49656482996908,0.9282116832615868,27.699339539007084,24.0,32.5,4.523076923076923,-0.009659276359383151,5.188872522276776,5.748017821422068,44.0897872340425,0.3833333333333009,84.61538461538461,7.6923076923076925,0.4642857142857143,78.93134433533366,4.979345683992178,81.0667553191489,63.1,90.1,11.038461538461538,0.019087106831801183,27.392882796872115,27.392882796872115,226.10747635933757,0.0,100.0,0.0,0.4642857142857143,27.05863829713683,29.19648145172818,15.384615384615385,11,945.8,162.50341534872427,5,-271.79999999999995,1.0,91.0,0.5352941176470588,-79.0,155.0,0.40789473684210525,-225.0,335.0,0.41875,-465.0,674.0,0.5616666666666666,-526.0,64.0,9.142857142857142,180.0,25.714285714285715,339.0,48.42857142857143,development
2025-5,Lags 3,7,2026-01-02,7,1182.0,92.0,170.0,0.5411764705882353,-78.0,-1708.0,-45.88235294117647,7,0,1,1,,,,7.428571428571429,98.61261261261262,11100.0,10946.0,9.314700387300425,1.3873873873873874,13.873873873873874,4.504504504504505,13.873873873873874,,,,,,,,,,,,,,0.0,,,,,,,,,,,,,,0.0,,,,0,99.5,6.994045086119096,6,-7.5,1.0,92.0,0.5411764705882353,-78.0,,,,,,,,,,,,,,,,development
2025-5,Lags 3,14,2026-01-09,14,1182.0,168.0,380.0,0.4421052631578947,-212.0,-1632.0,-55.78947368421052,14,0,2,2,10.857142857142858,,,9.142857142857142,97.57657657657658,11100.0,10831.0,9.314700387300425,2.423423423423423,24.234234234234233,3.153153153153153,10.36036036036036,27.201355116514687,0.41396255871587,27.201355116514687,24.1,30.9,4.728571428571428,-0.0726855369807506,1.772783687943257,2.1323074974670573,0.0,0.0,0.0,0.0,0.5,79.42184650455927,4.121563318073521,79.42184650455927,65.1,89.0,13.485714285714286,1.6231256332320056,24.421846504559255,24.421846504559255,100.95292553191481,0.0,100.0,0.0,0.5,26.774611497417936,27.23457828303404,0.0,0,212.5,40.65197822164787,6,-44.5,1.0,92.0,0.5411764705882353,-78.0,168.0,0.4421052631578947,-212.0,,,,,,,76.0,10.857142857142858,,,,,development
2025-5,Lags 3,21,2026-01-16,21,1182.0,351.0,800.0,0.43875,-449.0,-1449.0,-56.125,21,0,3,3,26.142857142857142,10.857142857142858,15.285714285714285,14.80952380952381,96.8018018018018,11100.0,10745.0,9.314700387300425,3.198198198198198,31.98198198198198,3.7837837837837838,7.747747747747748,27.14364239644362,0.9696029921845973,27.06284458834412,23.5,32.1,4.783333333333333,0.002181370577432125,2.893642396443617,3.1033646186658337,8.9753931544866,0.0,25.0,0.0,0.5714285714285714,80.54694977644154,4.274675833366953,82.12209435707673,63.5,90.1,12.35,0.3406293762545995,27.630283109774876,27.630283109774876,211.56339731729852,0.0,100.0,0.0,0.5714285714285714,26.74092141542209,28.887052104156815,8.333333333333332,3,454.5,99.80773183142342,6,-103.5,1.0,92.0,0.5411764705882353,-78.0,168.0,0.4421052631578947,-212.0,351.0,0.43875,-449.0,,,,76.0,10.857142857142858,183.0,26.142857142857142,,,development
2025-5,Lags 3,28,2026-01-23,28,1182.0,676.0,1200.0,0.5633333333333334,-524.0,-1124.0,-43.666666666666664,28,0,4,4,46.42857142857143,26.142857142857142,20.28571428571429,22.714285714285715,95.63963963963964,11100.0,10616.0,9.314700387300425,4.36036036036036,43.6036036036036,4.414414414414415,11.621621621621621,26.802892566174922,0.9864720471650371,26.218750000000018,21.7,32.6,6.036842105263157,-0.060877959922701466,4.118682039859131,4.251138180210005,38.506643154486696,0.0,52.63157894736842,0.0,0.6785714285714286,78.83732792898063,5.463646365153111,75.90654761904764,56.1,90.1,16.321052631578947,-0.33357190527801167,26.995222665822737,26.995222665822737,322.90923065063197,0.0,100.0,0.0,0.6785714285714286,26.366026711757144,28.887052104156815,5.263157894736842,10,900.8333333333334,179.20976225889282,6,-224.83333333333337,1.0,92.0,0.5411764705882353,-78.0,168.0,0.4421052631578947,-212.0,351.0,0.43875,-449.0,676.0,0.5633333333333334,-524.0,76.0,10.857142857142858,183.0,26.142857142857142,325.0,46.42857142857143,development
2025-5,Tags 1,7,2025-11-18,7,1702.0,108.0,170.0,0.6352941176470588,-62.0,-1692.0,-36.470588235294116,7,0,1,1,,,,9.714285714285714,99.00056306306307,7104.0,7033.0,8.868413284672005,0.9994369369369369,9.99436936936937,4.363738738738738,9.99436936936937,28.81456644714623,0.5581186168991339,28.81456644714623,25.2,34.8,7.357142857142857,-0.1739208671057137,-0.328290695710914,0.8169811719013721,0.0,0.10000000000000142,0.0,14.285714285714285,1.0,82.1207476359338,1.5199789593846653,82.1207476359338,60.0,92.7,25.2,0.47336784447822866,22.1207476359338,22.1207476359338,84.84523345153659,0.0,100.0,0.0,1.0,28.43762470971018,29.10662813458183,85.71428571428571,0,106.33333333333333,1.247219128924647,3,1.6666666666666714,0.0,108.0,0.6352941176470588,-62.0,,,,,,,,,,,,,,,,development
2025-5,Tags 1,14,2025-11-25,14,1702.0,235.0,380.0,0.618421052631579,-145.0,-1565.0,-38.15789473684211,14,0,2,2,18.142857142857142,,,13.928571428571429,98.24042792792793,7104.0,6979.0,8.868413284672005,1.7595720720720722,17.59572072072072,3.3783783783783785,7.601351351351352,28.112687587446317,0.8983060243353412,27.4108087277464,24.6,34.8,7.1000000000000005,-0.2019507971764838,0.8269733017320287,1.3996092355381717,0.11250000000000071,0.10000000000000142,7.142857142857142,7.142857142857142,1.0,84.51428040719831,3.4285553180526276,86.90781317846287,60.0,95.0,23.242857142857144,0.7390011096637267,27.014280407198335,27.014280407198335,238.19992570077667,0.0,100.0,0.0,1.0,27.790367945106134,29.10662813458183,50.0,1,249.66666666666666,11.469767022723502,3,-14.666666666666657,0.0,108.0,0.6352941176470588,-62.0,235.0,0.618421052631579,-145.0,,,,,,,127.0,18.142857142857142,,,,,development
2025-5,Tags 1,21,2025-12-02,21,1702.0,462.0,800.0,0.5775,-338.0,-1338.0,-42.25,21,0,3,3,32.42857142857143,18.142857142857142,14.285714285714288,20.095238095238095,97.49436936936937,7104.0,6926.0,8.868413284672005,2.505630630630631,25.056306306306308,3.2376126126126126,7.460585585585585,28.222970863286204,0.7961424341831325,28.443537414965988,24.6,34.8,7.290476190476191,-0.0385815065549115,2.556304196619538,2.9380614858236336,21.217261904761898,0.10000000000000142,38.095238095238095,4.761904761904762,1.0,84.78979238030908,3.031374583834966,85.3408163265306,60.0,95.0,23.24761904761905,0.24706413187454077,29.789792380309088,29.789792380309088,415.58563998649083,0.0,100.0,0.0,1.0,27.906545905362474,29.10662813458183,57.14285714285714,8,542.0,58.44655678480983,3,-80.0,0.0,108.0,0.6352941176470588,-62.0,235.0,0.618421052631579,-145.0,462.0,0.5775,-338.0,,,,127.0,18.142857142857142,227.0,32.42857142857143,,,development
2025-5,Tags 1,28,2025-12-09,28,1702.0,1082.0,1200.0,0.9016666666666666,-118.0,-718.0,-9.833333333333332,28,0,4,4,88.57142857142857,32.42857142857143,56.14285714285714,37.214285714285715,96.86092342342343,7104.0,6881.0,8.868413284672005,3.1390765765765765,31.390765765765764,2.6745495495495497,6.33445945945946,28.52825578157067,1.0510627961719596,30.1310016025641,24.6,34.8,6.824000000000001,0.041200341895328334,3.7682557815706677,4.088931904502108,53.7412683150183,0.10000000000000142,48.0,4.0,0.8928571428571429,82.17726662510066,7.169889120819431,68.46150641025639,57.1,95.0,22.536000000000005,-0.4051538271943582,27.97726662510066,27.97726662510066,450.1816656275165,0.0,96.0,0.0,0.8928571428571429,28.149962698157847,30.262060869065532,64.0,11,1071.0,10.98483803552272,3,11.0,0.0,108.0,0.6352941176470588,-62.0,235.0,0.618421052631579,-145.0,462.0,0.5775,-338.0,1082.0,0.9016666666666666,-118.0,127.0,18.142857142857142,227.0,32.42857142857143,620.0,88.57142857142857,development
2025-5,Tags 2,7,2025-11-18,7,1776.0,105.0,170.0,0.6176470588235294,-65.0,-1695.0,-38.23529411764706,7,0,1,1,,,,9.285714285714286,99.22425952045134,7090.0,7035.0,8.866440619526173,0.7757404795486601,7.757404795486601,3.244005641748942,7.757404795486601,,,,,,,,,,,,,,0.0,,,,,,,,,,,,,,0.0,,,,0,106.33333333333333,1.247219128924647,3,-1.3333333333333286,0.0,105.0,0.6176470588235294,-65.0,,,,,,,,,,,,,,,,development
2025-5,Tags 2,14,2025-11-25,14,1776.0,263.0,380.0,0.6921052631578948,-117.0,-1537.0,-30.789473684210527,14,0,2,2,22.571428571428573,,,15.928571428571429,98.54724964739069,7090.0,6987.0,8.866440619526173,1.4527503526093088,14.527503526093088,3.244005641748942,6.770098730606488,,,,,,,,,,,,,,0.0,,,,,,,,,,,,,,0.0,,,,0,249.66666666666666,11.469767022723502,3,13.333333333333343,0.0,105.0,0.6176470588235294,-65.0,263.0,0.6921052631578948,-117.0,,,,,,,158.0,22.571428571428573,,,,,development
2025-5,Tags 2,21,2025-12-02,21,1776.0,564.0,800.0,0.705,-236.0,-1236.0,-29.5,21,0,3,3,43.0,22.571428571428573,20.428571428571427,24.952380952380953,97.84203102961918,7090.0,6937.0,8.866440619526173,2.1579689703808183,21.57968970380818,3.385049365303244,7.052186177715092,,,,,,,,,,,,,,0.0,,,,,,,,,,,,,,0.0,,,,0,542.0,58.44655678480983,3,22.0,0.0,105.0,0.6176470588235294,-65.0,263.0,0.6921052631578948,-117.0,564.0,0.705,-236.0,,,,158.0,22.571428571428573,301.0,43.0,,,development
2025-5,Tags 2,28,2025-12-09,28,1776.0,1056.0,1200.0,0.88,-144.0,-744.0,-12.0,28,0,4,4,70.28571428571429,43.0,27.285714285714292,36.285714285714285,97.24964739069112,7090.0,6895.0,8.866440619526173,2.7503526093088855,27.503526093088855,2.538787023977433,5.923836389280678,,,,,,,,,,,,,,0.0,,,,,,,,,,,,,,0.0,,,,0,1071.0,10.98483803552272,3,-15.0,0.0,105.0,0.6176470588235294,-65.0,263.0,0.6921052631578948,-117.0,564.0,0.705,-236.0,1056.0,0.88,-144.0,158.0,22.571428571428573,301.0,43.0,492.0,70.28571428571429,development
2025-5,Tags 3,7,2025-11-18,7,1738.0,106.0,170.0,0.6235294117647059,-64.0,-1694.0,-37.64705882352941,7,0,1,1,,,,9.428571428571429,99.08682214105086,7118.0,7053.0,8.870382066070137,0.9131778589491429,9.13177858949143,3.7932003371733636,9.13177858949143,28.14453476873113,0.25259875633048406,28.14453476873113,24.5,33.2,7.128571428571429,0.10464814537144353,-0.9983223741260139,1.2762792923234716,0.0,0.33179347826089867,0.0,28.57142857142857,1.0,81.91473191470877,1.2104906342476056,81.91473191470877,64.3,92.3,22.342857142857145,-0.5135002524456608,21.91473191470877,21.91473191470877,83.4031234029614,0.0,100.0,0.0,1.0,27.766804453287552,28.12031428606596,42.857142857142854,0,106.33333333333333,1.247219128924647,3,-0.3333333333333286,0.0,106.0,0.6235294117647059,-64.0,,,,,,,,,,,,,,,,development
2025-5,Tags 3,14,2025-11-25,14,1738.0,251.0,380.0,0.6605263157894737,-129.0,-1549.0,-33.94736842105263,14,0,2,2,20.714285714285715,,,15.071428571428571,98.53891542568137,7118.0,7014.0,8.870382066070137,1.4610845743186287,14.610845743186287,2.24782242202866,5.479067153694857,28.168158927276636,0.6762904935080648,28.191783085822145,24.4,33.2,6.057142857142857,0.051999915186944946,0.88244464156235,2.0197454747870927,3.1406976744186004,0.33179347826089867,21.428571428571427,14.285714285714285,1.0,82.3648771268395,1.6731904143897245,82.8150223389702,64.3,92.3,18.692857142857143,0.0871669262982884,24.86487712683949,24.86487712683949,208.1082797757529,0.0,100.0,0.0,1.0,27.80004850209499,29.39654835475579,35.714285714285715,3,249.66666666666666,11.469767022723502,3,1.3333333333333428,0.0,106.0,0.6235294117647059,-64.0,251.0,0.6605263157894737,-129.0,,,,,,,145.0,20.714285714285715,,,,,development
2025-5,Tags 3,21,2025-12-02,21,1738.0,600.0,800.0,0.75,-200.0,-1200.0,-25.0,21,0,3,3,49.857142857142854,20.714285714285715,29.14285714285714,26.666666666666668,97.80837313852206,7118.0,6962.0,8.870382066070137,2.191626861477943,21.91626861477943,3.090755830289407,7.3054228715931435,28.310281665458195,0.84241426512369,30.3,24.4,33.2,5.653333333333334,0.09554595790747718,1.17694833212486,2.2384291098012867,5.440697674418601,0.33179347826089867,26.666666666666668,13.333333333333334,0.7142857142857143,82.06055198505018,1.9772509971092942,77.8,64.3,92.3,17.44666666666667,-0.043298800553630834,25.060551985050196,25.060551985050196,225.9082797757529,0.0,100.0,0.0,0.7142857142857143,27.93454060362153,29.817430024993147,40.0,4,542.0,58.44655678480983,3,58.0,0.0,106.0,0.6235294117647059,-64.0,251.0,0.6605263157894737,-129.0,600.0,0.75,-200.0,,,,145.0,20.714285714285715,349.0,49.857142857142854,,,development
2025-5,Tags 3,28,2025-12-09,28,1738.0,1075.0,1200.0,0.8958333333333334,-125.0,-725.0,-10.416666666666668,28,0,4,4,67.85714285714286,49.857142857142854,18.000000000000007,36.964285714285715,97.14807530205114,7118.0,6915.0,8.870382066070137,2.851924697948862,28.51924697948862,3.090755830289407,6.602978364709188,28.310281665458195,0.84241426512369,,24.4,33.2,5.653333333333334,0.09554595790747718,1.17694833212486,2.2384291098012867,5.440697674418601,0.33179347826089867,26.666666666666668,13.333333333333334,0.5357142857142857,82.06055198505018,1.9772509971092942,,64.3,92.3,17.44666666666667,-0.043298800553630834,25.060551985050196,25.060551985050196,225.9082797757529,0.0,100.0,0.0,0.5357142857142857,27.93454060362153,29.817430024993147,40.0,4,1071.0,10.98483803552272,3,4.0,0.0,106.0,0.6235294117647059,-64.0,251.0,0.6605263157894737,-129.0,600.0,0.75,-200.0,1075.0,0.8958333333333334,-125.0,145.0,20.714285714285715,349.0,49.857142857142854,475.0,67.85714285714286,development
2026-1,Lags 1,7,2026-03-12,7,1605.9999999999998,103.5,170.0,0.6088235294117647,-66.5,-1696.5,-39.11764705882353,7,0,1,1,,,,9.071428571428571,98.02297622228159,11229.0,11007.0,9.326254996572539,1.9770237777184076,19.77023777718408,5.8776382580817526,19.77023777718408,27.711448008898287,1.246582469779844,27.711448008898287,21.5,34.9,9.299999999999999,-0.5921140588520382,-1.4314091339588575,1.4438314942073143,0.0,0.2062500000000007,0.0,14.285714285714285,1.0,73.14991933174748,2.8050819331591565,73.14991933174748,52.7,88.4,28.671428571428574,-0.23253828300517845,13.149919331747487,13.149919331747487,22.236391843971518,0.0,85.71428571428571,0.0,1.0,27.144095732968253,29.377993293149387,28.57142857142857,0,118.0575,8.599736551197365,4,-14.557500000000005,1.0,103.5,0.6088235294117647,-66.5,,,,,,,,,,,,,,,,development
2026-1,Lags 1,14,2026-03-19,14,1605.9999999999998,299.48,380.0,0.7881052631578948,-80.51999999999998,-1500.52,-21.189473684210522,14,0,2,2,27.997142857142858,,,18.534285714285716,96.74948793303054,11229.0,10864.0,9.326254996572539,3.250512066969454,32.50512066969454,4.45275625612254,12.734882892510464,26.80344436919079,1.6844042804058321,25.895440729483287,18.4,34.9,9.614285714285714,-0.19353677659066096,-0.48226991652350015,1.5282670642262566,0.5680851063829984,0.4916666666666991,7.142857142857142,14.285714285714285,1.0,70.73774778644112,3.9999061121328428,68.32557624113475,48.2,88.4,26.45,-0.47377088606737094,13.23774778644112,13.23774778644112,48.68000886524821,0.0,85.71428571428571,0.0,1.0,26.19266672356115,29.377993293149387,21.428571428571427,1,301.23,15.640418792346974,4,-1.75,1.0,103.5,0.6088235294117647,-66.5,299.48,0.7881052631578948,-80.51999999999998,,,,,,,195.98000000000002,27.997142857142858,,,,,development
2026-1,Lags 1,21,2026-03-26,21,1605.9999999999998,542.9999999999999,800.0,0.6787499999999999,-257.0000000000001,-1257.0,-32.125000000000014,21,0,3,3,34.78857142857141,27.997142857142858,6.7914285714285505,23.952380952380945,95.78769258170807,11229.0,10756.0,9.326254996572539,4.212307418291923,42.123074182919225,4.185590880755188,9.617953513224686,27.042077992158934,1.5297185686486283,27.519345238095244,18.4,35.4,10.776190476190477,-5.743389358063894e-05,1.3754113254922713,2.715769312658776,16.030585106382997,0.4916666666666991,33.33333333333333,9.523809523809524,1.0,69.5680223338179,3.719389733584619,67.22857142857143,45.6,88.4,27.738095238095237,-0.35953627893845225,14.568022333817888,14.568022333817888,99.28000886524819,0.0,90.47619047619048,0.0,1.0,26.402543604203597,29.377993293149387,23.809523809523807,7,656.0499999999998,66.96295319055156,4,-113.04999999999995,1.0,103.5,0.6088235294117647,-66.5,299.48,0.7881052631578948,-80.51999999999998,542.9999999999999,0.6787499999999999,-257.0000000000001,,,,195.98000000000002,27.997142857142858,243.51999999999987,34.78857142857141,,,development
2026-1,Lags 1,28,2026-04-02,28,1605.9999999999998,1022.0,1200.0,0.8516666666666667,-178.0,-778.0,-14.833333333333334,28,0,4,4,68.42857142857144,34.78857142857141,33.640000000000036,35.07142857142857,94.72793659275092,11229.0,10637.0,9.326254996572539,5.272063407249087,52.72063407249087,4.45275625612254,10.597559889571645,27.24829148081983,1.4621472783523324,27.866931946802502,18.4,35.7,10.842857142857142,0.027195849963893844,2.998291480819828,4.003559971194707,57.09910873400051,0.4916666666666991,50.0,7.142857142857142,1.0,70.03265203817975,3.6826568535209487,71.4265411512653,40.4,88.4,27.910714285714285,-0.07941394623448333,16.28265203817974,16.28265203817974,179.26579692410525,0.0,92.85714285714286,0.0,1.0,26.616673143789225,29.377993293149387,28.57142857142857,14,1079.54,34.14653715971798,4,-57.539999999999964,1.0,103.5,0.6088235294117647,-66.5,299.48,0.7881052631578948,-80.51999999999998,542.9999999999999,0.6787499999999999,-257.0000000000001,1022.0,0.8516666666666667,-178.0,195.98000000000002,27.997142857142858,243.51999999999987,34.78857142857141,479.0000000000001,68.42857142857144,development
2026-1,Lags 2,7,2026-03-20,7,1972.0000000000002,107.50000000000001,170.0,0.6323529411764707,-62.499999999999986,-1692.5,-36.764705882352935,7,0,1,1,,,,9.642857142857144,98.55331309162351,11198.0,11036.0,9.323490469908839,1.446686908376496,14.466869083764959,4.554384711555635,14.466869083764959,26.10377406281663,1.6299036488588179,26.10377406281663,18.4,34.5,10.914285714285715,0.7196697695035505,-3.039083080040514,3.2013931104356566,0.0,12.7208333333333,0.0,57.14285714285714,1.0,84.7529888551165,3.3901277755979735,84.7529888551165,69.6,93.1,12.142857142857142,1.2770152608916026,24.75298885511648,24.75298885511648,103.27092198581536,0.0,100.0,0.0,1.0,25.797751167931043,28.31022955241981,14.285714285714285,0,115.946,8.774856352100581,5,-8.445999999999984,1.0,107.50000000000001,0.6323529411764707,-62.499999999999986,,,,,,,,,,,,,,,,development
2026-1,Lags 2,14,2026-03-27,14,1972.0000000000002,375.0,380.0,0.9868421052631579,-5.0,-1425.0,-1.3157894736842104,14,0,2,2,38.214285714285715,,,23.928571428571427,97.49062332559386,11198.0,10917.0,9.323490469908839,2.509376674406144,25.09376674406144,3.661368101446687,10.626897660296482,26.927779888551175,1.6096095200242317,27.751785714285717,18.4,35.4,11.914285714285713,0.31599797365754784,-0.35793439716311426,2.8634941742654427,2.8187500000000014,12.7208333333333,21.428571428571427,28.57142857142857,1.0,83.72917299898684,3.357188551785112,82.70535714285715,64.6,93.1,11.678571428571429,0.06299392097265676,26.229172998986826,26.229172998986826,227.20842198581553,0.0,100.0,0.0,1.0,26.595794852686172,29.09577810952461,28.57142857142857,3,315.98400000000004,32.656090151761894,5,59.01599999999996,1.0,107.50000000000001,0.6323529411764707,-62.499999999999986,375.0,0.9868421052631579,-5.0,,,,,,,267.5,38.214285714285715,,,,,development
2026-1,Lags 2,21,2026-04-03,21,1972.0000000000002,819.0,800.0,1.02375,19.0,-981.0,2.375,21,0,3,3,63.42857142857143,38.214285714285715,25.214285714285715,37.095238095238095,96.21360957313806,11198.0,10774.0,9.323490469908839,3.7863904268619395,37.86390426861939,5.626004643686373,12.770137524557956,27.120592479396855,1.4757355826369303,27.506217661088215,18.4,35.7,11.566666666666666,0.11466719811633644,1.453925812730186,3.601544860349224,17.362273627617505,12.7208333333333,47.61904761904761,19.047619047619047,1.0,83.68587335405068,3.080178598490981,83.53432459677421,64.6,93.1,10.933333333333334,0.03152358641804156,27.852540020717356,27.852540020717356,321.3457203729124,0.0,100.0,0.0,0.8571428571428571,26.84350982170091,29.09577810952461,33.33333333333333,7,688.6399999999999,88.51927518907961,5,130.36000000000013,1.0,107.50000000000001,0.6323529411764707,-62.499999999999986,375.0,0.9868421052631579,-5.0,819.0,1.02375,19.0,,,,267.5,38.214285714285715,444.0,63.42857142857143,,,development
2026-1,Lags 2,28,2026-04-10,28,1972.0000000000002,1420.0,1200.0,1.1833333333333333,220.0,-380.0,18.333333333333332,28,0,4,4,85.85714285714286,63.42857142857143,22.42857142857143,49.285714285714285,94.80264332916593,11198.0,10616.0,9.323490469908839,5.197356670834077,51.973566708340776,5.3580996606536875,14.10966243972138,27.11849495478574,1.295276601543611,27.1122023809524,18.4,35.7,11.14285714285714,0.04996692409081056,2.8684949547857395,4.479209240500018,53.1476902942843,12.7208333333333,60.71428571428571,14.285714285714285,1.0,83.6858733540507,3.0801785984909813,,64.6,93.1,10.933333333333334,0.03152358641804156,27.852540020717356,27.852540020717356,321.3457203729124,0.0,100.0,0.0,0.6428571428571429,26.84350982170091,29.09577810952461,33.33333333333333,7,1147.632,139.56672474483307,5,272.36799999999994,1.0,107.50000000000001,0.6323529411764707,-62.499999999999986,375.0,0.9868421052631579,-5.0,819.0,1.02375,19.0,1420.0,1.1833333333333333,220.0,267.5,38.214285714285715,444.0,63.42857142857143,601.0,85.85714285714286,development
2026-1,Lags 3,7,2026-03-27,7,1691.4399999999998,101.5,170.0,0.5970588235294118,-68.5,-1698.5,-40.294117647058826,7,0,1,1,,,,8.785714285714286,98.34061914532964,11209.0,11023.0,9.324472306021095,1.6593808546703541,16.593808546703542,5.798911588901776,16.593808546703542,,,,,,,,,,,,,,0.0,,,,,,,,,,,,,,0.0,,,,0,113.53833333333331,9.651392674404844,6,-12.038333333333313,1.0,101.5,0.5970588235294118,-68.5,,,,,,,,,,,,,,,,development
2026-1,Lags 3,14,2026-04-03,14,1691.4399999999998,209.5,380.0,0.5513157894736842,-170.5,-1590.5,-44.86842105263158,14,0,2,2,15.428571428571429,,,12.107142857142858,96.60094566865911,11209.0,10828.0,9.324472306021095,3.3990543313408867,33.990543313408864,7.226335980016058,17.396734766705325,,,,,,,,,,,,,,0.0,,,,,,,,,,,,,,0.0,,,,0,298.2366666666667,49.633886833716964,6,-88.73666666666668,1.0,101.5,0.5970588235294118,-68.5,209.5,0.5513157894736842,-170.5,,,,,,,108.0,15.428571428571429,,,,,development
2026-1,Lags 3,21,2026-04-10,21,1691.4399999999998,427.00000000000006,800.0,0.5337500000000001,-372.99999999999994,-1373.0,-46.62499999999999,21,0,3,3,31.07142857142858,15.428571428571429,15.642857142857151,18.42857142857143,95.69096261932376,11209.0,10726.0,9.324472306021095,4.3090373806762425,43.09037380676242,3.9254170755642783,9.099830493353556,,,,,,,,,,,,,,0.0,,,,,,,,,,,,,,0.0,,,,0,645.0333333333332,126.63895644267163,6,-218.03333333333313,1.0,101.5,0.5970588235294118,-68.5,209.5,0.5513157894736842,-170.5,427.00000000000006,0.5337500000000001,-372.99999999999994,,,,108.0,15.428571428571429,217.50000000000006,31.07142857142858,,,development
2026-1,Lags 3,28,2026-04-17,28,1691.4399999999998,942.0000000000001,1200.0,0.7850000000000001,-257.9999999999999,-857.9999999999999,-21.499999999999993,28,0,4,4,73.57142857142857,31.07142857142858,42.499999999999986,32.214285714285715,94.6560799357659,11209.0,10610.0,9.324472306021095,5.343920064234098,53.43920064234098,5.62048354001249,10.348826835578553,,,,,,,,,,,,,,0.0,,,,,,,,,,,,,,0.0,,,,0,1113.36,148.67831763015522,6,-171.3599999999998,1.0,101.5,0.5970588235294118,-68.5,209.5,0.5513157894736842,-170.5,427.00000000000006,0.5337500000000001,-372.99999999999994,942.0000000000001,0.7850000000000001,-257.9999999999999,108.0,15.428571428571429,217.50000000000006,31.07142857142858,515.0,73.57142857142857,development
2026-1,Tags 1,7,2026-02-06,7,1446.68,123.71,170.0,0.7277058823529411,-46.290000000000006,-1676.29,-27.229411764705887,7,0,1,1,,,,11.958571428571428,98.98805340829234,7115.0,7043.0,8.869960510523953,1.0119465917076598,10.119465917076598,4.919184820801124,10.119465917076598,26.380874741200813,0.6115601491396893,26.380874741200813,20.9,33.4,9.914285714285715,0.10740165631469446,-2.761982401656329,2.761982401656329,0.0,6.675543478260902,0.0,71.42857142857143,1.0,68.53788819875777,2.938772371844545,68.53788819875777,43.0,85.5,30.17142857142857,0.13345302795032857,8.537888198757772,8.537888198757772,3.954166666666694,0.0,42.857142857142854,0.0,1.0,25.72475045923283,26.699977942044477,0.0,0,122.91000000000001,2.1024430234055465,3,0.799999999999983,0.0,123.71,0.7277058823529411,-46.290000000000006,,,,,,,,,,,,,,,,development
2026-1,Tags 1,14,2026-02-13,14,1446.68,324.96000000000004,380.0,0.8551578947368422,-55.039999999999964,-1475.04,-14.48421052631578,14,0,2,2,28.750000000000007,,,20.354285714285716,98.00421644413213,7115.0,6973.0,8.869960510523953,1.9957835558678847,19.957835558678845,3.232607167955025,9.838369641602249,26.562163561076595,0.5753500361673706,26.74345238095237,20.9,34.0,8.700000000000001,0.07844680681637303,-0.7235507246376928,2.2952769151138788,0.0,6.675543478260902,0.0,35.714285714285715,1.0,71.93099767080747,4.8658261662204545,75.32410714285716,43.0,87.0,26.5,0.6771295190316953,14.430997670807463,14.430997670807463,76.22291666666679,0.0,71.42857142857143,0.0,1.0,25.978139129965875,27.084578863975263,0.0,0,301.81333333333333,18.022277572185192,3,23.146666666666704,0.0,123.71,0.7277058823529411,-46.290000000000006,324.96000000000004,0.8551578947368422,-55.039999999999964,,,,,,,201.25000000000006,28.750000000000007,,,,,development
2026-1,Tags 1,21,2026-02-20,21,1446.68,670.68,800.0,0.8383499999999999,-129.32000000000005,-1129.3200000000002,-16.165000000000006,21,0,3,3,49.38857142857142,28.750000000000007,20.63857142857141,30.03238095238095,97.30147575544625,7115.0,6923.0,8.869960510523953,2.6985242445537594,26.985242445537597,2.9515108924806746,7.027406886858748,27.00840665976535,0.8208098941952378,27.900892857142853,20.9,34.0,8.71428571428571,0.10912690570299338,1.3417399930986809,3.3542917529330625,18.2020833333333,6.675543478260902,28.57142857142857,23.809523809523807,1.0,73.2889190821256,5.531014464205559,76.0047619047619,43.0,90.1,26.890476190476186,0.36147586109542656,18.288919082125613,18.288919082125613,188.25625000000008,0.0,80.95238095238095,0.0,1.0,26.45017955947855,27.85428945971946,14.285714285714285,6,693.7333333333332,17.279516454139788,3,-23.053333333333285,0.0,123.71,0.7277058823529411,-46.290000000000006,324.96000000000004,0.8551578947368422,-55.039999999999964,670.68,0.8383499999999999,-129.32000000000005,,,,201.25000000000006,28.750000000000007,345.7199999999999,49.38857142857142,,,development
2026-1,Tags 1,28,2026-02-27,28,1446.68,1111.48,1200.0,0.9262333333333334,-88.51999999999998,-688.52,-7.376666666666665,28,0,4,4,62.97142857142858,49.38857142857142,13.582857142857165,38.26714285714286,96.64089950808152,7115.0,6876.0,8.869960510523953,3.3591004919184817,33.59100491918482,2.6704146170063248,6.605762473647224,27.25489130434782,0.8402393370536058,27.99434523809524,20.9,34.7,9.007142857142856,0.08654581439439114,3.0048913043478214,4.5143051242236085,60.162499999999994,6.675543478260902,46.42857142857143,17.857142857142858,1.0,72.9383410973085,5.168076695056382,71.88660714285717,43.0,90.1,27.614285714285717,0.10805956148909589,19.188341097308495,19.188341097308495,271.4625000000002,0.0,85.71428571428571,0.0,1.0,26.686657489689875,28.027320569589403,14.285714285714285,13,1098.72,9.119122764827761,3,12.759999999999991,0.0,123.71,0.7277058823529411,-46.290000000000006,324.96000000000004,0.8551578947368422,-55.039999999999964,670.68,0.8383499999999999,-129.32000000000005,1111.48,0.9262333333333334,-88.51999999999998,201.25000000000006,28.750000000000007,345.7199999999999,49.38857142857142,440.80000000000007,62.97142857142858,development
2026-1,Tags 2,7,2026-02-06,7,1550.16,124.99,170.0,0.735235294117647,-45.010000000000005,-1675.01,-26.476470588235294,7,0,1,1,,,,12.141428571428571,99.03103496699902,7121.0,7052.0,8.870803443982124,0.9689650330009829,9.68965033000983,3.7916023030473247,9.68965033000983,,,,,,,,,,,,,,0.0,,,,,,,,,,,,,,0.0,,,,0,122.91000000000001,2.1024430234055465,3,2.079999999999984,0.0,124.99,0.735235294117647,-45.010000000000005,,,,,,,,,,,,,,,,development
2026-1,Tags 2,14,2026-02-13,14,1550.16,281.0,380.0,0.7394736842105263,-99.0,-1519.0,-26.052631578947366,14,0,2,2,22.287142857142857,,,17.214285714285715,98.09015587698356,7121.0,6985.0,8.870803443982124,1.9098441230164303,19.0984412301643,3.3703131582642887,9.408790900154472,,,,,,,,,,,,,,0.0,,,,,,,,,,,,,,0.0,,,,0,301.81333333333333,18.022277572185192,3,-20.813333333333333,0.0,124.99,0.735235294117647,-45.010000000000005,281.0,0.7394736842105263,-99.0,,,,,,,156.01,22.287142857142857,,,,,development
2026-1,Tags 2,21,2026-02-20,21,1550.16,712.2799999999999,800.0,0.8903499999999999,-87.72000000000014,-1087.7200000000003,-10.965000000000018,21,0,3,3,61.611428571428554,22.287142857142857,39.32428571428569,32.01333333333333,97.31779244488133,7121.0,6930.0,8.870803443982124,2.682207555118663,26.822075551186632,2.668164583625895,7.723634321022328,,,,,,,,,,,,,,0.0,,,,,,,,,,,,,,0.0,,,,0,693.7333333333332,17.279516454139788,3,18.546666666666624,0.0,124.99,0.735235294117647,-45.010000000000005,281.0,0.7394736842105263,-99.0,712.2799999999999,0.8903499999999999,-87.72000000000014,,,,156.01,22.287142857142857,431.27999999999986,61.611428571428554,,,development
2026-1,Tags 2,28,2026-02-27,28,1550.16,1093.96,1200.0,0.9116333333333334,-106.03999999999996,-706.04,-8.836666666666664,28,0,4,4,54.52571428571431,61.611428571428554,-7.085714285714246,37.64142857142857,96.60160089875018,7121.0,6879.0,8.870803443982124,3.3983991012498245,33.983991012498244,2.9490240134812526,7.161915461311613,,,,,,,,,,,,,,0.0,,,,,,,,,,,,,,0.0,,,,0,1098.72,9.119122764827761,3,-4.759999999999991,0.0,124.99,0.735235294117647,-45.010000000000005,281.0,0.7394736842105263,-99.0,712.2799999999999,0.8903499999999999,-87.72000000000014,1093.96,0.9116333333333334,-106.03999999999996,156.01,22.287142857142857,431.27999999999986,61.611428571428554,381.6800000000002,54.52571428571431,development
2026-1,Tags 3,7,2026-02-06,7,1691.4399999999998,120.03,170.0,0.7060588235294117,-49.97,-1679.97,-29.39411764705882,7,0,1,1,,,,11.432857142857143,98.93363266451523,7127.0,7051.0,8.871645667501872,1.0663673354847762,10.663673354847763,4.770590711379262,10.663673354847763,26.361270703933744,0.7891152620557456,26.361270703933744,20.0,32.7,9.142857142857142,-0.08439440993788326,-2.7815864389234,2.7815864389234,0.0,6.4044384057971016,0.0,85.71428571428571,1.0,67.29274068322982,3.5044841610664017,67.29274068322982,44.5,85.5,27.52857142857143,0.7683941511387128,7.2927406832298285,7.2927406832298285,1.3679347826086996,0.0,42.857142857142854,0.0,1.0,25.677358698235633,26.430432455202507,0.0,0,122.91000000000001,2.1024430234055465,3,-2.8800000000000097,0.0,120.03,0.7060588235294117,-49.97,,,,,,,,,,,,,,,,development
2026-1,Tags 3,14,2026-02-13,14,1691.4399999999998,299.48,380.0,0.7881052631578948,-80.51999999999998,-1500.52,-21.189473684210522,14,0,2,2,25.63571428571429,,,18.534285714285716,98.0917637154483,7127.0,6991.0,8.871645667501872,1.9082362845517047,19.082362845517046,2.9465413217342498,8.418689490669287,27.0527374885662,1.581698433647156,27.74420427319866,20.0,32.8,6.985714285714286,0.23533334899034886,-0.23297679714808592,2.8701901888877717,5.086823529411799,6.655502235584301,21.428571428571427,50.0,1.0,68.98879103447834,5.075836239031741,70.68484138572686,44.5,85.6,21.214285714285715,0.20278190458406084,11.488791034478341,11.488791034478341,42.6324127179908,0.0,64.28571428571429,0.0,1.0,26.3973335415238,29.440796126694202,21.428571428571427,2,301.81333333333333,18.022277572185192,3,-2.3333333333333144,0.0,120.03,0.7060588235294117,-49.97,299.48,0.7881052631578948,-80.51999999999998,,,,,,,179.45000000000002,25.63571428571429,,,,,development
2026-1,Tags 3,21,2026-02-20,21,1691.4399999999998,698.2399999999999,800.0,0.8727999999999999,-101.7600000000001,-1101.7600000000002,-12.720000000000011,21,0,3,3,56.96571428571427,25.63571428571429,31.32999999999998,31.3447619047619,97.3761751087414,7127.0,6940.0,8.871645667501872,2.623824891258594,26.238248912585938,3.3674757962677146,7.155886067068893,27.084980745428,1.3090023946018463,27.149467259151585,20.0,32.8,7.50952380952381,0.07769242812927145,1.4183140787613286,3.487092069451899,18.783094343472904,6.655502235584301,42.857142857142854,33.33333333333333,1.0,71.29690317309644,6.288907598939884,75.91312745033258,44.5,90.1,22.97142857142857,0.4010914236268877,16.29690317309642,16.29690317309642,154.0243048703189,0.0,76.19047619047619,0.0,1.0,26.480359686752905,29.440796126694202,14.285714285714285,8,693.7333333333332,17.279516454139788,3,4.506666666666661,0.0,120.03,0.7060588235294117,-49.97,299.48,0.7881052631578948,-80.51999999999998,698.2399999999999,0.8727999999999999,-101.7600000000001,,,,179.45000000000002,25.63571428571429,398.7599999999999,56.96571428571427,,,development
2026-1,Tags 3,28,2026-02-27,28,1691.4399999999998,1090.72,1200.0,0.9089333333333334,-109.27999999999997,-709.28,-9.106666666666664,28,0,4,4,56.068571428571445,56.96571428571427,-0.8971428571428248,37.52571428571429,96.68864880033675,7127.0,6891.0,8.871645667501872,3.3113511996632523,33.113511996632525,2.6659183387119407,6.875263084046583,27.127644500307067,1.1444811493113374,27.25563576494427,20.0,33.8,8.160714285714285,0.04061399813185217,2.8776445003070648,4.429227993324993,55.57254469808281,6.655502235584301,57.14285714285714,25.0,1.0,71.48255421619515,5.744839291694399,72.03950734549139,44.5,90.1,24.421428571428578,0.2102359862262525,17.732554216195165,17.732554216195165,238.3008562887586,0.0,82.14285714285714,0.0,1.0,26.527215985690816,29.440796126694202,10.714285714285714,15,1098.72,9.119122764827761,3,-8.0,0.0,120.03,0.7060588235294117,-49.97,299.48,0.7881052631578948,-80.51999999999998,698.2399999999999,0.8727999999999999,-101.7600000000001,1090.72,0.9089333333333334,-109.27999999999997,179.45000000000002,25.63571428571429,398.7599999999999,56.96571428571427,392.48000000000013,56.068571428571445,development
2026-2,Lags 1,7,2026-06-08,7,1192.0,101.5,170.0,0.5970588235294118,-68.5,-1698.5,-40.294117647058826,7,0,5,1,,,,8.785714285714286,98.91867739052725,11190.0,11069.0,9.322775801305971,1.0813226094727435,10.813226094727435,5.18319928507596,10.813226094727435,32.68658182,0.892235680350715,32.68658182,29.2,39.0,6.842857142857143,0.3299503664285726,3.543724677142858,3.543724677142858,11.012056790000003,0.0,71.42857142857143,0.0,1.0,80.10449767285715,3.77576139105079,80.10449767285715,51.1,95.7,32.528571428571425,-1.4081038132142853,20.104497672857146,20.104497672857146,70.73148371,0.0,100.0,0.0,1.0,32.24051024222366,33.66674562890851,100.0,5,108.285,4.685496238393541,4,-6.784999999999997,1.0,101.5,0.5970588235294118,-68.5,,,,,,,,,,,,,,,,development
2026-2,Lags 1,14,2026-06-15,14,1192.0,209.5,380.0,0.5513157894736842,-170.5,-1590.5,-44.86842105263158,14,0,12,2,15.428571428571429,,,12.107142857142858,97.92672028596961,11190.0,10958.0,9.322775801305971,2.073279714030384,20.73279714030384,4.110813226094727,9.919571045576408,33.68301628285714,1.2880941174301719,34.679450745714284,28.8,41.8,8.335714285714285,0.2535556401318687,6.397301997142857,6.397301997142857,55.768212010000006,0.0,85.71428571428571,0.0,1.0,75.57205564,5.359319297333392,71.03961360714285,46.3,95.7,35.642857142857146,-1.2068685855824148,18.07205564,18.07205564,113.00877896,0.0,100.0,0.0,1.0,33.11866757844889,35.052140145487606,100.0,12,232.62249999999997,13.528444801602284,4,-23.122499999999974,1.0,101.5,0.5970588235294118,-68.5,209.5,0.5513157894736842,-170.5,,,,,,,108.0,15.428571428571429,,,,,development
2026-2,Lags 1,21,2026-06-22,21,1192.0,332.99999999999994,800.0,0.41624999999999995,-467.00000000000006,-1467.0,-58.37500000000001,21,0,13,3,17.642857142857135,15.428571428571429,2.2142857142857064,13.952380952380949,97.00625558534406,11190.0,10855.0,9.322775801305971,2.993744414655943,29.93744414655943,3.7533512064343166,9.204647006255586,33.632086272380946,1.0962882644798382,33.53022625142857,27.3,41.8,9.442857142857141,0.06712369674026009,7.9654196057142865,7.9654196057142865,112.47979577000001,0.0,90.47619047619048,0.0,1.0,73.46320163857142,5.413495136265508,69.24549363571428,43.2,95.7,36.90952380952381,-0.7593114502857137,18.463201638571427,18.463201638571427,177.72723440999994,0.0,100.0,0.0,1.0,33.01704648489251,35.052140145487606,100.0,19,514.0699999999999,104.76067344189806,4,-181.07,1.0,101.5,0.5970588235294118,-68.5,209.5,0.5513157894736842,-170.5,332.99999999999994,0.41624999999999995,-467.00000000000006,,,,108.0,15.428571428571429,123.49999999999994,17.642857142857135,,,development
2026-2,Lags 1,28,2026-06-29,28,1192.0,590.0,1200.0,0.49166666666666664,-610.0,-1210.0,-50.83333333333333,28,0,14,4,36.71428571428572,17.642857142857135,19.071428571428587,19.642857142857142,95.94280607685434,11190.0,10736.0,9.322775801305971,4.057193923145666,40.57193923145666,3.7533512064343166,10.634495084897228,32.615159694285715,2.0428524544771083,29.564379959999997,26.6,41.8,8.799999999999999,-0.1378559193760267,8.365159694285714,8.365159694285714,165.43045548999999,0.0,92.85714285714286,0.0,1.0,76.14680475107143,6.8577796509985305,84.19761408857143,43.2,100.0,35.1,0.11518274402025153,22.39680475107142,22.39680475107142,347.11053303,0.0,100.0,0.0,1.0,32.06998033651534,35.052140145487606,100.0,26,904.9350000000001,181.93484733552287,4,-314.93500000000006,1.0,101.5,0.5970588235294118,-68.5,209.5,0.5513157894736842,-170.5,332.99999999999994,0.41624999999999995,-467.00000000000006,590.0,0.49166666666666664,-610.0,108.0,15.428571428571429,123.49999999999994,17.642857142857135,257.00000000000006,36.71428571428572,development
2026-2,Lags 2,7,2026-06-16,7,1204.0,101.5,170.0,0.5970588235294118,-68.5,-1698.5,-40.294117647058826,7,0,7,1,,,,8.785714285714286,98.7846291331546,11190.0,11054.0,9.322775801305971,1.2153708668453977,12.153708668453977,4.915102770330653,12.153708668453977,34.05315655,0.5589990532781897,34.05315655,28.6,40.7,9.585714285714285,-0.19426068785714093,4.9102994071428565,4.9102994071428565,20.372095849999994,0.0,100.0,0.0,1.0,73.62678118142857,0.9610374693365356,73.62678118142857,48.3,92.5,32.72857142857143,-0.19345781821427877,13.626781181428571,13.626781181428571,25.38746827,0.0,100.0,0.0,1.0,33.44174648750327,34.107619551695166,100.0,7,106.928,4.992884537018658,5,-5.427999999999997,1.0,101.5,0.5970588235294118,-68.5,,,,,,,,,,,,,,,,development
2026-2,Lags 2,14,2026-06-23,14,1204.0,172.5,380.0,0.45394736842105265,-207.5,-1627.5,-54.60526315789473,14,0,14,2,10.142857142857142,,,9.464285714285714,97.72117962466488,11190.0,10935.0,9.322775801305971,2.278820375335121,22.78820375335121,4.82573726541555,10.634495084897228,33.850013989999994,0.5939436895418475,33.646871430000004,28.3,40.7,10.007142857142856,-0.08314408391208734,6.564299704285714,6.564299704285714,57.90019586,0.0,100.0,0.0,1.0,71.89016981285717,2.4254449398790436,70.15355844428574,46.8,92.5,34.05714285714286,-0.2834143136703294,14.390169812857144,14.390169812857144,61.46237738000001,0.0,100.0,0.0,1.0,33.196820620465935,34.107619551695166,100.0,14,220.598,26.921542600675757,5,-48.09800000000001,1.0,101.5,0.5970588235294118,-68.5,172.5,0.45394736842105265,-207.5,,,,,,,71.0,10.142857142857142,,,,,development
2026-2,Lags 2,21,2026-06-30,21,1204.0,315.0,800.0,0.39375,-485.0,-1485.0,-60.62499999999999,21,0,15,3,20.357142857142858,10.142857142857142,10.214285714285715,13.095238095238095,96.44325290437891,11190.0,10792.0,9.322775801305971,3.5567470956210907,35.567470956210904,5.719392314566577,12.779267202859696,32.47498287142857,2.047889613282339,29.724920634285716,26.9,40.7,8.604761904761906,-0.295754724974026,6.808316204761905,6.808316204761905,87.9746403,0.0,100.0,0.0,1.0,77.1417368857143,7.989762030407554,87.64487103142858,46.8,100.0,32.18095238095238,0.9588082961948046,22.141736885714288,22.141736885714288,254.97647460000005,0.0,100.0,0.0,1.0,31.953009927382762,34.107619551695166,100.0,21,474.25600000000003,122.96526885263172,5,-159.25600000000003,1.0,101.5,0.5970588235294118,-68.5,172.5,0.45394736842105265,-207.5,315.0,0.39375,-485.0,,,,71.0,10.142857142857142,142.5,20.357142857142858,,,development
2026-2,Lags 2,28,2026-07-07,28,1204.0,667.9999999999999,1200.0,0.5566666666666665,-532.0000000000001,-1132.0,-44.33333333333334,28,0,16,4,50.42857142857141,20.357142857142858,30.07142857142855,22.428571428571423,95.3887399463807,11190.0,10674.0,9.322775801305971,4.611260053619303,46.11260053619303,4.557640750670241,10.545129579982127,32.38234198045455,2.045348690592174,30.43688327,26.9,40.7,8.540909090909093,-0.28134521066628937,6.973251071363635,6.973251071363635,96.41152356999999,0.0,100.0,0.0,0.7857142857142857,77.61293077318182,8.099206423871172,87.50800241,46.8,100.0,32.09090909090909,0.9566664890739703,22.840203500454546,22.840203500454546,282.48447701000003,0.0,100.0,0.0,0.7857142857142857,31.87211118440082,34.107619551695166,100.0,22,857.548,188.3144763845839,5,-189.54800000000012,1.0,101.5,0.5970588235294118,-68.5,172.5,0.45394736842105265,-207.5,315.0,0.39375,-485.0,667.9999999999999,0.5566666666666665,-532.0000000000001,71.0,10.142857142857142,142.5,20.357142857142858,352.9999999999999,50.42857142857141,development
2026-2,Lags 3,7,2026-06-22,7,1078.0,73.50000000000001,170.0,0.43235294117647066,-96.49999999999999,-1726.5,-56.76470588235293,7,0,7,1,,,,4.785714285714287,98.5914237318356,11217.0,11059.0,9.325185763645223,1.4085762681643934,14.085762681643933,7.488633324418294,14.085762681643933,33.452229034285715,0.6351116977247422,33.452229034285715,28.3,40.2,10.785714285714288,-0.12091626928571347,4.3093718914285715,4.3093718914285715,16.165603240000003,0.0,100.0,0.0,1.0,66.89150466857143,2.3728638442811882,66.89150466857143,37.9,86.5,39.8,0.9271689289285736,6.891504668571428,6.891504668571428,0.11400491000000557,0.0,14.285714285714285,0.0,1.0,32.67695091094212,33.648610865858565,100.0,1,101.35666666666667,13.265476077229772,6,-27.856666666666655,1.0,73.50000000000001,0.43235294117647066,-96.49999999999999,,,,,,,,,,,,,,,,development
2026-2,Lags 3,14,2026-06-29,14,1078.0,136.99999999999997,380.0,0.3605263157894736,-243.00000000000003,-1663.0,-63.947368421052644,14,0,14,2,9.071428571428566,,,6.928571428571426,96.02389230632077,11217.0,10771.0,9.325185763645223,3.9761076936792366,39.761076936792364,4.100918249086209,25.675314255148436,32.598076322857146,1.0652552153109272,31.743923611428567,27.7,40.2,9.328571428571427,-0.20640570610988984,5.312362037142857,5.312362037142857,40.373068520000004,0.0,100.0,0.0,1.0,64.68091354428573,12.945322533702742,62.47032242,0.0,91.7,46.72142857142857,-1.2521180053186804,7.180913544285714,12.621255807142857,50.48865769000001,38.08239584,35.714285714285715,21.428571428571427,1.0,31.76449943350592,33.648610865858565,100.0,5,206.665,39.68144392114111,6,-69.66500000000002,1.0,73.50000000000001,0.43235294117647066,-96.49999999999999,136.99999999999997,0.3605263157894736,-243.00000000000003,,,,,,,63.49999999999996,9.071428571428566,,,,,development
2026-2,Lags 3,21,2026-07-06,21,1078.0,246.00000000000003,800.0,0.30750000000000005,-554.0,-1554.0,-69.25,21,0,15,3,15.57142857142858,9.071428571428566,6.500000000000014,9.80952380952381,94.84710706962646,11217.0,10639.0,9.325185763645223,5.15289293037354,51.528929303735396,5.081572612998127,11.767852366943032,32.36151163437499,1.2092187853973477,30.705558815,27.7,40.2,9.075,-0.2137202973676459,5.549011634375001,5.549011634375001,48.78418615,0.0,100.0,0.0,0.7619047619047619,64.234645479375,12.269589304771904,61.110769024999996,0.0,92.7,51.64375,-0.9716273787794105,7.672145479375001,12.432444959375,56.08498741000001,38.08239584,37.5,18.75,0.7619047619047619,31.521717204600925,33.648610865858565,100.0,6,436.21333333333337,140.84247780962798,6,-190.21333333333334,1.0,73.50000000000001,0.43235294117647066,-96.49999999999999,136.99999999999997,0.3605263157894736,-243.00000000000003,246.00000000000003,0.30750000000000005,-554.0,,,,63.49999999999996,9.071428571428566,109.00000000000006,15.57142857142858,,,development
2026-2,Lags 3,28,2026-07-13,28,1078.0,496.0000000000001,1200.0,0.41333333333333344,-703.9999999999999,-1304.0,-58.66666666666666,28,0,16,4,35.71428571428573,15.57142857142858,20.14285714285715,16.28571428571429,92.475706516894,11217.0,10373.0,9.325185763645223,7.524293483106,75.24293483106,13.015957921012749,23.7140055273246,32.36151163437499,1.2092187853973477,,27.7,40.2,9.075,-0.2137202973676459,5.549011634375001,5.549011634375001,48.78418615,0.0,100.0,0.0,0.5714285714285714,64.234645479375,12.269589304771904,,0.0,92.7,51.64375,-0.9716273787794105,7.672145479375001,12.432444959375,56.08498741000001,38.08239584,37.5,18.75,0.5714285714285714,31.521717204600925,33.648610865858565,100.0,6,797.29,218.4195149248345,6,-301.28999999999985,1.0,73.50000000000001,0.43235294117647066,-96.49999999999999,136.99999999999997,0.3605263157894736,-243.00000000000003,246.00000000000003,0.30750000000000005,-554.0,496.0000000000001,0.41333333333333344,-703.9999999999999,63.49999999999996,9.071428571428566,109.00000000000006,15.57142857142858,250.00000000000009,35.71428571428573,development
2026-2,Tags 1,7,2026-04-25,7,1360.0,114.74000000000001,170.0,0.6749411764705883,-55.25999999999999,-1685.26,-32.50588235294117,7,0,1,1,,,,10.677142857142858,98.77076860732136,7403.0,7312.0,8.909640602443098,1.2292313926786438,12.292313926786438,4.727813048764014,12.292313926786438,29.012050172857137,1.2790370202318098,29.012050172857137,23.6,37.6,11.971428571428572,0.13209208750000012,-0.13080697000000033,1.4415212557142856,0.5874999999999986,0.0,28.57142857142857,0.0,1.0,68.25654645285715,4.792360463496693,68.25654645285715,32.0,86.3,39.11428571428571,-0.8129441821428517,8.256546452857146,8.256546452857146,10.651559930000005,0.0,28.57142857142857,0.0,1.0,28.31771030257795,29.71281014043896,71.42857142857143,0,110.54666666666667,2.96838152684067,3,4.193333333333342,0.0,114.74000000000001,0.6749411764705883,-55.25999999999999,,,,,,,,,,,,,,,,development
2026-2,Tags 1,14,2026-05-02,14,1360.0,242.75999999999996,380.0,0.6388421052631578,-137.24000000000004,-1557.24,-36.11578947368422,14,0,2,2,18.288571428571423,,,14.48285714285714,98.04133459408348,7403.0,7258.0,8.909640602443098,1.9586654059165203,19.586654059165202,1.6209644738619478,7.294340132378766,29.312613096666666,1.2964064546397969,30.364583330000002,23.6,37.8,12.088888888888887,0.20870934250000006,0.7570575411111109,1.9799794944444444,3.316666659999999,0.0,44.44444444444444,0.0,0.6428571428571429,68.04999909333334,4.440833410471636,67.327083335,32.0,86.3,38.222222222222214,-0.44159603766667027,9.161110204444448,9.161110204444448,15.751559929999999,0.0,33.33333333333333,0.0,0.6428571428571429,28.61053800371352,30.205489813986823,77.77777777777779,1,240.32999999999996,2.5303886394517887,3,2.430000000000007,0.0,114.74000000000001,0.6749411764705883,-55.25999999999999,242.75999999999996,0.6388421052631578,-137.24000000000004,,,,,,,128.01999999999995,18.288571428571423,,,,,development
2026-2,Tags 1,21,2026-05-09,21,1360.0,576.4,800.0,0.7204999999999999,-223.60000000000002,-1223.6,-27.950000000000003,21,0,3,3,47.66285714285714,18.288571428571423,29.37428571428572,25.54285714285714,97.48750506551399,7403.0,7217.0,8.909640602443098,2.5124949344860195,25.124949344860195,2.836687829258409,5.538295285694989,29.97517586727273,1.8526950589698647,32.956708335,23.6,38.0,11.536363636363637,0.22987305194989982,2.6115395036363633,3.6121120109090907,19.230083329999996,0.0,54.54545454545454,0.0,0.5238095238095238,66.45884774272726,5.41432050915047,59.298666665,32.0,86.3,36.66363636363636,-0.5408003605310618,9.186120470000002,9.186120470000002,18.184893260000003,0.0,36.36363636363637,0.0,0.5238095238095238,29.225095915061864,32.56878256816064,81.81818181818183,2,574.4266666666666,7.833012759397806,3,1.9733333333333576,0.0,114.74000000000001,0.6749411764705883,-55.25999999999999,242.75999999999996,0.6388421052631578,-137.24000000000004,576.4,0.7204999999999999,-223.60000000000002,,,,128.01999999999995,18.288571428571423,333.64,47.66285714285714,,,development
2026-2,Tags 1,28,2026-05-16,28,1360.0,1004.6000000000001,1200.0,0.8371666666666667,-195.39999999999986,-795.3999999999999,-16.28333333333332,28,0,4,4,61.17142857142859,47.66285714285714,13.50857142857145,34.45,96.74456301499393,7403.0,7162.0,8.909640602443098,3.2554369850060785,32.55436985006079,3.512089693367554,7.429420505200594,30.75151382166667,1.7758218750168353,31.97147346428571,23.6,38.6,10.8,0.14402747302092236,6.251513821666666,6.862974798333333,89.03039758,0.0,72.22222222222221,0.0,0.6428571428571429,66.90643271277779,4.7903436692976875,67.60978052285715,32.0,86.3,35.6888888888889,-0.07008939546288424,12.461988268333336,12.461988268333336,71.45335692,0.0,61.111111111111114,0.0,0.6428571428571429,30.005186923675176,32.56878256816064,88.88888888888889,9,1009.9133333333334,7.205300518059976,3,-5.313333333333276,0.0,114.74000000000001,0.6749411764705883,-55.25999999999999,242.75999999999996,0.6388421052631578,-137.24000000000004,576.4,0.7204999999999999,-223.60000000000002,1004.6000000000001,0.8371666666666667,-195.39999999999986,128.01999999999995,18.288571428571423,333.64,47.66285714285714,428.20000000000016,61.17142857142859,development
2026-2,Tags 2,7,2026-04-25,7,1556.2800000000002,108.27999999999999,170.0,0.6369411764705881,-61.72000000000001,-1691.72,-36.30588235294118,7,0,1,1,,,,9.754285714285713,98.8544474393531,7420.0,7335.0,8.911934336161426,1.1455525606469004,11.455525606469003,4.716981132075471,11.455525606469003,,,,,,,,,,,,,,0.0,,,,,,,,,,,,,,0.0,,,,0,110.54666666666667,2.96838152684067,3,-2.26666666666668,0.0,108.27999999999999,0.6369411764705881,-61.72000000000001,,,,,,,,,,,,,,,,development
2026-2,Tags 2,14,2026-05-02,14,1556.2800000000002,236.83999999999997,380.0,0.6232631578947367,-143.16000000000003,-1563.16,-37.67368421052632,14,0,2,2,18.365714285714287,,,14.059999999999999,97.9245283018868,7420.0,7266.0,8.911934336161426,2.0754716981132075,20.754716981132074,3.504043126684636,9.299191374663073,,,,,,,,,,,,,,0.0,,,,,,,,,,,,,,0.0,,,,0,240.32999999999996,2.5303886394517887,3,-3.4899999999999807,0.0,108.27999999999999,0.6369411764705881,-61.72000000000001,236.83999999999997,0.6232631578947367,-143.16000000000003,,,,,,,128.56,18.365714285714287,,,,,development
2026-2,Tags 2,21,2026-05-09,21,1556.2800000000002,582.88,800.0,0.7286,-217.12,-1217.12,-27.140000000000004,21,0,3,3,49.434285714285714,18.365714285714287,31.068571428571428,25.85142857142857,97.31805929919138,7420.0,7221.0,8.911934336161426,2.6819407008086253,26.819407008086255,2.2911051212938003,6.064690026954178,,,,,,,,,,,,,,0.0,,,,,,,,,,,,,,0.0,,,,0,574.4266666666666,7.833012759397806,3,8.453333333333376,0.0,108.27999999999999,0.6369411764705881,-61.72000000000001,236.83999999999997,0.6232631578947367,-143.16000000000003,582.88,0.7286,-217.12,,,,128.56,18.365714285714287,346.04,49.434285714285714,,,development
2026-2,Tags 2,28,2026-05-16,28,1556.2800000000002,1020.1,1200.0,0.8500833333333333,-179.89999999999998,-779.9,-14.991666666666664,28,0,4,4,62.46,49.434285714285714,13.025714285714287,35.003571428571426,96.54986522911051,7420.0,7164.0,8.911934336161426,3.450134770889488,34.50134770889488,3.504043126684636,7.681940700808625,,,,,,,,,,,,,,0.0,,,,,,,,,,,,,,0.0,,,,0,1009.9133333333334,7.205300518059976,3,10.18666666666661,0.0,108.27999999999999,0.6369411764705881,-61.72000000000001,236.83999999999997,0.6232631578947367,-143.16000000000003,582.88,0.7286,-217.12,1020.1,0.8500833333333333,-179.89999999999998,128.56,18.365714285714287,346.04,49.434285714285714,437.22,62.46,development
2026-2,Tags 3,7,2026-04-25,7,1564.0,108.61999999999999,170.0,0.6389411764705881,-61.38000000000001,-1691.38,-36.10588235294118,7,0,1,1,,,,9.80285714285714,98.67388362652233,7390.0,7292.0,8.907883013942248,1.3261163734776724,13.261163734776725,5.142083897158322,13.261163734776725,28.696204304285715,1.80020579992966,28.696204304285715,23.6,36.8,10.77142857142857,0.06602484178571537,-0.4466528385714287,1.6942201757142858,0.1843749999999993,1.2180555500000025,14.285714285714285,42.857142857142854,1.0,66.98518550428572,5.943331224055459,66.98518550428572,34.7,86.2,33.9,-0.7985725682142839,6.985185504285714,7.615117475714285,8.777777780000008,2.204761900000001,28.57142857142857,14.285714285714285,1.0,27.97322357526056,29.58794454200101,57.14285714285714,0,110.54666666666667,2.96838152684067,3,-1.9266666666666765,0.0,108.61999999999999,0.6389411764705881,-61.38000000000001,,,,,,,,,,,,,,,,development
2026-2,Tags 3,14,2026-05-02,14,1564.0,241.39000000000001,380.0,0.6352368421052632,-138.60999999999999,-1558.61,-36.47631578947368,14,0,2,2,18.967142857142864,,,14.385000000000002,97.76725304465494,7390.0,7225.0,8.907883013942248,2.2327469553450605,22.32746955345061,3.247631935047361,9.066305818673884,30.58078584416667,2.7834863357578734,33.219199999999994,23.6,37.1,9.783333333333333,0.6292479271678313,2.9141191774999995,4.1629617691666665,24.280374999999992,1.2180555500000025,50.0,25.0,0.8571428571428571,63.39838598833335,6.5017184766130205,58.376866666,34.7,86.2,30.133333333333336,-1.3479669808391626,5.481719321666667,5.849179638333332,8.777777780000008,2.204761900000001,16.666666666666664,8.333333333333332,0.8571428571428571,29.744172599848724,33.605297628380605,75.0,0,240.32999999999996,2.5303886394517887,3,1.0600000000000591,0.0,108.61999999999999,0.6389411764705881,-61.38000000000001,241.39000000000001,0.6352368421052632,-138.60999999999999,,,,,,,132.77000000000004,18.967142857142864,,,,,development
2026-2,Tags 3,21,2026-05-09,21,1564.0,564.0,800.0,0.705,-236.0,-1236.0,-29.5,21,0,3,3,46.08714285714286,18.967142857142864,27.119999999999994,24.952380952380953,97.22598105548037,7390.0,7185.0,8.907883013942248,2.774018944519621,27.74018944519621,2.4357239512855213,5.412719891745603,30.83204262785714,2.6585733942238656,32.339583329999996,23.6,37.2,9.614285714285714,0.2744782966527633,3.974899770714285,5.045336277857142,38.95954165999999,1.2180555500000025,57.14285714285714,21.428571428571427,0.6666666666666666,62.81587846642858,6.285342270620424,59.320833335,34.7,86.2,29.62857142857143,-0.599955944264859,6.030164180714285,6.34513016642857,11.040277780000011,2.204761900000001,21.428571428571427,7.142857142857142,0.6666666666666666,29.97843698024681,33.605297628380605,78.57142857142857,1,574.4266666666666,7.833012759397806,3,-10.42666666666662,0.0,108.61999999999999,0.6389411764705881,-61.38000000000001,241.39000000000001,0.6352368421052632,-138.60999999999999,564.0,0.705,-236.0,,,,132.77000000000004,18.967142857142864,322.61,46.08714285714286,,,development
2026-2,Tags 3,28,2026-05-16,28,1564.0,1005.04,1200.0,0.8375333333333334,-194.96000000000004,-794.96,-16.24666666666667,28,0,4,4,63.005714285714284,46.08714285714286,16.918571428571425,34.465714285714284,96.54939106901217,7390.0,7135.0,8.907883013942248,3.450608930987822,34.50608930987822,2.841677943166441,6.7658998646820026,31.184968892857135,2.293244765444479,31.89082142285714,23.6,37.6,9.609523809523811,0.12112602110236141,6.613540321428571,7.327164659523809,108.19529161999998,1.2180555500000025,71.42857142857143,14.285714285714285,0.75,63.896170842857146,5.784187530364144,66.0567555957143,34.7,86.2,30.47142857142857,-0.0026854451237357402,9.372361319047618,9.582338642857142,53.437566950000004,2.204761900000001,47.61904761904761,4.761904761904762,0.75,30.356376477130816,33.605297628380605,85.71428571428571,8,1009.9133333333334,7.205300518059976,3,-4.8733333333334485,0.0,108.61999999999999,0.6389411764705881,-61.38000000000001,241.39000000000001,0.6352368421052632,-138.60999999999999,564.0,0.705,-236.0,1005.04,0.8375333333333334,-194.96000000000004,132.77000000000004,18.967142857142864,322.61,46.08714285714286,441.03999999999996,63.005714285714284,development
2026-3,Tags 1,7,2026-07-10,7,1446.0,114.74000000000001,170.0,0.6749411764705883,-55.25999999999999,-1685.26,-32.50588235294117,7,0,7,1,,,,10.677142857142858,98.90495577706024,7123.0,7045.0,8.871084263978354,1.0950442229397725,10.950442229397726,5.054050259722027,10.950442229397726,32.84265699628823,1.0447530284394204,32.84265699628823,27.9,42.3,10.957142857142856,-0.39374869959711634,3.699799853431086,3.699799853431086,11.898598974017602,0.0,100.0,0.0,1.0,71.58016728011158,4.36283814869584,71.58016728011158,43.7,92.0,33.18571428571429,1.4777279625353956,11.58016728011157,11.58016728011157,14.036215277777998,0.0,42.857142857142854,0.0,1.0,32.188951257002365,32.797923299273826,100.0,3,114.74000000000001,0.0,3,0.0,0.0,114.74000000000001,0.6749411764705883,-55.25999999999999,,,,,,,,,,,,,,,,later_cycle_audit
2026-3,Tags 1,14,2026-07-17,14,1446.0,242.75999999999996,380.0,0.6388421052631578,-137.24000000000004,-1557.24,-36.11578947368422,14,0,14,2,18.288571428571423,,,14.48285714285714,97.781833497122,7123.0,6965.0,8.871084263978354,2.218166502878001,22.18166502878001,5.054050259722027,11.231222799382284,32.12184690645248,1.3993590611422106,31.40103681661673,26.0,42.3,11.007142857142858,-0.13321521420047155,4.8361326207381925,4.8361326207381925,33.7058566903347,0.0,100.0,0.0,1.0,72.89594605387477,5.184030306910856,74.211724827638,43.7,93.4,34.971428571428575,0.15945284039662416,15.39594605387478,15.39594605387478,78.5182890712439,0.0,71.42857142857143,0.0,1.0,31.505446056689653,32.797923299273826,100.0,10,242.75999999999996,0.0,3,0.0,0.0,114.74000000000001,0.6749411764705883,-55.25999999999999,242.75999999999996,0.6388421052631578,-137.24000000000004,,,,,,,128.01999999999995,18.288571428571423,,,,,later_cycle_audit
2026-3,Tags 1,21,2026-07-24,21,1446.0,516.72,800.0,0.6459,-283.28,-1283.28,-35.41,21,0,15,3,39.13714285714286,18.288571428571423,20.84857142857144,22.700952380952383,96.89737470167064,7123.0,6902.0,8.871084263978354,3.1026252983293556,31.026252983293556,2.948195984837849,8.844587954513548,32.11493166595054,1.346383146127396,32.08266054360817,26.0,42.3,10.611764705882353,-0.0819785815565417,5.585519901244659,5.585519901244659,51.953838321159196,0.0,100.0,0.0,0.8095238095238095,73.04184916696919,4.985193840589782,73.72273036140976,43.7,93.4,34.42352941176472,0.15364983853329273,16.865378578733893,16.865378578733893,119.68648015547319,0.0,76.47058823529412,0.0,0.8095238095238095,31.502415490211046,32.797923299273826,100.0,13,525.6266666666667,10.434961534295251,3,-8.906666666666638,0.0,114.74000000000001,0.6749411764705883,-55.25999999999999,242.75999999999996,0.6388421052631578,-137.24000000000004,516.72,0.6459,-283.28,,,,128.01999999999995,18.288571428571423,273.96000000000004,39.13714285714286,,,later_cycle_audit
2026-3,Tags 1,28,2026-07-31,28,1446.0,802.0,1200.0,0.6683333333333333,-398.0,-998.0,-33.166666666666664,28,0,16,4,40.75428571428571,39.13714285714286,1.617142857142845,27.214285714285715,96.43408676119613,7123.0,6869.0,8.871084263978354,3.565913238803875,35.65913238803875,2.3866348448687353,4.632879404745192,32.11493166595054,1.346383146127396,,26.0,42.3,10.611764705882353,-0.0819785815565417,5.585519901244659,5.585519901244659,51.953838321159196,0.0,100.0,0.0,0.6071428571428571,73.04184916696919,4.985193840589782,,43.7,93.4,34.42352941176471,0.15364983853329273,16.865378578733893,16.865378578733893,119.68648015547319,0.0,76.47058823529412,0.0,0.6071428571428571,31.502415490211046,32.797923299273826,100.0,13,745.6666666666666,41.55585264302597,3,56.33333333333337,0.0,114.74000000000001,0.6749411764705883,-55.25999999999999,242.75999999999996,0.6388421052631578,-137.24000000000004,516.72,0.6459,-283.28,802.0,0.6683333333333333,-398.0,128.01999999999995,18.288571428571423,273.96000000000004,39.13714285714286,285.28,40.75428571428571,later_cycle_audit
2026-3,Tags 2,7,2026-07-10,7,1440.0,114.74000000000001,170.0,0.6749411764705883,-55.25999999999999,-1685.26,-32.50588235294117,7,0,7,1,,,,10.677142857142858,98.45375316277763,7114.0,7004.0,8.8698199525084,1.5462468372223785,15.462468372223785,5.763283666010683,15.462468372223785,33.66928334353303,0.8740757902902557,33.66928334353303,28.5,41.2,9.9,-0.27171840799826835,4.526426200675885,4.526426200675885,17.684983404731195,0.0,100.0,0.0,1.0,70.25179365395505,3.562681931036059,70.25179365395505,46.3,86.3,30.114285714285707,1.0112209373015524,10.251793653955044,10.251793653955044,9.468854166666802,0.0,28.57142857142857,0.0,1.0,32.975251644672554,33.4408815174654,100.0,2,114.74000000000001,0.0,3,0.0,0.0,114.74000000000001,0.6749411764705883,-55.25999999999999,,,,,,,,,,,,,,,,later_cycle_audit
2026-3,Tags 2,14,2026-07-17,14,1440.0,242.75999999999996,380.0,0.6388421052631578,-137.24000000000004,-1557.24,-36.11578947368422,14,0,14,2,18.288571428571423,,,14.48285714285714,97.0340174304189,7114.0,6903.0,8.8698199525084,2.9659825695811075,29.659825695811076,6.04441945459657,14.197357323587292,33.05751121541729,1.2240849772957951,32.44573908730156,27.5,41.2,9.728571428571428,-0.0999144614479129,5.771796929703007,5.771796929703007,46.8051570158421,0.0,100.0,0.0,1.0,70.87460466427912,4.423676908590151,71.4974156746032,46.3,86.5,29.699999999999992,-0.02285127264815221,13.37460466427912,13.37460466427912,54.9507638888892,0.0,64.28571428571429,0.0,1.0,32.383892898923776,33.4408815174654,100.0,9,242.75999999999996,0.0,3,0.0,0.0,114.74000000000001,0.6749411764705883,-55.25999999999999,242.75999999999996,0.6388421052631578,-137.24000000000004,,,,,,,128.01999999999995,18.288571428571423,,,,,later_cycle_audit
2026-3,Tags 2,21,2026-07-24,21,1440.0,519.8900000000001,800.0,0.6498625000000001,-280.1099999999999,-1280.11,-35.01374999999999,21,0,15,3,39.59000000000002,18.288571428571423,21.301428571428595,22.851904761904766,96.14843969637334,7114.0,6840.0,8.8698199525084,3.851560303626652,38.51560303626652,3.514197357323587,8.85577734045544,33.17130989890162,1.1449509023568882,33.70237042182847,27.5,41.2,9.670588235294117,-0.024275079905642843,6.641898134195736,6.641898134195736,69.9122682813275,0.0,100.0,0.0,0.8095238095238095,70.55451971357478,4.106331677957833,69.0607899436212,46.3,86.5,30.08235294117647,-0.09906432379457257,14.378049125339487,14.378049125339487,82.13313371975279,0.0,70.58823529411765,0.0,0.8095238095238095,32.489052116298,33.4408815174654,100.0,12,525.6266666666667,10.434961534295251,3,-5.736666666666565,0.0,114.74000000000001,0.6749411764705883,-55.25999999999999,242.75999999999996,0.6388421052631578,-137.24000000000004,519.8900000000001,0.6498625000000001,-280.1099999999999,,,,128.01999999999995,18.288571428571423,277.1300000000001,39.59000000000002,,,later_cycle_audit
2026-3,Tags 2,28,2026-07-31,28,1440.0,732.0,1200.0,0.61,-468.0,-1068.0,-39.0,28,0,16,4,30.301428571428556,39.59000000000002,-9.288571428571462,24.714285714285715,95.2628619623278,7114.0,6777.0,8.8698199525084,4.737138037672196,47.37138037672196,3.092493674444757,8.85577734045544,33.17130989890161,1.1449509023568882,,27.5,41.2,9.670588235294117,-0.024275079905642843,6.641898134195735,6.641898134195735,69.9122682813275,0.0,100.0,0.0,0.6071428571428571,70.55451971357478,4.106331677957833,,46.3,86.5,30.08235294117647,-0.09906432379457257,14.378049125339487,14.378049125339487,82.13313371975279,0.0,70.58823529411765,0.0,0.6071428571428571,32.489052116298,33.4408815174654,100.0,12,745.6666666666666,41.55585264302597,3,-13.666666666666629,0.0,114.74000000000001,0.6749411764705883,-55.25999999999999,242.75999999999996,0.6388421052631578,-137.24000000000004,519.8900000000001,0.6498625000000001,-280.1099999999999,732.0,0.61,-468.0,128.01999999999995,18.288571428571423,277.1300000000001,39.59000000000002,212.1099999999999,30.301428571428556,later_cycle_audit
2026-3,Tags 3,7,2026-07-10,7,1517.0,114.74000000000001,170.0,0.6749411764705883,-55.25999999999999,-1685.26,-32.50588235294117,7,0,7,1,,,,10.677142857142858,98.53002939941202,7143.0,7038.0,8.873888135154973,1.4699706005879882,14.699706005879884,5.319893602127958,14.699706005879884,33.9613806228422,0.8277578908887401,33.9613806228422,27.3,43.0,11.514285714285714,-0.18780919340894606,4.818523479985056,4.818523479985056,19.729664359895395,0.0,100.0,0.0,1.0,63.20399305555549,4.7376136727234295,63.20399305555549,0.0,86.6,50.1,-2.2140562996031514,3.2039930555555003,4.923516865079329,0.0,6.018333333333402,0.0,42.857142857142854,1.0,33.084549505506956,33.82833220887478,100.0,0,114.74000000000001,0.0,3,0.0,0.0,114.74000000000001,0.6749411764705883,-55.25999999999999,,,,,,,,,,,,,,,,later_cycle_audit
2026-3,Tags 3,14,2026-07-17,14,1517.0,242.75999999999996,380.0,0.6388421052631578,-137.24000000000004,-1557.24,-36.11578947368422,14,0,14,2,18.288571428571423,,,14.48285714285714,97.13005739885202,7143.0,6938.0,8.873888135154973,2.869942601147977,28.699426011479773,4.899902001959961,13.999720005599888,33.52497106538938,1.1486966732863102,33.088561507936554,27.3,43.0,11.092857142857143,-0.05179937439597074,6.239256779675094,6.239256779675094,53.3495949154513,0.0,100.0,0.0,1.0,65.0105059523809,5.07451101419618,66.8170188492063,0.0,86.6,45.142857142857146,0.08077029914530927,7.510505952380906,8.37026785714282,18.92395833333309,6.018333333333402,35.714285714285715,21.428571428571427,1.0,32.69911558443591,33.82833220887478,100.0,5,242.75999999999996,0.0,3,0.0,0.0,114.74000000000001,0.6749411764705883,-55.25999999999999,242.75999999999996,0.6388421052631578,-137.24000000000004,,,,,,,128.01999999999995,18.288571428571423,,,,,later_cycle_audit
2026-3,Tags 3,21,2026-07-24,21,1517.0,540.27,800.0,0.6753374999999999,-259.73,-1259.73,-32.46625,21,0,15,3,42.50142857142857,18.288571428571423,24.212857142857146,23.82238095238095,96.34607307853842,7143.0,6882.0,8.873888135154973,3.653926921461571,36.53926921461571,2.659946801063979,7.8398432031359375,33.646044390451365,1.0808569940073198,34.21105324074066,27.3,43.0,11.029411764705882,0.004903152114825388,7.1166326257454875,7.1166326257454875,77.98275463767328,0.0,100.0,0.0,0.8095238095238095,65.34132868745596,4.6822097796448485,66.88516811780617,0.0,86.6,42.95882352941176,0.14215262484916982,9.164858099220657,9.87289731490694,39.5794626867516,6.018333333333402,47.05882352941176,17.647058823529413,0.8095238095238095,32.82764606883967,33.82833220887478,100.0,8,525.6266666666667,10.434961534295251,3,14.643333333333317,0.0,114.74000000000001,0.6749411764705883,-55.25999999999999,242.75999999999996,0.6388421052631578,-137.24000000000004,540.27,0.6753374999999999,-259.73,,,,128.01999999999995,18.288571428571423,297.51,42.50142857142857,,,later_cycle_audit
2026-3,Tags 3,28,2026-07-31,28,1517.0,703.0,1200.0,0.5858333333333333,-497.0,-1097.0,-41.41666666666667,28,0,16,4,23.247142857142858,42.50142857142857,-19.25428571428571,23.678571428571427,95.66008679826403,7143.0,6833.0,8.873888135154973,4.339913201735966,43.399132017359655,2.3799524009519812,6.859862802743946,33.646044390451365,1.0808569940073198,,27.3,43.0,11.029411764705882,0.004903152114825388,7.1166326257454875,7.1166326257454875,77.9827546376733,0.0,100.0,0.0,0.6071428571428571,65.34132868745596,4.6822097796448485,,0.0,86.6,42.95882352941176,0.14215262484916982,9.164858099220659,9.872897314906941,39.5794626867516,6.018333333333402,47.05882352941176,17.647058823529413,0.6071428571428571,32.82764606883967,33.82833220887478,100.0,8,745.6666666666666,41.55585264302597,3,-42.66666666666663,0.0,114.74000000000001,0.6749411764705883,-55.25999999999999,242.75999999999996,0.6388421052631578,-137.24000000000004,540.27,0.6753374999999999,-259.73,703.0,0.5858333333333333,-497.0,128.01999999999995,18.288571428571423,297.51,42.50142857142857,162.73000000000002,23.247142857142858,later_cycle_audit
