candidate,validation_view,held_out_group,cycle_id,building_id,review_day,as_of_date,actual,predicted,error,seed
current_survival,cycle,2025-2,2025-2,Tags 1,7,2025-04-04,0.877058823529412,0.9782352941176471,0.10117647058823509,20260812
current_survival,cycle,2025-2,2025-2,Tags 1,14,2025-04-11,0.877058823529412,0.9697058823529412,0.0926470588235292,20260812
current_survival,cycle,2025-2,2025-2,Tags 1,21,2025-04-18,0.877058823529412,0.9589705882352941,0.08191176470588213,20260812
current_survival,cycle,2025-2,2025-2,Tags 1,28,2025-04-25,0.877058823529412,0.9379411764705883,0.060882352941176276,20260812
current_survival,cycle,2025-2,2025-2,Tags 2,7,2025-04-04,0.815147058823529,0.9833823529411765,0.16823529411764748,20260812
current_survival,cycle,2025-2,2025-2,Tags 2,14,2025-04-11,0.815147058823529,0.9741176470588235,0.15897058823529453,20260812
current_survival,cycle,2025-2,2025-2,Tags 2,21,2025-04-18,0.815147058823529,0.9644117647058823,0.1492647058823533,20260812
current_survival,cycle,2025-2,2025-2,Tags 2,28,2025-04-25,0.815147058823529,0.945735294117647,0.130588235294118,20260812
current_survival,cycle,2025-2,2025-2,Tags 3,7,2025-04-04,0.889705882352941,0.9855882352941177,0.09588235294117664,20260812
current_survival,cycle,2025-2,2025-2,Tags 3,14,2025-04-11,0.889705882352941,0.9755882352941176,0.08588235294117663,20260812
current_survival,cycle,2025-2,2025-2,Tags 3,21,2025-04-18,0.889705882352941,0.9675,0.07779411764705901,20260812
current_survival,cycle,2025-2,2025-2,Tags 3,28,2025-04-25,0.889705882352941,0.9526470588235294,0.06294117647058839,20260812
current_survival,cycle,2025-3,2025-3,Lags 1,7,2025-07-16,0.900035637918746,0.9863684960798289,0.08633285816108294,20260812
current_survival,cycle,2025-3,2025-3,Lags 1,14,2025-07-23,0.900035637918746,0.9731824661439772,0.07314682822523122,20260812
current_survival,cycle,2025-3,2025-3,Lags 1,21,2025-07-30,0.900035637918746,0.9610655737704918,0.061029935851745876,20260812
current_survival,cycle,2025-3,2025-3,Lags 1,28,2025-08-06,0.900035637918746,0.9391482537419815,0.03911261582323555,20260812
current_survival,cycle,2025-3,2025-3,Lags 2,7,2025-07-22,0.907909090909091,0.9796363636363636,0.07172727272727264,20260812
current_survival,cycle,2025-3,2025-3,Lags 2,14,2025-07-29,0.907909090909091,0.9653636363636363,0.057454545454545314,20260812
current_survival,cycle,2025-3,2025-3,Lags 2,21,2025-08-05,0.907909090909091,0.9548181818181818,0.04690909090909079,20260812
current_survival,cycle,2025-3,2025-3,Lags 2,28,2025-08-12,0.907909090909091,0.9354545454545454,0.02754545454545443,20260812
current_survival,cycle,2025-3,2025-3,Tags 1,7,2025-06-20,0.938071780436312,0.9883180858550317,0.05024630541871966,20260812
current_survival,cycle,2025-3,2025-3,Tags 1,14,2025-06-27,0.938071780436312,0.9808585503166783,0.04278676988036634,20260812
current_survival,cycle,2025-3,2025-3,Tags 1,21,2025-07-04,0.938071780436312,0.9725545390570021,0.03448275862069006,20260812
current_survival,cycle,2025-3,2025-3,Tags 1,28,2025-07-11,0.938071780436312,0.957353976073188,0.019282195636875943,20260812
current_survival,cycle,2025-3,2025-3,Tags 2,7,2025-06-20,0.931068232662192,0.9842002237136466,0.05313199105145461,20260812
current_survival,cycle,2025-3,2025-3,Tags 2,14,2025-06-27,0.931068232662192,0.9744127516778524,0.04334451901566039,20260812
current_survival,cycle,2025-3,2025-3,Tags 2,21,2025-07-04,0.931068232662192,0.9663031319910514,0.03523489932885948,20260812
current_survival,cycle,2025-3,2025-3,Tags 2,28,2025-07-11,0.931068232662192,0.9512024608501118,0.020134228187919878,20260812
current_survival,cycle,2025-3,2025-3,Tags 3,7,2025-06-20,0.944997895327627,0.9891960151536411,0.04419811982601407,20260812
current_survival,cycle,2025-3,2025-3,Tags 3,14,2025-06-27,0.944997895327627,0.9831626210186615,0.03816472569103446,20260812
current_survival,cycle,2025-3,2025-3,Tags 3,21,2025-07-04,0.944997895327627,0.9767082924091484,0.031710397081521347,20260812
current_survival,cycle,2025-3,2025-3,Tags 3,28,2025-07-11,0.944997895327627,0.963799635190122,0.018801739862495004,20260812
current_survival,cycle,2025-4,2025-4,Lags 1,7,2025-10-03,0.929637907912383,0.9837282074206527,0.05409029950826971,20260812
current_survival,cycle,2025-4,2025-4,Lags 1,14,2025-10-10,0.929637907912383,0.9754135002235136,0.0457755923111306,20260812
current_survival,cycle,2025-4,2025-4,Lags 1,21,2025-10-17,0.929637907912383,0.9677246312025034,0.03808672329012042,20260812
current_survival,cycle,2025-4,2025-4,Lags 1,28,2025-10-24,0.929637907912383,0.9552972731336612,0.025659365221278208,20260812
current_survival,cycle,2025-4,2025-4,Lags 2,7,2025-10-03,0.933690795352994,0.9857908847184986,0.05210008936550459,20260812
current_survival,cycle,2025-4,2025-4,Lags 2,14,2025-10-10,0.933690795352994,0.9763181411974977,0.04262734584450367,20260812
current_survival,cycle,2025-4,2025-4,Lags 2,21,2025-10-17,0.933690795352994,0.9689901697944593,0.03529937444146525,20260812
current_survival,cycle,2025-4,2025-4,Lags 2,28,2025-10-24,0.933690795352994,0.9567470956210903,0.02305630026809624,20260812
current_survival,cycle,2025-4,2025-4,Tags 1,7,2025-09-02,0.901692071039016,0.9769263040134247,0.07523423297440868,20260812
current_survival,cycle,2025-4,2025-4,Tags 1,14,2025-09-09,0.901692071039016,0.9619633617675849,0.06027129072856885,20260812
current_survival,cycle,2025-4,2025-4,Tags 1,21,2025-09-16,0.901692071039016,0.9503565934834289,0.04866452244441288,20260812
current_survival,cycle,2025-4,2025-4,Tags 1,28,2025-09-23,0.901692071039016,0.9291008250594323,0.027408754020416204,20260812
current_survival,cycle,2025-4,2025-4,Tags 2,7,2025-09-02,0.922234699606962,0.9865244244806288,0.0642897248736668,20260812
current_survival,cycle,2025-4,2025-4,Tags 2,14,2025-09-09,0.922234699606962,0.976137001684447,0.05390230207748492,20260812
current_survival,cycle,2025-4,2025-4,Tags 2,21,2025-09-16,0.922234699606962,0.9653284671532847,0.04309376754632266,20260812
current_survival,cycle,2025-4,2025-4,Tags 2,28,2025-09-23,0.922234699606962,0.9460976979225154,0.023862998315553385,20260812
current_survival,cycle,2025-4,2025-4,Tags 3,7,2025-09-02,0.935113970074116,0.9900713186966857,0.054957348622569735,20260812
current_survival,cycle,2025-4,2025-4,Tags 3,14,2025-09-09,0.935113970074116,0.9807019997203188,0.04558802964620279,20260812
current_survival,cycle,2025-4,2025-4,Tags 3,21,2025-09-16,0.935113970074116,0.9703537966717941,0.0352398265976781,20260812
current_survival,cycle,2025-4,2025-4,Tags 3,28,2025-09-23,0.935113970074116,0.9527338833729548,0.01761991329883883,20260812
current_survival,cycle,2025-5,2025-5,Lags 1,7,2025-12-17,0.922603655818101,0.9893000445831476,0.06669638876504658,20260812
current_survival,cycle,2025-5,2025-5,Lags 1,14,2025-12-24,0.922603655818101,0.9821667409719126,0.05956308515381159,20260812
current_survival,cycle,2025-5,2025-5,Lags 1,21,2025-12-31,0.922603655818101,0.9750334373606777,0.052429781542576714,20260812
current_survival,cycle,2025-5,2025-5,Lags 1,28,2026-01-07,0.922603655818101,0.9691484618814088,0.0465448060633078,20260812
current_survival,cycle,2025-5,2025-5,Lags 2,7,2025-12-24,0.905545454545454,0.9861818181818182,0.08063636363636417,20260812
current_survival,cycle,2025-5,2025-5,Lags 2,14,2025-12-31,0.905545454545454,0.9765454545454545,0.07100000000000051,20260812
current_survival,cycle,2025-5,2025-5,Lags 2,21,2026-01-07,0.905545454545454,0.9668181818181818,0.06127272727272781,20260812
current_survival,cycle,2025-5,2025-5,Lags 2,28,2026-01-14,0.905545454545454,0.9588181818181818,0.053272727272727805,20260812
current_survival,cycle,2025-5,2025-5,Lags 3,7,2026-01-02,0.921891891891892,0.9861261261261262,0.06423423423423413,20260812
current_survival,cycle,2025-5,2025-5,Lags 3,14,2026-01-09,0.921891891891892,0.9757657657657658,0.05387387387387377,20260812
current_survival,cycle,2025-5,2025-5,Lags 3,21,2026-01-16,0.921891891891892,0.968018018018018,0.04612612612612599,20260812
current_survival,cycle,2025-5,2025-5,Lags 3,28,2026-01-23,0.921891891891892,0.9563963963963964,0.034504504504504374,20260812
current_survival,cycle,2025-5,2025-5,Tags 1,7,2025-11-18,0.952702702702703,0.9900056306306306,0.037302927927927665,20260812
current_survival,cycle,2025-5,2025-5,Tags 1,14,2025-11-25,0.952702702702703,0.9824042792792793,0.02970157657657635,20260812
current_survival,cycle,2025-5,2025-5,Tags 1,21,2025-12-02,0.952702702702703,0.9749436936936937,0.02224099099099075,20260812
current_survival,cycle,2025-5,2025-5,Tags 1,28,2025-12-09,0.952702702702703,0.9686092342342343,0.01590653153153132,20260812
current_survival,cycle,2025-5,2025-5,Tags 2,7,2025-11-18,0.954866008462624,0.9922425952045134,0.03737658674188937,20260812
current_survival,cycle,2025-5,2025-5,Tags 2,14,2025-11-25,0.954866008462624,0.9854724964739069,0.03060648801128285,20260812
current_survival,cycle,2025-5,2025-5,Tags 2,21,2025-12-02,0.954866008462624,0.9784203102961918,0.02355430183356777,20260812
current_survival,cycle,2025-5,2025-5,Tags 2,28,2025-12-09,0.954866008462624,0.9724964739069112,0.017630465444287147,20260812
current_survival,cycle,2025-5,2025-5,Tags 3,7,2025-11-18,0.952936218038775,0.9908682214105086,0.037932003371733525,20260812
current_survival,cycle,2025-5,2025-5,Tags 3,14,2025-11-25,0.952936218038775,0.9853891542568137,0.032452936218038686,20260812
current_survival,cycle,2025-5,2025-5,Tags 3,21,2025-12-02,0.952936218038775,0.9780837313852205,0.025147513346445494,20260812
current_survival,cycle,2025-5,2025-5,Tags 3,28,2025-12-09,0.952936218038775,0.9714807530205114,0.01854453498173636,20260812
current_survival,cycle,2026-1,2026-1,Lags 1,7,2026-03-12,0.908273221123876,0.9802297622228159,0.0719565410989399,20260812
current_survival,cycle,2026-1,2026-1,Lags 1,14,2026-03-19,0.908273221123876,0.9674948793303054,0.05922165820642944,20260812
current_survival,cycle,2026-1,2026-1,Lags 1,21,2026-03-26,0.908273221123876,0.9578769258170807,0.04960370469320474,20260812
current_survival,cycle,2026-1,2026-1,Lags 1,28,2026-04-02,0.908273221123876,0.9376614124142845,0.029388191290408483,20260812
current_survival,cycle,2026-1,2026-1,Lags 2,7,2026-03-20,0.870959099839257,0.9855331309162351,0.11457403107697806,20260812
current_survival,cycle,2026-1,2026-1,Lags 2,14,2026-03-27,0.870959099839257,0.9749062332559386,0.1039471334166816,20260812
current_survival,cycle,2026-1,2026-1,Lags 2,21,2026-04-03,0.870959099839257,0.9621360957313806,0.09117699589212358,20260812
current_survival,cycle,2026-1,2026-1,Lags 2,28,2026-04-10,0.870959099839257,0.9352562957671012,0.06429719592784422,20260812
current_survival,cycle,2026-1,2026-1,Lags 3,7,2026-03-27,0.909626193237577,0.9834061914532964,0.07377999821571946,20260812
current_survival,cycle,2026-1,2026-1,Lags 3,14,2026-04-03,0.909626193237577,0.9660094566865911,0.05638326344901412,20260812
current_survival,cycle,2026-1,2026-1,Lags 3,21,2026-04-10,0.909626193237577,0.9569096261932376,0.04728343295566062,20260812
current_survival,cycle,2026-1,2026-1,Lags 3,28,2026-04-17,0.909626193237577,0.9374609688643055,0.027834775626728536,20260812
current_survival,cycle,2026-1,2026-1,Tags 1,7,2026-02-06,0.934082923401265,0.9898805340829234,0.05579761068165845,20260812
current_survival,cycle,2026-1,2026-1,Tags 1,14,2026-02-13,0.934082923401265,0.9800421644413212,0.04595924104005622,20260812
current_survival,cycle,2026-1,2026-1,Tags 1,21,2026-02-20,0.934082923401265,0.9730147575544624,0.03893183415319745,20260812
current_survival,cycle,2026-1,2026-1,Tags 1,28,2026-02-27,0.934082923401265,0.9593815881939565,0.025298664792691494,20260812
current_survival,cycle,2026-1,2026-1,Tags 2,7,2026-02-06,0.932032017975004,0.9903103496699902,0.058278331694986196,20260812
current_survival,cycle,2026-1,2026-1,Tags 2,14,2026-02-13,0.932032017975004,0.9809015587698356,0.048869540794831634,20260812
current_survival,cycle,2026-1,2026-1,Tags 2,21,2026-02-20,0.932032017975004,0.9731779244488133,0.041145906473809335,20260812
current_survival,cycle,2026-1,2026-1,Tags 2,28,2026-02-27,0.932032017975004,0.9582923746664794,0.026260356691475417,20260812
current_survival,cycle,2026-1,2026-1,Tags 3,7,2026-02-06,0.935176090921846,0.9893363266451523,0.054160235723306305,20260812
current_survival,cycle,2026-1,2026-1,Tags 3,14,2026-02-13,0.935176090921846,0.980917637154483,0.04574154623263704,20260812
current_survival,cycle,2026-1,2026-1,Tags 3,21,2026-02-20,0.935176090921846,0.973761751087414,0.03858566016556808,20260812
current_survival,cycle,2026-1,2026-1,Tags 3,28,2026-02-27,0.935176090921846,0.9597306019362986,0.024554511014452607,20260812
current_survival,cycle,2026-2,2026-2,Lags 1,7,2026-06-08,0.91295799821269,0.9891867739052725,0.07622877569258257,20260812
current_survival,cycle,2026-2,2026-2,Lags 1,14,2026-06-15,0.91295799821269,0.9792672028596962,0.06630920464700618,20260812
current_survival,cycle,2026-2,2026-2,Lags 1,21,2026-06-22,0.91295799821269,0.9700625558534406,0.05710455764075062,20260812
current_survival,cycle,2026-2,2026-2,Lags 1,28,2026-06-29,0.91295799821269,0.9502234137622878,0.037265415549597836,20260812
current_survival,cycle,2026-2,2026-2,Lags 2,7,2026-06-16,0.903217158176944,0.987846291331546,0.08462913315460197,20260812
current_survival,cycle,2026-2,2026-2,Lags 2,14,2026-06-23,0.903217158176944,0.9772117962466488,0.07399463806970474,20260812
current_survival,cycle,2026-2,2026-2,Lags 2,21,2026-06-30,0.903217158176944,0.9644325290437891,0.06121537086684503,20260812
current_survival,cycle,2026-2,2026-2,Lags 2,28,2026-07-07,0.903217158176944,0.9411081322609472,0.037890974084003215,20260812
current_survival,cycle,2026-2,2026-2,Lags 3,7,2026-06-22,0.827226531158064,0.985914237318356,0.15868770616029204,20260812
current_survival,cycle,2026-2,2026-2,Lags 3,14,2026-06-29,0.827226531158064,0.9602389230632077,0.1330123919051437,20260812
current_survival,cycle,2026-2,2026-2,Lags 3,21,2026-07-06,0.827226531158064,0.9484710706962646,0.12124453953820058,20260812
current_survival,cycle,2026-2,2026-2,Lags 3,28,2026-07-13,0.827226531158064,0.912989212801997,0.08576268164393297,20260812
current_survival,cycle,2026-2,2026-2,Tags 1,7,2026-04-25,0.892746183979468,0.9877076860732136,0.09496150209374554,20260812
current_survival,cycle,2026-2,2026-2,Tags 1,14,2026-05-02,0.892746183979468,0.9804133459408348,0.08766716196136681,20260812
current_survival,cycle,2026-2,2026-2,Tags 1,21,2026-05-09,0.892746183979468,0.9748750506551398,0.08212886667567176,20260812
current_survival,cycle,2026-2,2026-2,Tags 1,28,2026-05-16,0.892746183979468,0.9619073348642442,0.06916115088477615,20260812
current_survival,cycle,2026-2,2026-2,Tags 2,7,2026-04-25,0.884097035040431,0.988544474393531,0.10444743935309997,20260812
current_survival,cycle,2026-2,2026-2,Tags 2,14,2026-05-02,0.884097035040431,0.9792452830188679,0.0951482479784369,20260812
current_survival,cycle,2026-2,2026-2,Tags 2,21,2026-05-09,0.884097035040431,0.9731805929919137,0.0890835579514827,20260812
current_survival,cycle,2026-2,2026-2,Tags 2,28,2026-05-16,0.884097035040431,0.9594339622641509,0.07533692722371987,20260812
current_survival,cycle,2026-2,2026-2,Tags 3,7,2026-04-25,0.898105548037889,0.9867388362652233,0.0886332882273343,20260812
current_survival,cycle,2026-2,2026-2,Tags 3,14,2026-05-02,0.898105548037889,0.9776725304465493,0.07956698240866034,20260812
current_survival,cycle,2026-2,2026-2,Tags 3,21,2026-05-09,0.898105548037889,0.9722598105548038,0.07415426251691482,20260812
current_survival,cycle,2026-2,2026-2,Tags 3,28,2026-05-16,0.898105548037889,0.9600811907983762,0.06197564276048717,20260812
age_band_remaining_loss,cycle,2025-2,2025-2,Tags 1,7,2025-04-04,0.877058823529412,0.9079988176755255,0.03093999414611348,20260812
age_band_remaining_loss,cycle,2025-2,2025-2,Tags 1,14,2025-04-11,0.877058823529412,0.9098458495380026,0.032787026008590625,20260812
age_band_remaining_loss,cycle,2025-2,2025-2,Tags 1,21,2025-04-18,0.877058823529412,0.9078212515657309,0.0307624280363189,20260812
age_band_remaining_loss,cycle,2025-2,2025-2,Tags 1,28,2025-04-25,0.877058823529412,0.902444261382432,0.025385437853019943,20260812
age_band_remaining_loss,cycle,2025-2,2025-2,Tags 2,7,2025-04-04,0.815147058823529,0.9131458764990549,0.09799881767552587,20260812
age_band_remaining_loss,cycle,2025-2,2025-2,Tags 2,14,2025-04-11,0.815147058823529,0.914257614243885,0.09911055542035596,20260812
age_band_remaining_loss,cycle,2025-2,2025-2,Tags 2,21,2025-04-18,0.815147058823529,0.9132624280363191,0.09811536921279007,20260812
age_band_remaining_loss,cycle,2025-2,2025-2,Tags 2,28,2025-04-25,0.815147058823529,0.9102383790294907,0.09509132020596167,20260812
age_band_remaining_loss,cycle,2025-2,2025-2,Tags 3,7,2025-04-04,0.889705882352941,0.915351758851996,0.02564587649905503,20260812
age_band_remaining_loss,cycle,2025-2,2025-2,Tags 3,14,2025-04-11,0.889705882352941,0.9157282024791791,0.026022320126238063,20260812
age_band_remaining_loss,cycle,2025-2,2025-2,Tags 3,21,2025-04-18,0.889705882352941,0.9163506633304368,0.026644780977495786,20260812
age_band_remaining_loss,cycle,2025-2,2025-2,Tags 3,28,2025-04-25,0.889705882352941,0.9171501437353731,0.027444261382432056,20260812
age_band_remaining_loss,cycle,2025-3,2025-3,Lags 1,7,2025-07-16,0.900035637918746,0.9084346918166781,0.008399053897932163,20260812
age_band_remaining_loss,cycle,2025-3,2025-3,Lags 1,14,2025-07-23,0.900035637918746,0.9055407918919985,0.0055051539732525745,20260812
age_band_remaining_loss,cycle,2025-3,2025-3,Lags 1,21,2025-07-30,0.900035637918746,0.902150768647755,0.0021151307290090404,20260812
age_band_remaining_loss,cycle,2025-3,2025-3,Lags 1,28,2025-08-06,0.900035637918746,0.89593867092974,-0.004096966989005968,20260812
age_band_remaining_loss,cycle,2025-3,2025-3,Lags 2,7,2025-07-22,0.907909090909091,0.9017025593732129,-0.006206531535878135,20260812
age_band_remaining_loss,cycle,2025-3,2025-3,Lags 2,14,2025-07-29,0.907909090909091,0.8977219621116577,-0.010187128797433331,20260812
age_band_remaining_loss,cycle,2025-3,2025-3,Lags 2,21,2025-08-05,0.907909090909091,0.895903376695445,-0.012005714213646046,20260812
age_band_remaining_loss,cycle,2025-3,2025-3,Lags 2,28,2025-08-12,0.907909090909091,0.8922449626423039,-0.015664128266787092,20260812
age_band_remaining_loss,cycle,2025-3,2025-3,Tags 1,7,2025-06-20,0.938071780436312,0.910384281591881,-0.027687498844431002,20260812
age_band_remaining_loss,cycle,2025-3,2025-3,Tags 1,14,2025-06-27,0.938071780436312,0.9132168760646997,-0.024854904371612307,20260812
age_band_remaining_loss,cycle,2025-3,2025-3,Tags 1,21,2025-07-04,0.938071780436312,0.9136397339342652,-0.024432046502046778,20260812
age_band_remaining_loss,cycle,2025-3,2025-3,Tags 1,28,2025-07-11,0.938071780436312,0.9141443932609464,-0.023927387175365578,20260812
age_band_remaining_loss,cycle,2025-3,2025-3,Tags 2,7,2025-06-20,0.931068232662192,0.9062664194504959,-0.024801813211696055,20260812
age_band_remaining_loss,cycle,2025-3,2025-3,Tags 2,14,2025-06-27,0.931068232662192,0.9067710774258737,-0.024297155236318257,20260812
age_band_remaining_loss,cycle,2025-3,2025-3,Tags 2,21,2025-07-04,0.931068232662192,0.9073883268683146,-0.023679905793877354,20260812
age_band_remaining_loss,cycle,2025-3,2025-3,Tags 2,28,2025-07-11,0.931068232662192,0.9079928780378703,-0.023075354624321642,20260812
age_band_remaining_loss,cycle,2025-3,2025-3,Tags 3,7,2025-06-20,0.944997895327627,0.9112622108904904,-0.03373568443713659,20260812
age_band_remaining_loss,cycle,2025-3,2025-3,Tags 3,14,2025-06-27,0.944997895327627,0.9155209467666828,-0.029476948560944183,20260812
age_band_remaining_loss,cycle,2025-3,2025-3,Tags 3,21,2025-07-04,0.944997895327627,0.9177934872864115,-0.02720440804121549,20260812
age_band_remaining_loss,cycle,2025-3,2025-3,Tags 3,28,2025-07-11,0.944997895327627,0.9205900523778805,-0.024407842949746517,20260812
age_band_remaining_loss,cycle,2025-4,2025-4,Lags 1,7,2025-10-03,0.929637907912383,0.9056034473174972,-0.024034460594885787,20260812
age_band_remaining_loss,cycle,2025-4,2025-4,Lags 1,14,2025-10-10,0.929637907912383,0.9075128710615755,-0.022125036850807467,20260812
age_band_remaining_loss,cycle,2025-4,2025-4,Lags 1,21,2025-10-17,0.929637907912383,0.9084643311770009,-0.021173576735382116,20260812
age_band_remaining_loss,cycle,2025-4,2025-4,Lags 1,28,2025-10-24,0.929637907912383,0.9118081171317352,-0.017829790780647836,20260812
age_band_remaining_loss,cycle,2025-4,2025-4,Lags 2,7,2025-10-03,0.933690795352994,0.9076661246153431,-0.026024670737650912,20260812
age_band_remaining_loss,cycle,2025-4,2025-4,Lags 2,14,2025-10-10,0.933690795352994,0.9084175120355596,-0.025273283317434392,20260812
age_band_remaining_loss,cycle,2025-4,2025-4,Lags 2,21,2025-10-17,0.933690795352994,0.9097298697689568,-0.023960925584037285,20260812
age_band_remaining_loss,cycle,2025-4,2025-4,Lags 2,28,2025-10-24,0.933690795352994,0.9132579396191642,-0.020432855733829802,20260812
age_band_remaining_loss,cycle,2025-4,2025-4,Tags 1,7,2025-09-02,0.901692071039016,0.8988015439102692,-0.0028905271287468226,20260812
age_band_remaining_loss,cycle,2025-4,2025-4,Tags 1,14,2025-09-09,0.901692071039016,0.8940627326056468,-0.007629338433369215,20260812
age_band_remaining_loss,cycle,2025-4,2025-4,Tags 1,21,2025-09-16,0.901692071039016,0.8910962934579264,-0.01059577758108965,20260812
age_band_remaining_loss,cycle,2025-4,2025-4,Tags 1,28,2025-09-23,0.901692071039016,0.8856116690575062,-0.01608040198150984,20260812
age_band_remaining_loss,cycle,2025-4,2025-4,Tags 2,7,2025-09-02,0.922234699606962,0.9083996643774733,-0.013835035229488701,20260812
age_band_remaining_loss,cycle,2025-4,2025-4,Tags 2,14,2025-09-09,0.922234699606962,0.9082363725225089,-0.013998327084453144,20260812
age_band_remaining_loss,cycle,2025-4,2025-4,Tags 2,21,2025-09-16,0.922234699606962,0.9060681671277822,-0.016166532479179874,20260812
age_band_remaining_loss,cycle,2025-4,2025-4,Tags 2,28,2025-09-23,0.922234699606962,0.9026085419205894,-0.01962615768637266,20260812
age_band_remaining_loss,cycle,2025-4,2025-4,Tags 3,7,2025-09-02,0.935113970074116,0.9119465585935302,-0.023167411480585764,20260812
age_band_remaining_loss,cycle,2025-4,2025-4,Tags 3,14,2025-09-09,0.935113970074116,0.9128013705583807,-0.022312599515735276,20260812
age_band_remaining_loss,cycle,2025-4,2025-4,Tags 3,21,2025-09-16,0.935113970074116,0.9110934966462916,-0.02402047342782443,20260812
age_band_remaining_loss,cycle,2025-4,2025-4,Tags 3,28,2025-09-23,0.935113970074116,0.9092447273710288,-0.025869242703087214,20260812
age_band_remaining_loss,cycle,2025-5,2025-5,Lags 1,7,2025-12-17,0.922603655818101,0.9089905664491769,-0.013613089368924136,20260812
age_band_remaining_loss,cycle,2025-5,2025-5,Lags 1,14,2025-12-24,0.922603655818101,0.9127114226125247,-0.009892233205576306,20260812
age_band_remaining_loss,cycle,2025-5,2025-5,Lags 1,21,2025-12-31,0.922603655818101,0.9146182144058524,-0.00798544141224855,20260812
age_band_remaining_loss,cycle,2025-5,2025-5,Lags 1,28,2026-01-07,0.922603655818101,0.9266715891863622,0.004067933368261167,20260812
age_band_remaining_loss,cycle,2025-5,2025-5,Lags 2,7,2025-12-24,0.905545454545454,0.9058723400478474,0.00032688550239345915,20260812
age_band_remaining_loss,cycle,2025-5,2025-5,Lags 2,14,2025-12-31,0.905545454545454,0.9070901361860666,0.0015446816406126107,20260812
age_band_remaining_loss,cycle,2025-5,2025-5,Lags 2,21,2026-01-07,0.905545454545454,0.9064029588633565,0.0008575043179025466,20260812
age_band_remaining_loss,cycle,2025-5,2025-5,Lags 2,28,2026-01-14,0.905545454545454,0.9163413091231352,0.010795854577681174,20260812
age_band_remaining_loss,cycle,2025-5,2025-5,Lags 3,7,2026-01-02,0.921891891891892,0.9058166479921554,-0.01607524389973658,20260812
age_band_remaining_loss,cycle,2025-5,2025-5,Lags 3,14,2026-01-09,0.921891891891892,0.9063104474063779,-0.015581444485514129,20260812
age_band_remaining_loss,cycle,2025-5,2025-5,Lags 3,21,2026-01-16,0.921891891891892,0.9076027950631927,-0.014289096828699277,20260812
age_band_remaining_loss,cycle,2025-5,2025-5,Lags 3,28,2026-01-23,0.921891891891892,0.9139195237013498,-0.007972368190542256,20260812
age_band_remaining_loss,cycle,2025-5,2025-5,Tags 1,7,2025-11-18,0.952702702702703,0.9096961524966599,-0.04300655020604305,20260812
age_band_remaining_loss,cycle,2025-5,2025-5,Tags 1,14,2025-11-25,0.952702702702703,0.9129489609198914,-0.03975374178281155,20260812
age_band_remaining_loss,cycle,2025-5,2025-5,Tags 1,21,2025-12-02,0.952702702702703,0.9145284707388684,-0.038174231963834515,20260812
age_band_remaining_loss,cycle,2025-5,2025-5,Tags 1,28,2025-12-09,0.952702702702703,0.9261323615391877,-0.02657034116351531,20260812
age_band_remaining_loss,cycle,2025-5,2025-5,Tags 2,7,2025-11-18,0.954866008462624,0.9119331170705427,-0.04293289139208134,20260812
age_band_remaining_loss,cycle,2025-5,2025-5,Tags 2,14,2025-11-25,0.954866008462624,0.916017178114519,-0.038848830348105046,20260812
age_band_remaining_loss,cycle,2025-5,2025-5,Tags 2,21,2025-12-02,0.954866008462624,0.9180050873413665,-0.036860921121257495,20260812
age_band_remaining_loss,cycle,2025-5,2025-5,Tags 2,28,2025-12-09,0.954866008462624,0.9300196012118647,-0.024846407250759373,20260812
age_band_remaining_loss,cycle,2025-5,2025-5,Tags 3,7,2025-11-18,0.952936218038775,0.9105587432765379,-0.04237747476223719,20260812
age_band_remaining_loss,cycle,2025-5,2025-5,Tags 3,14,2025-11-25,0.952936218038775,0.9159338358974258,-0.03700238214134921,20260812
age_band_remaining_loss,cycle,2025-5,2025-5,Tags 3,21,2025-12-02,0.952936218038775,0.9176685084303953,-0.03526770960837977,20260812
age_band_remaining_loss,cycle,2025-5,2025-5,Tags 3,28,2025-12-09,0.952936218038775,0.9290038803254648,-0.02393233771331027,20260812
age_band_remaining_loss,cycle,2026-1,2026-1,Lags 1,7,2026-03-12,0.908273221123876,0.9040950138414209,-0.004178207282455104,20260812
age_band_remaining_loss,cycle,2026-1,2026-1,Lags 1,14,2026-03-19,0.908273221123876,0.9013565379031602,-0.0069166832207158135,20260812
age_band_remaining_loss,cycle,2026-1,2026-1,Lags 1,21,2026-03-26,0.908273221123876,0.9004999465911007,-0.0077732745327753205,20260812
age_band_remaining_loss,cycle,2026-1,2026-1,Lags 1,28,2026-04-02,0.908273221123876,0.8956337447410582,-0.012639476382817816,20260812
age_band_remaining_loss,cycle,2026-1,2026-1,Lags 2,7,2026-03-20,0.870959099839257,0.9093983825348401,0.038439282695583055,20260812
age_band_remaining_loss,cycle,2026-1,2026-1,Lags 2,14,2026-03-27,0.870959099839257,0.9087678918287934,0.03780879198953635,20260812
age_band_remaining_loss,cycle,2026-1,2026-1,Lags 2,21,2026-04-03,0.870959099839257,0.9047591165054005,0.03380001666614352,20260812
age_band_remaining_loss,cycle,2026-1,2026-1,Lags 2,28,2026-04-10,0.870959099839257,0.8932286280938749,0.02226952825461792,20260812
age_band_remaining_loss,cycle,2026-1,2026-1,Lags 3,7,2026-03-27,0.909626193237577,0.9072714430719014,-0.0023547501656755454,20260812
age_band_remaining_loss,cycle,2026-1,2026-1,Lags 3,14,2026-04-03,0.909626193237577,0.8998711152594459,-0.009755077978131133,20260812
age_band_remaining_loss,cycle,2026-1,2026-1,Lags 3,21,2026-04-10,0.909626193237577,0.8995326469672575,-0.010093546270319442,20260812
age_band_remaining_loss,cycle,2026-1,2026-1,Lags 3,28,2026-04-17,0.909626193237577,0.8954333011910792,-0.014192892046497763,20260812
age_band_remaining_loss,cycle,2026-1,2026-1,Tags 1,7,2026-02-06,0.934082923401265,0.9137457857015284,-0.02033713769973655,20260812
age_band_remaining_loss,cycle,2026-1,2026-1,Tags 1,14,2026-02-13,0.934082923401265,0.9139038230141759,-0.020179100387089033,20260812
age_band_remaining_loss,cycle,2026-1,2026-1,Tags 1,21,2026-02-20,0.934082923401265,0.9156377783284824,-0.01844514507278261,20260812
age_band_remaining_loss,cycle,2026-1,2026-1,Tags 1,28,2026-02-27,0.934082923401265,0.9173539205207302,-0.016729002880534805,20260812
age_band_remaining_loss,cycle,2026-1,2026-1,Tags 2,7,2026-02-06,0.932032017975004,0.9141756012885952,-0.017856416686408805,20260812
age_band_remaining_loss,cycle,2026-1,2026-1,Tags 2,14,2026-02-13,0.932032017975004,0.9147632173426904,-0.01726880063231362,20260812
age_band_remaining_loss,cycle,2026-1,2026-1,Tags 2,21,2026-02-20,0.932032017975004,0.9158009452228333,-0.016231072752170728,20260812
age_band_remaining_loss,cycle,2026-1,2026-1,Tags 2,28,2026-02-27,0.932032017975004,0.9162647069932531,-0.01576731098175088,20260812
age_band_remaining_loss,cycle,2026-1,2026-1,Tags 3,7,2026-02-06,0.935176090921846,0.9132015782637573,-0.021974512658088696,20260812
age_band_remaining_loss,cycle,2026-1,2026-1,Tags 3,14,2026-02-13,0.935176090921846,0.9147792957273377,-0.02039679519450821,20260812
age_band_remaining_loss,cycle,2026-1,2026-1,Tags 3,21,2026-02-20,0.935176090921846,0.916384771861434,-0.018791319060411982,20260812
age_band_remaining_loss,cycle,2026-1,2026-1,Tags 3,28,2026-02-27,0.935176090921846,0.9177029342630723,-0.017473156658773692,20260812
age_band_remaining_loss,cycle,2026-2,2026-2,Lags 1,7,2026-06-08,0.91295799821269,0.9202136693714803,0.007255671158790333,20260812
age_band_remaining_loss,cycle,2026-2,2026-2,Lags 1,14,2026-06-15,0.91295799821269,0.9201519111857777,0.0071939129730876905,20260812
age_band_remaining_loss,cycle,2026-2,2026-2,Lags 1,21,2026-06-22,0.91295799821269,0.9198137214617126,0.006855723249022616,20260812
age_band_remaining_loss,cycle,2026-2,2026-2,Lags 1,28,2026-06-29,0.91295799821269,0.9149861099611781,0.0020281117484881594,20260812
age_band_remaining_loss,cycle,2026-2,2026-2,Lags 2,7,2026-06-16,0.903217158176944,0.9188731867977538,0.015656028620809725,20260812
age_band_remaining_loss,cycle,2026-2,2026-2,Lags 2,14,2026-06-23,0.903217158176944,0.9180965045727303,0.014879346395786253,20260812
age_band_remaining_loss,cycle,2026-2,2026-2,Lags 2,21,2026-06-30,0.903217158176944,0.9141836946520611,0.010966536475117028,20260812
age_band_remaining_loss,cycle,2026-2,2026-2,Lags 2,28,2026-07-07,0.903217158176944,0.9058708284598376,0.002653670282893539,20260812
age_band_remaining_loss,cycle,2026-2,2026-2,Lags 3,7,2026-06-22,0.827226531158064,0.9169411327845638,0.0897146016264998,20260812
age_band_remaining_loss,cycle,2026-2,2026-2,Lags 3,14,2026-06-29,0.827226531158064,0.9011236313892892,0.0738971002312252,20260812
age_band_remaining_loss,cycle,2026-2,2026-2,Lags 3,21,2026-07-06,0.827226531158064,0.8982222363045366,0.07099570514647258,20260812
age_band_remaining_loss,cycle,2026-2,2026-2,Lags 3,28,2026-07-13,0.827226531158064,0.8777519090008873,0.050525377842823294,20260812
age_band_remaining_loss,cycle,2026-2,2026-2,Tags 1,7,2026-04-25,0.892746183979468,0.9187345815394213,0.025988397559953302,20260812
age_band_remaining_loss,cycle,2026-2,2026-2,Tags 1,14,2026-05-02,0.892746183979468,0.9212980542669164,0.028551870287448322,20260812
age_band_remaining_loss,cycle,2026-2,2026-2,Tags 1,21,2026-05-09,0.892746183979468,0.9246262162634118,0.03188003228394376,20260812
age_band_remaining_loss,cycle,2026-2,2026-2,Tags 1,28,2026-05-16,0.892746183979468,0.9266700310631345,0.03392384708366647,20260812
age_band_remaining_loss,cycle,2026-2,2026-2,Tags 2,7,2026-04-25,0.884097035040431,0.9195713698597388,0.03547433481930773,20260812
age_band_remaining_loss,cycle,2026-2,2026-2,Tags 2,14,2026-05-02,0.884097035040431,0.9201299913449494,0.036032956304518415,20260812
age_band_remaining_loss,cycle,2026-2,2026-2,Tags 2,21,2026-05-09,0.884097035040431,0.9229317586001857,0.0388347235597547,20260812
age_band_remaining_loss,cycle,2026-2,2026-2,Tags 2,28,2026-05-16,0.884097035040431,0.9241966584630412,0.0400996234226102,20260812
age_band_remaining_loss,cycle,2026-2,2026-2,Tags 3,7,2026-04-25,0.898105548037889,0.9177657317314311,0.019660183693542055,20260812
age_band_remaining_loss,cycle,2026-2,2026-2,Tags 3,14,2026-05-02,0.898105548037889,0.9185572387726308,0.020451690734741845,20260812
age_band_remaining_loss,cycle,2026-2,2026-2,Tags 3,21,2026-05-09,0.898105548037889,0.9220109761630758,0.02390542812518681,20260812
age_band_remaining_loss,cycle,2026-2,2026-2,Tags 3,28,2026-05-16,0.898105548037889,0.9248438869972665,0.026738338959377494,20260812
remaining_ridge_peer,cycle,2025-2,2025-2,Tags 1,7,2025-04-04,0.877058823529412,0.9101603183066392,0.033101494777227236,20260812
remaining_ridge_peer,cycle,2025-2,2025-2,Tags 1,14,2025-04-11,0.877058823529412,0.9239496352360828,0.046890811706670754,20260812
remaining_ridge_peer,cycle,2025-2,2025-2,Tags 1,21,2025-04-18,0.877058823529412,0.9160787005926625,0.0390198770632505,20260812
remaining_ridge_peer,cycle,2025-2,2025-2,Tags 1,28,2025-04-25,0.877058823529412,0.9078790186166268,0.030820195087214786,20260812
remaining_ridge_peer,cycle,2025-2,2025-2,Tags 2,7,2025-04-04,0.815147058823529,0.9178319787646938,0.1026849199411648,20260812
remaining_ridge_peer,cycle,2025-2,2025-2,Tags 2,14,2025-04-11,0.815147058823529,0.9286631208206022,0.1135160619970732,20260812
remaining_ridge_peer,cycle,2025-2,2025-2,Tags 2,21,2025-04-18,0.815147058823529,0.9250215028241019,0.10987444400057289,20260812
remaining_ridge_peer,cycle,2025-2,2025-2,Tags 2,28,2025-04-25,0.815147058823529,0.9187587801730375,0.10361172134950847,20260812
remaining_ridge_peer,cycle,2025-2,2025-2,Tags 3,7,2025-04-04,0.889705882352941,0.9240985607145757,0.03439267836163473,20260812
remaining_ridge_peer,cycle,2025-2,2025-2,Tags 3,14,2025-04-11,0.889705882352941,0.9302482809166424,0.04054239856370134,20260812
remaining_ridge_peer,cycle,2025-2,2025-2,Tags 3,21,2025-04-18,0.889705882352941,0.9309411404784499,0.04123525812550888,20260812
remaining_ridge_peer,cycle,2025-2,2025-2,Tags 3,28,2025-04-25,0.889705882352941,0.9292134970672306,0.03950761471428954,20260812
remaining_ridge_peer,cycle,2025-3,2025-3,Lags 1,7,2025-07-16,0.900035637918746,0.9035210943336767,0.003485456414930699,20260812
remaining_ridge_peer,cycle,2025-3,2025-3,Lags 1,14,2025-07-23,0.900035637918746,0.9068253093964539,0.006789671477707926,20260812
remaining_ridge_peer,cycle,2025-3,2025-3,Lags 1,21,2025-07-30,0.900035637918746,0.9062428623164063,0.006207224397660305,20260812
remaining_ridge_peer,cycle,2025-3,2025-3,Lags 1,28,2025-08-06,0.900035637918746,0.9053779290299757,0.005342291111229747,20260812
remaining_ridge_peer,cycle,2025-3,2025-3,Lags 2,7,2025-07-22,0.907909090909091,0.8967169639037273,-0.01119212700536365,20260812
remaining_ridge_peer,cycle,2025-3,2025-3,Lags 2,14,2025-07-29,0.907909090909091,0.8945044287840691,-0.013404662125021893,20260812
remaining_ridge_peer,cycle,2025-3,2025-3,Lags 2,21,2025-08-05,0.907909090909091,0.9010176133278434,-0.00689147758124764,20260812
remaining_ridge_peer,cycle,2025-3,2025-3,Lags 2,28,2025-08-12,0.907909090909091,0.9015094801122686,-0.006399610796822386,20260812
remaining_ridge_peer,cycle,2025-3,2025-3,Tags 1,7,2025-06-20,0.938071780436312,0.9107417038247695,-0.02733007661154252,20260812
remaining_ridge_peer,cycle,2025-3,2025-3,Tags 1,14,2025-06-27,0.938071780436312,0.914174220367675,-0.02389756006863697,20260812
remaining_ridge_peer,cycle,2025-3,2025-3,Tags 1,21,2025-07-04,0.938071780436312,0.9103424312591533,-0.027729349177158746,20260812
remaining_ridge_peer,cycle,2025-3,2025-3,Tags 1,28,2025-07-11,0.938071780436312,0.9100822532469491,-0.027989527189362873,20260812
remaining_ridge_peer,cycle,2025-3,2025-3,Tags 2,7,2025-06-20,0.931068232662192,0.8952385353167351,-0.035829697345456823,20260812
remaining_ridge_peer,cycle,2025-3,2025-3,Tags 2,14,2025-06-27,0.931068232662192,0.8998404285882529,-0.031227804073939103,20260812
remaining_ridge_peer,cycle,2025-3,2025-3,Tags 2,21,2025-07-04,0.931068232662192,0.9008289373106212,-0.030239295351570772,20260812
remaining_ridge_peer,cycle,2025-3,2025-3,Tags 2,28,2025-07-11,0.931068232662192,0.9005836909904408,-0.030484541671751186,20260812
remaining_ridge_peer,cycle,2025-3,2025-3,Tags 3,7,2025-06-20,0.944997895327627,0.9129809887709819,-0.03201690655664513,20260812
remaining_ridge_peer,cycle,2025-3,2025-3,Tags 3,14,2025-06-27,0.944997895327627,0.9174183256759387,-0.027579569651688285,20260812
remaining_ridge_peer,cycle,2025-3,2025-3,Tags 3,21,2025-07-04,0.944997895327627,0.9176643511853736,-0.02733354414225342,20260812
remaining_ridge_peer,cycle,2025-3,2025-3,Tags 3,28,2025-07-11,0.944997895327627,0.9166816921599801,-0.028316203167646936,20260812
remaining_ridge_peer,cycle,2025-4,2025-4,Lags 1,7,2025-10-03,0.929637907912383,0.8940361326963353,-0.03560177521604768,20260812
remaining_ridge_peer,cycle,2025-4,2025-4,Lags 1,14,2025-10-10,0.929637907912383,0.9078575464579727,-0.021780361454410313,20260812
remaining_ridge_peer,cycle,2025-4,2025-4,Lags 1,21,2025-10-17,0.929637907912383,0.9115703509701364,-0.0180675569422466,20260812
remaining_ridge_peer,cycle,2025-4,2025-4,Lags 1,28,2025-10-24,0.929637907912383,0.914716897239138,-0.014921010673245028,20260812
remaining_ridge_peer,cycle,2025-4,2025-4,Lags 2,7,2025-10-03,0.933690795352994,0.8998348201344017,-0.033855975218592294,20260812
remaining_ridge_peer,cycle,2025-4,2025-4,Lags 2,14,2025-10-10,0.933690795352994,0.9054161257166051,-0.028274669636388916,20260812
remaining_ridge_peer,cycle,2025-4,2025-4,Lags 2,21,2025-10-17,0.933690795352994,0.9088095776241663,-0.024881217728827787,20260812
remaining_ridge_peer,cycle,2025-4,2025-4,Lags 2,28,2025-10-24,0.933690795352994,0.9109251543300603,-0.02276564102293377,20260812
remaining_ridge_peer,cycle,2025-4,2025-4,Tags 1,7,2025-09-02,0.901692071039016,0.8878205202435745,-0.013871550795441556,20260812
remaining_ridge_peer,cycle,2025-4,2025-4,Tags 1,14,2025-09-09,0.901692071039016,0.8822682816084336,-0.019423789430582428,20260812
remaining_ridge_peer,cycle,2025-4,2025-4,Tags 1,21,2025-09-16,0.901692071039016,0.8860518627325294,-0.015640208306486603,20260812
remaining_ridge_peer,cycle,2025-4,2025-4,Tags 1,28,2025-09-23,0.901692071039016,0.8739655913059147,-0.027726479733101383,20260812
remaining_ridge_peer,cycle,2025-4,2025-4,Tags 2,7,2025-09-02,0.922234699606962,0.9047331383273849,-0.017501561279577138,20260812
remaining_ridge_peer,cycle,2025-4,2025-4,Tags 2,14,2025-09-09,0.922234699606962,0.9044557601528748,-0.01777893945408726,20260812
remaining_ridge_peer,cycle,2025-4,2025-4,Tags 2,21,2025-09-16,0.922234699606962,0.8984788367250799,-0.02375586288188214,20260812
remaining_ridge_peer,cycle,2025-4,2025-4,Tags 2,28,2025-09-23,0.922234699606962,0.8971020519283398,-0.025132647678622222,20260812
remaining_ridge_peer,cycle,2025-4,2025-4,Tags 3,7,2025-09-02,0.935113970074116,0.9287792825862734,-0.006334687487842605,20260812
remaining_ridge_peer,cycle,2025-4,2025-4,Tags 3,14,2025-09-09,0.935113970074116,0.9277478465505312,-0.007366123523584789,20260812
remaining_ridge_peer,cycle,2025-4,2025-4,Tags 3,21,2025-09-16,0.935113970074116,0.9193461423602661,-0.01576782771384988,20260812
remaining_ridge_peer,cycle,2025-4,2025-4,Tags 3,28,2025-09-23,0.935113970074116,0.9216112557549174,-0.013502714319198583,20260812
remaining_ridge_peer,cycle,2025-5,2025-5,Lags 1,7,2025-12-17,0.922603655818101,0.927102788242613,0.004499132424512053,20260812
remaining_ridge_peer,cycle,2025-5,2025-5,Lags 1,14,2025-12-24,0.922603655818101,0.9399793784622341,0.017375722644133118,20260812
remaining_ridge_peer,cycle,2025-5,2025-5,Lags 1,21,2025-12-31,0.922603655818101,0.9380087446499047,0.015405088831803693,20260812
remaining_ridge_peer,cycle,2025-5,2025-5,Lags 1,28,2026-01-07,0.922603655818101,0.934804486593513,0.012200830775412008,20260812
remaining_ridge_peer,cycle,2025-5,2025-5,Lags 2,7,2025-12-24,0.905545454545454,0.9206173440064577,0.015071889461003685,20260812
remaining_ridge_peer,cycle,2025-5,2025-5,Lags 2,14,2025-12-31,0.905545454545454,0.9236753193669065,0.018129864821452513,20260812
remaining_ridge_peer,cycle,2025-5,2025-5,Lags 2,21,2026-01-07,0.905545454545454,0.9200297273745334,0.014484272829079381,20260812
remaining_ridge_peer,cycle,2025-5,2025-5,Lags 2,28,2026-01-14,0.905545454545454,0.9241326788240899,0.018587224278635905,20260812
remaining_ridge_peer,cycle,2025-5,2025-5,Lags 3,7,2026-01-02,0.921891891891892,0.9144002468729595,-0.0074916450189325134,20260812
remaining_ridge_peer,cycle,2025-5,2025-5,Lags 3,14,2026-01-09,0.921891891891892,0.9220404970324362,0.00014860514054415574,20260812
remaining_ridge_peer,cycle,2025-5,2025-5,Lags 3,21,2026-01-16,0.921891891891892,0.929805450713063,0.007913558821170952,20260812
remaining_ridge_peer,cycle,2025-5,2025-5,Lags 3,28,2026-01-23,0.921891891891892,0.9159985806215317,-0.005893311270360302,20260812
remaining_ridge_peer,cycle,2025-5,2025-5,Tags 1,7,2025-11-18,0.952702702702703,0.9307021936741414,-0.022000509028561543,20260812
remaining_ridge_peer,cycle,2025-5,2025-5,Tags 1,14,2025-11-25,0.952702702702703,0.939539589326917,-0.013163113375786017,20260812
remaining_ridge_peer,cycle,2025-5,2025-5,Tags 1,21,2025-12-02,0.952702702702703,0.9396327920283846,-0.013069910674318397,20260812
remaining_ridge_peer,cycle,2025-5,2025-5,Tags 1,28,2025-12-09,0.952702702702703,0.9281102915298491,-0.024592411172853823,20260812
remaining_ridge_peer,cycle,2025-5,2025-5,Tags 2,7,2025-11-18,0.954866008462624,0.9355225651066629,-0.019343443355961165,20260812
remaining_ridge_peer,cycle,2025-5,2025-5,Tags 2,14,2025-11-25,0.954866008462624,0.9329933835010578,-0.021872624961566278,20260812
remaining_ridge_peer,cycle,2025-5,2025-5,Tags 2,21,2025-12-02,0.954866008462624,0.9301340054175772,-0.024732003045046858,20260812
remaining_ridge_peer,cycle,2025-5,2025-5,Tags 2,28,2025-12-09,0.954866008462624,0.9292185613338658,-0.025647447128758216,20260812
remaining_ridge_peer,cycle,2025-5,2025-5,Tags 3,7,2025-11-18,0.952936218038775,0.9333550942461806,-0.019581123792594468,20260812
remaining_ridge_peer,cycle,2025-5,2025-5,Tags 3,14,2025-11-25,0.952936218038775,0.941071966426514,-0.011864251612261012,20260812
remaining_ridge_peer,cycle,2025-5,2025-5,Tags 3,21,2025-12-02,0.952936218038775,0.9351395828509983,-0.017796635187776744,20260812
remaining_ridge_peer,cycle,2025-5,2025-5,Tags 3,28,2025-12-09,0.952936218038775,0.9356771163988559,-0.017259101639919172,20260812
remaining_ridge_peer,cycle,2026-1,2026-1,Lags 1,7,2026-03-12,0.908273221123876,0.8879473110330502,-0.02032591009082574,20260812
remaining_ridge_peer,cycle,2026-1,2026-1,Lags 1,14,2026-03-19,0.908273221123876,0.8856844904505256,-0.022588730673350432,20260812
remaining_ridge_peer,cycle,2026-1,2026-1,Lags 1,21,2026-03-26,0.908273221123876,0.8898991896026687,-0.018374031521207312,20260812
remaining_ridge_peer,cycle,2026-1,2026-1,Lags 1,28,2026-04-02,0.908273221123876,0.8863592166693846,-0.02191400445449143,20260812
remaining_ridge_peer,cycle,2026-1,2026-1,Lags 2,7,2026-03-20,0.870959099839257,0.9284094001316463,0.05745030029238929,20260812
remaining_ridge_peer,cycle,2026-1,2026-1,Lags 2,14,2026-03-27,0.870959099839257,0.9302218124870354,0.05926271264777838,20260812
remaining_ridge_peer,cycle,2026-1,2026-1,Lags 2,21,2026-04-03,0.870959099839257,0.9219688652541915,0.051009765414934516,20260812
remaining_ridge_peer,cycle,2026-1,2026-1,Lags 2,28,2026-04-10,0.870959099839257,0.9031932994454809,0.03223419960622387,20260812
remaining_ridge_peer,cycle,2026-1,2026-1,Lags 3,7,2026-03-27,0.909626193237577,0.9073874670282123,-0.0022387262093647164,20260812
remaining_ridge_peer,cycle,2026-1,2026-1,Lags 3,14,2026-04-03,0.909626193237577,0.8862792667499203,-0.023346926487656683,20260812
remaining_ridge_peer,cycle,2026-1,2026-1,Lags 3,21,2026-04-10,0.909626193237577,0.8982346652552079,-0.011391527982369087,20260812
remaining_ridge_peer,cycle,2026-1,2026-1,Lags 3,28,2026-04-17,0.909626193237577,0.8875995066700982,-0.022026686567478748,20260812
remaining_ridge_peer,cycle,2026-1,2026-1,Tags 1,7,2026-02-06,0.934082923401265,0.9165950828255075,-0.017487840575757474,20260812
remaining_ridge_peer,cycle,2026-1,2026-1,Tags 1,14,2026-02-13,0.934082923401265,0.9191835483794257,-0.014899375021839245,20260812
remaining_ridge_peer,cycle,2026-1,2026-1,Tags 1,21,2026-02-20,0.934082923401265,0.9277608088972829,-0.006322114503982124,20260812
remaining_ridge_peer,cycle,2026-1,2026-1,Tags 1,28,2026-02-27,0.934082923401265,0.9314564780715199,-0.0026264453297450974,20260812
remaining_ridge_peer,cycle,2026-1,2026-1,Tags 2,7,2026-02-06,0.932032017975004,0.9352738614966746,0.003241843521670562,20260812
remaining_ridge_peer,cycle,2026-1,2026-1,Tags 2,14,2026-02-13,0.932032017975004,0.9267276128884749,-0.005304405086529074,20260812
remaining_ridge_peer,cycle,2026-1,2026-1,Tags 2,21,2026-02-20,0.932032017975004,0.9283699325253063,-0.003662085449697705,20260812
remaining_ridge_peer,cycle,2026-1,2026-1,Tags 2,28,2026-02-27,0.932032017975004,0.9251177270293371,-0.006914290945666868,20260812
remaining_ridge_peer,cycle,2026-1,2026-1,Tags 3,7,2026-02-06,0.935176090921846,0.913255819711215,-0.021920271210631004,20260812
remaining_ridge_peer,cycle,2026-1,2026-1,Tags 3,14,2026-02-13,0.935176090921846,0.9133746493190298,-0.021801441602816163,20260812
remaining_ridge_peer,cycle,2026-1,2026-1,Tags 3,21,2026-02-20,0.935176090921846,0.924897429961612,-0.010278660960233998,20260812
remaining_ridge_peer,cycle,2026-1,2026-1,Tags 3,28,2026-02-27,0.935176090921846,0.9292437871257834,-0.005932303796062577,20260812
remaining_ridge_peer,cycle,2026-2,2026-2,Lags 1,7,2026-06-08,0.91295799821269,0.9461610591521294,0.03320306093943948,20260812
remaining_ridge_peer,cycle,2026-2,2026-2,Lags 1,14,2026-06-15,0.91295799821269,0.9360963152877045,0.02313831707501457,20260812
remaining_ridge_peer,cycle,2026-2,2026-2,Lags 1,21,2026-06-22,0.91295799821269,0.9306668517392378,0.01770885352654783,20260812
remaining_ridge_peer,cycle,2026-2,2026-2,Lags 1,28,2026-06-29,0.91295799821269,0.9201211607536193,0.007163162540929302,20260812
remaining_ridge_peer,cycle,2026-2,2026-2,Lags 2,7,2026-06-16,0.903217158176944,0.9334520771132627,0.03023491893631869,20260812
remaining_ridge_peer,cycle,2026-2,2026-2,Lags 2,14,2026-06-23,0.903217158176944,0.9296052970644801,0.026388138887536106,20260812
remaining_ridge_peer,cycle,2026-2,2026-2,Lags 2,21,2026-06-30,0.903217158176944,0.9226409399678464,0.019423781790902317,20260812
remaining_ridge_peer,cycle,2026-2,2026-2,Lags 2,28,2026-07-07,0.903217158176944,0.9135380952942309,0.010320937117286877,20260812
remaining_ridge_peer,cycle,2026-2,2026-2,Lags 3,7,2026-06-22,0.827226531158064,0.9266921763052028,0.09946564514713885,20260812
remaining_ridge_peer,cycle,2026-2,2026-2,Lags 3,14,2026-06-29,0.827226531158064,0.8913565338571771,0.06413000269911306,20260812
remaining_ridge_peer,cycle,2026-2,2026-2,Lags 3,21,2026-07-06,0.827226531158064,0.9016558081323474,0.07442927697428336,20260812
remaining_ridge_peer,cycle,2026-2,2026-2,Lags 3,28,2026-07-13,0.827226531158064,0.8728656700406674,0.0456391388826034,20260812
remaining_ridge_peer,cycle,2026-2,2026-2,Tags 1,7,2026-04-25,0.892746183979468,0.9372637366582257,0.04451755267875768,20260812
remaining_ridge_peer,cycle,2026-2,2026-2,Tags 1,14,2026-05-02,0.892746183979468,0.9389083470091772,0.04616216302970921,20260812
remaining_ridge_peer,cycle,2026-2,2026-2,Tags 1,21,2026-05-09,0.892746183979468,0.9508726907248033,0.05812650674533526,20260812
remaining_ridge_peer,cycle,2026-2,2026-2,Tags 1,28,2026-05-16,0.892746183979468,0.9437400035452082,0.05099381956574012,20260812
remaining_ridge_peer,cycle,2026-2,2026-2,Tags 2,7,2026-04-25,0.884097035040431,0.9340471106017645,0.04995007556133346,20260812
remaining_ridge_peer,cycle,2026-2,2026-2,Tags 2,14,2026-05-02,0.884097035040431,0.9327342854064515,0.04863725036602051,20260812
remaining_ridge_peer,cycle,2026-2,2026-2,Tags 2,21,2026-05-09,0.884097035040431,0.936311620745552,0.05221458570512094,20260812
remaining_ridge_peer,cycle,2026-2,2026-2,Tags 2,28,2026-05-16,0.884097035040431,0.9336360734453151,0.04953903840488405,20260812
remaining_ridge_peer,cycle,2026-2,2026-2,Tags 3,7,2026-04-25,0.898105548037889,0.9352259303607554,0.03712038232286641,20260812
remaining_ridge_peer,cycle,2026-2,2026-2,Tags 3,14,2026-05-02,0.898105548037889,0.9301488602083637,0.032043312170474736,20260812
remaining_ridge_peer,cycle,2026-2,2026-2,Tags 3,21,2026-05-09,0.898105548037889,0.9434061415271667,0.04530059348927773,20260812
remaining_ridge_peer,cycle,2026-2,2026-2,Tags 3,28,2026-05-16,0.898105548037889,0.9440086433872336,0.04590309534934456,20260812
remaining_huber_peer,cycle,2025-2,2025-2,Tags 1,7,2025-04-04,0.877058823529412,0.9239252137779975,0.04686639024858552,20260812
remaining_huber_peer,cycle,2025-2,2025-2,Tags 1,14,2025-04-11,0.877058823529412,0.9273960265500366,0.05033720302062461,20260812
remaining_huber_peer,cycle,2025-2,2025-2,Tags 1,21,2025-04-18,0.877058823529412,0.9230844061713079,0.046025582641895935,20260812
remaining_huber_peer,cycle,2025-2,2025-2,Tags 1,28,2025-04-25,0.877058823529412,0.9073421156365593,0.030283292107147308,20260812
remaining_huber_peer,cycle,2025-2,2025-2,Tags 2,7,2025-04-04,0.815147058823529,0.9833823529411765,0.16823529411764748,20260812
remaining_huber_peer,cycle,2025-2,2025-2,Tags 2,14,2025-04-11,0.815147058823529,0.9262036811204416,0.1110566222969126,20260812
remaining_huber_peer,cycle,2025-2,2025-2,Tags 2,21,2025-04-18,0.815147058823529,0.9331509167332063,0.11800385790967727,20260812
remaining_huber_peer,cycle,2025-2,2025-2,Tags 2,28,2025-04-25,0.815147058823529,0.9248703407179135,0.10972328189438452,20260812
remaining_huber_peer,cycle,2025-2,2025-2,Tags 3,7,2025-04-04,0.889705882352941,0.9855882352941177,0.09588235294117664,20260812
remaining_huber_peer,cycle,2025-2,2025-2,Tags 3,14,2025-04-11,0.889705882352941,0.9336520350725607,0.04394615271961966,20260812
remaining_huber_peer,cycle,2025-2,2025-2,Tags 3,21,2025-04-18,0.889705882352941,0.9399736529603099,0.05026777060736887,20260812
remaining_huber_peer,cycle,2025-2,2025-2,Tags 3,28,2025-04-25,0.889705882352941,0.9526470588235294,0.06294117647058839,20260812
remaining_huber_peer,cycle,2025-3,2025-3,Lags 1,7,2025-07-16,0.900035637918746,0.9318661077931667,0.03183046987442073,20260812
remaining_huber_peer,cycle,2025-3,2025-3,Lags 1,14,2025-07-23,0.900035637918746,0.9433187271651285,0.04328308924638258,20260812
remaining_huber_peer,cycle,2025-3,2025-3,Lags 1,21,2025-07-30,0.900035637918746,0.9304861111069612,0.030450473188215255,20260812
remaining_huber_peer,cycle,2025-3,2025-3,Lags 1,28,2025-08-06,0.900035637918746,0.9319612702761455,0.031925632357399536,20260812
remaining_huber_peer,cycle,2025-3,2025-3,Lags 2,7,2025-07-22,0.907909090909091,0.9056249675278898,-0.0022841233812012085,20260812
remaining_huber_peer,cycle,2025-3,2025-3,Lags 2,14,2025-07-29,0.907909090909091,0.9060469929917438,-0.0018620979173471497,20260812
remaining_huber_peer,cycle,2025-3,2025-3,Lags 2,21,2025-08-05,0.907909090909091,0.905501495066172,-0.0024075958429190525,20260812
remaining_huber_peer,cycle,2025-3,2025-3,Lags 2,28,2025-08-12,0.907909090909091,0.9169120718411501,0.00900298093205909,20260812
remaining_huber_peer,cycle,2025-3,2025-3,Tags 1,7,2025-06-20,0.938071780436312,0.9144899403420288,-0.023581840094283213,20260812
remaining_huber_peer,cycle,2025-3,2025-3,Tags 1,14,2025-06-27,0.938071780436312,0.9255712226318257,-0.012500557804486334,20260812
remaining_huber_peer,cycle,2025-3,2025-3,Tags 1,21,2025-07-04,0.938071780436312,0.9279490328923353,-0.010122747543976685,20260812
remaining_huber_peer,cycle,2025-3,2025-3,Tags 1,28,2025-07-11,0.938071780436312,0.9270722103249933,-0.01099957011131869,20260812
remaining_huber_peer,cycle,2025-3,2025-3,Tags 2,7,2025-06-20,0.931068232662192,0.8972580794853564,-0.033810153176835556,20260812
remaining_huber_peer,cycle,2025-3,2025-3,Tags 2,14,2025-06-27,0.931068232662192,0.9058681379203115,-0.025200094741880452,20260812
remaining_huber_peer,cycle,2025-3,2025-3,Tags 2,21,2025-07-04,0.931068232662192,0.9058339736167407,-0.02523425904545129,20260812
remaining_huber_peer,cycle,2025-3,2025-3,Tags 2,28,2025-07-11,0.931068232662192,0.9045527156254629,-0.026515517036729053,20260812
remaining_huber_peer,cycle,2025-3,2025-3,Tags 3,7,2025-06-20,0.944997895327627,0.925326807043008,-0.019671088284619054,20260812
remaining_huber_peer,cycle,2025-3,2025-3,Tags 3,14,2025-06-27,0.944997895327627,0.9373476656403612,-0.007650229687265808,20260812
remaining_huber_peer,cycle,2025-3,2025-3,Tags 3,21,2025-07-04,0.944997895327627,0.9330099199298825,-0.011987975397744544,20260812
remaining_huber_peer,cycle,2025-3,2025-3,Tags 3,28,2025-07-11,0.944997895327627,0.905816344512726,-0.039181550814901045,20260812
remaining_huber_peer,cycle,2025-4,2025-4,Lags 1,7,2025-10-03,0.929637907912383,0.8863325931998783,-0.04330531471250465,20260812
remaining_huber_peer,cycle,2025-4,2025-4,Lags 1,14,2025-10-10,0.929637907912383,0.8815439493312368,-0.04809395858114618,20260812
remaining_huber_peer,cycle,2025-4,2025-4,Lags 1,21,2025-10-17,0.929637907912383,0.8605860490947886,-0.06905185881759435,20260812
remaining_huber_peer,cycle,2025-4,2025-4,Lags 1,28,2025-10-24,0.929637907912383,0.8517696635168136,-0.07786824439556939,20260812
remaining_huber_peer,cycle,2025-4,2025-4,Lags 2,7,2025-10-03,0.933690795352994,0.8794191516604359,-0.0542716436925581,20260812
remaining_huber_peer,cycle,2025-4,2025-4,Lags 2,14,2025-10-10,0.933690795352994,0.8866865991823182,-0.04700419617067586,20260812
remaining_huber_peer,cycle,2025-4,2025-4,Lags 2,21,2025-10-17,0.933690795352994,0.8678903050315471,-0.06580049032144697,20260812
remaining_huber_peer,cycle,2025-4,2025-4,Lags 2,28,2025-10-24,0.933690795352994,0.8564105104838318,-0.07728028486916227,20260812
remaining_huber_peer,cycle,2025-4,2025-4,Tags 1,7,2025-09-02,0.901692071039016,0.9298236245720618,0.02813155353304575,20260812
remaining_huber_peer,cycle,2025-4,2025-4,Tags 1,14,2025-09-09,0.901692071039016,0.9138517426354252,0.012159671596409183,20260812
remaining_huber_peer,cycle,2025-4,2025-4,Tags 1,21,2025-09-16,0.901692071039016,0.9059207208909487,0.004228649851932609,20260812
remaining_huber_peer,cycle,2025-4,2025-4,Tags 1,28,2025-09-23,0.901692071039016,0.9291008250594323,0.027408754020416204,20260812
remaining_huber_peer,cycle,2025-4,2025-4,Tags 2,7,2025-09-02,0.922234699606962,0.9266441844669364,0.0044094848599743885,20260812
remaining_huber_peer,cycle,2025-4,2025-4,Tags 2,14,2025-09-09,0.922234699606962,0.9269119314376515,0.004677231830689466,20260812
remaining_huber_peer,cycle,2025-4,2025-4,Tags 2,21,2025-09-16,0.922234699606962,0.9102448963095564,-0.011989803297405621,20260812
remaining_huber_peer,cycle,2025-4,2025-4,Tags 2,28,2025-09-23,0.922234699606962,0.9460976979225154,0.023862998315553385,20260812
remaining_huber_peer,cycle,2025-4,2025-4,Tags 3,7,2025-09-02,0.935113970074116,0.9295742805332786,-0.005539689540837389,20260812
remaining_huber_peer,cycle,2025-4,2025-4,Tags 3,14,2025-09-09,0.935113970074116,0.9339310813529784,-0.0011828887211375871,20260812
remaining_huber_peer,cycle,2025-4,2025-4,Tags 3,21,2025-09-16,0.935113970074116,0.9116480513548559,-0.02346591871926007,20260812
remaining_huber_peer,cycle,2025-4,2025-4,Tags 3,28,2025-09-23,0.935113970074116,0.9527338833729548,0.01761991329883883,20260812
remaining_huber_peer,cycle,2025-5,2025-5,Lags 1,7,2025-12-17,0.922603655818101,0.9592448520032999,0.0366411961851989,20260812
remaining_huber_peer,cycle,2025-5,2025-5,Lags 1,14,2025-12-24,0.922603655818101,0.9648859909852096,0.04228233516710855,20260812
remaining_huber_peer,cycle,2025-5,2025-5,Lags 1,21,2025-12-31,0.922603655818101,0.9612846255036709,0.03868096968556989,20260812
remaining_huber_peer,cycle,2025-5,2025-5,Lags 1,28,2026-01-07,0.922603655818101,0.9600397497839461,0.03743609396584513,20260812
remaining_huber_peer,cycle,2025-5,2025-5,Lags 2,7,2025-12-24,0.905545454545454,0.936334869039874,0.030789414494419964,20260812
remaining_huber_peer,cycle,2025-5,2025-5,Lags 2,14,2025-12-31,0.905545454545454,0.9452064079828072,0.03966095343735321,20260812
remaining_huber_peer,cycle,2025-5,2025-5,Lags 2,21,2026-01-07,0.905545454545454,0.9423154555489244,0.03677000100347039,20260812
remaining_huber_peer,cycle,2025-5,2025-5,Lags 2,28,2026-01-14,0.905545454545454,0.933331139247104,0.027785684701649993,20260812
remaining_huber_peer,cycle,2025-5,2025-5,Lags 3,7,2026-01-02,0.921891891891892,0.9336415605922287,0.011749668700336668,20260812
remaining_huber_peer,cycle,2025-5,2025-5,Lags 3,14,2026-01-09,0.921891891891892,0.9532038798664758,0.03131198797458379,20260812
remaining_huber_peer,cycle,2025-5,2025-5,Lags 3,21,2026-01-16,0.921891891891892,0.9407611804122518,0.01886928852035974,20260812
remaining_huber_peer,cycle,2025-5,2025-5,Lags 3,28,2026-01-23,0.921891891891892,0.9563963963963964,0.034504504504504374,20260812
remaining_huber_peer,cycle,2025-5,2025-5,Tags 1,7,2025-11-18,0.952702702702703,0.933899912645435,-0.018802790057267926,20260812
remaining_huber_peer,cycle,2025-5,2025-5,Tags 1,14,2025-11-25,0.952702702702703,0.9475735924314513,-0.0051291102712516246,20260812
remaining_huber_peer,cycle,2025-5,2025-5,Tags 1,21,2025-12-02,0.952702702702703,0.9517573494979757,-0.0009453532047272173,20260812
remaining_huber_peer,cycle,2025-5,2025-5,Tags 1,28,2025-12-09,0.952702702702703,0.9586630116348726,0.005960308932169589,20260812
remaining_huber_peer,cycle,2025-5,2025-5,Tags 2,7,2025-11-18,0.954866008462624,0.9381713170811735,-0.01669469138145052,20260812
remaining_huber_peer,cycle,2025-5,2025-5,Tags 2,14,2025-11-25,0.954866008462624,0.9508522209958321,-0.004013787466791929,20260812
remaining_huber_peer,cycle,2025-5,2025-5,Tags 2,21,2025-12-02,0.954866008462624,0.9553711642235067,0.000505155760882614,20260812
remaining_huber_peer,cycle,2025-5,2025-5,Tags 2,28,2025-12-09,0.954866008462624,0.9566260773651987,0.0017600689025746297,20260812
remaining_huber_peer,cycle,2025-5,2025-5,Tags 3,7,2025-11-18,0.952936218038775,0.9373878746775213,-0.01554834336125377,20260812
remaining_huber_peer,cycle,2025-5,2025-5,Tags 3,14,2025-11-25,0.952936218038775,0.9500179027538928,-0.002918315284882289,20260812
remaining_huber_peer,cycle,2025-5,2025-5,Tags 3,21,2025-12-02,0.952936218038775,0.9454995715007937,-0.007436646537981373,20260812
remaining_huber_peer,cycle,2025-5,2025-5,Tags 3,28,2025-12-09,0.952936218038775,0.9461876709979659,-0.006748547040809183,20260812
remaining_huber_peer,cycle,2026-1,2026-1,Lags 1,7,2026-03-12,0.908273221123876,0.8912859202202328,-0.0169873009036432,20260812
remaining_huber_peer,cycle,2026-1,2026-1,Lags 1,14,2026-03-19,0.908273221123876,0.8994556139736817,-0.008817607150194307,20260812
remaining_huber_peer,cycle,2026-1,2026-1,Lags 1,21,2026-03-26,0.908273221123876,0.9019834896125587,-0.006289731511317287,20260812
remaining_huber_peer,cycle,2026-1,2026-1,Lags 1,28,2026-04-02,0.908273221123876,0.9108758233775079,0.002602602253631958,20260812
remaining_huber_peer,cycle,2026-1,2026-1,Lags 2,7,2026-03-20,0.870959099839257,0.9421216998184908,0.0711625999792338,20260812
remaining_huber_peer,cycle,2026-1,2026-1,Lags 2,14,2026-03-27,0.870959099839257,0.9518320190889726,0.08087291924971562,20260812
remaining_huber_peer,cycle,2026-1,2026-1,Lags 2,21,2026-04-03,0.870959099839257,0.9333406870390479,0.06238158719979092,20260812
remaining_huber_peer,cycle,2026-1,2026-1,Lags 2,28,2026-04-10,0.870959099839257,0.9233018044474844,0.05234270460822743,20260812
remaining_huber_peer,cycle,2026-1,2026-1,Lags 3,7,2026-03-27,0.909626193237577,0.9249527404705931,0.015326547233016075,20260812
remaining_huber_peer,cycle,2026-1,2026-1,Lags 3,14,2026-04-03,0.909626193237577,0.9226276850665085,0.01300149182893151,20260812
remaining_huber_peer,cycle,2026-1,2026-1,Lags 3,21,2026-04-10,0.909626193237577,0.9220400114865853,0.012413818249008335,20260812
remaining_huber_peer,cycle,2026-1,2026-1,Lags 3,28,2026-04-17,0.909626193237577,0.9273871081311961,0.017760914893619084,20260812
remaining_huber_peer,cycle,2026-1,2026-1,Tags 1,7,2026-02-06,0.934082923401265,0.8956000044641134,-0.03848291893715161,20260812
remaining_huber_peer,cycle,2026-1,2026-1,Tags 1,14,2026-02-13,0.934082923401265,0.9098460395686687,-0.024236883832596257,20260812
remaining_huber_peer,cycle,2026-1,2026-1,Tags 1,21,2026-02-20,0.934082923401265,0.9276628405177141,-0.006420082883550893,20260812
remaining_huber_peer,cycle,2026-1,2026-1,Tags 1,28,2026-02-27,0.934082923401265,0.9507256909271298,0.0166427675258648,20260812
remaining_huber_peer,cycle,2026-1,2026-1,Tags 2,7,2026-02-06,0.932032017975004,0.9524873148200298,0.020455296845025783,20260812
remaining_huber_peer,cycle,2026-1,2026-1,Tags 2,14,2026-02-13,0.932032017975004,0.9561567865009261,0.024124768525922047,20260812
remaining_huber_peer,cycle,2026-1,2026-1,Tags 2,21,2026-02-20,0.932032017975004,0.9622777293633011,0.030245711388297125,20260812
remaining_huber_peer,cycle,2026-1,2026-1,Tags 2,28,2026-02-27,0.932032017975004,0.9582923746664794,0.026260356691475417,20260812
remaining_huber_peer,cycle,2026-1,2026-1,Tags 3,7,2026-02-06,0.935176090921846,0.8873539478900823,-0.047822143031763686,20260812
remaining_huber_peer,cycle,2026-1,2026-1,Tags 3,14,2026-02-13,0.935176090921846,0.9049883405890073,-0.030187750332838603,20260812
remaining_huber_peer,cycle,2026-1,2026-1,Tags 3,21,2026-02-20,0.935176090921846,0.9165404271058493,-0.018635663815996684,20260812
remaining_huber_peer,cycle,2026-1,2026-1,Tags 3,28,2026-02-27,0.935176090921846,0.9448111463756554,0.009635055453809493,20260812
remaining_huber_peer,cycle,2026-2,2026-2,Lags 1,7,2026-06-08,0.91295799821269,0.9891867739052725,0.07622877569258257,20260812
remaining_huber_peer,cycle,2026-2,2026-2,Lags 1,14,2026-06-15,0.91295799821269,0.9792672028596962,0.06630920464700618,20260812
remaining_huber_peer,cycle,2026-2,2026-2,Lags 1,21,2026-06-22,0.91295799821269,0.9700625558534406,0.05710455764075062,20260812
remaining_huber_peer,cycle,2026-2,2026-2,Lags 1,28,2026-06-29,0.91295799821269,0.9502234137622878,0.037265415549597836,20260812
remaining_huber_peer,cycle,2026-2,2026-2,Lags 2,7,2026-06-16,0.903217158176944,0.987846291331546,0.08462913315460197,20260812
remaining_huber_peer,cycle,2026-2,2026-2,Lags 2,14,2026-06-23,0.903217158176944,0.9772117962466488,0.07399463806970474,20260812
remaining_huber_peer,cycle,2026-2,2026-2,Lags 2,21,2026-06-30,0.903217158176944,0.9644325290437891,0.06121537086684503,20260812
remaining_huber_peer,cycle,2026-2,2026-2,Lags 2,28,2026-07-07,0.903217158176944,0.9372458105246164,0.03402865234767238,20260812
remaining_huber_peer,cycle,2026-2,2026-2,Lags 3,7,2026-06-22,0.827226531158064,0.985914237318356,0.15868770616029204,20260812
remaining_huber_peer,cycle,2026-2,2026-2,Lags 3,14,2026-06-29,0.827226531158064,0.9602389230632077,0.1330123919051437,20260812
remaining_huber_peer,cycle,2026-2,2026-2,Lags 3,21,2026-07-06,0.827226531158064,0.9484710706962646,0.12124453953820058,20260812
remaining_huber_peer,cycle,2026-2,2026-2,Lags 3,28,2026-07-13,0.827226531158064,0.8637112142210163,0.03648468306295227,20260812
remaining_huber_peer,cycle,2026-2,2026-2,Tags 1,7,2026-04-25,0.892746183979468,0.9287333992670415,0.035987215287573426,20260812
remaining_huber_peer,cycle,2026-2,2026-2,Tags 1,14,2026-05-02,0.892746183979468,0.9552518909611999,0.06250570698173186,20260812
remaining_huber_peer,cycle,2026-2,2026-2,Tags 1,21,2026-05-09,0.892746183979468,0.9575755740130185,0.06482939003355048,20260812
remaining_huber_peer,cycle,2026-2,2026-2,Tags 1,28,2026-05-16,0.892746183979468,0.9619073348642442,0.06916115088477615,20260812
remaining_huber_peer,cycle,2026-2,2026-2,Tags 2,7,2026-04-25,0.884097035040431,0.9417732763558384,0.057676241315407384,20260812
remaining_huber_peer,cycle,2026-2,2026-2,Tags 2,14,2026-05-02,0.884097035040431,0.9497192667102744,0.06562223166984338,20260812
remaining_huber_peer,cycle,2026-2,2026-2,Tags 2,21,2026-05-09,0.884097035040431,0.9686471303733706,0.08455009533293956,20260812
remaining_huber_peer,cycle,2026-2,2026-2,Tags 2,28,2026-05-16,0.884097035040431,0.9594339622641509,0.07533692722371987,20260812
remaining_huber_peer,cycle,2026-2,2026-2,Tags 3,7,2026-04-25,0.898105548037889,0.9197601588190734,0.021654610781184358,20260812
remaining_huber_peer,cycle,2026-2,2026-2,Tags 3,14,2026-05-02,0.898105548037889,0.9315755421942915,0.033469994156402505,20260812
remaining_huber_peer,cycle,2026-2,2026-2,Tags 3,21,2026-05-09,0.898105548037889,0.9499052251866373,0.051799677148748335,20260812
remaining_huber_peer,cycle,2026-2,2026-2,Tags 3,28,2026-05-16,0.898105548037889,0.9600811907983762,0.06197564276048717,20260812
remaining_random_forest_peer,cycle,2025-2,2025-2,Tags 1,7,2025-04-04,0.877058823529412,0.9193842545881419,0.04232543105872988,20260812
remaining_random_forest_peer,cycle,2025-2,2025-2,Tags 1,14,2025-04-11,0.877058823529412,0.9241427028004461,0.04708387927103408,20260812
remaining_random_forest_peer,cycle,2025-2,2025-2,Tags 1,21,2025-04-18,0.877058823529412,0.9137741809717118,0.03671535744229981,20260812
remaining_random_forest_peer,cycle,2025-2,2025-2,Tags 1,28,2025-04-25,0.877058823529412,0.9073740527393961,0.030315229209984085,20260812
remaining_random_forest_peer,cycle,2025-2,2025-2,Tags 2,7,2025-04-04,0.815147058823529,0.9245386059417326,0.10939154711820365,20260812
remaining_random_forest_peer,cycle,2025-2,2025-2,Tags 2,14,2025-04-11,0.815147058823529,0.9282860153846317,0.11313895656110273,20260812
remaining_random_forest_peer,cycle,2025-2,2025-2,Tags 2,21,2025-04-18,0.815147058823529,0.925819071380584,0.11067201255705494,20260812
remaining_random_forest_peer,cycle,2025-2,2025-2,Tags 2,28,2025-04-25,0.815147058823529,0.9161190381431921,0.10097197931966306,20260812
remaining_random_forest_peer,cycle,2025-2,2025-2,Tags 3,7,2025-04-04,0.889705882352941,0.9269427068820985,0.03723682452915744,20260812
remaining_random_forest_peer,cycle,2025-2,2025-2,Tags 3,14,2025-04-11,0.889705882352941,0.9295472248323037,0.03984134247936266,20260812
remaining_random_forest_peer,cycle,2025-2,2025-2,Tags 3,21,2025-04-18,0.889705882352941,0.9303815275750047,0.04067564522206368,20260812
remaining_random_forest_peer,cycle,2025-2,2025-2,Tags 3,28,2025-04-25,0.889705882352941,0.9245253821126252,0.034819499759684236,20260812
remaining_random_forest_peer,cycle,2025-3,2025-3,Lags 1,7,2025-07-16,0.900035637918746,0.9114307485743038,0.011395110655557872,20260812
remaining_random_forest_peer,cycle,2025-3,2025-3,Lags 1,14,2025-07-23,0.900035637918746,0.9051652837091138,0.005129645790367787,20260812
remaining_random_forest_peer,cycle,2025-3,2025-3,Lags 1,21,2025-07-30,0.900035637918746,0.8959290604658066,-0.004106577452939408,20260812
remaining_random_forest_peer,cycle,2025-3,2025-3,Lags 1,28,2025-08-06,0.900035637918746,0.8880258105341772,-0.012009827384568794,20260812
remaining_random_forest_peer,cycle,2025-3,2025-3,Lags 2,7,2025-07-22,0.907909090909091,0.8997431094846111,-0.008165981424479885,20260812
remaining_random_forest_peer,cycle,2025-3,2025-3,Lags 2,14,2025-07-29,0.907909090909091,0.8959746170126327,-0.011934473896458297,20260812
remaining_random_forest_peer,cycle,2025-3,2025-3,Lags 2,21,2025-08-05,0.907909090909091,0.8974913314748526,-0.010417759434238394,20260812
remaining_random_forest_peer,cycle,2025-3,2025-3,Lags 2,28,2025-08-12,0.907909090909091,0.8851505300204668,-0.022758560888624157,20260812
remaining_random_forest_peer,cycle,2025-3,2025-3,Tags 1,7,2025-06-20,0.938071780436312,0.9219516026069732,-0.016120177829338833,20260812
remaining_random_forest_peer,cycle,2025-3,2025-3,Tags 1,14,2025-06-27,0.938071780436312,0.9295726085082,-0.008499171928112004,20260812
remaining_random_forest_peer,cycle,2025-3,2025-3,Tags 1,21,2025-07-04,0.938071780436312,0.9255339997753167,-0.012537780660995312,20260812
remaining_random_forest_peer,cycle,2025-3,2025-3,Tags 1,28,2025-07-11,0.938071780436312,0.914685846820543,-0.023385933615769017,20260812
remaining_random_forest_peer,cycle,2025-3,2025-3,Tags 2,7,2025-06-20,0.931068232662192,0.9085250680312642,-0.02254316463092776,20260812
remaining_random_forest_peer,cycle,2025-3,2025-3,Tags 2,14,2025-06-27,0.931068232662192,0.914310554192946,-0.016757678469245918,20260812
remaining_random_forest_peer,cycle,2025-3,2025-3,Tags 2,21,2025-07-04,0.931068232662192,0.917086467194741,-0.013981765467451002,20260812
remaining_random_forest_peer,cycle,2025-3,2025-3,Tags 2,28,2025-07-11,0.931068232662192,0.904283532172067,-0.026784700490124935,20260812
remaining_random_forest_peer,cycle,2025-3,2025-3,Tags 3,7,2025-06-20,0.944997895327627,0.9292044145519053,-0.015793480775721735,20260812
remaining_random_forest_peer,cycle,2025-3,2025-3,Tags 3,14,2025-06-27,0.944997895327627,0.9328494907963254,-0.012148404531301615,20260812
remaining_random_forest_peer,cycle,2025-3,2025-3,Tags 3,21,2025-07-04,0.944997895327627,0.9309383369464728,-0.014059558381154247,20260812
remaining_random_forest_peer,cycle,2025-3,2025-3,Tags 3,28,2025-07-11,0.944997895327627,0.9205923759107622,-0.024405519416864863,20260812
remaining_random_forest_peer,cycle,2025-4,2025-4,Lags 1,7,2025-10-03,0.929637907912383,0.9017078969301002,-0.02793001098228276,20260812
remaining_random_forest_peer,cycle,2025-4,2025-4,Lags 1,14,2025-10-10,0.929637907912383,0.909187902077981,-0.02045000583440204,20260812
remaining_random_forest_peer,cycle,2025-4,2025-4,Lags 1,21,2025-10-17,0.929637907912383,0.912243233737857,-0.017394674174526004,20260812
remaining_random_forest_peer,cycle,2025-4,2025-4,Lags 1,28,2025-10-24,0.929637907912383,0.8995761747068485,-0.030061733205534513,20260812
remaining_random_forest_peer,cycle,2025-4,2025-4,Lags 2,7,2025-10-03,0.933690795352994,0.9048387986907402,-0.028851996662253798,20260812
remaining_random_forest_peer,cycle,2025-4,2025-4,Lags 2,14,2025-10-10,0.933690795352994,0.9103637076905898,-0.02332708766240421,20260812
remaining_random_forest_peer,cycle,2025-4,2025-4,Lags 2,21,2025-10-17,0.933690795352994,0.913575648651596,-0.020115146701398023,20260812
remaining_random_forest_peer,cycle,2025-4,2025-4,Lags 2,28,2025-10-24,0.933690795352994,0.9001333181018991,-0.033557477251094925,20260812
remaining_random_forest_peer,cycle,2025-4,2025-4,Tags 1,7,2025-09-02,0.901692071039016,0.9037037983448608,0.002011727305844757,20260812
remaining_random_forest_peer,cycle,2025-4,2025-4,Tags 1,14,2025-09-09,0.901692071039016,0.8943852230251867,-0.0073068480138293035,20260812
remaining_random_forest_peer,cycle,2025-4,2025-4,Tags 1,21,2025-09-16,0.901692071039016,0.8894725724720587,-0.012219498566957365,20260812
remaining_random_forest_peer,cycle,2025-4,2025-4,Tags 1,28,2025-09-23,0.901692071039016,0.8814877006575023,-0.020204370381513792,20260812
remaining_random_forest_peer,cycle,2025-4,2025-4,Tags 2,7,2025-09-02,0.922234699606962,0.9147780733524271,-0.007456626254534915,20260812
remaining_random_forest_peer,cycle,2025-4,2025-4,Tags 2,14,2025-09-09,0.922234699606962,0.9165803910285995,-0.005654308578362577,20260812
remaining_random_forest_peer,cycle,2025-4,2025-4,Tags 2,21,2025-09-16,0.922234699606962,0.9071203152976641,-0.015114384309297901,20260812
remaining_random_forest_peer,cycle,2025-4,2025-4,Tags 2,28,2025-09-23,0.922234699606962,0.8993260326102864,-0.022908666996675597,20260812
remaining_random_forest_peer,cycle,2025-4,2025-4,Tags 3,7,2025-09-02,0.935113970074116,0.9375173209760169,0.0024033509019009136,20260812
remaining_random_forest_peer,cycle,2025-4,2025-4,Tags 3,14,2025-09-09,0.935113970074116,0.9296025567550089,-0.005511413319107095,20260812
remaining_random_forest_peer,cycle,2025-4,2025-4,Tags 3,21,2025-09-16,0.935113970074116,0.9218053327482586,-0.013308637325857409,20260812
remaining_random_forest_peer,cycle,2025-4,2025-4,Tags 3,28,2025-09-23,0.935113970074116,0.909337381727472,-0.02577658834664398,20260812
remaining_random_forest_peer,cycle,2025-5,2025-5,Lags 1,7,2025-12-17,0.922603655818101,0.9245677415011717,0.0019640856830707154,20260812
remaining_random_forest_peer,cycle,2025-5,2025-5,Lags 1,14,2025-12-24,0.922603655818101,0.9230560044164102,0.0004523485983092268,20260812
remaining_random_forest_peer,cycle,2025-5,2025-5,Lags 1,21,2025-12-31,0.922603655818101,0.9241346295447889,0.0015309737266878676,20260812
remaining_random_forest_peer,cycle,2025-5,2025-5,Lags 1,28,2026-01-07,0.922603655818101,0.924215770554157,0.0016121147360560473,20260812
remaining_random_forest_peer,cycle,2025-5,2025-5,Lags 2,7,2025-12-24,0.905545454545454,0.9147064861714419,0.009161031625987914,20260812
remaining_random_forest_peer,cycle,2025-5,2025-5,Lags 2,14,2025-12-31,0.905545454545454,0.9110051493300948,0.005459694784640812,20260812
remaining_random_forest_peer,cycle,2025-5,2025-5,Lags 2,21,2026-01-07,0.905545454545454,0.9074477429887194,0.001902288443265454,20260812
remaining_random_forest_peer,cycle,2025-5,2025-5,Lags 2,28,2026-01-14,0.905545454545454,0.9127881361649607,0.007242681619506697,20260812
remaining_random_forest_peer,cycle,2025-5,2025-5,Lags 3,7,2026-01-02,0.921891891891892,0.91451279566729,-0.0073790962246019776,20260812
remaining_random_forest_peer,cycle,2025-5,2025-5,Lags 3,14,2026-01-09,0.921891891891892,0.9098371281059303,-0.012054763785961708,20260812
remaining_random_forest_peer,cycle,2025-5,2025-5,Lags 3,21,2026-01-16,0.921891891891892,0.9129638656682382,-0.008928026223653851,20260812
remaining_random_forest_peer,cycle,2025-5,2025-5,Lags 3,28,2026-01-23,0.921891891891892,0.903733500683856,-0.018158391208035973,20260812
remaining_random_forest_peer,cycle,2025-5,2025-5,Tags 1,7,2025-11-18,0.952702702702703,0.9255590330060353,-0.027143669696667705,20260812
remaining_random_forest_peer,cycle,2025-5,2025-5,Tags 1,14,2025-11-25,0.952702702702703,0.9236261705969047,-0.029076532105798303,20260812
remaining_random_forest_peer,cycle,2025-5,2025-5,Tags 1,21,2025-12-02,0.952702702702703,0.9242668439344566,-0.02843585876824639,20260812
remaining_random_forest_peer,cycle,2025-5,2025-5,Tags 1,28,2025-12-09,0.952702702702703,0.9223015748215034,-0.03040112788119953,20260812
remaining_random_forest_peer,cycle,2025-5,2025-5,Tags 2,7,2025-11-18,0.954866008462624,0.9309839288288397,-0.023882079633784303,20260812
remaining_random_forest_peer,cycle,2025-5,2025-5,Tags 2,14,2025-11-25,0.954866008462624,0.9303072459067833,-0.024558762555840774,20260812
remaining_random_forest_peer,cycle,2025-5,2025-5,Tags 2,21,2025-12-02,0.954866008462624,0.9276960880882004,-0.027169920374423673,20260812
remaining_random_forest_peer,cycle,2025-5,2025-5,Tags 2,28,2025-12-09,0.954866008462624,0.9302199697338841,-0.02464603872873994,20260812
remaining_random_forest_peer,cycle,2025-5,2025-5,Tags 3,7,2025-11-18,0.952936218038775,0.9285468778198673,-0.024389340218907707,20260812
remaining_random_forest_peer,cycle,2025-5,2025-5,Tags 3,14,2025-11-25,0.952936218038775,0.93153991785365,-0.02139630018512506,20260812
remaining_random_forest_peer,cycle,2025-5,2025-5,Tags 3,21,2025-12-02,0.952936218038775,0.9265737824877551,-0.026362435551019914,20260812
remaining_random_forest_peer,cycle,2025-5,2025-5,Tags 3,28,2025-12-09,0.952936218038775,0.9288612695622062,-0.02407494847656888,20260812
remaining_random_forest_peer,cycle,2026-1,2026-1,Lags 1,7,2026-03-12,0.908273221123876,0.9001640054318195,-0.00810921569205647,20260812
remaining_random_forest_peer,cycle,2026-1,2026-1,Lags 1,14,2026-03-19,0.908273221123876,0.8941171984166343,-0.0141560227072417,20260812
remaining_random_forest_peer,cycle,2026-1,2026-1,Lags 1,21,2026-03-26,0.908273221123876,0.8910742938799328,-0.01719892724394323,20260812
remaining_random_forest_peer,cycle,2026-1,2026-1,Lags 1,28,2026-04-02,0.908273221123876,0.8737814471703734,-0.03449177395350256,20260812
remaining_random_forest_peer,cycle,2026-1,2026-1,Lags 2,7,2026-03-20,0.870959099839257,0.9219366249386716,0.050977525099414556,20260812
remaining_random_forest_peer,cycle,2026-1,2026-1,Lags 2,14,2026-03-27,0.870959099839257,0.9151862897596402,0.044227189920383214,20260812
remaining_random_forest_peer,cycle,2026-1,2026-1,Lags 2,21,2026-04-03,0.870959099839257,0.9040132304476423,0.033054130608385246,20260812
remaining_random_forest_peer,cycle,2026-1,2026-1,Lags 2,28,2026-04-10,0.870959099839257,0.8797101547855447,0.008751054946287695,20260812
remaining_random_forest_peer,cycle,2026-1,2026-1,Lags 3,7,2026-03-27,0.909626193237577,0.9137552241167308,0.004129030879153839,20260812
remaining_random_forest_peer,cycle,2026-1,2026-1,Lags 3,14,2026-04-03,0.909626193237577,0.8953156101604496,-0.014310583077127403,20260812
remaining_random_forest_peer,cycle,2026-1,2026-1,Lags 3,21,2026-04-10,0.909626193237577,0.8998805087096549,-0.009745684527922127,20260812
remaining_random_forest_peer,cycle,2026-1,2026-1,Lags 3,28,2026-04-17,0.909626193237577,0.8794042995283141,-0.03022189370926287,20260812
remaining_random_forest_peer,cycle,2026-1,2026-1,Tags 1,7,2026-02-06,0.934082923401265,0.9213201565850866,-0.012762766816178384,20260812
remaining_random_forest_peer,cycle,2026-1,2026-1,Tags 1,14,2026-02-13,0.934082923401265,0.917435880536556,-0.016647042864708972,20260812
remaining_random_forest_peer,cycle,2026-1,2026-1,Tags 1,21,2026-02-20,0.934082923401265,0.9234435861583834,-0.010639337242881575,20260812
remaining_random_forest_peer,cycle,2026-1,2026-1,Tags 1,28,2026-02-27,0.934082923401265,0.9089064688343059,-0.02517645456695905,20260812
remaining_random_forest_peer,cycle,2026-1,2026-1,Tags 2,7,2026-02-06,0.932032017975004,0.9356911297881217,0.0036591118131177325,20260812
remaining_random_forest_peer,cycle,2026-1,2026-1,Tags 2,14,2026-02-13,0.932032017975004,0.9270451726023244,-0.004986845372679571,20260812
remaining_random_forest_peer,cycle,2026-1,2026-1,Tags 2,21,2026-02-20,0.932032017975004,0.9277076383626509,-0.004324379612353102,20260812
remaining_random_forest_peer,cycle,2026-1,2026-1,Tags 2,28,2026-02-27,0.932032017975004,0.9131392632983988,-0.018892754676605228,20260812
remaining_random_forest_peer,cycle,2026-1,2026-1,Tags 3,7,2026-02-06,0.935176090921846,0.9196556151262907,-0.015520475795555266,20260812
remaining_random_forest_peer,cycle,2026-1,2026-1,Tags 3,14,2026-02-13,0.935176090921846,0.916614860764818,-0.01856123015702793,20260812
remaining_random_forest_peer,cycle,2026-1,2026-1,Tags 3,21,2026-02-20,0.935176090921846,0.9228691782116238,-0.012306912710222107,20260812
remaining_random_forest_peer,cycle,2026-1,2026-1,Tags 3,28,2026-02-27,0.935176090921846,0.9085401195057362,-0.02663597141610974,20260812
remaining_random_forest_peer,cycle,2026-2,2026-2,Lags 1,7,2026-06-08,0.91295799821269,0.9328532187288949,0.01989522051620496,20260812
remaining_random_forest_peer,cycle,2026-2,2026-2,Lags 1,14,2026-06-15,0.91295799821269,0.9290565158272458,0.01609851761455583,20260812
remaining_random_forest_peer,cycle,2026-2,2026-2,Lags 1,21,2026-06-22,0.91295799821269,0.925226440429068,0.012268442216378017,20260812
remaining_random_forest_peer,cycle,2026-2,2026-2,Lags 1,28,2026-06-29,0.91295799821269,0.9067329127691142,-0.006225085443575806,20260812
remaining_random_forest_peer,cycle,2026-2,2026-2,Lags 2,7,2026-06-16,0.903217158176944,0.9237344800553118,0.020517321878367745,20260812
remaining_random_forest_peer,cycle,2026-2,2026-2,Lags 2,14,2026-06-23,0.903217158176944,0.9191937226360474,0.015976564459103337,20260812
remaining_random_forest_peer,cycle,2026-2,2026-2,Lags 2,21,2026-06-30,0.903217158176944,0.9022223061238875,-0.0009948520530564942,20260812
remaining_random_forest_peer,cycle,2026-2,2026-2,Lags 2,28,2026-07-07,0.903217158176944,0.8990605786677286,-0.004156579509215441,20260812
remaining_random_forest_peer,cycle,2026-2,2026-2,Lags 3,7,2026-06-22,0.827226531158064,0.91569574019433,0.08846920903626598,20260812
remaining_random_forest_peer,cycle,2026-2,2026-2,Lags 3,14,2026-06-29,0.827226531158064,0.8939219183308065,0.06669538717274248,20260812
remaining_random_forest_peer,cycle,2026-2,2026-2,Lags 3,21,2026-07-06,0.827226531158064,0.8904817811563771,0.06325524999831311,20260812
remaining_random_forest_peer,cycle,2026-2,2026-2,Lags 3,28,2026-07-13,0.827226531158064,0.8535260760877268,0.0262995449296628,20260812
remaining_random_forest_peer,cycle,2026-2,2026-2,Tags 1,7,2026-04-25,0.892746183979468,0.9274624805513225,0.03471629657185449,20260812
remaining_random_forest_peer,cycle,2026-2,2026-2,Tags 1,14,2026-05-02,0.892746183979468,0.9382420324330272,0.04549584845355914,20260812
remaining_random_forest_peer,cycle,2026-2,2026-2,Tags 1,21,2026-05-09,0.892746183979468,0.942114126377682,0.04936794239821396,20260812
remaining_random_forest_peer,cycle,2026-2,2026-2,Tags 1,28,2026-05-16,0.892746183979468,0.9341233739816467,0.041377190002178654,20260812
remaining_random_forest_peer,cycle,2026-2,2026-2,Tags 2,7,2026-04-25,0.884097035040431,0.9343811932856514,0.05028415824522037,20260812
remaining_random_forest_peer,cycle,2026-2,2026-2,Tags 2,14,2026-05-02,0.884097035040431,0.9329090407390447,0.04881200569861366,20260812
remaining_random_forest_peer,cycle,2026-2,2026-2,Tags 2,21,2026-05-09,0.884097035040431,0.9409356586604365,0.05683862362000547,20260812
remaining_random_forest_peer,cycle,2026-2,2026-2,Tags 2,28,2026-05-16,0.884097035040431,0.9305512209137682,0.04645418587333716,20260812
remaining_random_forest_peer,cycle,2026-2,2026-2,Tags 3,7,2026-04-25,0.898105548037889,0.9225450126573358,0.024439464619446793,20260812
remaining_random_forest_peer,cycle,2026-2,2026-2,Tags 3,14,2026-05-02,0.898105548037889,0.9304618831796023,0.03235633514171332,20260812
remaining_random_forest_peer,cycle,2026-2,2026-2,Tags 3,21,2026-05-09,0.898105548037889,0.9396155668579679,0.041510018820078876,20260812
remaining_random_forest_peer,cycle,2026-2,2026-2,Tags 3,28,2026-05-16,0.898105548037889,0.9327984930139012,0.03469294497601216,20260812
remaining_extra_trees_peer,cycle,2025-2,2025-2,Tags 1,7,2025-04-04,0.877058823529412,0.9202431558939254,0.043184332364513356,20260812
remaining_extra_trees_peer,cycle,2025-2,2025-2,Tags 1,14,2025-04-11,0.877058823529412,0.9229149493509006,0.04585612582148857,20260812
remaining_extra_trees_peer,cycle,2025-2,2025-2,Tags 1,21,2025-04-18,0.877058823529412,0.9145467715113235,0.03748794798191146,20260812
remaining_extra_trees_peer,cycle,2025-2,2025-2,Tags 1,28,2025-04-25,0.877058823529412,0.9100174037702671,0.03295858024085507,20260812
remaining_extra_trees_peer,cycle,2025-2,2025-2,Tags 2,7,2025-04-04,0.815147058823529,0.9257299087478668,0.11058284992433776,20260812
remaining_extra_trees_peer,cycle,2025-2,2025-2,Tags 2,14,2025-04-11,0.815147058823529,0.9260325699927925,0.11088551116926348,20260812
remaining_extra_trees_peer,cycle,2025-2,2025-2,Tags 2,21,2025-04-18,0.815147058823529,0.9229032363311844,0.10775617750765543,20260812
remaining_extra_trees_peer,cycle,2025-2,2025-2,Tags 2,28,2025-04-25,0.815147058823529,0.919140250663232,0.10399319183970301,20260812
remaining_extra_trees_peer,cycle,2025-2,2025-2,Tags 3,7,2025-04-04,0.889705882352941,0.9278991085760433,0.03819322622310228,20260812
remaining_extra_trees_peer,cycle,2025-2,2025-2,Tags 3,14,2025-04-11,0.889705882352941,0.9272245396252293,0.037518657272288314,20260812
remaining_extra_trees_peer,cycle,2025-2,2025-2,Tags 3,21,2025-04-18,0.889705882352941,0.9283986555354841,0.03869277318254305,20260812
remaining_extra_trees_peer,cycle,2025-2,2025-2,Tags 3,28,2025-04-25,0.889705882352941,0.9278549316568363,0.03814904930389529,20260812
remaining_extra_trees_peer,cycle,2025-3,2025-3,Lags 1,7,2025-07-16,0.900035637918746,0.9098690794241906,0.009833441505444629,20260812
remaining_extra_trees_peer,cycle,2025-3,2025-3,Lags 1,14,2025-07-23,0.900035637918746,0.9062188491456679,0.006183211226921892,20260812
remaining_extra_trees_peer,cycle,2025-3,2025-3,Lags 1,21,2025-07-30,0.900035637918746,0.9021235416739016,0.0020879037551556623,20260812
remaining_extra_trees_peer,cycle,2025-3,2025-3,Lags 1,28,2025-08-06,0.900035637918746,0.894900795449902,-0.005134842468843992,20260812
remaining_extra_trees_peer,cycle,2025-3,2025-3,Lags 2,7,2025-07-22,0.907909090909091,0.9059479226173903,-0.0019611682917006767,20260812
remaining_extra_trees_peer,cycle,2025-3,2025-3,Lags 2,14,2025-07-29,0.907909090909091,0.898218961749891,-0.009690129159199978,20260812
remaining_extra_trees_peer,cycle,2025-3,2025-3,Lags 2,21,2025-08-05,0.907909090909091,0.9004705407736904,-0.007438550135400623,20260812
remaining_extra_trees_peer,cycle,2025-3,2025-3,Lags 2,28,2025-08-12,0.907909090909091,0.8918258850661673,-0.016083205842923665,20260812
remaining_extra_trees_peer,cycle,2025-3,2025-3,Tags 1,7,2025-06-20,0.938071780436312,0.9220899260746974,-0.01598185436161459,20260812
remaining_extra_trees_peer,cycle,2025-3,2025-3,Tags 1,14,2025-06-27,0.938071780436312,0.9278649727062895,-0.010206807730022471,20260812
remaining_extra_trees_peer,cycle,2025-3,2025-3,Tags 1,21,2025-07-04,0.938071780436312,0.924035639985176,-0.014036140451135992,20260812
remaining_extra_trees_peer,cycle,2025-3,2025-3,Tags 1,28,2025-07-11,0.938071780436312,0.9169733396229661,-0.021098440813345887,20260812
remaining_extra_trees_peer,cycle,2025-3,2025-3,Tags 2,7,2025-06-20,0.931068232662192,0.9134482569769501,-0.017619975685241873,20260812
remaining_extra_trees_peer,cycle,2025-3,2025-3,Tags 2,14,2025-06-27,0.931068232662192,0.914208025484522,-0.016860207177670006,20260812
remaining_extra_trees_peer,cycle,2025-3,2025-3,Tags 2,21,2025-07-04,0.931068232662192,0.9160488229774728,-0.015019409684719154,20260812
remaining_extra_trees_peer,cycle,2025-3,2025-3,Tags 2,28,2025-07-11,0.931068232662192,0.9082661732216594,-0.022802059440532596,20260812
remaining_extra_trees_peer,cycle,2025-3,2025-3,Tags 3,7,2025-06-20,0.944997895327627,0.9270588325984862,-0.01793906272914081,20260812
remaining_extra_trees_peer,cycle,2025-3,2025-3,Tags 3,14,2025-06-27,0.944997895327627,0.9291937767664474,-0.01580411856117958,20260812
remaining_extra_trees_peer,cycle,2025-3,2025-3,Tags 3,21,2025-07-04,0.944997895327627,0.9287202097239942,-0.016277685603632852,20260812
remaining_extra_trees_peer,cycle,2025-3,2025-3,Tags 3,28,2025-07-11,0.944997895327627,0.9221358138691202,-0.022862081458506767,20260812
remaining_extra_trees_peer,cycle,2025-4,2025-4,Lags 1,7,2025-10-03,0.929637907912383,0.9105980898188315,-0.019039818093551486,20260812
remaining_extra_trees_peer,cycle,2025-4,2025-4,Lags 1,14,2025-10-10,0.929637907912383,0.9150646921225248,-0.014573215789858152,20260812
remaining_extra_trees_peer,cycle,2025-4,2025-4,Lags 1,21,2025-10-17,0.929637907912383,0.9152584921215556,-0.014379415790827355,20260812
remaining_extra_trees_peer,cycle,2025-4,2025-4,Lags 1,28,2025-10-24,0.929637907912383,0.9057136497744731,-0.023924258137909882,20260812
remaining_extra_trees_peer,cycle,2025-4,2025-4,Lags 2,7,2025-10-03,0.933690795352994,0.9127358017284704,-0.020954993624523688,20260812
remaining_extra_trees_peer,cycle,2025-4,2025-4,Lags 2,14,2025-10-10,0.933690795352994,0.914173484759083,-0.01951731059391104,20260812
remaining_extra_trees_peer,cycle,2025-4,2025-4,Lags 2,21,2025-10-17,0.933690795352994,0.9158749674746713,-0.0178158278783227,20260812
remaining_extra_trees_peer,cycle,2025-4,2025-4,Lags 2,28,2025-10-24,0.933690795352994,0.905880159117394,-0.027810636235600095,20260812
remaining_extra_trees_peer,cycle,2025-4,2025-4,Tags 1,7,2025-09-02,0.901692071039016,0.9050195068223212,0.003327435783305188,20260812
remaining_extra_trees_peer,cycle,2025-4,2025-4,Tags 1,14,2025-09-09,0.901692071039016,0.8936535142325689,-0.008038556806447161,20260812
remaining_extra_trees_peer,cycle,2025-4,2025-4,Tags 1,21,2025-09-16,0.901692071039016,0.8898584132564669,-0.01183365778254919,20260812
remaining_extra_trees_peer,cycle,2025-4,2025-4,Tags 1,28,2025-09-23,0.901692071039016,0.8776519523918358,-0.024040118647180253,20260812
remaining_extra_trees_peer,cycle,2025-4,2025-4,Tags 2,7,2025-09-02,0.922234699606962,0.9159845954533851,-0.006250104153576963,20260812
remaining_extra_trees_peer,cycle,2025-4,2025-4,Tags 2,14,2025-09-09,0.922234699606962,0.9156904914991578,-0.006544208107804206,20260812
remaining_extra_trees_peer,cycle,2025-4,2025-4,Tags 2,21,2025-09-16,0.922234699606962,0.909066398890382,-0.01316830071658004,20260812
remaining_extra_trees_peer,cycle,2025-4,2025-4,Tags 2,28,2025-09-23,0.922234699606962,0.8975761197748652,-0.02465857983209685,20260812
remaining_extra_trees_peer,cycle,2025-4,2025-4,Tags 3,7,2025-09-02,0.935113970074116,0.9315402575759703,-0.0035737124981457535,20260812
remaining_extra_trees_peer,cycle,2025-4,2025-4,Tags 3,14,2025-09-09,0.935113970074116,0.9238270830499113,-0.011286887024204662,20260812
remaining_extra_trees_peer,cycle,2025-4,2025-4,Tags 3,21,2025-09-16,0.935113970074116,0.916058432836621,-0.01905553723749498,20260812
remaining_extra_trees_peer,cycle,2025-4,2025-4,Tags 3,28,2025-09-23,0.935113970074116,0.9057218601324293,-0.029392109941686728,20260812
remaining_extra_trees_peer,cycle,2025-5,2025-5,Lags 1,7,2025-12-17,0.922603655818101,0.9142352394568982,-0.00836841636120278,20260812
remaining_extra_trees_peer,cycle,2025-5,2025-5,Lags 1,14,2025-12-24,0.922603655818101,0.9099580861116976,-0.012645569706403403,20260812
remaining_extra_trees_peer,cycle,2025-5,2025-5,Lags 1,21,2025-12-31,0.922603655818101,0.9105486369566815,-0.012055018861419464,20260812
remaining_extra_trees_peer,cycle,2025-5,2025-5,Lags 1,28,2026-01-07,0.922603655818101,0.9213727335740384,-0.0012309222440626266,20260812
remaining_extra_trees_peer,cycle,2025-5,2025-5,Lags 2,7,2025-12-24,0.905545454545454,0.9044493006955356,-0.0010961538499183465,20260812
remaining_extra_trees_peer,cycle,2025-5,2025-5,Lags 2,14,2025-12-31,0.905545454545454,0.9002938948857491,-0.0052515596597049186,20260812
remaining_extra_trees_peer,cycle,2025-5,2025-5,Lags 2,21,2026-01-07,0.905545454545454,0.8979376834705977,-0.007607771074856329,20260812
remaining_extra_trees_peer,cycle,2025-5,2025-5,Lags 2,28,2026-01-14,0.905545454545454,0.911280450068988,0.005734995523533959,20260812
remaining_extra_trees_peer,cycle,2025-5,2025-5,Lags 3,7,2026-01-02,0.921891891891892,0.9045032829889407,-0.017388608902951352,20260812
remaining_extra_trees_peer,cycle,2025-5,2025-5,Lags 3,14,2026-01-09,0.921891891891892,0.8990765297943166,-0.022815362097575398,20260812
remaining_extra_trees_peer,cycle,2025-5,2025-5,Lags 3,21,2026-01-16,0.921891891891892,0.9012583756587105,-0.020633516233181548,20260812
remaining_extra_trees_peer,cycle,2025-5,2025-5,Lags 3,28,2026-01-23,0.921891891891892,0.9019041430113871,-0.01998774888050492,20260812
remaining_extra_trees_peer,cycle,2025-5,2025-5,Tags 1,7,2025-11-18,0.952702702702703,0.9209678735456241,-0.031734829157078814,20260812
remaining_extra_trees_peer,cycle,2025-5,2025-5,Tags 1,14,2025-11-25,0.952702702702703,0.9164155689820478,-0.036287133720655174,20260812
remaining_extra_trees_peer,cycle,2025-5,2025-5,Tags 1,21,2025-12-02,0.952702702702703,0.9166230784385226,-0.03607962426418032,20260812
remaining_extra_trees_peer,cycle,2025-5,2025-5,Tags 1,28,2025-12-09,0.952702702702703,0.9229410453696523,-0.029761657333050695,20260812
remaining_extra_trees_peer,cycle,2025-5,2025-5,Tags 2,7,2025-11-18,0.954866008462624,0.924321335131962,-0.03054467333066202,20260812
remaining_extra_trees_peer,cycle,2025-5,2025-5,Tags 2,14,2025-11-25,0.954866008462624,0.9219752664784145,-0.03289074198420949,20260812
remaining_extra_trees_peer,cycle,2025-5,2025-5,Tags 2,21,2025-12-02,0.954866008462624,0.9191954025673786,-0.0356706058952454,20260812
remaining_extra_trees_peer,cycle,2025-5,2025-5,Tags 2,28,2025-12-09,0.954866008462624,0.9281422752784273,-0.02672373318419674,20260812
remaining_extra_trees_peer,cycle,2025-5,2025-5,Tags 3,7,2025-11-18,0.952936218038775,0.9223834010767684,-0.030552816962006624,20260812
remaining_extra_trees_peer,cycle,2025-5,2025-5,Tags 3,14,2025-11-25,0.952936218038775,0.9221047857411147,-0.03083143229766039,20260812
remaining_extra_trees_peer,cycle,2025-5,2025-5,Tags 3,21,2025-12-02,0.952936218038775,0.9186225599831002,-0.03431365805567488,20260812
remaining_extra_trees_peer,cycle,2025-5,2025-5,Tags 3,28,2025-12-09,0.952936218038775,0.9267487496132597,-0.026187468425515337,20260812
remaining_extra_trees_peer,cycle,2026-1,2026-1,Lags 1,7,2026-03-12,0.908273221123876,0.9019138992202946,-0.00635932190358135,20260812
remaining_extra_trees_peer,cycle,2026-1,2026-1,Lags 1,14,2026-03-19,0.908273221123876,0.8930152730475603,-0.015257948076315642,20260812
remaining_extra_trees_peer,cycle,2026-1,2026-1,Lags 1,21,2026-03-26,0.908273221123876,0.8915875870610208,-0.01668563406285517,20260812
remaining_extra_trees_peer,cycle,2026-1,2026-1,Lags 1,28,2026-04-02,0.908273221123876,0.8795088065450789,-0.028764414578797082,20260812
remaining_extra_trees_peer,cycle,2026-1,2026-1,Lags 2,7,2026-03-20,0.870959099839257,0.9227419084203157,0.05178280858105866,20260812
remaining_extra_trees_peer,cycle,2026-1,2026-1,Lags 2,14,2026-03-27,0.870959099839257,0.9196104760047884,0.04865137616553139,20260812
remaining_extra_trees_peer,cycle,2026-1,2026-1,Lags 2,21,2026-04-03,0.870959099839257,0.9096035226628056,0.03864442282354863,20260812
remaining_extra_trees_peer,cycle,2026-1,2026-1,Lags 2,28,2026-04-10,0.870959099839257,0.8892270237540467,0.018267923914789708,20260812
remaining_extra_trees_peer,cycle,2026-1,2026-1,Lags 3,7,2026-03-27,0.909626193237577,0.9191845873282599,0.009558394090682931,20260812
remaining_extra_trees_peer,cycle,2026-1,2026-1,Lags 3,14,2026-04-03,0.909626193237577,0.9016433978388549,-0.007982795398722042,20260812
remaining_extra_trees_peer,cycle,2026-1,2026-1,Lags 3,21,2026-04-10,0.909626193237577,0.9051333852981547,-0.004492807939422305,20260812
remaining_extra_trees_peer,cycle,2026-1,2026-1,Lags 3,28,2026-04-17,0.909626193237577,0.8884614709798555,-0.02116472225772148,20260812
remaining_extra_trees_peer,cycle,2026-1,2026-1,Tags 1,7,2026-02-06,0.934082923401265,0.9174618474568066,-0.016621075944458386,20260812
remaining_extra_trees_peer,cycle,2026-1,2026-1,Tags 1,14,2026-02-13,0.934082923401265,0.9172436700330282,-0.016839253368236773,20260812
remaining_extra_trees_peer,cycle,2026-1,2026-1,Tags 1,21,2026-02-20,0.934082923401265,0.9214477878681425,-0.012635135533122455,20260812
remaining_extra_trees_peer,cycle,2026-1,2026-1,Tags 1,28,2026-02-27,0.934082923401265,0.9118588141508682,-0.02222410925039675,20260812
remaining_extra_trees_peer,cycle,2026-1,2026-1,Tags 2,7,2026-02-06,0.932032017975004,0.9351402160224226,0.0031081980474185755,20260812
remaining_extra_trees_peer,cycle,2026-1,2026-1,Tags 2,14,2026-02-13,0.932032017975004,0.9271808071011226,-0.004851210873881406,20260812
remaining_extra_trees_peer,cycle,2026-1,2026-1,Tags 2,21,2026-02-20,0.932032017975004,0.9291784298421626,-0.0028535881328414225,20260812
remaining_extra_trees_peer,cycle,2026-1,2026-1,Tags 2,28,2026-02-27,0.932032017975004,0.9179748058465804,-0.01405721212842359,20260812
remaining_extra_trees_peer,cycle,2026-1,2026-1,Tags 3,7,2026-02-06,0.935176090921846,0.9143455072888886,-0.02083058363295731,20260812
remaining_extra_trees_peer,cycle,2026-1,2026-1,Tags 3,14,2026-02-13,0.935176090921846,0.9128843705220514,-0.022291720399794546,20260812
remaining_extra_trees_peer,cycle,2026-1,2026-1,Tags 3,21,2026-02-20,0.935176090921846,0.9199638102757163,-0.015212280646129672,20260812
remaining_extra_trees_peer,cycle,2026-1,2026-1,Tags 3,28,2026-02-27,0.935176090921846,0.9108519921754077,-0.02432409874643826,20260812
remaining_extra_trees_peer,cycle,2026-2,2026-2,Lags 1,7,2026-06-08,0.91295799821269,0.9258185925749923,0.012860594362302358,20260812
remaining_extra_trees_peer,cycle,2026-2,2026-2,Lags 1,14,2026-06-15,0.91295799821269,0.9179461151871754,0.004988116974485424,20260812
remaining_extra_trees_peer,cycle,2026-2,2026-2,Lags 1,21,2026-06-22,0.91295799821269,0.9191279450716388,0.006169946858948783,20260812
remaining_extra_trees_peer,cycle,2026-2,2026-2,Lags 1,28,2026-06-29,0.91295799821269,0.9098867458879287,-0.003071252324761242,20260812
remaining_extra_trees_peer,cycle,2026-2,2026-2,Lags 2,7,2026-06-16,0.903217158176944,0.9188528886183023,0.015635730441358242,20260812
remaining_extra_trees_peer,cycle,2026-2,2026-2,Lags 2,14,2026-06-23,0.903217158176944,0.9135263298792723,0.010309171702328257,20260812
remaining_extra_trees_peer,cycle,2026-2,2026-2,Lags 2,21,2026-06-30,0.903217158176944,0.9032677303840307,5.057220708670762e-05,20260812
remaining_extra_trees_peer,cycle,2026-2,2026-2,Lags 2,28,2026-07-07,0.903217158176944,0.8995463603533317,-0.0036707978236123484,20260812
remaining_extra_trees_peer,cycle,2026-2,2026-2,Lags 3,7,2026-06-22,0.827226531158064,0.9134067115721889,0.0861801804141249,20260812
remaining_extra_trees_peer,cycle,2026-2,2026-2,Lags 3,14,2026-06-29,0.827226531158064,0.8919786780724142,0.06475214691435016,20260812
remaining_extra_trees_peer,cycle,2026-2,2026-2,Lags 3,21,2026-07-06,0.827226531158064,0.8941982379807113,0.0669717068226473,20260812
remaining_extra_trees_peer,cycle,2026-2,2026-2,Lags 3,28,2026-07-13,0.827226531158064,0.8603401510569829,0.03311361989891892,20260812
remaining_extra_trees_peer,cycle,2026-2,2026-2,Tags 1,7,2026-04-25,0.892746183979468,0.9292605364066545,0.03651435242718648,20260812
remaining_extra_trees_peer,cycle,2026-2,2026-2,Tags 1,14,2026-05-02,0.892746183979468,0.937806532450937,0.045060348471469,20260812
remaining_extra_trees_peer,cycle,2026-2,2026-2,Tags 1,21,2026-05-09,0.892746183979468,0.9403763905690465,0.047630206589578505,20260812
remaining_extra_trees_peer,cycle,2026-2,2026-2,Tags 1,28,2026-05-16,0.892746183979468,0.9365476942647665,0.04380151028529844,20260812
remaining_extra_trees_peer,cycle,2026-2,2026-2,Tags 2,7,2026-04-25,0.884097035040431,0.9359817523716528,0.0518847173312218,20260812
remaining_extra_trees_peer,cycle,2026-2,2026-2,Tags 2,14,2026-05-02,0.884097035040431,0.9327501294846582,0.04865309444422716,20260812
remaining_extra_trees_peer,cycle,2026-2,2026-2,Tags 2,21,2026-05-09,0.884097035040431,0.938816335352689,0.054719300312258023,20260812
remaining_extra_trees_peer,cycle,2026-2,2026-2,Tags 2,28,2026-05-16,0.884097035040431,0.9339718088870194,0.04987477384658834,20260812
remaining_extra_trees_peer,cycle,2026-2,2026-2,Tags 3,7,2026-04-25,0.898105548037889,0.9240511575352195,0.02594560949733049,20260812
remaining_extra_trees_peer,cycle,2026-2,2026-2,Tags 3,14,2026-05-02,0.898105548037889,0.9307643451821305,0.03265879714424147,20260812
remaining_extra_trees_peer,cycle,2026-2,2026-2,Tags 3,21,2026-05-09,0.898105548037889,0.9375089794149103,0.03940343137702129,20260812
remaining_extra_trees_peer,cycle,2026-2,2026-2,Tags 3,28,2026-05-16,0.898105548037889,0.9353880417895368,0.03728249375164783,20260812
residual_hist_gradient_peer,cycle,2025-2,2025-2,Tags 1,7,2025-04-04,0.877058823529412,0.9157027790394756,0.03864395551006361,20260812
residual_hist_gradient_peer,cycle,2025-2,2025-2,Tags 1,14,2025-04-11,0.877058823529412,0.9206253604778638,0.043566536948451806,20260812
residual_hist_gradient_peer,cycle,2025-2,2025-2,Tags 1,21,2025-04-18,0.877058823529412,0.916162053424266,0.03910322989485404,20260812
residual_hist_gradient_peer,cycle,2025-2,2025-2,Tags 1,28,2025-04-25,0.877058823529412,0.9107850632409671,0.033726239711555084,20260812
residual_hist_gradient_peer,cycle,2025-2,2025-2,Tags 2,7,2025-04-04,0.815147058823529,0.9221033586987921,0.10695629987526312,20260812
residual_hist_gradient_peer,cycle,2025-2,2025-2,Tags 2,14,2025-04-11,0.815147058823529,0.923783604347959,0.10863654552443003,20260812
residual_hist_gradient_peer,cycle,2025-2,2025-2,Tags 2,21,2025-04-18,0.815147058823529,0.9227884181403931,0.10764135931686414,20260812
residual_hist_gradient_peer,cycle,2025-2,2025-2,Tags 2,28,2025-04-25,0.815147058823529,0.9197643691335647,0.10461731031003574,20260812
residual_hist_gradient_peer,cycle,2025-2,2025-2,Tags 3,7,2025-04-04,0.889705882352941,0.9243092410517333,0.034603358698792275,20260812
residual_hist_gradient_peer,cycle,2025-2,2025-2,Tags 3,14,2025-04-11,0.889705882352941,0.9252541925832531,0.03554831023031213,20260812
residual_hist_gradient_peer,cycle,2025-2,2025-2,Tags 3,21,2025-04-18,0.889705882352941,0.9295066470076809,0.03980076465473992,20260812
residual_hist_gradient_peer,cycle,2025-2,2025-2,Tags 3,28,2025-04-25,0.889705882352941,0.9248569202016667,0.03515103784872564,20260812
residual_hist_gradient_peer,cycle,2025-3,2025-3,Lags 1,7,2025-07-16,0.900035637918746,0.9096203106233604,0.009584672704614383,20260812
residual_hist_gradient_peer,cycle,2025-3,2025-3,Lags 1,14,2025-07-23,0.900035637918746,0.9066115649896538,0.006575927070907817,20260812
residual_hist_gradient_peer,cycle,2025-3,2025-3,Lags 1,21,2025-07-30,0.900035637918746,0.9018433770277625,0.0018077391090165484,20260812
residual_hist_gradient_peer,cycle,2025-3,2025-3,Lags 1,28,2025-08-06,0.900035637918746,0.8970137295558921,-0.0030219083628538757,20260812
residual_hist_gradient_peer,cycle,2025-3,2025-3,Lags 2,7,2025-07-22,0.907909090909091,0.9003642642993719,-0.007544826609719113,20260812
residual_hist_gradient_peer,cycle,2025-3,2025-3,Lags 2,14,2025-07-29,0.907909090909091,0.8966812523277974,-0.011227838581293614,20260812
residual_hist_gradient_peer,cycle,2025-3,2025-3,Lags 2,21,2025-08-05,0.907909090909091,0.8942274299151102,-0.013681660993980826,20260812
residual_hist_gradient_peer,cycle,2025-3,2025-3,Lags 2,28,2025-08-12,0.907909090909091,0.8917975543325761,-0.016111536576514873,20260812
residual_hist_gradient_peer,cycle,2025-3,2025-3,Tags 1,7,2025-06-20,0.938071780436312,0.9111426958339593,-0.02692908460235266,20260812
residual_hist_gradient_peer,cycle,2025-3,2025-3,Tags 1,14,2025-06-27,0.938071780436312,0.9167695928834882,-0.02130218755282376,20260812
residual_hist_gradient_peer,cycle,2025-3,2025-3,Tags 1,21,2025-07-04,0.938071780436312,0.9196851032003672,-0.01838667723594478,20260812
residual_hist_gradient_peer,cycle,2025-3,2025-3,Tags 1,28,2025-07-11,0.938071780436312,0.9227545867109178,-0.015317193725394196,20260812
residual_hist_gradient_peer,cycle,2025-3,2025-3,Tags 2,7,2025-06-20,0.931068232662192,0.9020314208193739,-0.029036811842818033,20260812
residual_hist_gradient_peer,cycle,2025-3,2025-3,Tags 2,14,2025-06-27,0.931068232662192,0.8998313444707563,-0.031236888191435663,20260812
residual_hist_gradient_peer,cycle,2025-3,2025-3,Tags 2,21,2025-07-04,0.931068232662192,0.9029135990917897,-0.028154633570402265,20260812
residual_hist_gradient_peer,cycle,2025-3,2025-3,Tags 2,28,2025-07-11,0.931068232662192,0.9118259351079101,-0.019242297554281862,20260812
residual_hist_gradient_peer,cycle,2025-3,2025-3,Tags 3,7,2025-06-20,0.944997895327627,0.9133043666127323,-0.031693528714894725,20260812
residual_hist_gradient_peer,cycle,2025-3,2025-3,Tags 3,14,2025-06-27,0.944997895327627,0.9190736635854714,-0.025924231742155635,20260812
residual_hist_gradient_peer,cycle,2025-3,2025-3,Tags 3,21,2025-07-04,0.944997895327627,0.9208327539084522,-0.024165141419174807,20260812
residual_hist_gradient_peer,cycle,2025-3,2025-3,Tags 3,28,2025-07-11,0.944997895327627,0.9302112294189496,-0.014786665908677388,20260812
residual_hist_gradient_peer,cycle,2025-4,2025-4,Lags 1,7,2025-10-03,0.929637907912383,0.9012210692830609,-0.028416838629322094,20260812
residual_hist_gradient_peer,cycle,2025-4,2025-4,Lags 1,14,2025-10-10,0.929637907912383,0.9044721264240986,-0.02516578148828441,20260812
residual_hist_gradient_peer,cycle,2025-4,2025-4,Lags 1,21,2025-10-17,0.929637907912383,0.9056518315501451,-0.02398607636223793,20260812
residual_hist_gradient_peer,cycle,2025-4,2025-4,Lags 1,28,2025-10-24,0.929637907912383,0.9063978891399425,-0.02324001877244053,20260812
residual_hist_gradient_peer,cycle,2025-4,2025-4,Lags 2,7,2025-10-03,0.933690795352994,0.9032837465809068,-0.03040704877208722,20260812
residual_hist_gradient_peer,cycle,2025-4,2025-4,Lags 2,14,2025-10-10,0.933690795352994,0.9040351340011233,-0.0296556613518707,20260812
residual_hist_gradient_peer,cycle,2025-4,2025-4,Lags 2,21,2025-10-17,0.933690795352994,0.9025727826803522,-0.031118012672641804,20260812
residual_hist_gradient_peer,cycle,2025-4,2025-4,Lags 2,28,2025-10-24,0.933690795352994,0.9045973873080914,-0.02909340804490268,20260812
residual_hist_gradient_peer,cycle,2025-4,2025-4,Tags 1,7,2025-09-02,0.901692071039016,0.9098201885518458,0.008128117512829713,20260812
residual_hist_gradient_peer,cycle,2025-4,2025-4,Tags 1,14,2025-09-09,0.901692071039016,0.9050813772472234,0.003389306208207321,20260812
residual_hist_gradient_peer,cycle,2025-4,2025-4,Tags 1,21,2025-09-16,0.901692071039016,0.9021149380995029,0.0004228670604868867,20260812
residual_hist_gradient_peer,cycle,2025-4,2025-4,Tags 1,28,2025-09-23,0.901692071039016,0.8936273596342933,-0.008064711404722757,20260812
residual_hist_gradient_peer,cycle,2025-4,2025-4,Tags 2,7,2025-09-02,0.922234699606962,0.9156154096875135,-0.00661928991944849,20260812
residual_hist_gradient_peer,cycle,2025-4,2025-4,Tags 2,14,2025-09-09,0.922234699606962,0.9154521178325491,-0.006782581774412932,20260812
residual_hist_gradient_peer,cycle,2025-4,2025-4,Tags 2,21,2025-09-16,0.922234699606962,0.9132839124378224,-0.008950787169139662,20260812
residual_hist_gradient_peer,cycle,2025-4,2025-4,Tags 2,28,2025-09-23,0.922234699606962,0.9111659206275889,-0.011068778979373084,20260812
residual_hist_gradient_peer,cycle,2025-4,2025-4,Tags 3,7,2025-09-02,0.935113970074116,0.9279364076011737,-0.007177562472942323,20260812
residual_hist_gradient_peer,cycle,2025-4,2025-4,Tags 3,14,2025-09-09,0.935113970074116,0.9274495861690649,-0.0076643839050510865,20260812
residual_hist_gradient_peer,cycle,2025-4,2025-4,Tags 3,21,2025-09-16,0.935113970074116,0.9257417122569758,-0.00937225781714024,20260812
residual_hist_gradient_peer,cycle,2025-4,2025-4,Tags 3,28,2025-09-23,0.935113970074116,0.9240032964848273,-0.011110673589288744,20260812
residual_hist_gradient_peer,cycle,2025-5,2025-5,Lags 1,7,2025-12-17,0.922603655818101,0.9067959644384087,-0.01580769137969229,20260812
residual_hist_gradient_peer,cycle,2025-5,2025-5,Lags 1,14,2025-12-24,0.922603655818101,0.9103025069244359,-0.01230114889366507,20260812
residual_hist_gradient_peer,cycle,2025-5,2025-5,Lags 1,21,2025-12-31,0.922603655818101,0.9225048563986357,-9.87994194653341e-05,20260812
residual_hist_gradient_peer,cycle,2025-5,2025-5,Lags 1,28,2026-01-07,0.922603655818101,0.9330718444283393,0.01046818861023835,20260812
residual_hist_gradient_peer,cycle,2025-5,2025-5,Lags 2,7,2025-12-24,0.905545454545454,0.9025539934591289,-0.0029914610863250868,20260812
residual_hist_gradient_peer,cycle,2025-5,2025-5,Lags 2,14,2025-12-31,0.905545454545454,0.9044186534394025,-0.001126801106051456,20260812
residual_hist_gradient_peer,cycle,2025-5,2025-5,Lags 2,21,2026-01-07,0.905545454545454,0.9044709239111637,-0.001074530634290305,20260812
residual_hist_gradient_peer,cycle,2025-5,2025-5,Lags 2,28,2026-01-14,0.905545454545454,0.9144092741709423,0.008863819625488323,20260812
residual_hist_gradient_peer,cycle,2025-5,2025-5,Lags 3,7,2026-01-02,0.921891891891892,0.9027963828783259,-0.01909550901356616,20260812
residual_hist_gradient_peer,cycle,2025-5,2025-5,Lags 3,14,2026-01-09,0.921891891891892,0.9036794028475509,-0.01821248904434114,20260812
residual_hist_gradient_peer,cycle,2025-5,2025-5,Lags 3,21,2026-01-16,0.921891891891892,0.9056707601109999,-0.01622113178089213,20260812
residual_hist_gradient_peer,cycle,2025-5,2025-5,Lags 3,28,2026-01-23,0.921891891891892,0.918242122516999,-0.0036497693748930304,20260812
residual_hist_gradient_peer,cycle,2025-5,2025-5,Tags 1,7,2025-11-18,0.952702702702703,0.9048005152247045,-0.04790218747799846,20260812
residual_hist_gradient_peer,cycle,2025-5,2025-5,Tags 1,14,2025-11-25,0.952702702702703,0.908053323647936,-0.04464937905476696,20260812
residual_hist_gradient_peer,cycle,2025-5,2025-5,Tags 1,21,2025-12-02,0.952702702702703,0.9201393170481886,-0.03256338565451433,20260812
residual_hist_gradient_peer,cycle,2025-5,2025-5,Tags 1,28,2025-12-09,0.952702702702703,0.9262057289194967,-0.026496973783206257,20260812
residual_hist_gradient_peer,cycle,2025-5,2025-5,Tags 2,7,2025-11-18,0.954866008462624,0.9173695728707802,-0.03749643559184379,20260812
residual_hist_gradient_peer,cycle,2025-5,2025-5,Tags 2,14,2025-11-25,0.954866008462624,0.9225252041263258,-0.03234080433629827,20260812
residual_hist_gradient_peer,cycle,2025-5,2025-5,Tags 2,21,2025-12-02,0.954866008462624,0.9245131133531733,-0.030352895109450717,20260812
residual_hist_gradient_peer,cycle,2025-5,2025-5,Tags 2,28,2025-12-09,0.954866008462624,0.9334932941318083,-0.02137271433081578,20260812
residual_hist_gradient_peer,cycle,2025-5,2025-5,Tags 3,7,2025-11-18,0.952936218038775,0.9159586636854544,-0.03697755435332062,20260812
residual_hist_gradient_peer,cycle,2025-5,2025-5,Tags 3,14,2025-11-25,0.952936218038775,0.9220156013565012,-0.03092061668227386,20260812
residual_hist_gradient_peer,cycle,2025-5,2025-5,Tags 3,21,2025-12-02,0.952936218038775,0.9195472504335559,-0.033388967605219144,20260812
residual_hist_gradient_peer,cycle,2025-5,2025-5,Tags 3,28,2025-12-09,0.952936218038775,0.9288619130534459,-0.024074304985329142,20260812
residual_hist_gradient_peer,cycle,2026-1,2026-1,Lags 1,7,2026-03-12,0.908273221123876,0.8857280777466888,-0.02254514337718716,20260812
residual_hist_gradient_peer,cycle,2026-1,2026-1,Lags 1,14,2026-03-19,0.908273221123876,0.8798422393676893,-0.028430981756186635,20260812
residual_hist_gradient_peer,cycle,2026-1,2026-1,Lags 1,21,2026-03-26,0.908273221123876,0.8701585447291786,-0.038114676394697344,20260812
residual_hist_gradient_peer,cycle,2026-1,2026-1,Lags 1,28,2026-04-02,0.908273221123876,0.861097036572879,-0.047176184550997036,20260812
residual_hist_gradient_peer,cycle,2026-1,2026-1,Lags 2,7,2026-03-20,0.870959099839257,0.9145268668995402,0.0435677670602832,20260812
residual_hist_gradient_peer,cycle,2026-1,2026-1,Lags 2,14,2026-03-27,0.870959099839257,0.9088906460631697,0.037931546223912704,20260812
residual_hist_gradient_peer,cycle,2026-1,2026-1,Lags 2,21,2026-04-03,0.870959099839257,0.9056922945638435,0.03473319472458647,20260812
residual_hist_gradient_peer,cycle,2026-1,2026-1,Lags 2,28,2026-04-10,0.870959099839257,0.8941618061523179,0.023202706313060872,20260812
residual_hist_gradient_peer,cycle,2026-1,2026-1,Lags 3,7,2026-03-27,0.909626193237577,0.9084286151398507,-0.0011975780977262485,20260812
residual_hist_gradient_peer,cycle,2026-1,2026-1,Lags 3,14,2026-04-03,0.909626193237577,0.8881739869831702,-0.021452206254406803,20260812
residual_hist_gradient_peer,cycle,2026-1,2026-1,Lags 3,21,2026-04-10,0.909626193237577,0.8878355186909819,-0.021790674546595112,20260812
residual_hist_gradient_peer,cycle,2026-1,2026-1,Lags 3,28,2026-04-17,0.909626193237577,0.8837361729148036,-0.025890020322773433,20260812
residual_hist_gradient_peer,cycle,2026-1,2026-1,Tags 1,7,2026-02-06,0.934082923401265,0.9146988094463805,-0.019384113954884485,20260812
residual_hist_gradient_peer,cycle,2026-1,2026-1,Tags 1,14,2026-02-13,0.934082923401265,0.9192038163135907,-0.01487910708767426,20260812
residual_hist_gradient_peer,cycle,2026-1,2026-1,Tags 1,21,2026-02-20,0.934082923401265,0.9240851340686359,-0.00999778933262907,20260812
residual_hist_gradient_peer,cycle,2026-1,2026-1,Tags 1,28,2026-02-27,0.934082923401265,0.9258012762608837,-0.008281647140381265,20260812
residual_hist_gradient_peer,cycle,2026-1,2026-1,Tags 2,7,2026-02-06,0.932032017975004,0.9317722070169546,-0.00025981095804938903,20260812
residual_hist_gradient_peer,cycle,2026-1,2026-1,Tags 2,14,2026-02-13,0.932032017975004,0.9342705121573707,0.002238494182366657,20260812
residual_hist_gradient_peer,cycle,2026-1,2026-1,Tags 2,21,2026-02-20,0.932032017975004,0.9353082400375136,0.0032762220625095484,20260812
residual_hist_gradient_peer,cycle,2026-1,2026-1,Tags 2,28,2026-02-27,0.932032017975004,0.9357720018079334,0.0037399838329293944,20260812
residual_hist_gradient_peer,cycle,2026-1,2026-1,Tags 3,7,2026-02-06,0.935176090921846,0.9074942631302151,-0.027681827791630864,20260812
residual_hist_gradient_peer,cycle,2026-1,2026-1,Tags 3,14,2026-02-13,0.935176090921846,0.9112521857003013,-0.02392390522154464,20260812
residual_hist_gradient_peer,cycle,2026-1,2026-1,Tags 3,21,2026-02-20,0.935176090921846,0.9216847651608487,-0.013491325760997208,20260812
residual_hist_gradient_peer,cycle,2026-1,2026-1,Tags 3,28,2026-02-27,0.935176090921846,0.923002927562487,-0.012173163359358918,20260812
residual_hist_gradient_peer,cycle,2026-2,2026-2,Lags 1,7,2026-06-08,0.91295799821269,0.9267107838602165,0.013752785647526578,20260812
residual_hist_gradient_peer,cycle,2026-2,2026-2,Lags 1,14,2026-06-15,0.91295799821269,0.9296966637782295,0.01673866556553949,20260812
residual_hist_gradient_peer,cycle,2026-2,2026-2,Lags 1,21,2026-06-22,0.91295799821269,0.9282634161462046,0.015305417933514587,20260812
residual_hist_gradient_peer,cycle,2026-2,2026-2,Lags 1,28,2026-06-29,0.91295799821269,0.9245308625536299,0.011572864340939959,20260812
residual_hist_gradient_peer,cycle,2026-2,2026-2,Lags 2,7,2026-06-16,0.903217158176944,0.9150243769031187,0.011807218726174629,20260812
residual_hist_gradient_peer,cycle,2026-2,2026-2,Lags 2,14,2026-06-23,0.903217158176944,0.9245936190614665,0.021376460884522497,20260812
residual_hist_gradient_peer,cycle,2026-2,2026-2,Lags 2,21,2026-06-30,0.903217158176944,0.9068012240267668,0.0035840658498227373,20260812
residual_hist_gradient_peer,cycle,2026-2,2026-2,Lags 2,28,2026-07-07,0.903217158176944,0.9018417580562321,-0.0013754001207119115,20260812
residual_hist_gradient_peer,cycle,2026-2,2026-2,Lags 3,7,2026-06-22,0.827226531158064,0.9114697237311803,0.0842431925731163,20260812
residual_hist_gradient_peer,cycle,2026-2,2026-2,Lags 3,14,2026-06-29,0.827226531158064,0.8990065580406713,0.07178002688260732,20260812
residual_hist_gradient_peer,cycle,2026-2,2026-2,Lags 3,21,2026-07-06,0.827226531158064,0.8991586331147133,0.07193210195664934,20260812
residual_hist_gradient_peer,cycle,2026-2,2026-2,Lags 3,28,2026-07-13,0.827226531158064,0.8780193761355486,0.0507928449774846,20260812
residual_hist_gradient_peer,cycle,2026-2,2026-2,Tags 1,7,2026-04-25,0.892746183979468,0.9163422941109717,0.023596110131503645,20260812
residual_hist_gradient_peer,cycle,2026-2,2026-2,Tags 1,14,2026-05-02,0.892746183979468,0.9347478559090479,0.04200167192957982,20260812
residual_hist_gradient_peer,cycle,2026-2,2026-2,Tags 1,21,2026-05-09,0.892746183979468,0.9380760179055433,0.04532983392607526,20260812
residual_hist_gradient_peer,cycle,2026-2,2026-2,Tags 1,28,2026-05-16,0.892746183979468,0.9399318629268157,0.04718567894734771,20260812
residual_hist_gradient_peer,cycle,2026-2,2026-2,Tags 2,7,2026-04-25,0.884097035040431,0.9299587164902687,0.04586168144983771,20260812
residual_hist_gradient_peer,cycle,2026-2,2026-2,Tags 2,14,2026-05-02,0.884097035040431,0.9335797929870809,0.04948275794664991,20260812
residual_hist_gradient_peer,cycle,2026-2,2026-2,Tags 2,21,2026-05-09,0.884097035040431,0.9363815602423172,0.0522845252018862,20260812
residual_hist_gradient_peer,cycle,2026-2,2026-2,Tags 2,28,2026-05-16,0.884097035040431,0.9361478455103017,0.0520508104698707,20260812
residual_hist_gradient_peer,cycle,2026-2,2026-2,Tags 3,7,2026-04-25,0.898105548037889,0.9134769060705666,0.01537135803267764,20260812
residual_hist_gradient_peer,cycle,2026-2,2026-2,Tags 3,14,2026-05-02,0.898105548037889,0.9320070404147623,0.03390149237687334,20260812
residual_hist_gradient_peer,cycle,2026-2,2026-2,Tags 3,21,2026-05-09,0.898105548037889,0.9354607778052073,0.03735522976731831,20260812
residual_hist_gradient_peer,cycle,2026-2,2026-2,Tags 3,28,2026-05-16,0.898105548037889,0.9381057188609477,0.040000170823058734,20260812
residual_xgboost_peer,cycle,2025-2,2025-2,Tags 1,7,2025-04-04,0.877058823529412,0.9079988176646115,0.030939994135199544,20260812
residual_xgboost_peer,cycle,2025-2,2025-2,Tags 1,14,2025-04-11,0.877058823529412,0.9098458495270887,0.03278702599767669,20260812
residual_xgboost_peer,cycle,2025-2,2025-2,Tags 1,21,2025-04-18,0.877058823529412,0.907821251554817,0.030762428025404964,20260812
residual_xgboost_peer,cycle,2025-2,2025-2,Tags 1,28,2025-04-25,0.877058823529412,0.902444261371518,0.025385437842106007,20260812
residual_xgboost_peer,cycle,2025-2,2025-2,Tags 2,7,2025-04-04,0.815147058823529,0.9131458764881409,0.09799881766461194,20260812
residual_xgboost_peer,cycle,2025-2,2025-2,Tags 2,14,2025-04-11,0.815147058823529,0.914257614232971,0.09911055540944202,20260812
residual_xgboost_peer,cycle,2025-2,2025-2,Tags 2,21,2025-04-18,0.815147058823529,0.9132624280254051,0.09811536920187613,20260812
residual_xgboost_peer,cycle,2025-2,2025-2,Tags 2,28,2025-04-25,0.815147058823529,0.9102383790185767,0.09509132019504773,20260812
residual_xgboost_peer,cycle,2025-2,2025-2,Tags 3,7,2025-04-04,0.889705882352941,0.9153517588410821,0.025645876488141095,20260812
residual_xgboost_peer,cycle,2025-2,2025-2,Tags 3,14,2025-04-11,0.889705882352941,0.9157282024682651,0.026022320115324127,20260812
residual_xgboost_peer,cycle,2025-2,2025-2,Tags 3,21,2025-04-18,0.889705882352941,0.9163506633195229,0.02664478096658185,20260812
residual_xgboost_peer,cycle,2025-2,2025-2,Tags 3,28,2025-04-25,0.889705882352941,0.9171501437244591,0.02744426137151812,20260812
residual_xgboost_peer,cycle,2025-3,2025-3,Lags 1,7,2025-07-16,0.900035637918746,0.9084346918592145,0.008399053940468582,20260812
residual_xgboost_peer,cycle,2025-3,2025-3,Lags 1,14,2025-07-23,0.900035637918746,0.905540791934535,0.005505154015788993,20260812
residual_xgboost_peer,cycle,2025-3,2025-3,Lags 1,21,2025-07-30,0.900035637918746,0.9021507686902914,0.0021151307715454593,20260812
residual_xgboost_peer,cycle,2025-3,2025-3,Lags 1,28,2025-08-06,0.900035637918746,0.8959386709722764,-0.004096966946469549,20260812
residual_xgboost_peer,cycle,2025-3,2025-3,Lags 2,7,2025-07-22,0.907909090909091,0.9017025594157493,-0.006206531493341716,20260812
residual_xgboost_peer,cycle,2025-3,2025-3,Lags 2,14,2025-07-29,0.907909090909091,0.8977219621541941,-0.010187128754896912,20260812
residual_xgboost_peer,cycle,2025-3,2025-3,Lags 2,21,2025-08-05,0.907909090909091,0.8959033767379814,-0.012005714171109627,20260812
residual_xgboost_peer,cycle,2025-3,2025-3,Lags 2,28,2025-08-12,0.907909090909091,0.8922449626848403,-0.015664128224250673,20260812
residual_xgboost_peer,cycle,2025-3,2025-3,Tags 1,7,2025-06-20,0.938071780436312,0.9103842816344174,-0.027687498801894583,20260812
residual_xgboost_peer,cycle,2025-3,2025-3,Tags 1,14,2025-06-27,0.938071780436312,0.9132168761072361,-0.02485490432907589,20260812
residual_xgboost_peer,cycle,2025-3,2025-3,Tags 1,21,2025-07-04,0.938071780436312,0.9136397339768016,-0.02443204645951036,20260812
residual_xgboost_peer,cycle,2025-3,2025-3,Tags 1,28,2025-07-11,0.938071780436312,0.9141443933034828,-0.02392738713282916,20260812
residual_xgboost_peer,cycle,2025-3,2025-3,Tags 2,7,2025-06-20,0.931068232662192,0.9062664194930323,-0.024801813169159637,20260812
residual_xgboost_peer,cycle,2025-3,2025-3,Tags 2,14,2025-06-27,0.931068232662192,0.9067710774684101,-0.02429715519378184,20260812
residual_xgboost_peer,cycle,2025-3,2025-3,Tags 2,21,2025-07-04,0.931068232662192,0.907388326910851,-0.023679905751340935,20260812
residual_xgboost_peer,cycle,2025-3,2025-3,Tags 2,28,2025-07-11,0.931068232662192,0.9079928780804067,-0.023075354581785223,20260812
residual_xgboost_peer,cycle,2025-3,2025-3,Tags 3,7,2025-06-20,0.944997895327627,0.9112622109330268,-0.033735684394600174,20260812
residual_xgboost_peer,cycle,2025-3,2025-3,Tags 3,14,2025-06-27,0.944997895327627,0.9155209468092192,-0.029476948518407764,20260812
residual_xgboost_peer,cycle,2025-3,2025-3,Tags 3,21,2025-07-04,0.944997895327627,0.9177934873289479,-0.02720440799867907,20260812
residual_xgboost_peer,cycle,2025-3,2025-3,Tags 3,28,2025-07-11,0.944997895327627,0.9205900524204169,-0.024407842907210098,20260812
residual_xgboost_peer,cycle,2025-4,2025-4,Lags 1,7,2025-10-03,0.929637907912383,0.9056034472189919,-0.024034460693391102,20260812
residual_xgboost_peer,cycle,2025-4,2025-4,Lags 1,14,2025-10-10,0.929637907912383,0.9075128709630702,-0.022125036949312782,20260812
residual_xgboost_peer,cycle,2025-4,2025-4,Lags 1,21,2025-10-17,0.929637907912383,0.9084643310784956,-0.02117357683388743,20260812
residual_xgboost_peer,cycle,2025-4,2025-4,Lags 1,28,2025-10-24,0.929637907912383,0.9118081170332298,-0.01782979087915315,20260812
residual_xgboost_peer,cycle,2025-4,2025-4,Lags 2,7,2025-10-03,0.933690795352994,0.9076661245168378,-0.026024670836156227,20260812
residual_xgboost_peer,cycle,2025-4,2025-4,Lags 2,14,2025-10-10,0.933690795352994,0.9084175119370543,-0.025273283415939707,20260812
residual_xgboost_peer,cycle,2025-4,2025-4,Lags 2,21,2025-10-17,0.933690795352994,0.9097298696704514,-0.0239609256825426,20260812
residual_xgboost_peer,cycle,2025-4,2025-4,Lags 2,28,2025-10-24,0.933690795352994,0.9132579395206589,-0.020432855832335117,20260812
residual_xgboost_peer,cycle,2025-4,2025-4,Tags 1,7,2025-09-02,0.901692071039016,0.8988015438117639,-0.0028905272272521376,20260812
residual_xgboost_peer,cycle,2025-4,2025-4,Tags 1,14,2025-09-09,0.901692071039016,0.8940627325071415,-0.00762933853187453,20260812
residual_xgboost_peer,cycle,2025-4,2025-4,Tags 1,21,2025-09-16,0.901692071039016,0.8910962933594211,-0.010595777679594964,20260812
residual_xgboost_peer,cycle,2025-4,2025-4,Tags 1,28,2025-09-23,0.901692071039016,0.8856116689590009,-0.016080402080015155,20260812
residual_xgboost_peer,cycle,2025-4,2025-4,Tags 2,7,2025-09-02,0.922234699606962,0.908399664278968,-0.013835035327994016,20260812
residual_xgboost_peer,cycle,2025-4,2025-4,Tags 2,14,2025-09-09,0.922234699606962,0.9082363724240036,-0.013998327182958459,20260812
residual_xgboost_peer,cycle,2025-4,2025-4,Tags 2,21,2025-09-16,0.922234699606962,0.9060681670292768,-0.01616653257768519,20260812
residual_xgboost_peer,cycle,2025-4,2025-4,Tags 2,28,2025-09-23,0.922234699606962,0.902608541822084,-0.019626157784877973,20260812
residual_xgboost_peer,cycle,2025-4,2025-4,Tags 3,7,2025-09-02,0.935113970074116,0.9119465584950249,-0.02316741157909108,20260812
residual_xgboost_peer,cycle,2025-4,2025-4,Tags 3,14,2025-09-09,0.935113970074116,0.9128013704598754,-0.02231259961424059,20260812
residual_xgboost_peer,cycle,2025-4,2025-4,Tags 3,21,2025-09-16,0.935113970074116,0.9110934965477863,-0.024020473526329744,20260812
residual_xgboost_peer,cycle,2025-4,2025-4,Tags 3,28,2025-09-23,0.935113970074116,0.9092447272725235,-0.02586924280159253,20260812
residual_xgboost_peer,cycle,2025-5,2025-5,Lags 1,7,2025-12-17,0.922603655818101,0.9089905664614004,-0.01361308935670058,20260812
residual_xgboost_peer,cycle,2025-5,2025-5,Lags 1,14,2025-12-24,0.922603655818101,0.9127114226247482,-0.00989223319335275,20260812
residual_xgboost_peer,cycle,2025-5,2025-5,Lags 1,21,2025-12-31,0.922603655818101,0.914618214418076,-0.007985441400024995,20260812
residual_xgboost_peer,cycle,2025-5,2025-5,Lags 1,28,2026-01-07,0.922603655818101,0.9266715891985857,0.004067933380484723,20260812
residual_xgboost_peer,cycle,2025-5,2025-5,Lags 2,7,2025-12-24,0.905545454545454,0.905872340060071,0.00032688551461701465,20260812
residual_xgboost_peer,cycle,2025-5,2025-5,Lags 2,14,2025-12-31,0.905545454545454,0.9070901361982902,0.0015446816528361662,20260812
residual_xgboost_peer,cycle,2025-5,2025-5,Lags 2,21,2026-01-07,0.905545454545454,0.9064029588755801,0.0008575043301261021,20260812
residual_xgboost_peer,cycle,2025-5,2025-5,Lags 2,28,2026-01-14,0.905545454545454,0.9163413091353587,0.01079585458990473,20260812
residual_xgboost_peer,cycle,2025-5,2025-5,Lags 3,7,2026-01-02,0.921891891891892,0.905816648004379,-0.016075243887513024,20260812
residual_xgboost_peer,cycle,2025-5,2025-5,Lags 3,14,2026-01-09,0.921891891891892,0.9063104474186015,-0.015581444473290573,20260812
residual_xgboost_peer,cycle,2025-5,2025-5,Lags 3,21,2026-01-16,0.921891891891892,0.9076027950754163,-0.014289096816475721,20260812
residual_xgboost_peer,cycle,2025-5,2025-5,Lags 3,28,2026-01-23,0.921891891891892,0.9139195237135733,-0.0079723681783187,20260812
residual_xgboost_peer,cycle,2025-5,2025-5,Tags 1,7,2025-11-18,0.952702702702703,0.9096961525088835,-0.04300655019381949,20260812
residual_xgboost_peer,cycle,2025-5,2025-5,Tags 1,14,2025-11-25,0.952702702702703,0.912948960932115,-0.03975374177058799,20260812
residual_xgboost_peer,cycle,2025-5,2025-5,Tags 1,21,2025-12-02,0.952702702702703,0.914528470751092,-0.03817423195161096,20260812
residual_xgboost_peer,cycle,2025-5,2025-5,Tags 1,28,2025-12-09,0.952702702702703,0.9261323615514112,-0.026570341151291754,20260812
residual_xgboost_peer,cycle,2025-5,2025-5,Tags 2,7,2025-11-18,0.954866008462624,0.9119331170827663,-0.042932891379857785,20260812
residual_xgboost_peer,cycle,2025-5,2025-5,Tags 2,14,2025-11-25,0.954866008462624,0.9160171781267425,-0.03884883033588149,20260812
residual_xgboost_peer,cycle,2025-5,2025-5,Tags 2,21,2025-12-02,0.954866008462624,0.9180050873535901,-0.03686092110903394,20260812
residual_xgboost_peer,cycle,2025-5,2025-5,Tags 2,28,2025-12-09,0.954866008462624,0.9300196012240882,-0.024846407238535817,20260812
residual_xgboost_peer,cycle,2025-5,2025-5,Tags 3,7,2025-11-18,0.952936218038775,0.9105587432887614,-0.04237747475001363,20260812
residual_xgboost_peer,cycle,2025-5,2025-5,Tags 3,14,2025-11-25,0.952936218038775,0.9159338359096494,-0.037002382129125655,20260812
residual_xgboost_peer,cycle,2025-5,2025-5,Tags 3,21,2025-12-02,0.952936218038775,0.9176685084426188,-0.035267709596156216,20260812
residual_xgboost_peer,cycle,2025-5,2025-5,Tags 3,28,2025-12-09,0.952936218038775,0.9290038803376883,-0.023932337701086714,20260812
residual_xgboost_peer,cycle,2026-1,2026-1,Lags 1,7,2026-03-12,0.908273221123876,0.9040950138783099,-0.004178207245566057,20260812
residual_xgboost_peer,cycle,2026-1,2026-1,Lags 1,14,2026-03-19,0.908273221123876,0.9013565379400492,-0.006916683183826766,20260812
residual_xgboost_peer,cycle,2026-1,2026-1,Lags 1,21,2026-03-26,0.908273221123876,0.9004999466279897,-0.007773274495886273,20260812
residual_xgboost_peer,cycle,2026-1,2026-1,Lags 1,28,2026-04-02,0.908273221123876,0.8956337447779472,-0.012639476345928768,20260812
residual_xgboost_peer,cycle,2026-1,2026-1,Lags 2,7,2026-03-20,0.870959099839257,0.9093983825717291,0.0384392827324721,20260812
residual_xgboost_peer,cycle,2026-1,2026-1,Lags 2,14,2026-03-27,0.870959099839257,0.9087678918656825,0.03780879202642551,20260812
residual_xgboost_peer,cycle,2026-1,2026-1,Lags 2,21,2026-04-03,0.870959099839257,0.9047591165422897,0.033800016703032676,20260812
residual_xgboost_peer,cycle,2026-1,2026-1,Lags 2,28,2026-04-10,0.870959099839257,0.893228628130764,0.022269528291506968,20260812
residual_xgboost_peer,cycle,2026-1,2026-1,Lags 3,7,2026-03-27,0.909626193237577,0.9072714431087905,-0.002354750128786498,20260812
residual_xgboost_peer,cycle,2026-1,2026-1,Lags 3,14,2026-04-03,0.909626193237577,0.899871115296335,-0.009755077941241974,20260812
residual_xgboost_peer,cycle,2026-1,2026-1,Lags 3,21,2026-04-10,0.909626193237577,0.8995326470041467,-0.010093546233430284,20260812
residual_xgboost_peer,cycle,2026-1,2026-1,Lags 3,28,2026-04-17,0.909626193237577,0.8954333012279683,-0.014192892009608715,20260812
residual_xgboost_peer,cycle,2026-1,2026-1,Tags 1,7,2026-02-06,0.934082923401265,0.9137457857384175,-0.020337137662847504,20260812
residual_xgboost_peer,cycle,2026-1,2026-1,Tags 1,14,2026-02-13,0.934082923401265,0.913903823051065,-0.020179100350199985,20260812
residual_xgboost_peer,cycle,2026-1,2026-1,Tags 1,21,2026-02-20,0.934082923401265,0.9156377783653715,-0.01844514503589345,20260812
residual_xgboost_peer,cycle,2026-1,2026-1,Tags 1,28,2026-02-27,0.934082923401265,0.9173539205576193,-0.016729002843645646,20260812
residual_xgboost_peer,cycle,2026-1,2026-1,Tags 2,7,2026-02-06,0.932032017975004,0.9141756013254843,-0.017856416649519757,20260812
residual_xgboost_peer,cycle,2026-1,2026-1,Tags 2,14,2026-02-13,0.932032017975004,0.9147632173795794,-0.01726880059542457,20260812
residual_xgboost_peer,cycle,2026-1,2026-1,Tags 2,21,2026-02-20,0.932032017975004,0.9158009452597224,-0.01623107271528157,20260812
residual_xgboost_peer,cycle,2026-1,2026-1,Tags 2,28,2026-02-27,0.932032017975004,0.9162647070301422,-0.015767310944861834,20260812
residual_xgboost_peer,cycle,2026-1,2026-1,Tags 3,7,2026-02-06,0.935176090921846,0.9132015783006464,-0.021974512621199538,20260812
residual_xgboost_peer,cycle,2026-1,2026-1,Tags 3,14,2026-02-13,0.935176090921846,0.9147792957642269,-0.020396795157619052,20260812
residual_xgboost_peer,cycle,2026-1,2026-1,Tags 3,21,2026-02-20,0.935176090921846,0.9163847718983231,-0.018791319023522823,20260812
residual_xgboost_peer,cycle,2026-1,2026-1,Tags 3,28,2026-02-27,0.935176090921846,0.9177029342999614,-0.017473156621884534,20260812
residual_xgboost_peer,cycle,2026-2,2026-2,Lags 1,7,2026-06-08,0.91295799821269,0.9202136693001032,0.007255671087413207,20260812
residual_xgboost_peer,cycle,2026-2,2026-2,Lags 1,14,2026-06-15,0.91295799821269,0.9201519111144005,0.007193912901710564,20260812
residual_xgboost_peer,cycle,2026-2,2026-2,Lags 1,21,2026-06-22,0.91295799821269,0.9198137213903355,0.00685572317764549,20260812
residual_xgboost_peer,cycle,2026-2,2026-2,Lags 1,28,2026-06-29,0.91295799821269,0.914986109889801,0.002028111677111033,20260812
residual_xgboost_peer,cycle,2026-2,2026-2,Lags 2,7,2026-06-16,0.903217158176944,0.9188731867263766,0.0156560285494326,20260812
residual_xgboost_peer,cycle,2026-2,2026-2,Lags 2,14,2026-06-23,0.903217158176944,0.9180965045013532,0.014879346324409126,20260812
residual_xgboost_peer,cycle,2026-2,2026-2,Lags 2,21,2026-06-30,0.903217158176944,0.9141836945806839,0.010966536403739902,20260812
residual_xgboost_peer,cycle,2026-2,2026-2,Lags 2,28,2026-07-07,0.903217158176944,0.9058708283884604,0.0026536702115164124,20260812
residual_xgboost_peer,cycle,2026-2,2026-2,Lags 3,7,2026-06-22,0.827226531158064,0.9169411327131867,0.08971460155512267,20260812
residual_xgboost_peer,cycle,2026-2,2026-2,Lags 3,14,2026-06-29,0.827226531158064,0.9011236313179121,0.07389710015984807,20260812
residual_xgboost_peer,cycle,2026-2,2026-2,Lags 3,21,2026-07-06,0.827226531158064,0.8982222362331594,0.07099570507509545,20260812
residual_xgboost_peer,cycle,2026-2,2026-2,Lags 3,28,2026-07-13,0.827226531158064,0.8777519089295102,0.05052537777144617,20260812
residual_xgboost_peer,cycle,2026-2,2026-2,Tags 1,7,2026-04-25,0.892746183979468,0.9187345814680442,0.025988397488576176,20260812
residual_xgboost_peer,cycle,2026-2,2026-2,Tags 1,14,2026-05-02,0.892746183979468,0.9212980541955392,0.028551870216071196,20260812
residual_xgboost_peer,cycle,2026-2,2026-2,Tags 1,21,2026-05-09,0.892746183979468,0.9246262161920347,0.031880032212566634,20260812
residual_xgboost_peer,cycle,2026-2,2026-2,Tags 1,28,2026-05-16,0.892746183979468,0.9266700309917574,0.03392384701228934,20260812
residual_xgboost_peer,cycle,2026-2,2026-2,Tags 2,7,2026-04-25,0.884097035040431,0.9195713697883616,0.0354743347479306,20260812
residual_xgboost_peer,cycle,2026-2,2026-2,Tags 2,14,2026-05-02,0.884097035040431,0.9201299912735723,0.03603295623314129,20260812
residual_xgboost_peer,cycle,2026-2,2026-2,Tags 2,21,2026-05-09,0.884097035040431,0.9229317585288086,0.038834723488377576,20260812
residual_xgboost_peer,cycle,2026-2,2026-2,Tags 2,28,2026-05-16,0.884097035040431,0.9241966583916641,0.04009962335123307,20260812
residual_xgboost_peer,cycle,2026-2,2026-2,Tags 3,7,2026-04-25,0.898105548037889,0.9177657316600539,0.01966018362216493,20260812
residual_xgboost_peer,cycle,2026-2,2026-2,Tags 3,14,2026-05-02,0.898105548037889,0.9185572387012537,0.02045169066336472,20260812
residual_xgboost_peer,cycle,2026-2,2026-2,Tags 3,21,2026-05-09,0.898105548037889,0.9220109760916987,0.023905428053809685,20260812
residual_xgboost_peer,cycle,2026-2,2026-2,Tags 3,28,2026-05-16,0.898105548037889,0.9248438869258894,0.026738338888000368,20260812
residual_lightgbm_peer,cycle,2025-2,2025-2,Tags 1,7,2025-04-04,0.877058823529412,0.9079988176646115,0.030939994135199544,20260812
residual_lightgbm_peer,cycle,2025-2,2025-2,Tags 1,14,2025-04-11,0.877058823529412,0.9098458495270887,0.03278702599767669,20260812
residual_lightgbm_peer,cycle,2025-2,2025-2,Tags 1,21,2025-04-18,0.877058823529412,0.907821251554817,0.030762428025404964,20260812
residual_lightgbm_peer,cycle,2025-2,2025-2,Tags 1,28,2025-04-25,0.877058823529412,0.902444261371518,0.025385437842106007,20260812
residual_lightgbm_peer,cycle,2025-2,2025-2,Tags 2,7,2025-04-04,0.815147058823529,0.9131458764881409,0.09799881766461194,20260812
residual_lightgbm_peer,cycle,2025-2,2025-2,Tags 2,14,2025-04-11,0.815147058823529,0.914257614232971,0.09911055540944202,20260812
residual_lightgbm_peer,cycle,2025-2,2025-2,Tags 2,21,2025-04-18,0.815147058823529,0.9132624280254051,0.09811536920187613,20260812
residual_lightgbm_peer,cycle,2025-2,2025-2,Tags 2,28,2025-04-25,0.815147058823529,0.9102383790185767,0.09509132019504773,20260812
residual_lightgbm_peer,cycle,2025-2,2025-2,Tags 3,7,2025-04-04,0.889705882352941,0.9153517588410821,0.025645876488141095,20260812
residual_lightgbm_peer,cycle,2025-2,2025-2,Tags 3,14,2025-04-11,0.889705882352941,0.9157282024682651,0.026022320115324127,20260812
residual_lightgbm_peer,cycle,2025-2,2025-2,Tags 3,21,2025-04-18,0.889705882352941,0.9163506633195229,0.02664478096658185,20260812
residual_lightgbm_peer,cycle,2025-2,2025-2,Tags 3,28,2025-04-25,0.889705882352941,0.9171501437244591,0.02744426137151812,20260812
residual_lightgbm_peer,cycle,2025-3,2025-3,Lags 1,7,2025-07-16,0.900035637918746,0.9084346918592145,0.008399053940468582,20260812
residual_lightgbm_peer,cycle,2025-3,2025-3,Lags 1,14,2025-07-23,0.900035637918746,0.905540791934535,0.005505154015788993,20260812
residual_lightgbm_peer,cycle,2025-3,2025-3,Lags 1,21,2025-07-30,0.900035637918746,0.9021507686902914,0.0021151307715454593,20260812
residual_lightgbm_peer,cycle,2025-3,2025-3,Lags 1,28,2025-08-06,0.900035637918746,0.8959386709722764,-0.004096966946469549,20260812
residual_lightgbm_peer,cycle,2025-3,2025-3,Lags 2,7,2025-07-22,0.907909090909091,0.9017025594157493,-0.006206531493341716,20260812
residual_lightgbm_peer,cycle,2025-3,2025-3,Lags 2,14,2025-07-29,0.907909090909091,0.8977219621541941,-0.010187128754896912,20260812
residual_lightgbm_peer,cycle,2025-3,2025-3,Lags 2,21,2025-08-05,0.907909090909091,0.8959033767379814,-0.012005714171109627,20260812
residual_lightgbm_peer,cycle,2025-3,2025-3,Lags 2,28,2025-08-12,0.907909090909091,0.8922449626848403,-0.015664128224250673,20260812
residual_lightgbm_peer,cycle,2025-3,2025-3,Tags 1,7,2025-06-20,0.938071780436312,0.9103842816344174,-0.027687498801894583,20260812
residual_lightgbm_peer,cycle,2025-3,2025-3,Tags 1,14,2025-06-27,0.938071780436312,0.9132168761072361,-0.02485490432907589,20260812
residual_lightgbm_peer,cycle,2025-3,2025-3,Tags 1,21,2025-07-04,0.938071780436312,0.9136397339768016,-0.02443204645951036,20260812
residual_lightgbm_peer,cycle,2025-3,2025-3,Tags 1,28,2025-07-11,0.938071780436312,0.9141443933034828,-0.02392738713282916,20260812
residual_lightgbm_peer,cycle,2025-3,2025-3,Tags 2,7,2025-06-20,0.931068232662192,0.9062664194930323,-0.024801813169159637,20260812
residual_lightgbm_peer,cycle,2025-3,2025-3,Tags 2,14,2025-06-27,0.931068232662192,0.9067710774684101,-0.02429715519378184,20260812
residual_lightgbm_peer,cycle,2025-3,2025-3,Tags 2,21,2025-07-04,0.931068232662192,0.907388326910851,-0.023679905751340935,20260812
residual_lightgbm_peer,cycle,2025-3,2025-3,Tags 2,28,2025-07-11,0.931068232662192,0.9079928780804067,-0.023075354581785223,20260812
residual_lightgbm_peer,cycle,2025-3,2025-3,Tags 3,7,2025-06-20,0.944997895327627,0.9112622109330268,-0.033735684394600174,20260812
residual_lightgbm_peer,cycle,2025-3,2025-3,Tags 3,14,2025-06-27,0.944997895327627,0.9155209468092192,-0.029476948518407764,20260812
residual_lightgbm_peer,cycle,2025-3,2025-3,Tags 3,21,2025-07-04,0.944997895327627,0.9177934873289479,-0.02720440799867907,20260812
residual_lightgbm_peer,cycle,2025-3,2025-3,Tags 3,28,2025-07-11,0.944997895327627,0.9205900524204169,-0.024407842907210098,20260812
residual_lightgbm_peer,cycle,2025-4,2025-4,Lags 1,7,2025-10-03,0.929637907912383,0.9056034472189919,-0.024034460693391102,20260812
residual_lightgbm_peer,cycle,2025-4,2025-4,Lags 1,14,2025-10-10,0.929637907912383,0.9075128709630702,-0.022125036949312782,20260812
residual_lightgbm_peer,cycle,2025-4,2025-4,Lags 1,21,2025-10-17,0.929637907912383,0.9084643310784956,-0.02117357683388743,20260812
residual_lightgbm_peer,cycle,2025-4,2025-4,Lags 1,28,2025-10-24,0.929637907912383,0.9118081170332298,-0.01782979087915315,20260812
residual_lightgbm_peer,cycle,2025-4,2025-4,Lags 2,7,2025-10-03,0.933690795352994,0.9076661245168378,-0.026024670836156227,20260812
residual_lightgbm_peer,cycle,2025-4,2025-4,Lags 2,14,2025-10-10,0.933690795352994,0.9084175119370543,-0.025273283415939707,20260812
residual_lightgbm_peer,cycle,2025-4,2025-4,Lags 2,21,2025-10-17,0.933690795352994,0.9097298696704514,-0.0239609256825426,20260812
residual_lightgbm_peer,cycle,2025-4,2025-4,Lags 2,28,2025-10-24,0.933690795352994,0.9132579395206589,-0.020432855832335117,20260812
residual_lightgbm_peer,cycle,2025-4,2025-4,Tags 1,7,2025-09-02,0.901692071039016,0.8988015438117639,-0.0028905272272521376,20260812
residual_lightgbm_peer,cycle,2025-4,2025-4,Tags 1,14,2025-09-09,0.901692071039016,0.8940627325071415,-0.00762933853187453,20260812
residual_lightgbm_peer,cycle,2025-4,2025-4,Tags 1,21,2025-09-16,0.901692071039016,0.8910962933594211,-0.010595777679594964,20260812
residual_lightgbm_peer,cycle,2025-4,2025-4,Tags 1,28,2025-09-23,0.901692071039016,0.8856116689590009,-0.016080402080015155,20260812
residual_lightgbm_peer,cycle,2025-4,2025-4,Tags 2,7,2025-09-02,0.922234699606962,0.908399664278968,-0.013835035327994016,20260812
residual_lightgbm_peer,cycle,2025-4,2025-4,Tags 2,14,2025-09-09,0.922234699606962,0.9082363724240036,-0.013998327182958459,20260812
residual_lightgbm_peer,cycle,2025-4,2025-4,Tags 2,21,2025-09-16,0.922234699606962,0.9060681670292768,-0.01616653257768519,20260812
residual_lightgbm_peer,cycle,2025-4,2025-4,Tags 2,28,2025-09-23,0.922234699606962,0.902608541822084,-0.019626157784877973,20260812
residual_lightgbm_peer,cycle,2025-4,2025-4,Tags 3,7,2025-09-02,0.935113970074116,0.9119465584950249,-0.02316741157909108,20260812
residual_lightgbm_peer,cycle,2025-4,2025-4,Tags 3,14,2025-09-09,0.935113970074116,0.9128013704598754,-0.02231259961424059,20260812
residual_lightgbm_peer,cycle,2025-4,2025-4,Tags 3,21,2025-09-16,0.935113970074116,0.9110934965477863,-0.024020473526329744,20260812
residual_lightgbm_peer,cycle,2025-4,2025-4,Tags 3,28,2025-09-23,0.935113970074116,0.9092447272725235,-0.02586924280159253,20260812
residual_lightgbm_peer,cycle,2025-5,2025-5,Lags 1,7,2025-12-17,0.922603655818101,0.9089905664614004,-0.01361308935670058,20260812
residual_lightgbm_peer,cycle,2025-5,2025-5,Lags 1,14,2025-12-24,0.922603655818101,0.9127114226247482,-0.00989223319335275,20260812
residual_lightgbm_peer,cycle,2025-5,2025-5,Lags 1,21,2025-12-31,0.922603655818101,0.914618214418076,-0.007985441400024995,20260812
residual_lightgbm_peer,cycle,2025-5,2025-5,Lags 1,28,2026-01-07,0.922603655818101,0.9266715891985857,0.004067933380484723,20260812
residual_lightgbm_peer,cycle,2025-5,2025-5,Lags 2,7,2025-12-24,0.905545454545454,0.905872340060071,0.00032688551461701465,20260812
residual_lightgbm_peer,cycle,2025-5,2025-5,Lags 2,14,2025-12-31,0.905545454545454,0.9070901361982902,0.0015446816528361662,20260812
residual_lightgbm_peer,cycle,2025-5,2025-5,Lags 2,21,2026-01-07,0.905545454545454,0.9064029588755801,0.0008575043301261021,20260812
residual_lightgbm_peer,cycle,2025-5,2025-5,Lags 2,28,2026-01-14,0.905545454545454,0.9163413091353587,0.01079585458990473,20260812
residual_lightgbm_peer,cycle,2025-5,2025-5,Lags 3,7,2026-01-02,0.921891891891892,0.905816648004379,-0.016075243887513024,20260812
residual_lightgbm_peer,cycle,2025-5,2025-5,Lags 3,14,2026-01-09,0.921891891891892,0.9063104474186015,-0.015581444473290573,20260812
residual_lightgbm_peer,cycle,2025-5,2025-5,Lags 3,21,2026-01-16,0.921891891891892,0.9076027950754163,-0.014289096816475721,20260812
residual_lightgbm_peer,cycle,2025-5,2025-5,Lags 3,28,2026-01-23,0.921891891891892,0.9139195237135733,-0.0079723681783187,20260812
residual_lightgbm_peer,cycle,2025-5,2025-5,Tags 1,7,2025-11-18,0.952702702702703,0.9096961525088835,-0.04300655019381949,20260812
residual_lightgbm_peer,cycle,2025-5,2025-5,Tags 1,14,2025-11-25,0.952702702702703,0.912948960932115,-0.03975374177058799,20260812
residual_lightgbm_peer,cycle,2025-5,2025-5,Tags 1,21,2025-12-02,0.952702702702703,0.914528470751092,-0.03817423195161096,20260812
residual_lightgbm_peer,cycle,2025-5,2025-5,Tags 1,28,2025-12-09,0.952702702702703,0.9261323615514112,-0.026570341151291754,20260812
residual_lightgbm_peer,cycle,2025-5,2025-5,Tags 2,7,2025-11-18,0.954866008462624,0.9119331170827663,-0.042932891379857785,20260812
residual_lightgbm_peer,cycle,2025-5,2025-5,Tags 2,14,2025-11-25,0.954866008462624,0.9160171781267425,-0.03884883033588149,20260812
residual_lightgbm_peer,cycle,2025-5,2025-5,Tags 2,21,2025-12-02,0.954866008462624,0.9180050873535901,-0.03686092110903394,20260812
residual_lightgbm_peer,cycle,2025-5,2025-5,Tags 2,28,2025-12-09,0.954866008462624,0.9300196012240882,-0.024846407238535817,20260812
residual_lightgbm_peer,cycle,2025-5,2025-5,Tags 3,7,2025-11-18,0.952936218038775,0.9105587432887614,-0.04237747475001363,20260812
residual_lightgbm_peer,cycle,2025-5,2025-5,Tags 3,14,2025-11-25,0.952936218038775,0.9159338359096494,-0.037002382129125655,20260812
residual_lightgbm_peer,cycle,2025-5,2025-5,Tags 3,21,2025-12-02,0.952936218038775,0.9176685084426188,-0.035267709596156216,20260812
residual_lightgbm_peer,cycle,2025-5,2025-5,Tags 3,28,2025-12-09,0.952936218038775,0.9290038803376883,-0.023932337701086714,20260812
residual_lightgbm_peer,cycle,2026-1,2026-1,Lags 1,7,2026-03-12,0.908273221123876,0.90409501387831,-0.004178207245565946,20260812
residual_lightgbm_peer,cycle,2026-1,2026-1,Lags 1,14,2026-03-19,0.908273221123876,0.9013565379400493,-0.006916683183826655,20260812
residual_lightgbm_peer,cycle,2026-1,2026-1,Lags 1,21,2026-03-26,0.908273221123876,0.9004999466279898,-0.007773274495886162,20260812
residual_lightgbm_peer,cycle,2026-1,2026-1,Lags 1,28,2026-04-02,0.908273221123876,0.8956337447779473,-0.012639476345928657,20260812
residual_lightgbm_peer,cycle,2026-1,2026-1,Lags 2,7,2026-03-20,0.870959099839257,0.9093983825717292,0.03843928273247221,20260812
residual_lightgbm_peer,cycle,2026-1,2026-1,Lags 2,14,2026-03-27,0.870959099839257,0.9087678918656825,0.03780879202642551,20260812
residual_lightgbm_peer,cycle,2026-1,2026-1,Lags 2,21,2026-04-03,0.870959099839257,0.9047591165422897,0.033800016703032676,20260812
residual_lightgbm_peer,cycle,2026-1,2026-1,Lags 2,28,2026-04-10,0.870959099839257,0.8932286281307641,0.02226952829150708,20260812
residual_lightgbm_peer,cycle,2026-1,2026-1,Lags 3,7,2026-03-27,0.909626193237577,0.9072714431087906,-0.002354750128786387,20260812
residual_lightgbm_peer,cycle,2026-1,2026-1,Lags 3,14,2026-04-03,0.909626193237577,0.899871115296335,-0.009755077941241974,20260812
residual_lightgbm_peer,cycle,2026-1,2026-1,Lags 3,21,2026-04-10,0.909626193237577,0.8995326470041467,-0.010093546233430284,20260812
residual_lightgbm_peer,cycle,2026-1,2026-1,Lags 3,28,2026-04-17,0.909626193237577,0.8954333012279684,-0.014192892009608604,20260812
residual_lightgbm_peer,cycle,2026-1,2026-1,Tags 1,7,2026-02-06,0.934082923401265,0.9137457857384176,-0.020337137662847393,20260812
residual_lightgbm_peer,cycle,2026-1,2026-1,Tags 1,14,2026-02-13,0.934082923401265,0.9139038230510651,-0.020179100350199874,20260812
residual_lightgbm_peer,cycle,2026-1,2026-1,Tags 1,21,2026-02-20,0.934082923401265,0.9156377783653715,-0.01844514503589345,20260812
residual_lightgbm_peer,cycle,2026-1,2026-1,Tags 1,28,2026-02-27,0.934082923401265,0.9173539205576193,-0.016729002843645646,20260812
residual_lightgbm_peer,cycle,2026-1,2026-1,Tags 2,7,2026-02-06,0.932032017975004,0.9141756013254844,-0.017856416649519646,20260812
residual_lightgbm_peer,cycle,2026-1,2026-1,Tags 2,14,2026-02-13,0.932032017975004,0.9147632173795796,-0.01726880059542446,20260812
residual_lightgbm_peer,cycle,2026-1,2026-1,Tags 2,21,2026-02-20,0.932032017975004,0.9158009452597224,-0.01623107271528157,20260812
residual_lightgbm_peer,cycle,2026-1,2026-1,Tags 2,28,2026-02-27,0.932032017975004,0.9162647070301423,-0.015767310944861723,20260812
residual_lightgbm_peer,cycle,2026-1,2026-1,Tags 3,7,2026-02-06,0.935176090921846,0.9132015783006464,-0.021974512621199538,20260812
residual_lightgbm_peer,cycle,2026-1,2026-1,Tags 3,14,2026-02-13,0.935176090921846,0.9147792957642269,-0.020396795157619052,20260812
residual_lightgbm_peer,cycle,2026-1,2026-1,Tags 3,21,2026-02-20,0.935176090921846,0.9163847718983231,-0.018791319023522823,20260812
residual_lightgbm_peer,cycle,2026-1,2026-1,Tags 3,28,2026-02-27,0.935176090921846,0.9177029342999614,-0.017473156621884534,20260812
residual_lightgbm_peer,cycle,2026-2,2026-2,Lags 1,7,2026-06-08,0.91295799821269,0.9202136693001032,0.007255671087413207,20260812
residual_lightgbm_peer,cycle,2026-2,2026-2,Lags 1,14,2026-06-15,0.91295799821269,0.9201519111144005,0.007193912901710564,20260812
residual_lightgbm_peer,cycle,2026-2,2026-2,Lags 1,21,2026-06-22,0.91295799821269,0.9198137213903355,0.00685572317764549,20260812
residual_lightgbm_peer,cycle,2026-2,2026-2,Lags 1,28,2026-06-29,0.91295799821269,0.914986109889801,0.002028111677111033,20260812
residual_lightgbm_peer,cycle,2026-2,2026-2,Lags 2,7,2026-06-16,0.903217158176944,0.9188731867263766,0.0156560285494326,20260812
residual_lightgbm_peer,cycle,2026-2,2026-2,Lags 2,14,2026-06-23,0.903217158176944,0.9180965045013532,0.014879346324409126,20260812
residual_lightgbm_peer,cycle,2026-2,2026-2,Lags 2,21,2026-06-30,0.903217158176944,0.9141836945806839,0.010966536403739902,20260812
residual_lightgbm_peer,cycle,2026-2,2026-2,Lags 2,28,2026-07-07,0.903217158176944,0.9058708283884604,0.0026536702115164124,20260812
residual_lightgbm_peer,cycle,2026-2,2026-2,Lags 3,7,2026-06-22,0.827226531158064,0.9169411327131867,0.08971460155512267,20260812
residual_lightgbm_peer,cycle,2026-2,2026-2,Lags 3,14,2026-06-29,0.827226531158064,0.9011236313179121,0.07389710015984807,20260812
residual_lightgbm_peer,cycle,2026-2,2026-2,Lags 3,21,2026-07-06,0.827226531158064,0.8982222362331594,0.07099570507509545,20260812
residual_lightgbm_peer,cycle,2026-2,2026-2,Lags 3,28,2026-07-13,0.827226531158064,0.8777519089295102,0.05052537777144617,20260812
residual_lightgbm_peer,cycle,2026-2,2026-2,Tags 1,7,2026-04-25,0.892746183979468,0.9187345814680442,0.025988397488576176,20260812
residual_lightgbm_peer,cycle,2026-2,2026-2,Tags 1,14,2026-05-02,0.892746183979468,0.9212980541955392,0.028551870216071196,20260812
residual_lightgbm_peer,cycle,2026-2,2026-2,Tags 1,21,2026-05-09,0.892746183979468,0.9246262161920347,0.031880032212566634,20260812
residual_lightgbm_peer,cycle,2026-2,2026-2,Tags 1,28,2026-05-16,0.892746183979468,0.9266700309917574,0.03392384701228934,20260812
residual_lightgbm_peer,cycle,2026-2,2026-2,Tags 2,7,2026-04-25,0.884097035040431,0.9195713697883616,0.0354743347479306,20260812
residual_lightgbm_peer,cycle,2026-2,2026-2,Tags 2,14,2026-05-02,0.884097035040431,0.9201299912735723,0.03603295623314129,20260812
residual_lightgbm_peer,cycle,2026-2,2026-2,Tags 2,21,2026-05-09,0.884097035040431,0.9229317585288086,0.038834723488377576,20260812
residual_lightgbm_peer,cycle,2026-2,2026-2,Tags 2,28,2026-05-16,0.884097035040431,0.9241966583916641,0.04009962335123307,20260812
residual_lightgbm_peer,cycle,2026-2,2026-2,Tags 3,7,2026-04-25,0.898105548037889,0.9177657316600539,0.01966018362216493,20260812
residual_lightgbm_peer,cycle,2026-2,2026-2,Tags 3,14,2026-05-02,0.898105548037889,0.9185572387012537,0.02045169066336472,20260812
residual_lightgbm_peer,cycle,2026-2,2026-2,Tags 3,21,2026-05-09,0.898105548037889,0.9220109760916987,0.023905428053809685,20260812
residual_lightgbm_peer,cycle,2026-2,2026-2,Tags 3,28,2026-05-16,0.898105548037889,0.9248438869258894,0.026738338888000368,20260812
residual_catboost_peer,cycle,2025-2,2025-2,Tags 1,7,2025-04-04,0.877058823529412,0.9183087087070898,0.0412498851776778,20260812
residual_catboost_peer,cycle,2025-2,2025-2,Tags 1,14,2025-04-11,0.877058823529412,0.9200849126847884,0.043026089155376424,20260812
residual_catboost_peer,cycle,2025-2,2025-2,Tags 1,21,2025-04-18,0.877058823529412,0.9179789897496962,0.04092016622028416,20260812
residual_catboost_peer,cycle,2025-2,2025-2,Tags 1,28,2025-04-25,0.877058823529412,0.9125017203864128,0.03544289685700075,20260812
residual_catboost_peer,cycle,2025-2,2025-2,Tags 2,7,2025-04-04,0.815147058823529,0.9235112461985191,0.1083641873749901,20260812
residual_catboost_peer,cycle,2025-2,2025-2,Tags 2,14,2025-04-11,0.815147058823529,0.9246906656575818,0.10954360683405284,20260812
residual_catboost_peer,cycle,2025-2,2025-2,Tags 2,21,2025-04-18,0.815147058823529,0.9236873264757972,0.10854026765226821,20260812
residual_catboost_peer,cycle,2025-2,2025-2,Tags 2,28,2025-04-25,0.815147058823529,0.9207109320898801,0.10556387326635108,20260812
residual_catboost_peer,cycle,2025-2,2025-2,Tags 3,7,2025-04-04,0.889705882352941,0.9261198116606006,0.03641392930765963,20260812
residual_catboost_peer,cycle,2025-2,2025-2,Tags 3,14,2025-04-11,0.889705882352941,0.9265070801905104,0.03680119783756941,20260812
residual_catboost_peer,cycle,2025-2,2025-2,Tags 3,21,2025-04-18,0.889705882352941,0.9272729334595426,0.037567051106601634,20260812
residual_catboost_peer,cycle,2025-2,2025-2,Tags 3,28,2025-04-25,0.889705882352941,0.9278843383563561,0.03817845600341507,20260812
residual_catboost_peer,cycle,2025-3,2025-3,Lags 1,7,2025-07-16,0.900035637918746,0.9085199112916063,0.008484273372860285,20260812
residual_catboost_peer,cycle,2025-3,2025-3,Lags 1,14,2025-07-23,0.900035637918746,0.9071010694027721,0.007065431484026163,20260812
residual_catboost_peer,cycle,2025-3,2025-3,Lags 1,21,2025-07-30,0.900035637918746,0.904041359700106,0.00400572178136005,20260812
residual_catboost_peer,cycle,2025-3,2025-3,Lags 1,28,2025-08-06,0.900035637918746,0.897829261982091,-0.0022063759366549585,20260812
residual_catboost_peer,cycle,2025-3,2025-3,Lags 2,7,2025-07-22,0.907909090909091,0.9023940728780497,-0.005515018031041263,20260812
residual_catboost_peer,cycle,2025-3,2025-3,Lags 2,14,2025-07-29,0.907909090909091,0.8984134756164945,-0.00949561529259646,20260812
residual_catboost_peer,cycle,2025-3,2025-3,Lags 2,21,2025-08-05,0.907909090909091,0.8965948902002818,-0.011314200708809175,20260812
residual_catboost_peer,cycle,2025-3,2025-3,Lags 2,28,2025-08-12,0.907909090909091,0.8929364761471408,-0.01497261476195022,20260812
residual_catboost_peer,cycle,2025-3,2025-3,Tags 1,7,2025-06-20,0.938071780436312,0.9148554269527746,-0.023216353483537455,20260812
residual_catboost_peer,cycle,2025-3,2025-3,Tags 1,14,2025-06-27,0.938071780436312,0.9188605435457254,-0.01921123689058657,20260812
residual_catboost_peer,cycle,2025-3,2025-3,Tags 1,21,2025-07-04,0.938071780436312,0.9176749322317871,-0.02039684820452492,20260812
residual_catboost_peer,cycle,2025-3,2025-3,Tags 1,28,2025-07-11,0.938071780436312,0.9197880607419722,-0.01828371969433984,20260812
residual_catboost_peer,cycle,2025-3,2025-3,Tags 2,7,2025-06-20,0.931068232662192,0.9077210634394752,-0.023347169222716735,20260812
residual_catboost_peer,cycle,2025-3,2025-3,Tags 2,14,2025-06-27,0.931068232662192,0.908225721414853,-0.022842511247338937,20260812
residual_catboost_peer,cycle,2025-3,2025-3,Tags 2,21,2025-07-04,0.931068232662192,0.909217883938872,-0.021850348723319923,20260812
residual_catboost_peer,cycle,2025-3,2025-3,Tags 2,28,2025-07-11,0.931068232662192,0.9123555448916154,-0.018712687770576553,20260812
residual_catboost_peer,cycle,2025-3,2025-3,Tags 3,7,2025-06-20,0.944997895327627,0.9159997908258136,-0.028998104501813393,20260812
residual_catboost_peer,cycle,2025-3,2025-3,Tags 3,14,2025-06-27,0.944997895327627,0.920258526702006,-0.024739368625620983,20260812
residual_catboost_peer,cycle,2025-3,2025-3,Tags 3,21,2025-07-04,0.944997895327627,0.9225310672217347,-0.02246682810589229,20260812
residual_catboost_peer,cycle,2025-3,2025-3,Tags 3,28,2025-07-11,0.944997895327627,0.9253276323132037,-0.019670263014423317,20260812
residual_catboost_peer,cycle,2025-4,2025-4,Lags 1,7,2025-10-03,0.929637907912383,0.9064806966334463,-0.023157211278936662,20260812
residual_catboost_peer,cycle,2025-4,2025-4,Lags 1,14,2025-10-10,0.929637907912383,0.9078391432158446,-0.02179876469653841,20260812
residual_catboost_peer,cycle,2025-4,2025-4,Lags 1,21,2025-10-17,0.929637907912383,0.9094883047392079,-0.020149603173175046,20260812
residual_catboost_peer,cycle,2025-4,2025-4,Lags 1,28,2025-10-24,0.929637907912383,0.9124813205113261,-0.017156587401056855,20260812
residual_catboost_peer,cycle,2025-4,2025-4,Lags 2,7,2025-10-03,0.933690795352994,0.9085370811325019,-0.025153714220492174,20260812
residual_catboost_peer,cycle,2025-4,2025-4,Lags 2,14,2025-10-10,0.933690795352994,0.9084991605141318,-0.02519163483886222,20260812
residual_catboost_peer,cycle,2025-4,2025-4,Lags 2,21,2025-10-17,0.933690795352994,0.909760571768368,-0.023930223584626042,20260812
residual_catboost_peer,cycle,2025-4,2025-4,Lags 2,28,2025-10-24,0.933690795352994,0.9131045215059108,-0.020586273847083225,20260812
residual_catboost_peer,cycle,2025-4,2025-4,Tags 1,7,2025-09-02,0.901692071039016,0.9078086104997896,0.006116539460773507,20260812
residual_catboost_peer,cycle,2025-4,2025-4,Tags 1,14,2025-09-09,0.901692071039016,0.90314826506295,0.0014561940239339322,20260812
residual_catboost_peer,cycle,2025-4,2025-4,Tags 1,21,2025-09-16,0.901692071039016,0.8998982249029989,-0.0017938461360171853,20260812
residual_catboost_peer,cycle,2025-4,2025-4,Tags 1,28,2025-09-23,0.901692071039016,0.8935442228021108,-0.008147848236905286,20260812
residual_catboost_peer,cycle,2025-4,2025-4,Tags 2,7,2025-09-02,0.922234699606962,0.9213298312397891,-0.0009048683671729618,20260812
residual_catboost_peer,cycle,2025-4,2025-4,Tags 2,14,2025-09-09,0.922234699606962,0.9210950727824662,-0.0011396268244958652,20260812
residual_catboost_peer,cycle,2025-4,2025-4,Tags 2,21,2025-09-16,0.922234699606962,0.9192204813119046,-0.003014218295057436,20260812
residual_catboost_peer,cycle,2025-4,2025-4,Tags 2,28,2025-09-23,0.922234699606962,0.9155173426401365,-0.006717356966825516,20260812
residual_catboost_peer,cycle,2025-4,2025-4,Tags 3,7,2025-09-02,0.935113970074116,0.9228157536156835,-0.012298216458432543,20260812
residual_catboost_peer,cycle,2025-4,2025-4,Tags 3,14,2025-09-09,0.935113970074116,0.9234112528203141,-0.011702717253801898,20260812
residual_catboost_peer,cycle,2025-4,2025-4,Tags 3,21,2025-09-16,0.935113970074116,0.9215401256368808,-0.013573844437235194,20260812
residual_catboost_peer,cycle,2025-4,2025-4,Tags 3,28,2025-09-23,0.935113970074116,0.919475121955583,-0.015638848118533,20260812
residual_catboost_peer,cycle,2025-5,2025-5,Lags 1,7,2025-12-17,0.922603655818101,0.9141805133060437,-0.008423142512057336,20260812
residual_catboost_peer,cycle,2025-5,2025-5,Lags 1,14,2025-12-24,0.922603655818101,0.917431341329064,-0.005172314489036989,20260812
residual_catboost_peer,cycle,2025-5,2025-5,Lags 1,21,2025-12-31,0.922603655818101,0.9210987142340199,-0.0015049415840810987,20260812
residual_catboost_peer,cycle,2025-5,2025-5,Lags 1,28,2026-01-07,0.922603655818101,0.9335778549151175,0.010974199097016468,20260812
residual_catboost_peer,cycle,2025-5,2025-5,Lags 2,7,2025-12-24,0.905545454545454,0.9100613456531808,0.004515891107726766,20260812
residual_catboost_peer,cycle,2025-5,2025-5,Lags 2,14,2025-12-31,0.905545454545454,0.9076120087756863,0.002066554230232276,20260812
residual_catboost_peer,cycle,2025-5,2025-5,Lags 2,21,2026-01-07,0.905545454545454,0.9066268199142576,0.001081365368803655,20260812
residual_catboost_peer,cycle,2025-5,2025-5,Lags 2,28,2026-01-14,0.905545454545454,0.9210470352774697,0.015501580732015685,20260812
residual_catboost_peer,cycle,2025-5,2025-5,Lags 3,7,2026-01-02,0.921891891891892,0.9106719343081435,-0.011219957583748497,20260812
residual_catboost_peer,cycle,2025-5,2025-5,Lags 3,14,2026-01-09,0.921891891891892,0.9069529507137166,-0.014938941178175402,20260812
residual_catboost_peer,cycle,2025-5,2025-5,Lags 3,21,2026-01-16,0.921891891891892,0.9080038188139807,-0.01388807307791129,20260812
residual_catboost_peer,cycle,2025-5,2025-5,Lags 3,28,2026-01-23,0.921891891891892,0.9177373467905098,-0.004154545101382245,20260812
residual_catboost_peer,cycle,2025-5,2025-5,Tags 1,7,2025-11-18,0.952702702702703,0.914353238050717,-0.038349464651985965,20260812
residual_catboost_peer,cycle,2025-5,2025-5,Tags 1,14,2025-11-25,0.952702702702703,0.917925694118306,-0.03477700858439692,20260812
residual_catboost_peer,cycle,2025-5,2025-5,Tags 1,21,2025-12-02,0.952702702702703,0.9206898704005166,-0.03201283230218632,20260812
residual_catboost_peer,cycle,2025-5,2025-5,Tags 1,28,2025-12-09,0.952702702702703,0.9312657031178849,-0.02143699958481804,20260812
residual_catboost_peer,cycle,2025-5,2025-5,Tags 2,7,2025-11-18,0.954866008462624,0.9191969909992853,-0.035669017463338726,20260812
residual_catboost_peer,cycle,2025-5,2025-5,Tags 2,14,2025-11-25,0.954866008462624,0.9231264451917337,-0.031739563270890336,20260812
residual_catboost_peer,cycle,2025-5,2025-5,Tags 2,21,2025-12-02,0.954866008462624,0.9251143544185813,-0.029751654044042786,20260812
residual_catboost_peer,cycle,2025-5,2025-5,Tags 2,28,2025-12-09,0.954866008462624,0.9370567228111579,-0.01780928565146611,20260812
residual_catboost_peer,cycle,2025-5,2025-5,Tags 3,7,2025-11-18,0.952936218038775,0.9171195138467964,-0.03581670419197869,20260812
residual_catboost_peer,cycle,2025-5,2025-5,Tags 3,14,2025-11-25,0.952936218038775,0.9225602267989476,-0.030375991239827482,20260812
residual_catboost_peer,cycle,2025-5,2025-5,Tags 3,21,2025-12-02,0.952936218038775,0.9237662439246184,-0.02916997411415667,20260812
residual_catboost_peer,cycle,2025-5,2025-5,Tags 3,28,2025-12-09,0.952936218038775,0.9351174070813311,-0.017818810957443976,20260812
residual_catboost_peer,cycle,2026-1,2026-1,Lags 1,7,2026-03-12,0.908273221123876,0.8961116765928909,-0.012161544530985058,20260812
residual_catboost_peer,cycle,2026-1,2026-1,Lags 1,14,2026-03-19,0.908273221123876,0.8933562081137878,-0.014917013010088187,20260812
residual_catboost_peer,cycle,2026-1,2026-1,Lags 1,21,2026-03-26,0.908273221123876,0.8925093972114052,-0.015763823912470776,20260812
residual_catboost_peer,cycle,2026-1,2026-1,Lags 1,28,2026-04-02,0.908273221123876,0.8902313762275768,-0.01804184489629923,20260812
residual_catboost_peer,cycle,2026-1,2026-1,Lags 2,7,2026-03-20,0.870959099839257,0.9191286331007072,0.04816953326145024,20260812
residual_catboost_peer,cycle,2026-1,2026-1,Lags 2,14,2026-03-27,0.870959099839257,0.9185108800427064,0.04755178020344941,20260812
residual_catboost_peer,cycle,2026-1,2026-1,Lags 2,21,2026-04-03,0.870959099839257,0.9142723097747179,0.04331320993546084,20260812
residual_catboost_peer,cycle,2026-1,2026-1,Lags 2,28,2026-04-10,0.870959099839257,0.9027668043631446,0.03180770452388759,20260812
residual_catboost_peer,cycle,2026-1,2026-1,Lags 3,7,2026-03-27,0.909626193237577,0.9135560808708364,0.00392988763325941,20260812
residual_catboost_peer,cycle,2026-1,2026-1,Lags 3,14,2026-04-03,0.909626193237577,0.8985118294254782,-0.011114363812098738,20260812
residual_catboost_peer,cycle,2026-1,2026-1,Lags 3,21,2026-04-10,0.909626193237577,0.898995135669341,-0.010631057568236013,20260812
residual_catboost_peer,cycle,2026-1,2026-1,Lags 3,28,2026-04-17,0.909626193237577,0.8947358291895295,-0.014890364048047444,20260812
residual_catboost_peer,cycle,2026-1,2026-1,Tags 1,7,2026-02-06,0.934082923401265,0.9165515989718842,-0.017531324429380768,20260812
residual_catboost_peer,cycle,2026-1,2026-1,Tags 1,14,2026-02-13,0.934082923401265,0.9158142597493525,-0.018268663651912487,20260812
residual_catboost_peer,cycle,2026-1,2026-1,Tags 1,21,2026-02-20,0.934082923401265,0.917086950872921,-0.01699597252834395,20260812
residual_catboost_peer,cycle,2026-1,2026-1,Tags 1,28,2026-02-27,0.934082923401265,0.9205787972725612,-0.013504126128703775,20260812
residual_catboost_peer,cycle,2026-1,2026-1,Tags 2,7,2026-02-06,0.932032017975004,0.9260449482804441,-0.005987069694559866,20260812
residual_catboost_peer,cycle,2026-1,2026-1,Tags 2,14,2026-02-13,0.932032017975004,0.9251979200375838,-0.0068340979374201805,20260812
residual_catboost_peer,cycle,2026-1,2026-1,Tags 2,21,2026-02-20,0.932032017975004,0.9262384343532284,-0.005793583621775622,20260812
residual_catboost_peer,cycle,2026-1,2026-1,Tags 2,28,2026-02-27,0.932032017975004,0.9264067386492841,-0.0056252793257198785,20260812
residual_catboost_peer,cycle,2026-1,2026-1,Tags 3,7,2026-02-06,0.935176090921846,0.9116976019146517,-0.023478489007194292,20260812
residual_catboost_peer,cycle,2026-1,2026-1,Tags 3,14,2026-02-13,0.935176090921846,0.9121153740664577,-0.02306071685538824,20260812
residual_catboost_peer,cycle,2026-1,2026-1,Tags 3,21,2026-02-20,0.935176090921846,0.9170749765939141,-0.018101114327931822,20260812
residual_catboost_peer,cycle,2026-1,2026-1,Tags 3,28,2026-02-27,0.935176090921846,0.9202716493678654,-0.014904441553980519,20260812
residual_catboost_peer,cycle,2026-2,2026-2,Lags 1,7,2026-06-08,0.91295799821269,0.927615832145188,0.014657833932497977,20260812
residual_catboost_peer,cycle,2026-2,2026-2,Lags 1,14,2026-06-15,0.91295799821269,0.9275540739594853,0.014596075746795334,20260812
residual_catboost_peer,cycle,2026-2,2026-2,Lags 1,21,2026-06-22,0.91295799821269,0.9272158842354202,0.01425788602273026,20260812
residual_catboost_peer,cycle,2026-2,2026-2,Lags 1,28,2026-06-29,0.91295799821269,0.9211487981027519,0.008190799890061884,20260812
residual_catboost_peer,cycle,2026-2,2026-2,Lags 2,7,2026-06-16,0.903217158176944,0.9229219734468048,0.019704815269860787,20260812
residual_catboost_peer,cycle,2026-2,2026-2,Lags 2,14,2026-06-23,0.903217158176944,0.9254986673464379,0.022281509169493896,20260812
residual_catboost_peer,cycle,2026-2,2026-2,Lags 2,21,2026-06-30,0.903217158176944,0.9177979347235643,0.014580776546620267,20260812
residual_catboost_peer,cycle,2026-2,2026-2,Lags 2,28,2026-07-07,0.903217158176944,0.9094850685313408,0.006267910354396777,20260812
residual_catboost_peer,cycle,2026-2,2026-2,Lags 3,7,2026-06-22,0.827226531158064,0.9201627761822092,0.09293624502414521,20260812
residual_catboost_peer,cycle,2026-2,2026-2,Lags 3,14,2026-06-29,0.827226531158064,0.9043452747869346,0.07711874362887061,20260812
residual_catboost_peer,cycle,2026-2,2026-2,Lags 3,21,2026-07-06,0.827226531158064,0.901443879702182,0.07421734854411799,20260812
residual_catboost_peer,cycle,2026-2,2026-2,Lags 3,28,2026-07-13,0.827226531158064,0.8809735523985327,0.053747021240468706,20260812
residual_catboost_peer,cycle,2026-2,2026-2,Tags 1,7,2026-04-25,0.892746183979468,0.9227833681884724,0.030037184209004364,20260812
residual_catboost_peer,cycle,2026-2,2026-2,Tags 1,14,2026-05-02,0.892746183979468,0.928700217040624,0.035954033061155966,20260812
residual_catboost_peer,cycle,2026-2,2026-2,Tags 1,21,2026-05-09,0.892746183979468,0.9320283790371194,0.0392821950576514,20260812
residual_catboost_peer,cycle,2026-2,2026-2,Tags 1,28,2026-05-16,0.892746183979468,0.9340721938368421,0.04132600985737411,20260812
residual_catboost_peer,cycle,2026-2,2026-2,Tags 2,7,2026-04-25,0.884097035040431,0.9248596311409237,0.04076259610049271,20260812
residual_catboost_peer,cycle,2026-2,2026-2,Tags 2,14,2026-05-02,0.884097035040431,0.9275321541186571,0.04343511907822606,20260812
residual_catboost_peer,cycle,2026-2,2026-2,Tags 2,21,2026-05-09,0.884097035040431,0.9303339213738934,0.046236886333462346,20260812
residual_catboost_peer,cycle,2026-2,2026-2,Tags 2,28,2026-05-16,0.884097035040431,0.9315988212367489,0.04750178619631784,20260812
residual_catboost_peer,cycle,2026-2,2026-2,Tags 3,7,2026-04-25,0.898105548037889,0.9218145183804821,0.023708970342593116,20260812
residual_catboost_peer,cycle,2026-2,2026-2,Tags 3,14,2026-05-02,0.898105548037889,0.9259594015463385,0.02785385350844949,20260812
residual_catboost_peer,cycle,2026-2,2026-2,Tags 3,21,2026-05-09,0.898105548037889,0.9294131389367835,0.031307590898894455,20260812
residual_catboost_peer,cycle,2026-2,2026-2,Tags 3,28,2026-05-16,0.898105548037889,0.9322460497709741,0.03414050173308514,20260812
