source_index,cycle_id,building_id,cycle_day,feature,feature_value,shap_recovery_effect
0,2025-2,Tags 1,7,cycle_day,7.0,-0.013745097472142078
0,2025-2,Tags 1,7,percentage_alive,0.9782352941176472,-0.0005107316867323403
0,2025-2,Tags 1,7,mortality_recent_3d_per_1000,2.2549019607843133,-0.002461004259749078
0,2025-2,Tags 1,7,mortality_trend_delta_per_1000,0.0,9.148543124906647e-05
0,2025-2,Tags 1,7,weight_gap_pct,24.117647058823533,0.0011031244137884317
0,2025-2,Tags 1,7,weight_staleness_days,0.0,-0.0046722116535000795
0,2025-2,Tags 1,7,temperature_deviation_from_band_c,1.476946133063132,0.0010634437568115334
0,2025-2,Tags 1,7,humidity_deviation_from_band_pp,14.394841269841264,0.0017387765110377872
0,2025-2,Tags 1,7,environment_out_of_band_days_7d,7.0,0.0002992531413816988
0,2025-2,Tags 1,7,environment_staleness_days,0.0,-0.00011620755931740276
0,2025-2,Tags 1,7,is_lags_building,0.0,0.00233764893347608
0,2025-2,Tags 1,7,historical_building_recovery,0.9238591323117529,0.0010825626791948874
0,2025-2,Tags 1,7,peer_delta_percentage_alive,-0.0051470588235291714,-0.00109563667514632
0,2025-2,Tags 1,7,peer_delta_weight_gap_pct,0.0,0.00038506924756990136
0,2025-2,Tags 1,7,missingindicator_temperature_deviation_from_band_c,1.0,0.00019720493757689555
0,2025-2,Tags 1,7,missingindicator_humidity_deviation_from_band_pp,1.0,9.95771230275952e-05
0,2025-2,Tags 1,7,missingindicator_environment_out_of_band_days_7d,1.0,0.00019053260219902937
0,2025-2,Tags 1,7,missingindicator_environment_staleness_days,1.0,0.00016906036221412204
1,2025-2,Tags 1,14,cycle_day,14.0,-0.010173772361276838
1,2025-2,Tags 1,14,percentage_alive,0.9697058823529412,-0.0002575392101123839
1,2025-2,Tags 1,14,mortality_recent_3d_per_1000,1.0294117647058825,0.0016202663280435142
1,2025-2,Tags 1,14,mortality_trend_delta_per_1000,0.0,7.88592728857295e-05
1,2025-2,Tags 1,14,weight_gap_pct,11.052631578947365,0.0012791638181287644
1,2025-2,Tags 1,14,weight_staleness_days,0.0,-0.004307445087038182
1,2025-2,Tags 1,14,temperature_deviation_from_band_c,1.476946133063132,0.0010396122353442006
1,2025-2,Tags 1,14,humidity_deviation_from_band_pp,14.394841269841264,0.0017507437700615485
1,2025-2,Tags 1,14,environment_out_of_band_days_7d,7.0,0.00019056288281450487
1,2025-2,Tags 1,14,environment_staleness_days,0.0,-0.00012854250473935718
1,2025-2,Tags 1,14,is_lags_building,0.0,0.0026093339373350444
1,2025-2,Tags 1,14,historical_building_recovery,0.9238591323117529,0.001065016400946736
1,2025-2,Tags 1,14,peer_delta_percentage_alive,-0.004411764705882448,-0.001196803914438156
1,2025-2,Tags 1,14,peer_delta_weight_gap_pct,0.7894736842105292,0.00025334852604922325
1,2025-2,Tags 1,14,missingindicator_temperature_deviation_from_band_c,1.0,0.00012739880410014907
1,2025-2,Tags 1,14,missingindicator_humidity_deviation_from_band_pp,1.0,4.846492536569014e-05
1,2025-2,Tags 1,14,missingindicator_environment_out_of_band_days_7d,1.0,7.309848700500484e-05
1,2025-2,Tags 1,14,missingindicator_environment_staleness_days,1.0,9.188874056478648e-05
2,2025-2,Tags 1,21,cycle_day,21.0,-0.0031523157459087147
2,2025-2,Tags 1,21,percentage_alive,0.958970588235294,-0.00010360688325076977
2,2025-2,Tags 1,21,mortality_recent_3d_per_1000,1.4705882352941178,-0.001290494770016698
2,2025-2,Tags 1,21,mortality_trend_delta_per_1000,0.1260504201680672,-0.0001068498110110367
2,2025-2,Tags 1,21,weight_gap_pct,15.5,0.0009142562607020367
2,2025-2,Tags 1,21,weight_staleness_days,0.0,-0.004158841698398717
2,2025-2,Tags 1,21,temperature_deviation_from_band_c,1.476946133063132,0.0010042288546092063
2,2025-2,Tags 1,21,humidity_deviation_from_band_pp,14.394841269841264,0.0018530498704443133
2,2025-2,Tags 1,21,environment_out_of_band_days_7d,7.0,0.000235636872547266
2,2025-2,Tags 1,21,environment_staleness_days,0.0,-0.00017703322206728123
2,2025-2,Tags 1,21,is_lags_building,0.0,0.002121383663650845
2,2025-2,Tags 1,21,historical_building_recovery,0.9238591323117529,0.001187951258516721
2,2025-2,Tags 1,21,peer_delta_percentage_alive,-0.005441176470588394,-0.0010406029065253418
2,2025-2,Tags 1,21,peer_delta_weight_gap_pct,0.0,0.00023215837359880632
2,2025-2,Tags 1,21,missingindicator_temperature_deviation_from_band_c,1.0,9.163372770562091e-05
2,2025-2,Tags 1,21,missingindicator_humidity_deviation_from_band_pp,1.0,1.8949634816698517e-05
2,2025-2,Tags 1,21,missingindicator_environment_out_of_band_days_7d,1.0,7.947267383208455e-05
2,2025-2,Tags 1,21,missingindicator_environment_staleness_days,1.0,7.95044683042592e-05
3,2025-2,Tags 1,25,cycle_day,25.0,0.00237951860398163
3,2025-2,Tags 1,25,percentage_alive,0.9427941176470588,0.0008669420415299026
3,2025-2,Tags 1,25,mortality_recent_3d_per_1000,1.3235294117647058,-0.00019631529964053273
3,2025-2,Tags 1,25,mortality_trend_delta_per_1000,0.0,0.00030756796856376545
3,2025-2,Tags 1,25,weight_gap_pct,15.5,0.0008169077040259147
3,2025-2,Tags 1,25,weight_staleness_days,4.0,0.002301189444333458
3,2025-2,Tags 1,25,temperature_deviation_from_band_c,1.476946133063132,0.0007008097650351923
3,2025-2,Tags 1,25,humidity_deviation_from_band_pp,14.394841269841264,0.0015390309010886762
3,2025-2,Tags 1,25,environment_out_of_band_days_7d,7.0,0.0001704820430189577
3,2025-2,Tags 1,25,environment_staleness_days,0.0,-0.00024266700087594636
3,2025-2,Tags 1,25,is_lags_building,0.0,0.0016045137250034105
3,2025-2,Tags 1,25,historical_building_recovery,0.9238591323117529,0.0009003695094573869
3,2025-2,Tags 1,25,peer_delta_percentage_alive,-0.006911764705882395,-0.0007039594719243586
3,2025-2,Tags 1,25,peer_delta_weight_gap_pct,0.0,0.00018207425850683682
3,2025-2,Tags 1,25,missingindicator_temperature_deviation_from_band_c,1.0,0.00014646967066722597
3,2025-2,Tags 1,25,missingindicator_humidity_deviation_from_band_pp,1.0,7.770401103791405e-07
3,2025-2,Tags 1,25,missingindicator_environment_out_of_band_days_7d,1.0,0.00012874772098071978
3,2025-2,Tags 1,25,missingindicator_environment_staleness_days,1.0,0.00010720258957783577
4,2025-2,Tags 2,7,cycle_day,7.0,-0.013678833724144765
4,2025-2,Tags 2,7,percentage_alive,0.9833823529411764,-0.0004851028235411691
4,2025-2,Tags 2,7,mortality_recent_3d_per_1000,1.7647058823529411,-0.0025068858057040156
4,2025-2,Tags 2,7,mortality_trend_delta_per_1000,0.0,9.150162658154892e-05
4,2025-2,Tags 2,7,weight_gap_pct,24.117647058823533,0.0011139468630594837
4,2025-2,Tags 2,7,weight_staleness_days,0.0,-0.004651028996012828
4,2025-2,Tags 2,7,temperature_deviation_from_band_c,1.476946133063132,0.0010588258266795618
4,2025-2,Tags 2,7,humidity_deviation_from_band_pp,14.394841269841264,0.0017916369253103066
4,2025-2,Tags 2,7,environment_out_of_band_days_7d,7.0,0.00030478026755201396
4,2025-2,Tags 2,7,environment_staleness_days,0.0,-0.00011551675219167591
4,2025-2,Tags 2,7,is_lags_building,0.0,0.0023152544635878466
4,2025-2,Tags 2,7,historical_building_recovery,0.9248595987494426,0.0010678346730885132
4,2025-2,Tags 2,7,peer_delta_percentage_alive,0.0,-0.00038870353256169896
4,2025-2,Tags 2,7,peer_delta_weight_gap_pct,0.0,0.00038753636268017903
4,2025-2,Tags 2,7,missingindicator_temperature_deviation_from_band_c,1.0,0.00016518281854981692
4,2025-2,Tags 2,7,missingindicator_humidity_deviation_from_band_pp,1.0,8.013874847839149e-05
4,2025-2,Tags 2,7,missingindicator_environment_out_of_band_days_7d,1.0,0.00018363619470116127
4,2025-2,Tags 2,7,missingindicator_environment_staleness_days,1.0,0.00012679400516315227
5,2025-2,Tags 2,14,cycle_day,14.0,-0.009795770033800225
5,2025-2,Tags 2,14,percentage_alive,0.9741176470588236,-0.0003492556032012752
5,2025-2,Tags 2,14,mortality_recent_3d_per_1000,1.2254901960784317,0.0005543078964139451
5,2025-2,Tags 2,14,mortality_trend_delta_per_1000,0.0,8.314854970404531e-05
5,2025-2,Tags 2,14,weight_gap_pct,10.263157894736835,0.0012989349868725239
5,2025-2,Tags 2,14,weight_staleness_days,0.0,-0.004336745268420484
5,2025-2,Tags 2,14,temperature_deviation_from_band_c,1.476946133063132,0.0010231509301493497
5,2025-2,Tags 2,14,humidity_deviation_from_band_pp,14.394841269841264,0.0017510817115420328
5,2025-2,Tags 2,14,environment_out_of_band_days_7d,7.0,0.000191673465605551
5,2025-2,Tags 2,14,environment_staleness_days,0.0,-0.00012364251544576057
5,2025-2,Tags 2,14,is_lags_building,0.0,0.002637442755219822
5,2025-2,Tags 2,14,historical_building_recovery,0.9248595987494426,0.0011149175316167788
5,2025-2,Tags 2,14,peer_delta_percentage_alive,0.0,-0.00032188659314049566
5,2025-2,Tags 2,14,peer_delta_weight_gap_pct,0.0,0.0002766169744011075
5,2025-2,Tags 2,14,missingindicator_temperature_deviation_from_band_c,1.0,9.27956871310192e-05
5,2025-2,Tags 2,14,missingindicator_humidity_deviation_from_band_pp,1.0,1.781241328409123e-05
5,2025-2,Tags 2,14,missingindicator_environment_out_of_band_days_7d,1.0,7.223300440851813e-05
5,2025-2,Tags 2,14,missingindicator_environment_staleness_days,1.0,5.19732703152161e-05
6,2025-2,Tags 2,21,cycle_day,21.0,-0.0029391454921606293
6,2025-2,Tags 2,21,percentage_alive,0.9644117647058824,-0.00022081084185920455
6,2025-2,Tags 2,21,mortality_recent_3d_per_1000,1.2254901960784312,0.0006928571430832467
6,2025-2,Tags 2,21,mortality_trend_delta_per_1000,0.0,0.0001613975358155031
6,2025-2,Tags 2,21,weight_gap_pct,13.250000000000012,0.0010928886106497295
6,2025-2,Tags 2,21,weight_staleness_days,0.0,-0.00403222969939432
6,2025-2,Tags 2,21,temperature_deviation_from_band_c,1.476946133063132,0.0009314728657249681
6,2025-2,Tags 2,21,humidity_deviation_from_band_pp,14.394841269841264,0.0019632475403914256
6,2025-2,Tags 2,21,environment_out_of_band_days_7d,7.0,0.0002082245930596665
6,2025-2,Tags 2,21,environment_staleness_days,0.0,-0.00017282862025633198
6,2025-2,Tags 2,21,is_lags_building,0.0,0.0020520243903756055
6,2025-2,Tags 2,21,historical_building_recovery,0.9248595987494426,0.0010919983571606967
6,2025-2,Tags 2,21,peer_delta_percentage_alive,0.0,-7.612139835624426e-05
6,2025-2,Tags 2,21,peer_delta_weight_gap_pct,-2.2499999999999876,0.00019286607769375037
6,2025-2,Tags 2,21,missingindicator_temperature_deviation_from_band_c,1.0,7.380773116470984e-05
6,2025-2,Tags 2,21,missingindicator_humidity_deviation_from_band_pp,1.0,-2.465738023078107e-06
6,2025-2,Tags 2,21,missingindicator_environment_out_of_band_days_7d,1.0,6.581435535891804e-05
6,2025-2,Tags 2,21,missingindicator_environment_staleness_days,1.0,4.3480930528859245e-05
7,2025-2,Tags 2,25,cycle_day,25.0,0.0022539908345014918
7,2025-2,Tags 2,25,percentage_alive,0.9497058823529412,0.0005106626331977223
7,2025-2,Tags 2,25,mortality_recent_3d_per_1000,1.1764705882352942,0.00020717799522075323
7,2025-2,Tags 2,25,mortality_trend_delta_per_1000,0.0,0.00030060646881809494
7,2025-2,Tags 2,25,weight_gap_pct,13.250000000000012,0.0010451063960345507
7,2025-2,Tags 2,25,weight_staleness_days,4.0,0.0023301559787779137
7,2025-2,Tags 2,25,temperature_deviation_from_band_c,1.476946133063132,0.0006894279897799437
7,2025-2,Tags 2,25,humidity_deviation_from_band_pp,14.394841269841264,0.0015648546108277379
7,2025-2,Tags 2,25,environment_out_of_band_days_7d,7.0,0.0001690706223471239
7,2025-2,Tags 2,25,environment_staleness_days,0.0,-0.00024696242319744897
7,2025-2,Tags 2,25,is_lags_building,0.0,0.0015707696784278721
7,2025-2,Tags 2,25,historical_building_recovery,0.9248595987494426,0.0009138141702873975
7,2025-2,Tags 2,25,peer_delta_percentage_alive,0.0,-0.00012676771893546058
7,2025-2,Tags 2,25,peer_delta_weight_gap_pct,-2.2499999999999876,0.00019494308119776514
7,2025-2,Tags 2,25,missingindicator_temperature_deviation_from_band_c,1.0,0.00014298868409952256
7,2025-2,Tags 2,25,missingindicator_humidity_deviation_from_band_pp,1.0,-1.6518754415972374e-05
7,2025-2,Tags 2,25,missingindicator_environment_out_of_band_days_7d,1.0,0.00012021018915107692
7,2025-2,Tags 2,25,missingindicator_environment_staleness_days,1.0,8.175893033191632e-05
8,2025-2,Tags 3,7,cycle_day,7.0,-0.013262083967331896
8,2025-2,Tags 3,7,percentage_alive,0.9855882352941177,-0.000507645006228772
8,2025-2,Tags 3,7,mortality_recent_3d_per_1000,1.7156862745098038,-0.0025356849720165634
8,2025-2,Tags 3,7,mortality_trend_delta_per_1000,0.0,8.733823658400748e-05
8,2025-2,Tags 3,7,weight_gap_pct,24.117647058823533,0.0011272742118014038
8,2025-2,Tags 3,7,weight_staleness_days,0.0,-0.004566972499050841
8,2025-2,Tags 3,7,temperature_deviation_from_band_c,1.476946133063132,0.001071742985275866
8,2025-2,Tags 3,7,humidity_deviation_from_band_pp,14.394841269841264,0.0018597925359278493
8,2025-2,Tags 3,7,environment_out_of_band_days_7d,7.0,0.0003043148340684356
8,2025-2,Tags 3,7,environment_staleness_days,0.0,-0.00011515129084521473
8,2025-2,Tags 3,7,is_lags_building,0.0,0.002547732571504795
8,2025-2,Tags 3,7,historical_building_recovery,0.9332659444800505,0.001694839999908432
8,2025-2,Tags 3,7,peer_delta_percentage_alive,0.0022058823529412797,0.0007133980989299639
8,2025-2,Tags 3,7,peer_delta_weight_gap_pct,0.0,0.00037680052462260274
8,2025-2,Tags 3,7,missingindicator_temperature_deviation_from_band_c,1.0,0.00016927157642900403
8,2025-2,Tags 3,7,missingindicator_humidity_deviation_from_band_pp,1.0,7.76256790132747e-05
8,2025-2,Tags 3,7,missingindicator_environment_out_of_band_days_7d,1.0,0.00019436747925663005
8,2025-2,Tags 3,7,missingindicator_environment_staleness_days,1.0,0.00011503142821170152
9,2025-2,Tags 3,14,cycle_day,14.0,-0.009626832626592557
9,2025-2,Tags 3,14,percentage_alive,0.9755882352941176,-0.000361237994691782
9,2025-2,Tags 3,14,mortality_recent_3d_per_1000,1.2745098039215683,0.00034623679994189954
9,2025-2,Tags 3,14,mortality_trend_delta_per_1000,0.0,6.850810481708102e-05
9,2025-2,Tags 3,14,weight_gap_pct,-14.21052631578947,0.0012751654180739689
9,2025-2,Tags 3,14,weight_staleness_days,0.0,-0.004334824558869458
9,2025-2,Tags 3,14,temperature_deviation_from_band_c,1.476946133063132,0.0010295087630070668
9,2025-2,Tags 3,14,humidity_deviation_from_band_pp,14.394841269841264,0.001813488820350973
9,2025-2,Tags 3,14,environment_out_of_band_days_7d,7.0,0.00019120803212197265
9,2025-2,Tags 3,14,environment_staleness_days,0.0,-0.00012489245110050697
9,2025-2,Tags 3,14,is_lags_building,0.0,0.00277839647525051
9,2025-2,Tags 3,14,historical_building_recovery,0.9332659444800505,0.001699666504274771
9,2025-2,Tags 3,14,peer_delta_percentage_alive,0.0014705882352940014,9.870625457130995e-05
9,2025-2,Tags 3,14,peer_delta_weight_gap_pct,-24.473684210526308,-0.0005131046101786708
9,2025-2,Tags 3,14,missingindicator_temperature_deviation_from_band_c,1.0,9.248466007189668e-05
9,2025-2,Tags 3,14,missingindicator_humidity_deviation_from_band_pp,1.0,2.271252888543572e-05
9,2025-2,Tags 3,14,missingindicator_environment_out_of_band_days_7d,1.0,7.797088278256894e-05
9,2025-2,Tags 3,14,missingindicator_environment_staleness_days,1.0,5.487256724258428e-05
10,2025-2,Tags 3,21,cycle_day,21.0,-0.003717583853088697
10,2025-2,Tags 3,21,percentage_alive,0.9675,-0.00013069880259186913
10,2025-2,Tags 3,21,mortality_recent_3d_per_1000,0.9803921568627452,0.0016460073088313586
10,2025-2,Tags 3,21,mortality_trend_delta_per_1000,0.0,0.0001501363726160533
10,2025-2,Tags 3,21,weight_gap_pct,17.875000000000004,0.0008798084194618853
10,2025-2,Tags 3,21,weight_staleness_days,0.0,-0.003927266445125996
10,2025-2,Tags 3,21,temperature_deviation_from_band_c,1.476946133063132,0.0009402363449430737
10,2025-2,Tags 3,21,humidity_deviation_from_band_pp,14.394841269841264,0.0020433967667851825
10,2025-2,Tags 3,21,environment_out_of_band_days_7d,7.0,0.0002087571895966408
10,2025-2,Tags 3,21,environment_staleness_days,0.0,-0.00016452434679093596
10,2025-2,Tags 3,21,is_lags_building,0.0,0.0021508776177967667
10,2025-2,Tags 3,21,historical_building_recovery,0.9332659444800505,0.0014098545174675646
10,2025-2,Tags 3,21,peer_delta_percentage_alive,0.003088235294117614,0.0008975284973606536
10,2025-2,Tags 3,21,peer_delta_weight_gap_pct,2.3750000000000036,0.00015413462396228063
10,2025-2,Tags 3,21,missingindicator_temperature_deviation_from_band_c,1.0,7.738455462843093e-05
10,2025-2,Tags 3,21,missingindicator_humidity_deviation_from_band_pp,1.0,7.779750002545877e-06
10,2025-2,Tags 3,21,missingindicator_environment_out_of_band_days_7d,1.0,7.506150814239203e-05
10,2025-2,Tags 3,21,missingindicator_environment_staleness_days,1.0,4.2840992324361655e-05
11,2025-2,Tags 3,25,cycle_day,25.0,0.0024175899215837394
11,2025-2,Tags 3,25,percentage_alive,0.9555882352941176,0.00019563564897288443
11,2025-2,Tags 3,25,mortality_recent_3d_per_1000,0.8333333333333334,0.0019145362247387431
11,2025-2,Tags 3,25,mortality_trend_delta_per_1000,0.0,0.0002920070547704476
11,2025-2,Tags 3,25,weight_gap_pct,17.875000000000004,0.000814971329956552
11,2025-2,Tags 3,25,weight_staleness_days,4.0,0.001919022695335187
11,2025-2,Tags 3,25,temperature_deviation_from_band_c,1.476946133063132,0.000696997137472636
11,2025-2,Tags 3,25,humidity_deviation_from_band_pp,14.394841269841264,0.001680652348017581
11,2025-2,Tags 3,25,environment_out_of_band_days_7d,7.0,0.00016653914246927943
11,2025-2,Tags 3,25,environment_staleness_days,0.0,-0.00020122203282344172
11,2025-2,Tags 3,25,is_lags_building,0.0,0.0016750900344048199
11,2025-2,Tags 3,25,historical_building_recovery,0.9332659444800505,0.0012466773090399972
11,2025-2,Tags 3,25,peer_delta_percentage_alive,0.00588235294117645,0.001151387759538918
11,2025-2,Tags 3,25,peer_delta_weight_gap_pct,2.3750000000000036,7.386387815563711e-05
11,2025-2,Tags 3,25,missingindicator_temperature_deviation_from_band_c,1.0,0.0001432487626794701
11,2025-2,Tags 3,25,missingindicator_humidity_deviation_from_band_pp,1.0,4.095844019295519e-06
11,2025-2,Tags 3,25,missingindicator_environment_out_of_band_days_7d,1.0,0.00012870394409902279
11,2025-2,Tags 3,25,missingindicator_environment_staleness_days,1.0,8.324996200393828e-05
12,2025-3,Lags 1,7,cycle_day,7.0,-0.008803950724247896
12,2025-3,Lags 1,7,percentage_alive,0.9863684960798288,-0.001349635820525705
12,2025-3,Lags 1,7,mortality_recent_3d_per_1000,2.108576859111428,-0.0007773181806158861
12,2025-3,Lags 1,7,mortality_trend_delta_per_1000,0.2821335234022333,-0.0004611335860153962
12,2025-3,Lags 1,7,weight_gap_pct,40.588235294117645,-0.0015615560731934498
12,2025-3,Lags 1,7,weight_staleness_days,0.0,-0.005389323533562891
12,2025-3,Lags 1,7,temperature_deviation_from_band_c,3.199305555555533,-0.000762051665408135
12,2025-3,Lags 1,7,humidity_deviation_from_band_pp,6.5562499999999915,-0.002074313448176651
12,2025-3,Lags 1,7,environment_out_of_band_days_7d,7.0,0.0004913165491452338
12,2025-3,Lags 1,7,environment_staleness_days,0.0,-7.291317536688086e-05
12,2025-3,Lags 1,7,is_lags_building,1.0,-0.004027552488434154
12,2025-3,Lags 1,7,historical_building_recovery,0.9183681957667624,0.0029629659792422044
12,2025-3,Lags 1,7,peer_delta_percentage_alive,0.0,1.845716689086887e-05
12,2025-3,Lags 1,7,peer_delta_weight_gap_pct,14.70588235294117,-0.00025309773532349424
12,2025-3,Lags 1,7,missingindicator_temperature_deviation_from_band_c,0.0,-0.00030673235104239187
12,2025-3,Lags 1,7,missingindicator_humidity_deviation_from_band_pp,0.0,-0.0001283599688762704
12,2025-3,Lags 1,7,missingindicator_environment_out_of_band_days_7d,0.0,-0.00023923154654319974
12,2025-3,Lags 1,7,missingindicator_environment_staleness_days,0.0,-0.000322878314273764
13,2025-3,Lags 1,14,cycle_day,14.0,-0.005506408017539112
13,2025-3,Lags 1,14,percentage_alive,0.9731824661439772,-0.00027063770051128033
13,2025-3,Lags 1,14,mortality_recent_3d_per_1000,2.197671655975291,-0.0007613019279435138
13,2025-3,Lags 1,14,mortality_trend_delta_per_1000,0.3521365780809831,-0.0005645586497769539
13,2025-3,Lags 1,14,weight_gap_pct,32.76315789473686,-0.00018774883852433648
13,2025-3,Lags 1,14,weight_staleness_days,0.0,-0.0051963273300165425
13,2025-3,Lags 1,14,temperature_deviation_from_band_c,1.144371209785163,0.0006156284895824827
13,2025-3,Lags 1,14,humidity_deviation_from_band_pp,22.680482320896303,0.0023421662704144505
13,2025-3,Lags 1,14,environment_out_of_band_days_7d,7.0,0.0003196464005733066
13,2025-3,Lags 1,14,environment_staleness_days,0.0,-9.412232032283867e-05
13,2025-3,Lags 1,14,is_lags_building,1.0,-0.0038819234697234023
13,2025-3,Lags 1,14,historical_building_recovery,0.9183681957667624,0.00228010001832304
13,2025-3,Lags 1,14,peer_delta_percentage_alive,-0.001230285533875164,-4.294708622744219e-05
13,2025-3,Lags 1,14,peer_delta_weight_gap_pct,5.810526315789485,1.6661982797061708e-05
13,2025-3,Lags 1,14,missingindicator_temperature_deviation_from_band_c,0.0,-0.0002555639655657578
13,2025-3,Lags 1,14,missingindicator_humidity_deviation_from_band_pp,0.0,-7.0420245771908e-05
13,2025-3,Lags 1,14,missingindicator_environment_out_of_band_days_7d,0.0,-0.00020650115675653472
13,2025-3,Lags 1,14,missingindicator_environment_staleness_days,0.0,-0.0003662140568348528
14,2025-3,Lags 1,21,cycle_day,21.0,-0.001128659561971603
14,2025-3,Lags 1,21,percentage_alive,0.9610655737704918,0.00045612738991634684
14,2025-3,Lags 1,21,mortality_recent_3d_per_1000,1.7224994060346877,-0.0010632183378523259
14,2025-3,Lags 1,21,mortality_trend_delta_per_1000,0.0,0.00020448774695990977
14,2025-3,Lags 1,21,weight_gap_pct,42.375,-0.0011813286602454355
14,2025-3,Lags 1,21,weight_staleness_days,0.0,-0.0052073487259507185
14,2025-3,Lags 1,21,temperature_deviation_from_band_c,2.7731884057971,2.414188602037679e-05
14,2025-3,Lags 1,21,humidity_deviation_from_band_pp,12.64208937198066,0.0018764735867250178
14,2025-3,Lags 1,21,environment_out_of_band_days_7d,7.0,0.0003013129764819173
14,2025-3,Lags 1,21,environment_staleness_days,0.0,-7.615003578851182e-05
14,2025-3,Lags 1,21,is_lags_building,1.0,-0.0037116605612918727
14,2025-3,Lags 1,21,historical_building_recovery,0.9183681957667624,0.0022720710145481375
14,2025-3,Lags 1,21,peer_delta_percentage_alive,-0.005237558220559602,-0.00010978688662690157
14,2025-3,Lags 1,21,peer_delta_weight_gap_pct,10.988749999999996,-2.732237298355644e-05
14,2025-3,Lags 1,21,missingindicator_temperature_deviation_from_band_c,0.0,-0.0002564026934906418
14,2025-3,Lags 1,21,missingindicator_humidity_deviation_from_band_pp,0.0,-6.006202263024483e-05
14,2025-3,Lags 1,21,missingindicator_environment_out_of_band_days_7d,0.0,-0.00020336176485869978
14,2025-3,Lags 1,21,missingindicator_environment_staleness_days,0.0,-0.00032576393730268405
15,2025-3,Lags 1,28,cycle_day,28.0,0.0044701192582479975
15,2025-3,Lags 1,28,percentage_alive,0.9391482537419816,0.0022142180717483594
15,2025-3,Lags 1,28,mortality_recent_3d_per_1000,1.4552150154430985,-0.00020636077724967965
15,2025-3,Lags 1,28,mortality_trend_delta_per_1000,0.0,0.00023782693322157912
15,2025-3,Lags 1,28,weight_gap_pct,28.666666666666647,0.00028043447943900426
15,2025-3,Lags 1,28,weight_staleness_days,0.0,-0.005471423018386334
15,2025-3,Lags 1,28,temperature_deviation_from_band_c,1.9140232108317328,0.0004214047415455163
15,2025-3,Lags 1,28,humidity_deviation_from_band_pp,21.248852890608177,0.002152627985964356
15,2025-3,Lags 1,28,environment_out_of_band_days_7d,7.0,0.0002739726246232703
15,2025-3,Lags 1,28,environment_staleness_days,0.0,-0.0001860943801169251
15,2025-3,Lags 1,28,is_lags_building,1.0,-0.0027125069133172313
15,2025-3,Lags 1,28,historical_building_recovery,0.9183681957667624,0.002005664069277527
15,2025-3,Lags 1,28,peer_delta_percentage_alive,-0.01205420710813021,-0.00020886675142609245
15,2025-3,Lags 1,28,peer_delta_weight_gap_pct,12.953333333333306,-1.6576665513474487e-05
15,2025-3,Lags 1,28,missingindicator_temperature_deviation_from_band_c,0.0,-0.0002475774591467212
15,2025-3,Lags 1,28,missingindicator_humidity_deviation_from_band_pp,0.0,-9.311548262145892e-05
15,2025-3,Lags 1,28,missingindicator_environment_out_of_band_days_7d,0.0,-0.0002527910408018369
15,2025-3,Lags 1,28,missingindicator_environment_staleness_days,0.0,-0.0003872046981519342
16,2025-3,Lags 1,48,cycle_day,48.0,0.015119837674241594
16,2025-3,Lags 1,48,percentage_alive,0.9025302922309336,0.0018771876806005833
16,2025-3,Lags 1,48,mortality_recent_3d_per_1000,1.2770254217153718,9.560786597325188e-05
16,2025-3,Lags 1,48,mortality_trend_delta_per_1000,0.0,0.00010216757789406775
16,2025-3,Lags 1,48,weight_gap_pct,17.777777777777793,0.0017463263922747765
16,2025-3,Lags 1,48,weight_staleness_days,13.0,0.021377678798697015
16,2025-3,Lags 1,48,temperature_deviation_from_band_c,1.7694444444444637,0.0003498885552983685
16,2025-3,Lags 1,48,humidity_deviation_from_band_pp,22.740509259259284,0.001127863561096256
16,2025-3,Lags 1,48,environment_out_of_band_days_7d,7.0,0.0001731735501161
16,2025-3,Lags 1,48,environment_staleness_days,17.0,5.2079384757004374e-05
16,2025-3,Lags 1,48,is_lags_building,1.0,-0.0018029226729411759
16,2025-3,Lags 1,48,historical_building_recovery,0.9183681957667624,0.0009779662520615106
16,2025-3,Lags 1,48,peer_delta_percentage_alive,-0.034563892237577276,-0.00041874516314183814
16,2025-3,Lags 1,48,peer_delta_weight_gap_pct,0.2844444444444534,6.055900136878934e-05
16,2025-3,Lags 1,48,missingindicator_temperature_deviation_from_band_c,0.0,-0.0001618532457612935
16,2025-3,Lags 1,48,missingindicator_humidity_deviation_from_band_pp,0.0,-8.676842956338295e-05
16,2025-3,Lags 1,48,missingindicator_environment_out_of_band_days_7d,0.0,-0.00014093409135189252
16,2025-3,Lags 1,48,missingindicator_environment_staleness_days,0.0,-0.00022776303728345345
17,2025-3,Lags 2,7,cycle_day,7.0,-0.009516088488837122
17,2025-3,Lags 2,7,percentage_alive,0.9796363636363636,-0.0010233381357109717
17,2025-3,Lags 2,7,mortality_recent_3d_per_1000,2.484848484848485,-0.0007963268416967298
17,2025-3,Lags 2,7,mortality_trend_delta_per_1000,0.0,9.850299994794098e-05
17,2025-3,Lags 2,7,weight_gap_pct,42.35294117647059,-0.00117472424177953
17,2025-3,Lags 2,7,weight_staleness_days,0.0,-0.0056163894849654275
17,2025-3,Lags 2,7,temperature_deviation_from_band_c,0.499010047281331,0.000517533120132755
17,2025-3,Lags 2,7,humidity_deviation_from_band_pp,15.623980496453823,0.0026359935881176506
17,2025-3,Lags 2,7,environment_out_of_band_days_7d,6.0,-0.001685251292427208
17,2025-3,Lags 2,7,environment_staleness_days,0.0,-7.322061899016268e-05
17,2025-3,Lags 2,7,is_lags_building,1.0,-0.00329909165447661
17,2025-3,Lags 2,7,historical_building_recovery,0.9033531269786623,-0.00421310318857106
17,2025-3,Lags 2,7,peer_delta_percentage_alive,-0.006732132443465155,-0.00014634292772486355
17,2025-3,Lags 2,7,peer_delta_weight_gap_pct,16.470588235294112,-0.00033898949879599717
17,2025-3,Lags 2,7,missingindicator_temperature_deviation_from_band_c,0.0,-0.00037798435789910954
17,2025-3,Lags 2,7,missingindicator_humidity_deviation_from_band_pp,0.0,-0.00014265472869680595
17,2025-3,Lags 2,7,missingindicator_environment_out_of_band_days_7d,0.0,-0.0002907689374109584
17,2025-3,Lags 2,7,missingindicator_environment_staleness_days,0.0,-0.00039991725879922577
18,2025-3,Lags 2,14,cycle_day,14.0,-0.006558402478092461
18,2025-3,Lags 2,14,percentage_alive,0.9653636363636364,0.00027463943257742855
18,2025-3,Lags 2,14,mortality_recent_3d_per_1000,1.9696969696969695,-0.0008122366075247748
18,2025-3,Lags 2,14,mortality_trend_delta_per_1000,0.0,0.00010703267930108499
18,2025-3,Lags 2,14,weight_gap_pct,44.73684210526315,-0.0011762027184108986
18,2025-3,Lags 2,14,weight_staleness_days,0.0,-0.005468596979402447
18,2025-3,Lags 2,14,temperature_deviation_from_band_c,1.1472222222222683,0.0006780030418262969
18,2025-3,Lags 2,14,humidity_deviation_from_band_pp,15.635416666666629,0.002653391805400277
18,2025-3,Lags 2,14,environment_out_of_band_days_7d,7.0,0.0002651647065890634
18,2025-3,Lags 2,14,environment_staleness_days,0.0,-7.276844166137702e-05
18,2025-3,Lags 2,14,is_lags_building,1.0,-0.004073990900915264
18,2025-3,Lags 2,14,historical_building_recovery,0.9033531269786623,-0.004293359356230656
18,2025-3,Lags 2,14,peer_delta_percentage_alive,-0.009049115314215928,-0.00013577894921499133
18,2025-3,Lags 2,14,peer_delta_weight_gap_pct,17.78421052631578,-0.00042714480604002066
18,2025-3,Lags 2,14,missingindicator_temperature_deviation_from_band_c,0.0,-0.0003134268171457489
18,2025-3,Lags 2,14,missingindicator_humidity_deviation_from_band_pp,0.0,-0.00010339115363252639
18,2025-3,Lags 2,14,missingindicator_environment_out_of_band_days_7d,0.0,-0.00023545470706774424
18,2025-3,Lags 2,14,missingindicator_environment_staleness_days,0.0,-0.0003908408176818941
19,2025-3,Lags 2,21,cycle_day,21.0,-0.001254056022189913
19,2025-3,Lags 2,21,percentage_alive,0.9548181818181818,0.0012061394532075235
19,2025-3,Lags 2,21,mortality_recent_3d_per_1000,1.424242424242424,-0.0001308474665603591
19,2025-3,Lags 2,21,mortality_trend_delta_per_1000,0.0,0.0002046470072483955
19,2025-3,Lags 2,21,weight_gap_pct,46.49999999999999,-0.0014395951870107503
19,2025-3,Lags 2,21,weight_staleness_days,0.0,-0.005430258612677671
19,2025-3,Lags 2,21,temperature_deviation_from_band_c,1.6256944444444343,0.0007295531991300628
19,2025-3,Lags 2,21,humidity_deviation_from_band_pp,15.133333333333312,0.00267894455947296
19,2025-3,Lags 2,21,environment_out_of_band_days_7d,7.0,0.0002720884206663893
19,2025-3,Lags 2,21,environment_staleness_days,0.0,-7.137672546121339e-05
19,2025-3,Lags 2,21,is_lags_building,1.0,-0.003787400829858629
19,2025-3,Lags 2,21,historical_building_recovery,0.9033531269786623,-0.003858924867555364
19,2025-3,Lags 2,21,peer_delta_percentage_alive,-0.011484950172869657,-0.0001321697262691279
19,2025-3,Lags 2,21,peer_delta_weight_gap_pct,15.113749999999989,-0.00011108766819719323
19,2025-3,Lags 2,21,missingindicator_temperature_deviation_from_band_c,0.0,-0.00027795444359964596
19,2025-3,Lags 2,21,missingindicator_humidity_deviation_from_band_pp,0.0,-6.886872044379619e-05
19,2025-3,Lags 2,21,missingindicator_environment_out_of_band_days_7d,0.0,-0.00021788875266267395
19,2025-3,Lags 2,21,missingindicator_environment_staleness_days,0.0,-0.00040169606342413633
20,2025-3,Lags 2,28,cycle_day,28.0,0.005648711498246167
20,2025-3,Lags 2,28,percentage_alive,0.9354545454545454,0.0019318118122819813
20,2025-3,Lags 2,28,mortality_recent_3d_per_1000,1.303030303030303,0.00019896817876009296
20,2025-3,Lags 2,28,mortality_trend_delta_per_1000,0.0,0.000226244058586897
20,2025-3,Lags 2,28,weight_gap_pct,64.33333333333331,-0.006023484731331944
20,2025-3,Lags 2,28,weight_staleness_days,0.0,-0.005877020221973225
20,2025-3,Lags 2,28,temperature_deviation_from_band_c,1.840586419753066,0.000591346437005903
20,2025-3,Lags 2,28,humidity_deviation_from_band_pp,19.630864197530755,0.0029971847156334565
20,2025-3,Lags 2,28,environment_out_of_band_days_7d,7.0,0.00023941063079498232
20,2025-3,Lags 2,28,environment_staleness_days,3.0,6.759407766686781e-05
20,2025-3,Lags 2,28,is_lags_building,1.0,-0.002898769415457501
20,2025-3,Lags 2,28,historical_building_recovery,0.9033531269786623,-0.002979686615935498
20,2025-3,Lags 2,28,peer_delta_percentage_alive,-0.015747915395566414,-0.00024765324808444163
20,2025-3,Lags 2,28,peer_delta_weight_gap_pct,48.619999999999976,-4.2915873345818216e-05
20,2025-3,Lags 2,28,missingindicator_temperature_deviation_from_band_c,0.0,-0.00022670663645172844
20,2025-3,Lags 2,28,missingindicator_humidity_deviation_from_band_pp,0.0,-7.830911527499066e-05
20,2025-3,Lags 2,28,missingindicator_environment_out_of_band_days_7d,0.0,-0.00020658480365729251
20,2025-3,Lags 2,28,missingindicator_environment_staleness_days,0.0,-0.0003335356584997402
21,2025-3,Lags 2,44,cycle_day,44.0,0.015068435960180525
21,2025-3,Lags 2,44,percentage_alive,0.9079090909090908,0.0021353172090936606
21,2025-3,Lags 2,44,mortality_recent_3d_per_1000,1.303030303030303,0.00013540087703072117
21,2025-3,Lags 2,44,mortality_trend_delta_per_1000,0.1082251082251082,-1.3364880587840144e-05
21,2025-3,Lags 2,44,weight_gap_pct,-0.555555555555556,0.002122074726418187
21,2025-3,Lags 2,44,weight_staleness_days,9.0,0.01897973962205423
21,2025-3,Lags 2,44,temperature_deviation_from_band_c,0.8673611111111335,0.00018924567500050075
21,2025-3,Lags 2,44,humidity_deviation_from_band_pp,24.64583333333333,0.0014966432898033627
21,2025-3,Lags 2,44,environment_out_of_band_days_7d,7.0,0.00018179474830686058
21,2025-3,Lags 2,44,environment_staleness_days,0.0,-3.805649483178627e-05
21,2025-3,Lags 2,44,is_lags_building,1.0,-0.0021202685878333885
21,2025-3,Lags 2,44,historical_building_recovery,0.9033531269786623,-0.002421481774946672
21,2025-3,Lags 2,44,peer_delta_percentage_alive,0.0,0.00015639162243564418
21,2025-3,Lags 2,44,peer_delta_weight_gap_pct,0.0,7.0871905658861e-05
21,2025-3,Lags 2,44,missingindicator_temperature_deviation_from_band_c,0.0,-0.00021907537602015653
21,2025-3,Lags 2,44,missingindicator_humidity_deviation_from_band_pp,0.0,-7.237897615916392e-05
21,2025-3,Lags 2,44,missingindicator_environment_out_of_band_days_7d,0.0,-0.0001844364116623263
21,2025-3,Lags 2,44,missingindicator_environment_staleness_days,0.0,-0.00031302001118399124
22,2025-3,Tags 1,7,cycle_day,7.0,-0.006832649819064487
22,2025-3,Tags 1,7,percentage_alive,0.9883180858550316,-0.0012588739148843696
22,2025-3,Tags 1,7,mortality_recent_3d_per_1000,1.5482054890921884,-0.00041676360740476744
22,2025-3,Tags 1,7,mortality_trend_delta_per_1000,0.0,0.00012365091991214052
22,2025-3,Tags 1,7,weight_gap_pct,25.29411764705883,0.0018469041263446174
22,2025-3,Tags 1,7,weight_staleness_days,0.0,-0.0047105933517488634
22,2025-3,Tags 1,7,temperature_deviation_from_band_c,1.4569444444444637,0.0005612272443529069
22,2025-3,Tags 1,7,humidity_deviation_from_band_pp,13.405555555555496,0.002031370459245651
22,2025-3,Tags 1,7,environment_out_of_band_days_7d,7.0,0.0005317439473108179
22,2025-3,Tags 1,7,environment_staleness_days,0.0,-4.481169141920057e-05
22,2025-3,Tags 1,7,is_lags_building,0.0,0.00290602007544222
22,2025-3,Tags 1,7,historical_building_recovery,0.9248035997539021,0.0020633869366822903
22,2025-3,Tags 1,7,peer_delta_percentage_alive,0.0019495897752027647,2.1347634382131384e-05
22,2025-3,Tags 1,7,peer_delta_weight_gap_pct,-0.588235294117645,0.00015681379563802628
22,2025-3,Tags 1,7,missingindicator_temperature_deviation_from_band_c,1.0,0.0004293034518345051
22,2025-3,Tags 1,7,missingindicator_humidity_deviation_from_band_pp,1.0,0.00014442200455620555
22,2025-3,Tags 1,7,missingindicator_environment_out_of_band_days_7d,1.0,0.0004408914904522218
22,2025-3,Tags 1,7,missingindicator_environment_staleness_days,1.0,0.0005441505443516994
23,2025-3,Tags 1,14,cycle_day,14.0,-0.004963200903174127
23,2025-3,Tags 1,14,percentage_alive,0.9808585503166783,-0.0010578690471871573
23,2025-3,Tags 1,14,mortality_recent_3d_per_1000,0.8913910391742904,0.00032323324786471196
23,2025-3,Tags 1,14,mortality_trend_delta_per_1000,0.0,0.00012104779153983473
23,2025-3,Tags 1,14,weight_gap_pct,26.952631578947372,0.0006248377469385036
23,2025-3,Tags 1,14,weight_staleness_days,0.0,-0.004691676771991466
23,2025-3,Tags 1,14,temperature_deviation_from_band_c,1.4569444444444637,0.000564587239796277
23,2025-3,Tags 1,14,humidity_deviation_from_band_pp,13.405555555555496,0.0020845018210979764
23,2025-3,Tags 1,14,environment_out_of_band_days_7d,7.0,0.0005352320379152927
23,2025-3,Tags 1,14,environment_staleness_days,0.0,-4.4713818981592345e-05
23,2025-3,Tags 1,14,is_lags_building,0.0,0.0027453865579400473
23,2025-3,Tags 1,14,historical_building_recovery,0.9248035997539021,0.0019856910036810923
23,2025-3,Tags 1,14,peer_delta_percentage_alive,0.006445798638825995,0.00022546502584701463
23,2025-3,Tags 1,14,peer_delta_weight_gap_pct,0.0,0.0001589127154507182
23,2025-3,Tags 1,14,missingindicator_temperature_deviation_from_band_c,1.0,0.0003394964712676729
23,2025-3,Tags 1,14,missingindicator_humidity_deviation_from_band_pp,1.0,0.00012980726302518913
23,2025-3,Tags 1,14,missingindicator_environment_out_of_band_days_7d,1.0,0.0003366313602171396
23,2025-3,Tags 1,14,missingindicator_environment_staleness_days,1.0,0.0004842744340754183
24,2025-3,Tags 1,21,cycle_day,21.0,-0.0010689174259729004
24,2025-3,Tags 1,21,percentage_alive,0.972554539057002,-0.00026486944298814854
24,2025-3,Tags 1,21,mortality_recent_3d_per_1000,1.3605442176870748,5.774359438091138e-05
24,2025-3,Tags 1,21,mortality_trend_delta_per_1000,0.3753225428102276,-0.0009158192285206438
24,2025-3,Tags 1,21,weight_gap_pct,24.68625000000001,0.0013819286812079092
24,2025-3,Tags 1,21,weight_staleness_days,0.0,-0.004818230275142074
24,2025-3,Tags 1,21,temperature_deviation_from_band_c,1.4569444444444637,0.000502285449275464
24,2025-3,Tags 1,21,humidity_deviation_from_band_pp,13.405555555555496,0.0021929184869304
24,2025-3,Tags 1,21,environment_out_of_band_days_7d,7.0,0.0004954769993522326
24,2025-3,Tags 1,21,environment_staleness_days,0.0,-5.063480648513226e-05
24,2025-3,Tags 1,21,is_lags_building,0.0,0.002587531788960316
24,2025-3,Tags 1,21,historical_building_recovery,0.9248035997539021,0.001980085205579943
24,2025-3,Tags 1,21,peer_delta_percentage_alive,0.0062514070659505094,0.00021190212587383206
24,2025-3,Tags 1,21,peer_delta_weight_gap_pct,-6.699999999999996,1.415446195643104e-07
24,2025-3,Tags 1,21,missingindicator_temperature_deviation_from_band_c,1.0,0.00046201468332531464
24,2025-3,Tags 1,21,missingindicator_humidity_deviation_from_band_pp,1.0,0.00011044162070690912
24,2025-3,Tags 1,21,missingindicator_environment_out_of_band_days_7d,1.0,0.0003688833671351029
24,2025-3,Tags 1,21,missingindicator_environment_staleness_days,1.0,0.0007004846309693944
25,2025-3,Tags 1,28,cycle_day,28.0,0.0029275830352687633
25,2025-3,Tags 1,28,percentage_alive,0.957353976073188,0.0008081072362853753
25,2025-3,Tags 1,28,mortality_recent_3d_per_1000,0.9852216748768472,0.0003253240259615603
25,2025-3,Tags 1,28,mortality_trend_delta_per_1000,0.0,0.00027675055260021556
25,2025-3,Tags 1,28,weight_gap_pct,12.766666666666667,0.0037770214018184047
25,2025-3,Tags 1,28,weight_staleness_days,0.0,-0.00500913626411852
25,2025-3,Tags 1,28,temperature_deviation_from_band_c,1.4569444444444637,0.000433439211386871
25,2025-3,Tags 1,28,humidity_deviation_from_band_pp,13.405555555555496,0.0017932504427275854
25,2025-3,Tags 1,28,environment_out_of_band_days_7d,7.0,0.0004230824399913275
25,2025-3,Tags 1,28,environment_staleness_days,0.0,-9.853542284415158e-05
25,2025-3,Tags 1,28,is_lags_building,0.0,0.0021785560200749637
25,2025-3,Tags 1,28,historical_building_recovery,0.9248035997539021,0.0018658471400571528
25,2025-3,Tags 1,28,peer_delta_percentage_alive,0.006151515223076109,0.00020417108819357978
25,2025-3,Tags 1,28,peer_delta_weight_gap_pct,-2.9466666666666725,6.243828979807475e-05
25,2025-3,Tags 1,28,missingindicator_temperature_deviation_from_band_c,1.0,0.00045481327278584186
25,2025-3,Tags 1,28,missingindicator_humidity_deviation_from_band_pp,1.0,0.00010711045824862451
25,2025-3,Tags 1,28,missingindicator_environment_out_of_band_days_7d,1.0,0.0004986632512804399
25,2025-3,Tags 1,28,missingindicator_environment_staleness_days,1.0,0.0007449396020266955
26,2025-3,Tags 1,48,cycle_day,48.0,0.014420454608667449
26,2025-3,Tags 1,48,percentage_alive,0.940323715693174,0.001553130560157408
26,2025-3,Tags 1,48,mortality_recent_3d_per_1000,0.5629838142153413,0.00024127000959170243
26,2025-3,Tags 1,48,mortality_trend_delta_per_1000,0.0,0.00014060443695948816
26,2025-3,Tags 1,48,weight_gap_pct,17.931111111111107,0.0019693987681725475
26,2025-3,Tags 1,48,weight_staleness_days,13.0,0.020996098210395123
26,2025-3,Tags 1,48,temperature_deviation_from_band_c,3.856935964641803,-0.0007873950330837181
26,2025-3,Tags 1,48,humidity_deviation_from_band_pp,9.999940041799434,0.0005214358252622679
26,2025-3,Tags 1,48,environment_out_of_band_days_7d,7.0,0.000254704185313687
26,2025-3,Tags 1,48,environment_staleness_days,0.0,-1.1118325912827136e-05
26,2025-3,Tags 1,48,is_lags_building,0.0,0.0012866352142244237
26,2025-3,Tags 1,48,historical_building_recovery,0.9248035997539021,0.0012204863197223302
26,2025-3,Tags 1,48,peer_delta_percentage_alive,0.0032295312246630736,0.00028592035331006534
26,2025-3,Tags 1,48,peer_delta_weight_gap_pct,0.43777777777776805,6.544081999200664e-05
26,2025-3,Tags 1,48,missingindicator_temperature_deviation_from_band_c,0.0,-0.00015540889843500074
26,2025-3,Tags 1,48,missingindicator_humidity_deviation_from_band_pp,0.0,-6.219272751998449e-05
26,2025-3,Tags 1,48,missingindicator_environment_out_of_band_days_7d,0.0,-0.0001392782734832167
26,2025-3,Tags 1,48,missingindicator_environment_staleness_days,0.0,-0.00021638409960014909
27,2025-3,Tags 2,7,cycle_day,7.0,-0.006716419501697508
27,2025-3,Tags 2,7,percentage_alive,0.9842002237136466,-0.001137316907197853
27,2025-3,Tags 2,7,mortality_recent_3d_per_1000,2.0041014168530946,-0.0005900308370216985
27,2025-3,Tags 2,7,mortality_trend_delta_per_1000,0.0,0.00012320419438854673
27,2025-3,Tags 2,7,weight_gap_pct,25.882352941176475,0.0015362128678168398
27,2025-3,Tags 2,7,weight_staleness_days,0.0,-0.004702740419268258
27,2025-3,Tags 2,7,temperature_deviation_from_band_c,1.4569444444444637,0.0005559316710257519
27,2025-3,Tags 2,7,humidity_deviation_from_band_pp,13.405555555555496,0.0020869567066374444
27,2025-3,Tags 2,7,environment_out_of_band_days_7d,7.0,0.0005314996435096876
27,2025-3,Tags 2,7,environment_staleness_days,0.0,-4.401040651737923e-05
27,2025-3,Tags 2,7,is_lags_building,0.0,0.002910437494804825
27,2025-3,Tags 2,7,historical_building_recovery,0.9285871286875924,0.0020526744957186692
27,2025-3,Tags 2,7,peer_delta_percentage_alive,-0.0021682723661822223,-0.00010830514256096533
27,2025-3,Tags 2,7,peer_delta_weight_gap_pct,0.0,0.0001984987256339174
27,2025-3,Tags 2,7,missingindicator_temperature_deviation_from_band_c,1.0,0.0004485448939139147
27,2025-3,Tags 2,7,missingindicator_humidity_deviation_from_band_pp,1.0,0.0001632758768502493
27,2025-3,Tags 2,7,missingindicator_environment_out_of_band_days_7d,1.0,0.00042901701852080963
27,2025-3,Tags 2,7,missingindicator_environment_staleness_days,1.0,0.0005500019916782501
28,2025-3,Tags 2,14,cycle_day,14.0,-0.0046979871294379515
28,2025-3,Tags 2,14,percentage_alive,0.9744127516778524,-0.0004833177393238006
28,2025-3,Tags 2,14,mortality_recent_3d_per_1000,1.2117822520507084,0.0002027306613835208
28,2025-3,Tags 2,14,mortality_trend_delta_per_1000,0.0,0.00012127449539908408
28,2025-3,Tags 2,14,weight_gap_pct,22.22105263157895,0.002814117706502278
28,2025-3,Tags 2,14,weight_staleness_days,0.0,-0.004649836262874207
28,2025-3,Tags 2,14,temperature_deviation_from_band_c,1.4569444444444637,0.000575418580558725
28,2025-3,Tags 2,14,humidity_deviation_from_band_pp,13.405555555555496,0.0019922898873973513
28,2025-3,Tags 2,14,environment_out_of_band_days_7d,7.0,0.0005354091811435064
28,2025-3,Tags 2,14,environment_staleness_days,0.0,-4.743711433676747e-05
28,2025-3,Tags 2,14,is_lags_building,0.0,0.0029082539200035833
28,2025-3,Tags 2,14,historical_building_recovery,0.9285871286875924,0.0020400982390801924
28,2025-3,Tags 2,14,peer_delta_percentage_alive,0.0,3.02866012686446e-06
28,2025-3,Tags 2,14,peer_delta_weight_gap_pct,-4.731578947368423,-1.081659915458128e-06
28,2025-3,Tags 2,14,missingindicator_temperature_deviation_from_band_c,1.0,0.0004372790524941794
28,2025-3,Tags 2,14,missingindicator_humidity_deviation_from_band_pp,1.0,0.00011641764317975573
28,2025-3,Tags 2,14,missingindicator_environment_out_of_band_days_7d,1.0,0.00036935515923795234
28,2025-3,Tags 2,14,missingindicator_environment_staleness_days,1.0,0.0006779729696131799
29,2025-3,Tags 2,21,cycle_day,21.0,-0.0009132953180313047
29,2025-3,Tags 2,21,percentage_alive,0.9663031319910514,0.00029581448172173833
29,2025-3,Tags 2,21,mortality_recent_3d_per_1000,1.2117822520507084,0.00023558614580583226
29,2025-3,Tags 2,21,mortality_trend_delta_per_1000,0.0532651539362949,0.00013758239629869546
29,2025-3,Tags 2,21,weight_gap_pct,26.916250000000012,0.000566132083349807
29,2025-3,Tags 2,21,weight_staleness_days,0.0,-0.004760411534595571
29,2025-3,Tags 2,21,temperature_deviation_from_band_c,1.4569444444444637,0.0005025213328186437
29,2025-3,Tags 2,21,humidity_deviation_from_band_pp,13.405555555555496,0.002161280394512719
29,2025-3,Tags 2,21,environment_out_of_band_days_7d,7.0,0.000499567584509611
29,2025-3,Tags 2,21,environment_staleness_days,0.0,-5.122704979234599e-05
29,2025-3,Tags 2,21,is_lags_building,0.0,0.0025845032163091695
29,2025-3,Tags 2,21,historical_building_recovery,0.9285871286875924,0.0019600787184354007
29,2025-3,Tags 2,21,peer_delta_percentage_alive,0.0,3.138297925355756e-06
29,2025-3,Tags 2,21,peer_delta_weight_gap_pct,-4.469999999999992,-4.042459405293749e-06
29,2025-3,Tags 2,21,missingindicator_temperature_deviation_from_band_c,1.0,0.0003913484936308048
29,2025-3,Tags 2,21,missingindicator_humidity_deviation_from_band_pp,1.0,0.00010427599016456621
29,2025-3,Tags 2,21,missingindicator_environment_out_of_band_days_7d,1.0,0.0003239300765315186
29,2025-3,Tags 2,21,missingindicator_environment_staleness_days,1.0,0.0005995141904868247
30,2025-3,Tags 2,28,cycle_day,28.0,0.0028749955461115544
30,2025-3,Tags 2,28,percentage_alive,0.9512024608501118,0.0015064422719215712
30,2025-3,Tags 2,28,mortality_recent_3d_per_1000,1.0253542132736764,0.00026038045429515694
30,2025-3,Tags 2,28,mortality_trend_delta_per_1000,0.0,0.00027203765480793784
30,2025-3,Tags 2,28,weight_gap_pct,8.779999999999992,0.003903372093923003
30,2025-3,Tags 2,28,weight_staleness_days,0.0,-0.005047617190736552
30,2025-3,Tags 2,28,temperature_deviation_from_band_c,1.4569444444444637,0.00042906410120240604
30,2025-3,Tags 2,28,humidity_deviation_from_band_pp,13.405555555555496,0.00181279961918582
30,2025-3,Tags 2,28,environment_out_of_band_days_7d,7.0,0.0004216222420689213
30,2025-3,Tags 2,28,environment_staleness_days,0.0,-9.85771619667112e-05
30,2025-3,Tags 2,28,is_lags_building,0.0,0.002205091356686206
30,2025-3,Tags 2,28,historical_building_recovery,0.9285871286875924,0.0018971472080222085
30,2025-3,Tags 2,28,peer_delta_percentage_alive,0.0,5.054899348900508e-06
30,2025-3,Tags 2,28,peer_delta_weight_gap_pct,-6.933333333333348,5.767023002712085e-05
30,2025-3,Tags 2,28,missingindicator_temperature_deviation_from_band_c,1.0,0.00047035211997185683
30,2025-3,Tags 2,28,missingindicator_humidity_deviation_from_band_pp,1.0,0.00011524784460870653
30,2025-3,Tags 2,28,missingindicator_environment_out_of_band_days_7d,1.0,0.00047619075382608763
30,2025-3,Tags 2,28,missingindicator_environment_staleness_days,1.0,0.0007729602418852263
31,2025-3,Tags 2,48,cycle_day,48.0,0.013019456303796934
31,2025-3,Tags 2,48,percentage_alive,0.9338646532438478,0.0017307011315794772
31,2025-3,Tags 2,48,mortality_recent_3d_per_1000,1.0253542132736764,0.0001579712112638438
31,2025-3,Tags 2,48,mortality_trend_delta_per_1000,0.1464791733248109,-0.00019898976367645782
31,2025-3,Tags 2,48,weight_gap_pct,17.20888888888889,0.002034315940075828
31,2025-3,Tags 2,48,weight_staleness_days,13.0,0.02031971226402619
31,2025-3,Tags 2,48,temperature_deviation_from_band_c,1.4569444444444637,0.0003554406084466415
31,2025-3,Tags 2,48,humidity_deviation_from_band_pp,13.405555555555496,0.0012548309316511494
31,2025-3,Tags 2,48,environment_out_of_band_days_7d,7.0,0.0002256212615926
31,2025-3,Tags 2,48,environment_staleness_days,0.0,2.832184990161379e-06
31,2025-3,Tags 2,48,is_lags_building,0.0,0.0012456705618164232
31,2025-3,Tags 2,48,historical_building_recovery,0.9285871286875924,0.0010468449188694982
31,2025-3,Tags 2,48,peer_delta_percentage_alive,-0.0032295312246630736,-1.291331029198354e-05
31,2025-3,Tags 2,48,peer_delta_weight_gap_pct,-0.28444444444444983,4.924075284491573e-05
31,2025-3,Tags 2,48,missingindicator_temperature_deviation_from_band_c,1.0,0.00020990312370990633
31,2025-3,Tags 2,48,missingindicator_humidity_deviation_from_band_pp,1.0,9.406071240800239e-05
31,2025-3,Tags 2,48,missingindicator_environment_out_of_band_days_7d,1.0,0.0001893888792815422
31,2025-3,Tags 2,48,missingindicator_environment_staleness_days,1.0,0.00033382508271428523
32,2025-3,Tags 3,7,cycle_day,7.0,-0.006845971408203309
32,2025-3,Tags 3,7,percentage_alive,0.9891960151536412,-0.0012038424590600076
32,2025-3,Tags 3,7,mortality_recent_3d_per_1000,1.0289509377484685,0.00024191127615523706
32,2025-3,Tags 3,7,mortality_trend_delta_per_1000,0.0,0.00012323711196127025
32,2025-3,Tags 3,7,weight_gap_pct,24.117647058823533,0.0023700319997460324
32,2025-3,Tags 3,7,weight_staleness_days,0.0,-0.004635458588666102
32,2025-3,Tags 3,7,temperature_deviation_from_band_c,1.4569444444444637,0.0005618275417593908
32,2025-3,Tags 3,7,humidity_deviation_from_band_pp,13.405555555555496,0.0020263466184583176
32,2025-3,Tags 3,7,environment_out_of_band_days_7d,7.0,0.0005396808852844036
32,2025-3,Tags 3,7,environment_staleness_days,0.0,-4.682547439590776e-05
32,2025-3,Tags 3,7,is_lags_building,0.0,0.002887066243524734
32,2025-3,Tags 3,7,historical_building_recovery,0.9353840124733488,0.002323421964742572
32,2025-3,Tags 3,7,peer_delta_percentage_alive,0.002827519073812401,0.00014623722418774862
32,2025-3,Tags 3,7,peer_delta_weight_gap_pct,-1.764705882352942,2.9646137278256556e-05
32,2025-3,Tags 3,7,missingindicator_temperature_deviation_from_band_c,1.0,0.0003932865507127304
32,2025-3,Tags 3,7,missingindicator_humidity_deviation_from_band_pp,1.0,0.00014008012923928857
32,2025-3,Tags 3,7,missingindicator_environment_out_of_band_days_7d,1.0,0.00039489788838265575
32,2025-3,Tags 3,7,missingindicator_environment_staleness_days,1.0,0.0006064976922076406
33,2025-3,Tags 3,14,cycle_day,14.0,-0.004596670008444914
33,2025-3,Tags 3,14,percentage_alive,0.9831626210186616,-0.0010226472808062337
33,2025-3,Tags 3,14,mortality_recent_3d_per_1000,0.9821804405780832,0.0002773166148386741
33,2025-3,Tags 3,14,mortality_trend_delta_per_1000,0.100222493936539,-1.5693422828034132e-05
33,2025-3,Tags 3,14,weight_gap_pct,16.78157894736842,0.00427032670516368
33,2025-3,Tags 3,14,weight_staleness_days,0.0,-0.004580407602894467
33,2025-3,Tags 3,14,temperature_deviation_from_band_c,1.4569444444444637,0.0005981790410006078
33,2025-3,Tags 3,14,humidity_deviation_from_band_pp,13.405555555555496,0.001964542764787721
33,2025-3,Tags 3,14,environment_out_of_band_days_7d,7.0,0.0005242974449715524
33,2025-3,Tags 3,14,environment_staleness_days,0.0,-4.699570393196142e-05
33,2025-3,Tags 3,14,is_lags_building,0.0,0.003010065303290818
33,2025-3,Tags 3,14,historical_building_recovery,0.9353840124733488,0.0023708759999459036
33,2025-3,Tags 3,14,peer_delta_percentage_alive,0.008749869340809235,0.00020578216476536208
33,2025-3,Tags 3,14,peer_delta_weight_gap_pct,-10.171052631578952,2.418387881501231e-05
33,2025-3,Tags 3,14,missingindicator_temperature_deviation_from_band_c,1.0,0.0004611914996827015
33,2025-3,Tags 3,14,missingindicator_humidity_deviation_from_band_pp,1.0,0.00013149557051621476
33,2025-3,Tags 3,14,missingindicator_environment_out_of_band_days_7d,1.0,0.0004202643036729691
33,2025-3,Tags 3,14,missingindicator_environment_staleness_days,1.0,0.000718686672438196
34,2025-3,Tags 3,21,cycle_day,21.0,-0.0009533614157921422
34,2025-3,Tags 3,21,percentage_alive,0.9767082924091484,-0.0007763324546147117
34,2025-3,Tags 3,21,mortality_recent_3d_per_1000,0.8886394462373136,0.00038603889076339724
34,2025-3,Tags 3,21,mortality_trend_delta_per_1000,0.0,0.0001632094528165554
34,2025-3,Tags 3,21,weight_gap_pct,31.386250000000004,-0.0006780158113209392
34,2025-3,Tags 3,21,weight_staleness_days,0.0,-0.004730254472798123
34,2025-3,Tags 3,21,temperature_deviation_from_band_c,1.4569444444444637,0.0005027960647751068
34,2025-3,Tags 3,21,humidity_deviation_from_band_pp,13.405555555555496,0.0022401411664180236
34,2025-3,Tags 3,21,environment_out_of_band_days_7d,7.0,0.0005043715826600638
34,2025-3,Tags 3,21,environment_staleness_days,0.0,-4.899539163068551e-05
34,2025-3,Tags 3,21,is_lags_building,0.0,0.002489561731726957
34,2025-3,Tags 3,21,historical_building_recovery,0.9353840124733488,0.002117636481212399
34,2025-3,Tags 3,21,peer_delta_percentage_alive,0.010405160418096915,0.0002322413496584452
34,2025-3,Tags 3,21,peer_delta_weight_gap_pct,0.0,0.00011437724146078039
34,2025-3,Tags 3,21,missingindicator_temperature_deviation_from_band_c,1.0,0.000321857725223965
34,2025-3,Tags 3,21,missingindicator_humidity_deviation_from_band_pp,1.0,9.455390317160517e-05
34,2025-3,Tags 3,21,missingindicator_environment_out_of_band_days_7d,1.0,0.00025699652891768
34,2025-3,Tags 3,21,missingindicator_environment_staleness_days,1.0,0.0005140112596604606
35,2025-3,Tags 3,28,cycle_day,28.0,0.003043580982224459
35,2025-3,Tags 3,28,percentage_alive,0.963799635190122,0.00023639101314515697
35,2025-3,Tags 3,28,mortality_recent_3d_per_1000,0.8418689490669286,0.00044991086623541324
35,2025-3,Tags 3,28,mortality_trend_delta_per_1000,0.0,0.0002699141456776139
35,2025-3,Tags 3,28,weight_gap_pct,15.71333333333334,0.0034954232756723496
35,2025-3,Tags 3,28,weight_staleness_days,0.0,-0.0049348829745634384
35,2025-3,Tags 3,28,temperature_deviation_from_band_c,1.4569444444444637,0.00044536132038506274
35,2025-3,Tags 3,28,humidity_deviation_from_band_pp,13.405555555555496,0.0018554849645992923
35,2025-3,Tags 3,28,environment_out_of_band_days_7d,7.0,0.0004268347342710726
35,2025-3,Tags 3,28,environment_staleness_days,0.0,-9.854753092856694e-05
35,2025-3,Tags 3,28,is_lags_building,0.0,0.002163668714306094
35,2025-3,Tags 3,28,historical_building_recovery,0.9353840124733488,0.0020320584624137343
35,2025-3,Tags 3,28,peer_delta_percentage_alive,0.012597174340010175,0.00019416824789499516
35,2025-3,Tags 3,28,peer_delta_weight_gap_pct,0.0,9.060520018024328e-05
35,2025-3,Tags 3,28,missingindicator_temperature_deviation_from_band_c,1.0,0.00046920905523615316
35,2025-3,Tags 3,28,missingindicator_humidity_deviation_from_band_pp,1.0,9.99544104108117e-05
35,2025-3,Tags 3,28,missingindicator_environment_out_of_band_days_7d,1.0,0.000501871066833016
35,2025-3,Tags 3,28,missingindicator_environment_staleness_days,1.0,0.000712446706665509
36,2025-3,Tags 3,48,cycle_day,48.0,0.012948029768818434
36,2025-3,Tags 3,48,percentage_alive,0.94654132173425,0.0013416572127092886
36,2025-3,Tags 3,48,mortality_recent_3d_per_1000,0.5612459660446191,0.00021093822545027152
36,2025-3,Tags 3,48,mortality_trend_delta_per_1000,0.0,0.00012520726260445436
36,2025-3,Tags 3,48,weight_gap_pct,12.105555555555569,0.0023896958059939507
36,2025-3,Tags 3,48,weight_staleness_days,13.0,0.019933416828415835
36,2025-3,Tags 3,48,temperature_deviation_from_band_c,1.4569444444444637,0.0003548575108809298
36,2025-3,Tags 3,48,humidity_deviation_from_band_pp,13.405555555555496,0.0012387516197204648
36,2025-3,Tags 3,48,environment_out_of_band_days_7d,7.0,0.00022722569451832513
36,2025-3,Tags 3,48,environment_staleness_days,0.0,3.0819101822918333e-06
36,2025-3,Tags 3,48,is_lags_building,0.0,0.0012987443695041592
36,2025-3,Tags 3,48,historical_building_recovery,0.9353840124733488,0.0011777743113040669
36,2025-3,Tags 3,48,peer_delta_percentage_alive,0.009447137265739092,0.00024971157063783306
36,2025-3,Tags 3,48,peer_delta_weight_gap_pct,-5.387777777777771,1.1345527460445643e-06
36,2025-3,Tags 3,48,missingindicator_temperature_deviation_from_band_c,1.0,0.00020526401613570213
36,2025-3,Tags 3,48,missingindicator_humidity_deviation_from_band_pp,1.0,7.414725009075614e-05
36,2025-3,Tags 3,48,missingindicator_environment_out_of_band_days_7d,1.0,0.0001887316478251506
36,2025-3,Tags 3,48,missingindicator_environment_staleness_days,1.0,0.0003388760351612999
37,2025-4,Lags 1,7,cycle_day,7.0,-0.010053194486195722
37,2025-4,Lags 1,7,percentage_alive,0.9837282074206528,-0.0024296568456790273
37,2025-4,Lags 1,7,mortality_recent_3d_per_1000,2.5033527045149753,-0.0007533249871853098
37,2025-4,Lags 1,7,mortality_trend_delta_per_1000,0.3129190880643717,-0.0003418173030866012
37,2025-4,Lags 1,7,weight_gap_pct,40.588235294117645,-0.0031320427501047013
37,2025-4,Lags 1,7,weight_staleness_days,0.0,-0.005246876510777288
37,2025-4,Lags 1,7,temperature_deviation_from_band_c,1.4639997044917301,0.0011150963412587221
37,2025-4,Lags 1,7,humidity_deviation_from_band_pp,11.025694444444396,0.0009408466186807578
37,2025-4,Lags 1,7,environment_out_of_band_days_7d,7.0,0.00017251100479274498
37,2025-4,Lags 1,7,environment_staleness_days,0.0,4.605092335385773e-06
37,2025-4,Lags 1,7,is_lags_building,1.0,-0.008435013576488907
37,2025-4,Lags 1,7,historical_building_recovery,0.9109676282683532,0.00016401121639254598
37,2025-4,Lags 1,7,peer_delta_percentage_alive,-0.0020626772978458163,-0.000648331222568063
37,2025-4,Lags 1,7,peer_delta_weight_gap_pct,-4.352941176470601,-0.00020120656850971917
37,2025-4,Lags 1,7,missingindicator_temperature_deviation_from_band_c,1.0,0.0005965715701435251
37,2025-4,Lags 1,7,missingindicator_humidity_deviation_from_band_pp,1.0,0.00021762869963354626
37,2025-4,Lags 1,7,missingindicator_environment_out_of_band_days_7d,1.0,0.00040946350195660616
37,2025-4,Lags 1,7,missingindicator_environment_staleness_days,1.0,0.000641195584085321
38,2025-4,Lags 1,14,cycle_day,14.0,-0.007008780861550922
38,2025-4,Lags 1,14,percentage_alive,0.9754135002235136,-0.001289605765575521
38,2025-4,Lags 1,14,mortality_recent_3d_per_1000,0.9834599910594548,0.0005849475785544427
38,2025-4,Lags 1,14,mortality_trend_delta_per_1000,0.0,9.962445722329828e-05
38,2025-4,Lags 1,14,weight_gap_pct,38.157894736842096,-0.00174450452950009
38,2025-4,Lags 1,14,weight_staleness_days,0.0,-0.005215130715895663
38,2025-4,Lags 1,14,temperature_deviation_from_band_c,0.7091914893617002,0.001070477399341257
38,2025-4,Lags 1,14,humidity_deviation_from_band_pp,20.944510638297857,0.002596570712769004
38,2025-4,Lags 1,14,environment_out_of_band_days_7d,2.0,-0.0011921398764394076
38,2025-4,Lags 1,14,environment_staleness_days,0.0,-2.1491352350078586e-05
38,2025-4,Lags 1,14,is_lags_building,1.0,-0.0078057796432520225
38,2025-4,Lags 1,14,historical_building_recovery,0.9109676282683532,0.00030221234274780426
38,2025-4,Lags 1,14,peer_delta_percentage_alive,-0.0007235014609333623,-0.0006977969748916927
38,2025-4,Lags 1,14,peer_delta_weight_gap_pct,2.1052631578947114,0.00011984013560986979
38,2025-4,Lags 1,14,missingindicator_temperature_deviation_from_band_c,0.0,-0.00044771729865869574
38,2025-4,Lags 1,14,missingindicator_humidity_deviation_from_band_pp,0.0,-0.00018138218634134413
38,2025-4,Lags 1,14,missingindicator_environment_out_of_band_days_7d,0.0,-0.0003505440349041401
38,2025-4,Lags 1,14,missingindicator_environment_staleness_days,0.0,-0.0005447394645221458
39,2025-4,Lags 1,21,cycle_day,21.0,-0.0015562735839475782
39,2025-4,Lags 1,21,percentage_alive,0.9677246312025034,0.00013613808940527675
39,2025-4,Lags 1,21,mortality_recent_3d_per_1000,0.8642527194158843,0.0006844435731280988
39,2025-4,Lags 1,21,mortality_trend_delta_per_1000,0.0,0.00025983045057114844
39,2025-4,Lags 1,21,weight_gap_pct,26.87500000000001,-0.00022229150854786837
39,2025-4,Lags 1,21,weight_staleness_days,0.0,-0.005038185686306801
39,2025-4,Lags 1,21,temperature_deviation_from_band_c,0.8913128447596677,0.001016228442156225
39,2025-4,Lags 1,21,humidity_deviation_from_band_pp,22.64819227738377,0.002408905784116669
39,2025-4,Lags 1,21,environment_out_of_band_days_7d,3.0,-0.0013993171620609976
39,2025-4,Lags 1,21,environment_staleness_days,6.0,-1.798723696896385e-05
39,2025-4,Lags 1,21,is_lags_building,1.0,-0.007252064835703506
39,2025-4,Lags 1,21,historical_building_recovery,0.9109676282683532,8.59993214069264e-05
39,2025-4,Lags 1,21,peer_delta_percentage_alive,0.0,-0.0006065317476351816
39,2025-4,Lags 1,21,peer_delta_weight_gap_pct,-9.297499999999989,-0.00021740771218007698
39,2025-4,Lags 1,21,missingindicator_temperature_deviation_from_band_c,0.0,-0.0006245094995607438
39,2025-4,Lags 1,21,missingindicator_humidity_deviation_from_band_pp,0.0,-0.0001948627337267735
39,2025-4,Lags 1,21,missingindicator_environment_out_of_band_days_7d,0.0,-0.00045595309633812144
39,2025-4,Lags 1,21,missingindicator_environment_staleness_days,0.0,-0.0006815080042804554
40,2025-4,Lags 1,28,cycle_day,28.0,0.006182573600464095
40,2025-4,Lags 1,28,percentage_alive,0.9552972731336612,0.0015661689365835563
40,2025-4,Lags 1,28,mortality_recent_3d_per_1000,0.7748472656832067,0.000657781745892535
40,2025-4,Lags 1,28,mortality_trend_delta_per_1000,0.059603635821785,7.738432619230002e-05
40,2025-4,Lags 1,28,weight_gap_pct,6.666666666666654,0.002415597739071125
40,2025-4,Lags 1,28,weight_staleness_days,0.0,-0.005061493938351975
40,2025-4,Lags 1,28,temperature_deviation_from_band_c,1.8913128447596677,0.0007474737622478887
40,2025-4,Lags 1,28,humidity_deviation_from_band_pp,22.64819227738377,0.002149837237271339
40,2025-4,Lags 1,28,environment_out_of_band_days_7d,3.0,-0.00155249812053161
40,2025-4,Lags 1,28,environment_staleness_days,13.0,3.909230761461996e-06
40,2025-4,Lags 1,28,is_lags_building,1.0,-0.006994466680160787
40,2025-4,Lags 1,28,historical_building_recovery,0.9109676282683532,-4.9336103809154635e-05
40,2025-4,Lags 1,28,peer_delta_percentage_alive,0.0025633897607063583,-0.0004357918967122299
40,2025-4,Lags 1,28,peer_delta_weight_gap_pct,-27.420000000000012,-0.0005504156825122136
40,2025-4,Lags 1,28,missingindicator_temperature_deviation_from_band_c,0.0,-0.0007997600149778477
40,2025-4,Lags 1,28,missingindicator_humidity_deviation_from_band_pp,0.0,-0.0002460502704910958
40,2025-4,Lags 1,28,missingindicator_environment_out_of_band_days_7d,0.0,-0.0006783618399589417
40,2025-4,Lags 1,28,missingindicator_environment_staleness_days,0.0,-0.0007605460251840437
41,2025-4,Lags 1,48,cycle_day,48.0,0.01784735128955621
41,2025-4,Lags 1,48,percentage_alive,0.9296379079123828,0.0028815586369287717
41,2025-4,Lags 1,48,mortality_recent_3d_per_1000,1.3112799880792727,0.00022153791033393766
41,2025-4,Lags 1,48,mortality_trend_delta_per_1000,0.0,0.00010736711708225462
41,2025-4,Lags 1,48,weight_gap_pct,12.88888888888889,0.0020025705335767288
41,2025-4,Lags 1,48,weight_staleness_days,13.0,0.020868105569832002
41,2025-4,Lags 1,48,temperature_deviation_from_band_c,2.2080357142856997,0.0002091541339413958
41,2025-4,Lags 1,48,humidity_deviation_from_band_pp,23.613392857142895,0.0012452502946793222
41,2025-4,Lags 1,48,environment_out_of_band_days_7d,7.0,0.0001249398702715694
41,2025-4,Lags 1,48,environment_staleness_days,1.0,-7.499544728798316e-07
41,2025-4,Lags 1,48,is_lags_building,1.0,-0.004314856336877516
41,2025-4,Lags 1,48,historical_building_recovery,0.9109676282683532,-0.00010545603596733514
41,2025-4,Lags 1,48,peer_delta_percentage_alive,0.0,-0.00020860018449746885
41,2025-4,Lags 1,48,peer_delta_weight_gap_pct,-6.55333333333332,-5.1273696918120925e-05
41,2025-4,Lags 1,48,missingindicator_temperature_deviation_from_band_c,0.0,-0.0003478394832370771
41,2025-4,Lags 1,48,missingindicator_humidity_deviation_from_band_pp,0.0,-0.00019024422635212701
41,2025-4,Lags 1,48,missingindicator_environment_out_of_band_days_7d,0.0,-0.0002984751259799587
41,2025-4,Lags 1,48,missingindicator_environment_staleness_days,0.0,-0.00036872880250958377
42,2025-4,Lags 2,7,cycle_day,7.0,-0.010703762930002853
42,2025-4,Lags 2,7,percentage_alive,0.9857908847184986,-0.003137452553519796
42,2025-4,Lags 2,7,mortality_recent_3d_per_1000,2.3830801310694074,-0.0007276866498795549
42,2025-4,Lags 2,7,mortality_trend_delta_per_1000,0.6181114089961277,-0.0002562813416442214
42,2025-4,Lags 2,7,weight_gap_pct,40.588235294117645,-0.002927143306081609
42,2025-4,Lags 2,7,weight_staleness_days,0.0,-0.005470735001263506
42,2025-4,Lags 2,7,temperature_deviation_from_band_c,1.4639997044917301,0.0012604184919204715
42,2025-4,Lags 2,7,humidity_deviation_from_band_pp,11.025694444444396,0.0010259858033055246
42,2025-4,Lags 2,7,environment_out_of_band_days_7d,7.0,0.00014594703670013322
42,2025-4,Lags 2,7,environment_staleness_days,0.0,4.237518664330209e-06
42,2025-4,Lags 2,7,is_lags_building,1.0,-0.009060539764852266
42,2025-4,Lags 2,7,historical_building_recovery,0.8969077008676865,-0.003993013695516747
42,2025-4,Lags 2,7,peer_delta_percentage_alive,0.0,-0.00077015458101525
42,2025-4,Lags 2,7,peer_delta_weight_gap_pct,-4.352941176470601,-0.0002131475916040776
42,2025-4,Lags 2,7,missingindicator_temperature_deviation_from_band_c,1.0,0.0006945480341285482
42,2025-4,Lags 2,7,missingindicator_humidity_deviation_from_band_pp,1.0,0.00021634999298427777
42,2025-4,Lags 2,7,missingindicator_environment_out_of_band_days_7d,1.0,0.00044800151186114647
42,2025-4,Lags 2,7,missingindicator_environment_staleness_days,1.0,0.0006733825877922946
43,2025-4,Lags 2,14,cycle_day,14.0,-0.007562770761265102
43,2025-4,Lags 2,14,percentage_alive,0.9763181411974976,-0.0015112867305374842
43,2025-4,Lags 2,14,mortality_recent_3d_per_1000,1.2511170688114388,0.0004407962553478981
43,2025-4,Lags 2,14,mortality_trend_delta_per_1000,0.0,8.141102556930925e-05
43,2025-4,Lags 2,14,weight_gap_pct,36.052631578947384,-0.001796358692970283
43,2025-4,Lags 2,14,weight_staleness_days,0.0,-0.005465700738611428
43,2025-4,Lags 2,14,temperature_deviation_from_band_c,0.9103518821603984,0.0011711675635574738
43,2025-4,Lags 2,14,humidity_deviation_from_band_pp,16.6805237315875,0.0020685658668471818
43,2025-4,Lags 2,14,environment_out_of_band_days_7d,2.0,-0.0010988608153808988
43,2025-4,Lags 2,14,environment_staleness_days,0.0,-2.1858926021134153e-05
43,2025-4,Lags 2,14,is_lags_building,1.0,-0.008469062282685475
43,2025-4,Lags 2,14,historical_building_recovery,0.8969077008676865,-0.004016412878408376
43,2025-4,Lags 2,14,peer_delta_percentage_alive,0.00018113951305065434,-0.0008778365611066811
43,2025-4,Lags 2,14,peer_delta_weight_gap_pct,0.0,7.751955984587678e-05
43,2025-4,Lags 2,14,missingindicator_temperature_deviation_from_band_c,0.0,-0.0005265187524926304
43,2025-4,Lags 2,14,missingindicator_humidity_deviation_from_band_pp,0.0,-0.00017679246379585784
43,2025-4,Lags 2,14,missingindicator_environment_out_of_band_days_7d,0.0,-0.00038047924114744655
43,2025-4,Lags 2,14,missingindicator_environment_staleness_days,0.0,-0.0005568534347395129
44,2025-4,Lags 2,21,cycle_day,21.0,-0.0019414354858373777
44,2025-4,Lags 2,21,percentage_alive,0.9689901697944592,-0.0002693595154360251
44,2025-4,Lags 2,21,mortality_recent_3d_per_1000,0.9830205540661304,0.0007180466744729448
44,2025-4,Lags 2,21,mortality_trend_delta_per_1000,0.0,0.00027336196928955835
44,2025-4,Lags 2,21,weight_gap_pct,25.750000000000007,0.00030512426502526247
44,2025-4,Lags 2,21,weight_staleness_days,0.0,-0.005431770349938742
44,2025-4,Lags 2,21,temperature_deviation_from_band_c,3.786825396825403,-0.002224104900977996
44,2025-4,Lags 2,21,humidity_deviation_from_band_pp,14.394841269841264,0.001842404509643532
44,2025-4,Lags 2,21,environment_out_of_band_days_7d,7.0,0.000185200108666304
44,2025-4,Lags 2,21,environment_staleness_days,1.0,1.4134852129554026e-06
44,2025-4,Lags 2,21,is_lags_building,1.0,-0.008678245097937798
44,2025-4,Lags 2,21,historical_building_recovery,0.8969077008676865,-0.0043459548906819995
44,2025-4,Lags 2,21,peer_delta_percentage_alive,0.0012655385919557727,-0.0006461623301598288
44,2025-4,Lags 2,21,peer_delta_weight_gap_pct,-10.422499999999992,-0.00022358560937803967
44,2025-4,Lags 2,21,missingindicator_temperature_deviation_from_band_c,0.0,-0.0006446379567995389
44,2025-4,Lags 2,21,missingindicator_humidity_deviation_from_band_pp,0.0,-0.00019857540501494356
44,2025-4,Lags 2,21,missingindicator_environment_out_of_band_days_7d,0.0,-0.0004869954299227219
44,2025-4,Lags 2,21,missingindicator_environment_staleness_days,0.0,-0.0007154304920282744
45,2025-4,Lags 2,28,cycle_day,28.0,0.007431843629747287
45,2025-4,Lags 2,28,percentage_alive,0.9567470956210904,0.0014573272472173482
45,2025-4,Lags 2,28,mortality_recent_3d_per_1000,0.6851355376824545,0.0006664276820407995
45,2025-4,Lags 2,28,mortality_trend_delta_per_1000,0.0,0.0002642917070504193
45,2025-4,Lags 2,28,weight_gap_pct,3.500000000000003,0.0028165334692540137
45,2025-4,Lags 2,28,weight_staleness_days,0.0,-0.0053506328188453415
45,2025-4,Lags 2,28,temperature_deviation_from_band_c,4.786825396825403,-0.0028265388187406386
45,2025-4,Lags 2,28,humidity_deviation_from_band_pp,14.394841269841264,0.0016545895266118998
45,2025-4,Lags 2,28,environment_out_of_band_days_7d,7.0,0.0002292617873743728
45,2025-4,Lags 2,28,environment_staleness_days,8.0,-3.7356908962707554e-06
45,2025-4,Lags 2,28,is_lags_building,1.0,-0.007953166417341695
45,2025-4,Lags 2,28,historical_building_recovery,0.8969077008676865,-0.003175680796255986
45,2025-4,Lags 2,28,peer_delta_percentage_alive,0.004013212248135556,-0.000400343512985939
45,2025-4,Lags 2,28,peer_delta_weight_gap_pct,-30.586666666666662,-0.000573837166812531
45,2025-4,Lags 2,28,missingindicator_temperature_deviation_from_band_c,0.0,-0.0008444645971349878
45,2025-4,Lags 2,28,missingindicator_humidity_deviation_from_band_pp,0.0,-0.0002472783744248756
45,2025-4,Lags 2,28,missingindicator_environment_out_of_band_days_7d,0.0,-0.0006852764831992222
45,2025-4,Lags 2,28,missingindicator_environment_staleness_days,0.0,-0.0007949844390475742
46,2025-4,Lags 2,48,cycle_day,48.0,0.018641960113206846
46,2025-4,Lags 2,48,percentage_alive,0.9336907953529936,0.00299743980319974
46,2025-4,Lags 2,48,mortality_recent_3d_per_1000,1.6383675901102177,-0.0004310578968285197
46,2025-4,Lags 2,48,mortality_trend_delta_per_1000,0.4510830248095663,-0.00033707599822004183
46,2025-4,Lags 2,48,weight_gap_pct,11.44444444444444,0.0019345861291015715
46,2025-4,Lags 2,48,weight_staleness_days,13.0,0.022248799845031832
46,2025-4,Lags 2,48,temperature_deviation_from_band_c,1.4828373015872671,0.0005695875232854227
46,2025-4,Lags 2,48,humidity_deviation_from_band_pp,23.020634920634848,0.0013153201525902224
46,2025-4,Lags 2,48,environment_out_of_band_days_7d,7.0,0.00011814867801029391
46,2025-4,Lags 2,48,environment_staleness_days,1.0,-1.6444667706796903e-07
46,2025-4,Lags 2,48,is_lags_building,1.0,-0.004420651631855062
46,2025-4,Lags 2,48,historical_building_recovery,0.8969077008676865,-0.0018485857699010323
46,2025-4,Lags 2,48,peer_delta_percentage_alive,0.004052887440610831,-0.00018399186621438835
46,2025-4,Lags 2,48,peer_delta_weight_gap_pct,-7.99777777777777,-0.00011029568596210315
46,2025-4,Lags 2,48,missingindicator_temperature_deviation_from_band_c,0.0,-0.00036895228384673624
46,2025-4,Lags 2,48,missingindicator_humidity_deviation_from_band_pp,0.0,-0.0001845373080253113
46,2025-4,Lags 2,48,missingindicator_environment_out_of_band_days_7d,0.0,-0.00031496159687741804
46,2025-4,Lags 2,48,missingindicator_environment_staleness_days,0.0,-0.000388938222203309
47,2025-4,Tags 1,7,cycle_day,7.0,-0.007598038626139904
47,2025-4,Tags 1,7,percentage_alive,0.9769263040134248,-0.0010192802433572922
47,2025-4,Tags 1,7,mortality_recent_3d_per_1000,4.428285088332634,-0.0011748030084878553
47,2025-4,Tags 1,7,mortality_trend_delta_per_1000,1.9810749079382837,-0.0005285737424599093
47,2025-4,Tags 1,7,weight_gap_pct,46.882352941176485,-0.0033656175244571574
47,2025-4,Tags 1,7,weight_staleness_days,0.0,-0.004623763372102033
47,2025-4,Tags 1,7,temperature_deviation_from_band_c,0.0,0.0006253344349458828
47,2025-4,Tags 1,7,humidity_deviation_from_band_pp,21.329861111111143,0.0033311569250491927
47,2025-4,Tags 1,7,environment_out_of_band_days_7d,7.0,0.00026922648604521136
47,2025-4,Tags 1,7,environment_staleness_days,0.0,3.923412281020873e-06
47,2025-4,Tags 1,7,is_lags_building,0.0,0.006135912428856242
47,2025-4,Tags 1,7,historical_building_recovery,0.9320795416333614,0.002689332558383444
47,2025-4,Tags 1,7,peer_delta_percentage_alive,-0.008864580705073788,-4.403787486673344e-05
47,2025-4,Tags 1,7,peer_delta_weight_gap_pct,1.941176470588239,0.0004255792170891052
47,2025-4,Tags 1,7,missingindicator_temperature_deviation_from_band_c,0.0,-0.0005449145472897415
47,2025-4,Tags 1,7,missingindicator_humidity_deviation_from_band_pp,0.0,-0.0004580218376477563
47,2025-4,Tags 1,7,missingindicator_environment_out_of_band_days_7d,0.0,-0.00041503351451929185
47,2025-4,Tags 1,7,missingindicator_environment_staleness_days,0.0,-0.0005017294778632169
48,2025-4,Tags 1,14,cycle_day,14.0,-0.004739864848186439
48,2025-4,Tags 1,14,percentage_alive,0.9619633617675848,0.0012361542185626443
48,2025-4,Tags 1,14,mortality_recent_3d_per_1000,1.4916328718594134,-0.00024643507523750566
48,2025-4,Tags 1,14,mortality_trend_delta_per_1000,0.0,0.00011766516486863463
48,2025-4,Tags 1,14,weight_gap_pct,43.21052631578948,-0.0030943306319923354
48,2025-4,Tags 1,14,weight_staleness_days,0.0,-0.004424971225581107
48,2025-4,Tags 1,14,temperature_deviation_from_band_c,0.0,0.0006756623618790416
48,2025-4,Tags 1,14,humidity_deviation_from_band_pp,22.171527777777797,0.0034924843334788727
48,2025-4,Tags 1,14,environment_out_of_band_days_7d,7.0,0.0003203938121740849
48,2025-4,Tags 1,14,environment_staleness_days,0.0,5.836690715349117e-06
48,2025-4,Tags 1,14,is_lags_building,0.0,0.00590218095028121
48,2025-4,Tags 1,14,historical_building_recovery,0.9320795416333614,0.0028527156351519064
48,2025-4,Tags 1,14,peer_delta_percentage_alive,-0.014173639916862157,2.0636052152229008e-05
48,2025-4,Tags 1,14,peer_delta_weight_gap_pct,7.1578947368420955,0.0004341930393788533
48,2025-4,Tags 1,14,missingindicator_temperature_deviation_from_band_c,0.0,-0.0005161268895244472
48,2025-4,Tags 1,14,missingindicator_humidity_deviation_from_band_pp,0.0,-0.0004363885119560205
48,2025-4,Tags 1,14,missingindicator_environment_out_of_band_days_7d,0.0,-0.0005165025469427057
48,2025-4,Tags 1,14,missingindicator_environment_staleness_days,0.0,-0.0006158409026104869
49,2025-4,Tags 1,21,cycle_day,21.0,-0.0008979857136766244
49,2025-4,Tags 1,21,percentage_alive,0.9503565934834288,0.002466273000376687
49,2025-4,Tags 1,21,mortality_recent_3d_per_1000,1.6314734535962334,-0.001284689321490853
49,2025-4,Tags 1,21,mortality_trend_delta_per_1000,0.0332953766040047,0.0001401172810149066
49,2025-4,Tags 1,21,weight_gap_pct,42.516250000000014,-0.003166839772151491
49,2025-4,Tags 1,21,weight_staleness_days,0.0,-0.004485269093851312
49,2025-4,Tags 1,21,temperature_deviation_from_band_c,1.7787349849849967,0.0006747274361625072
49,2025-4,Tags 1,21,humidity_deviation_from_band_pp,21.106212462462437,0.003525011756190933
49,2025-4,Tags 1,21,environment_out_of_band_days_7d,7.0,0.0003145720330158172
49,2025-4,Tags 1,21,environment_staleness_days,0.0,2.1077859898661457e-05
49,2025-4,Tags 1,21,is_lags_building,0.0,0.005306294645242902
49,2025-4,Tags 1,21,historical_building_recovery,0.9320795416333614,0.00258913274770641
49,2025-4,Tags 1,21,peer_delta_percentage_alive,-0.01736803771907458,4.077072036951271e-05
49,2025-4,Tags 1,21,peer_delta_weight_gap_pct,6.343750000000014,0.00030240622845829814
49,2025-4,Tags 1,21,missingindicator_temperature_deviation_from_band_c,0.0,-0.0005769246698773498
49,2025-4,Tags 1,21,missingindicator_humidity_deviation_from_band_pp,0.0,-0.000423641395346504
49,2025-4,Tags 1,21,missingindicator_environment_out_of_band_days_7d,0.0,-0.0005178512010182584
49,2025-4,Tags 1,21,missingindicator_environment_staleness_days,0.0,-0.0006355666891584618
50,2025-4,Tags 1,28,cycle_day,28.0,0.003293253427890085
50,2025-4,Tags 1,28,percentage_alive,0.9291008250594324,0.0028621566963227146
50,2025-4,Tags 1,28,mortality_recent_3d_per_1000,1.1187246538945603,0.000494704446133692
50,2025-4,Tags 1,28,mortality_trend_delta_per_1000,0.0,0.0001903505040649777
50,2025-4,Tags 1,28,weight_gap_pct,39.09833333333334,-0.0035258336658823865
50,2025-4,Tags 1,28,weight_staleness_days,0.0,-0.004973412938061934
50,2025-4,Tags 1,28,temperature_deviation_from_band_c,6.2322222222222265,-0.0028164763513409434
50,2025-4,Tags 1,28,humidity_deviation_from_band_pp,9.840000000000003,0.00046787610457716436
50,2025-4,Tags 1,28,environment_out_of_band_days_7d,7.0,0.0002916021047475132
50,2025-4,Tags 1,28,environment_staleness_days,4.0,2.673603829537549e-05
50,2025-4,Tags 1,28,is_lags_building,0.0,0.004131078693424117
50,2025-4,Tags 1,28,historical_building_recovery,0.9320795416333614,0.0020339985448327587
50,2025-4,Tags 1,28,peer_delta_percentage_alive,-0.02363305831352247,-8.880839602984991e-06
50,2025-4,Tags 1,28,peer_delta_weight_gap_pct,5.011666666666677,0.00026579754734031794
50,2025-4,Tags 1,28,missingindicator_temperature_deviation_from_band_c,0.0,-0.0006318123924770925
50,2025-4,Tags 1,28,missingindicator_humidity_deviation_from_band_pp,0.0,-0.0004607746514204937
50,2025-4,Tags 1,28,missingindicator_environment_out_of_band_days_7d,0.0,-0.0006086825595722158
50,2025-4,Tags 1,28,missingindicator_environment_staleness_days,0.0,-0.0005655116707896497
51,2025-4,Tags 1,48,cycle_day,48.0,0.014783047804757133
51,2025-4,Tags 1,48,percentage_alive,0.9081247377989092,0.0026684372280570286
51,2025-4,Tags 1,48,mortality_recent_3d_per_1000,1.0721111266489534,0.0002320100172183976
51,2025-4,Tags 1,48,mortality_trend_delta_per_1000,0.1731359583408246,-0.0001890503542538819
51,2025-4,Tags 1,48,weight_gap_pct,19.916666666666668,0.0016660829838620707
51,2025-4,Tags 1,48,weight_staleness_days,13.0,0.020351191909956937
51,2025-4,Tags 1,48,temperature_deviation_from_band_c,6.2322222222222265,-0.0013063736616464794
51,2025-4,Tags 1,48,humidity_deviation_from_band_pp,9.840000000000003,0.00048178352727137246
51,2025-4,Tags 1,48,environment_out_of_band_days_7d,7.0,0.00014061658079634254
51,2025-4,Tags 1,48,environment_staleness_days,24.0,-0.00021409207679679544
51,2025-4,Tags 1,48,is_lags_building,0.0,0.0030118352378780662
51,2025-4,Tags 1,48,historical_building_recovery,0.9320795416333614,0.001325319011636574
51,2025-4,Tags 1,48,peer_delta_percentage_alive,-0.021513170113473534,-2.645954291426026e-05
51,2025-4,Tags 1,48,peer_delta_weight_gap_pct,0.4744444444444582,0.00016577271949397315
51,2025-4,Tags 1,48,missingindicator_temperature_deviation_from_band_c,0.0,-0.0004087352967548004
51,2025-4,Tags 1,48,missingindicator_humidity_deviation_from_band_pp,0.0,-0.0002709693749683117
51,2025-4,Tags 1,48,missingindicator_environment_out_of_band_days_7d,0.0,-0.00034095619903296183
51,2025-4,Tags 1,48,missingindicator_environment_staleness_days,0.0,-0.00040461644207048965
52,2025-4,Tags 2,7,cycle_day,7.0,-0.007573966206517735
52,2025-4,Tags 2,7,percentage_alive,0.9865244244806288,-0.0027085213126783227
52,2025-4,Tags 2,7,mortality_recent_3d_per_1000,2.2459292532285233,-0.0009276526859545044
52,2025-4,Tags 2,7,mortality_trend_delta_per_1000,0.5614823133071309,-0.00029713759485058063
52,2025-4,Tags 2,7,weight_gap_pct,44.941176470588246,-0.004656560856701633
52,2025-4,Tags 2,7,weight_staleness_days,0.0,-0.004671431514452461
52,2025-4,Tags 2,7,temperature_deviation_from_band_c,1.4639997044917301,0.0006618681281225502
52,2025-4,Tags 2,7,humidity_deviation_from_band_pp,11.025694444444396,0.0016453815163490642
52,2025-4,Tags 2,7,environment_out_of_band_days_7d,7.0,0.0002309410852197214
52,2025-4,Tags 2,7,environment_staleness_days,0.0,5.307260901636787e-06
52,2025-4,Tags 2,7,is_lags_building,0.0,0.006281731054987741
52,2025-4,Tags 2,7,historical_building_recovery,0.9303538352986385,0.0008362206762098664
52,2025-4,Tags 2,7,peer_delta_percentage_alive,0.0007335397621301976,-0.0003915740080610053
52,2025-4,Tags 2,7,peer_delta_weight_gap_pct,0.0,0.0004506728224734813
52,2025-4,Tags 2,7,missingindicator_temperature_deviation_from_band_c,1.0,0.0005304588376884462
52,2025-4,Tags 2,7,missingindicator_humidity_deviation_from_band_pp,1.0,0.0002835940160210361
52,2025-4,Tags 2,7,missingindicator_environment_out_of_band_days_7d,1.0,0.00035040732930319697
52,2025-4,Tags 2,7,missingindicator_environment_staleness_days,1.0,0.0005545610063933527
53,2025-4,Tags 2,14,cycle_day,14.0,-0.005078377067473433
53,2025-4,Tags 2,14,percentage_alive,0.976137001684447,-0.0010077232021713583
53,2025-4,Tags 2,14,mortality_recent_3d_per_1000,1.3101253977166385,0.00039212545550727573
53,2025-4,Tags 2,14,mortality_trend_delta_per_1000,0.0,3.533976752677695e-05
53,2025-4,Tags 2,14,weight_gap_pct,32.76315789473686,-0.00327574343924636
53,2025-4,Tags 2,14,weight_staleness_days,0.0,-0.004477436792720323
53,2025-4,Tags 2,14,temperature_deviation_from_band_c,1.4639997044917301,0.0006796182513351327
53,2025-4,Tags 2,14,humidity_deviation_from_band_pp,11.025694444444396,0.00179179327618526
53,2025-4,Tags 2,14,environment_out_of_band_days_7d,7.0,0.0002659780998194303
53,2025-4,Tags 2,14,environment_staleness_days,0.0,7.009836739036002e-06
53,2025-4,Tags 2,14,is_lags_building,0.0,0.005846477078748885
53,2025-4,Tags 2,14,historical_building_recovery,0.9303538352986385,0.0006780425580076562
53,2025-4,Tags 2,14,peer_delta_percentage_alive,0.0,-0.00038064320992267745
53,2025-4,Tags 2,14,peer_delta_weight_gap_pct,-3.2894736842105274,-0.00045388274984715205
53,2025-4,Tags 2,14,missingindicator_temperature_deviation_from_band_c,1.0,0.0005083252093304114
53,2025-4,Tags 2,14,missingindicator_humidity_deviation_from_band_pp,1.0,0.0002597921174511985
53,2025-4,Tags 2,14,missingindicator_environment_out_of_band_days_7d,1.0,0.00038707419475989793
53,2025-4,Tags 2,14,missingindicator_environment_staleness_days,1.0,0.0005934998083034556
54,2025-4,Tags 2,21,cycle_day,21.0,-0.0008262869211947152
54,2025-4,Tags 2,21,percentage_alive,0.9653284671532848,0.001467702698480528
54,2025-4,Tags 2,21,mortality_recent_3d_per_1000,1.2633352049410442,0.00044781525697085107
54,2025-4,Tags 2,21,mortality_trend_delta_per_1000,0.0,0.00013635087326404474
54,2025-4,Tags 2,21,weight_gap_pct,36.1725,-0.004551533963004826
54,2025-4,Tags 2,21,weight_staleness_days,0.0,-0.004382244714722566
54,2025-4,Tags 2,21,temperature_deviation_from_band_c,1.4639997044917301,0.0007690513444013675
54,2025-4,Tags 2,21,humidity_deviation_from_band_pp,11.025694444444396,0.0018588636206051798
54,2025-4,Tags 2,21,environment_out_of_band_days_7d,7.0,0.0002766767164082734
54,2025-4,Tags 2,21,environment_staleness_days,0.0,1.0707265913837591e-05
54,2025-4,Tags 2,21,is_lags_building,0.0,0.005566968912890474
54,2025-4,Tags 2,21,historical_building_recovery,0.9303538352986385,0.0007583241861839279
54,2025-4,Tags 2,21,peer_delta_percentage_alive,-0.0023961640492186076,-0.0003334744691538609
54,2025-4,Tags 2,21,peer_delta_weight_gap_pct,0.0,0.0004038664586045698
54,2025-4,Tags 2,21,missingindicator_temperature_deviation_from_band_c,1.0,0.000543376606198748
54,2025-4,Tags 2,21,missingindicator_humidity_deviation_from_band_pp,1.0,0.00027950677635739423
54,2025-4,Tags 2,21,missingindicator_environment_out_of_band_days_7d,1.0,0.00041518969487533403
54,2025-4,Tags 2,21,missingindicator_environment_staleness_days,1.0,0.0006584342081393871
55,2025-4,Tags 2,28,cycle_day,28.0,0.004034192112846203
55,2025-4,Tags 2,28,percentage_alive,0.9460976979225154,0.003050349394306286
55,2025-4,Tags 2,28,mortality_recent_3d_per_1000,0.9358038555118848,0.0004833811708203752
55,2025-4,Tags 2,28,mortality_trend_delta_per_1000,0.0,0.000157751805530135
55,2025-4,Tags 2,28,weight_gap_pct,35.818333333333335,-0.0040925911590343235
55,2025-4,Tags 2,28,weight_staleness_days,0.0,-0.004624073337163281
55,2025-4,Tags 2,28,temperature_deviation_from_band_c,1.4639997044917301,0.0007425945139349247
55,2025-4,Tags 2,28,humidity_deviation_from_band_pp,11.025694444444396,0.0016530187976714374
55,2025-4,Tags 2,28,environment_out_of_band_days_7d,7.0,0.0002849092123123774
55,2025-4,Tags 2,28,environment_staleness_days,0.0,7.23759816985193e-06
55,2025-4,Tags 2,28,is_lags_building,0.0,0.004164861415102766
55,2025-4,Tags 2,28,historical_building_recovery,0.9303538352986385,0.0004534679030450228
55,2025-4,Tags 2,28,peer_delta_percentage_alive,-0.006636185450439425,-0.00016572570539146874
55,2025-4,Tags 2,28,peer_delta_weight_gap_pct,1.7316666666666691,0.0003399125174861666
55,2025-4,Tags 2,28,missingindicator_temperature_deviation_from_band_c,1.0,0.0006211780685300965
55,2025-4,Tags 2,28,missingindicator_humidity_deviation_from_band_pp,1.0,0.00028936758671009366
55,2025-4,Tags 2,28,missingindicator_environment_out_of_band_days_7d,1.0,0.0005658416672869761
55,2025-4,Tags 2,28,missingindicator_environment_staleness_days,1.0,0.0006164154950443154
56,2025-4,Tags 2,48,cycle_day,48.0,0.01334306776552179
56,2025-4,Tags 2,48,percentage_alive,0.9267265581134194,0.002626198288407118
56,2025-4,Tags 2,48,mortality_recent_3d_per_1000,1.2165450121654502,0.00018191528547419555
56,2025-4,Tags 2,48,mortality_trend_delta_per_1000,0.334215662682816,-0.0003242522883946103
56,2025-4,Tags 2,48,weight_gap_pct,19.44222222222221,0.0019093361479617988
56,2025-4,Tags 2,48,weight_staleness_days,13.0,0.01842117806712056
56,2025-4,Tags 2,48,temperature_deviation_from_band_c,1.4639997044917301,0.0003989520024693755
56,2025-4,Tags 2,48,humidity_deviation_from_band_pp,11.025694444444396,0.0009069995393648809
56,2025-4,Tags 2,48,environment_out_of_band_days_7d,7.0,0.00012956744349116694
56,2025-4,Tags 2,48,environment_staleness_days,0.0,7.333116234540827e-05
56,2025-4,Tags 2,48,is_lags_building,0.0,0.0030354322186385923
56,2025-4,Tags 2,48,historical_building_recovery,0.9303538352986385,0.0005814258009466913
56,2025-4,Tags 2,48,peer_delta_percentage_alive,-0.0029113497989633474,-0.0001525891458718311
56,2025-4,Tags 2,48,peer_delta_weight_gap_pct,0.0,0.00018323423031457557
56,2025-4,Tags 2,48,missingindicator_temperature_deviation_from_band_c,1.0,0.00039258081693946894
56,2025-4,Tags 2,48,missingindicator_humidity_deviation_from_band_pp,1.0,0.00019075609774073856
56,2025-4,Tags 2,48,missingindicator_environment_out_of_band_days_7d,1.0,0.00033129340103033045
56,2025-4,Tags 2,48,missingindicator_environment_staleness_days,1.0,0.0004020626809697305
57,2025-4,Tags 3,7,cycle_day,7.0,-0.007951583696635229
57,2025-4,Tags 3,7,percentage_alive,0.9900713186966856,-0.0022058576439380755
57,2025-4,Tags 3,7,mortality_recent_3d_per_1000,1.11872465389456,0.0006734336016665114
57,2025-4,Tags 3,7,mortality_trend_delta_per_1000,0.0,0.00010821157631159999
57,2025-4,Tags 3,7,weight_gap_pct,46.882352941176485,-0.003111564669314976
57,2025-4,Tags 3,7,weight_staleness_days,0.0,-0.004436929133498804
57,2025-4,Tags 3,7,temperature_deviation_from_band_c,0.0,0.000621022467107502
57,2025-4,Tags 3,7,humidity_deviation_from_band_pp,18.693380614657244,0.0033802507088113946
57,2025-4,Tags 3,7,environment_out_of_band_days_7d,7.0,0.0003039678752244492
57,2025-4,Tags 3,7,environment_staleness_days,0.0,2.8539373524706554e-06
57,2025-4,Tags 3,7,is_lags_building,0.0,0.006853102450905977
57,2025-4,Tags 3,7,historical_building_recovery,0.937360797524051,0.003895768573394383
57,2025-4,Tags 3,7,peer_delta_percentage_alive,0.004280433978187004,0.00010478339856327742
57,2025-4,Tags 3,7,peer_delta_weight_gap_pct,1.941176470588239,0.0004120176099628607
57,2025-4,Tags 3,7,missingindicator_temperature_deviation_from_band_c,0.0,-0.00045221285214030717
57,2025-4,Tags 3,7,missingindicator_humidity_deviation_from_band_pp,0.0,-0.000416587526889441
57,2025-4,Tags 3,7,missingindicator_environment_out_of_band_days_7d,0.0,-0.000345733235030994
57,2025-4,Tags 3,7,missingindicator_environment_staleness_days,0.0,-0.0003937244085371053
58,2025-4,Tags 3,14,cycle_day,14.0,-0.004957676329020104
58,2025-4,Tags 3,14,percentage_alive,0.9807019997203188,-0.0014379021112812674
58,2025-4,Tags 3,14,mortality_recent_3d_per_1000,1.1653381811401669,0.000535411723183623
58,2025-4,Tags 3,14,mortality_trend_delta_per_1000,0.0,8.965802516370435e-05
58,2025-4,Tags 3,14,weight_gap_pct,33.09473684210526,-0.0020602397475621885
58,2025-4,Tags 3,14,weight_staleness_days,0.0,-0.004331614409163871
58,2025-4,Tags 3,14,temperature_deviation_from_band_c,0.0,0.0006521244560241265
58,2025-4,Tags 3,14,humidity_deviation_from_band_pp,19.6271424349882,0.0034633992410576077
58,2025-4,Tags 3,14,environment_out_of_band_days_7d,7.0,0.0003436470289671366
58,2025-4,Tags 3,14,environment_staleness_days,0.0,2.5719947168141427e-06
58,2025-4,Tags 3,14,is_lags_building,0.0,0.006652071831649195
58,2025-4,Tags 3,14,historical_building_recovery,0.937360797524051,0.004146243212019209
58,2025-4,Tags 3,14,peer_delta_percentage_alive,0.004564998035871848,0.0001823286493189878
58,2025-4,Tags 3,14,peer_delta_weight_gap_pct,-2.957894736842121,-0.00015015073642105377
58,2025-4,Tags 3,14,missingindicator_temperature_deviation_from_band_c,0.0,-0.00038625409796603545
58,2025-4,Tags 3,14,missingindicator_humidity_deviation_from_band_pp,0.0,-0.00038851526457974985
58,2025-4,Tags 3,14,missingindicator_environment_out_of_band_days_7d,0.0,-0.0004395886754404942
58,2025-4,Tags 3,14,missingindicator_environment_staleness_days,0.0,-0.0005240001744001695
59,2025-4,Tags 3,21,cycle_day,21.0,-0.0007872852891225569
59,2025-4,Tags 3,21,percentage_alive,0.970353796671794,0.0002475114963257106
59,2025-4,Tags 3,21,mortality_recent_3d_per_1000,1.3517922901225934,0.00038976145031038433
59,2025-4,Tags 3,21,mortality_trend_delta_per_1000,0.0,0.0001959836579975282
59,2025-4,Tags 3,21,weight_gap_pct,38.18,-0.0028923738745818615
59,2025-4,Tags 3,21,weight_staleness_days,0.0,-0.004259672299365009
59,2025-4,Tags 3,21,temperature_deviation_from_band_c,0.8481060606060673,0.0008251997636894674
59,2025-4,Tags 3,21,humidity_deviation_from_band_pp,16.681123737373767,0.003317922625356858
59,2025-4,Tags 3,21,environment_out_of_band_days_7d,7.0,0.00032631559415785045
59,2025-4,Tags 3,21,environment_staleness_days,5.0,-2.702466217971071e-05
59,2025-4,Tags 3,21,is_lags_building,0.0,0.006035607915263017
59,2025-4,Tags 3,21,historical_building_recovery,0.937360797524051,0.003776634960814431
59,2025-4,Tags 3,21,peer_delta_percentage_alive,0.0026291654692905952,-6.795613188138947e-05
59,2025-4,Tags 3,21,peer_delta_weight_gap_pct,2.0075000000000003,0.0003468112702022816
59,2025-4,Tags 3,21,missingindicator_temperature_deviation_from_band_c,0.0,-0.0004721161568156202
59,2025-4,Tags 3,21,missingindicator_humidity_deviation_from_band_pp,0.0,-0.00037677321715099646
59,2025-4,Tags 3,21,missingindicator_environment_out_of_band_days_7d,0.0,-0.0004901405985362365
59,2025-4,Tags 3,21,missingindicator_environment_staleness_days,0.0,-0.0005818475215051516
60,2025-4,Tags 3,28,cycle_day,28.0,0.003889992606984752
60,2025-4,Tags 3,28,percentage_alive,0.9527338833729548,0.002028532004132004
60,2025-4,Tags 3,28,mortality_recent_3d_per_1000,0.9322705449121336,0.0006284580866747066
60,2025-4,Tags 3,28,mortality_trend_delta_per_1000,0.0,0.00023943058171365815
60,2025-4,Tags 3,28,weight_gap_pct,34.086666666666666,-0.0019147551989381676
60,2025-4,Tags 3,28,weight_staleness_days,0.0,-0.004499871870690627
60,2025-4,Tags 3,28,temperature_deviation_from_band_c,1.8481060606060673,0.0006270478963580132
60,2025-4,Tags 3,28,humidity_deviation_from_band_pp,16.681123737373767,0.0031069891277686213
60,2025-4,Tags 3,28,environment_out_of_band_days_7d,7.0,0.0003225297910683479
60,2025-4,Tags 3,28,environment_staleness_days,12.0,2.3247695177095826e-05
60,2025-4,Tags 3,28,is_lags_building,0.0,0.004701916851353025
60,2025-4,Tags 3,28,historical_building_recovery,0.937360797524051,0.0028730975754659967
60,2025-4,Tags 3,28,peer_delta_percentage_alive,0.0,-0.0002978711485983583
60,2025-4,Tags 3,28,peer_delta_weight_gap_pct,0.0,0.00030902423898475096
60,2025-4,Tags 3,28,missingindicator_temperature_deviation_from_band_c,0.0,-0.0006077291701554259
60,2025-4,Tags 3,28,missingindicator_humidity_deviation_from_band_pp,0.0,-0.00042596907784919855
60,2025-4,Tags 3,28,missingindicator_environment_out_of_band_days_7d,0.0,-0.0006090328641583651
60,2025-4,Tags 3,28,missingindicator_environment_staleness_days,0.0,-0.0005378990646725739
61,2025-4,Tags 3,48,cycle_day,48.0,0.014420863940560906
61,2025-4,Tags 3,48,percentage_alive,0.9356733324010628,0.002302974814580094
61,2025-4,Tags 3,48,mortality_recent_3d_per_1000,0.97888407215774,0.00024652795605087943
61,2025-4,Tags 3,48,mortality_trend_delta_per_1000,0.1797950336616257,-0.0001899932255277899
61,2025-4,Tags 3,48,weight_gap_pct,28.16,-0.0006303758842637993
61,2025-4,Tags 3,48,weight_staleness_days,13.0,0.019202106235016104
61,2025-4,Tags 3,48,temperature_deviation_from_band_c,1.8481060606060673,0.00032193515204399727
61,2025-4,Tags 3,48,humidity_deviation_from_band_pp,16.681123737373767,0.001484755876983428
61,2025-4,Tags 3,48,environment_out_of_band_days_7d,7.0,0.00015061245676203344
61,2025-4,Tags 3,48,environment_staleness_days,32.0,-0.00021118420584307393
61,2025-4,Tags 3,48,is_lags_building,0.0,0.0030226026479564633
61,2025-4,Tags 3,48,historical_building_recovery,0.937360797524051,0.0016436332402992452
61,2025-4,Tags 3,48,peer_delta_percentage_alive,0.006035424488679997,2.7431190298247875e-05
61,2025-4,Tags 3,48,peer_delta_weight_gap_pct,8.71777777777779,0.00017291837481519268
61,2025-4,Tags 3,48,missingindicator_temperature_deviation_from_band_c,0.0,-0.00032009613543930785
61,2025-4,Tags 3,48,missingindicator_humidity_deviation_from_band_pp,0.0,-0.00021553091686871546
61,2025-4,Tags 3,48,missingindicator_environment_out_of_band_days_7d,0.0,-0.00028861414938836016
61,2025-4,Tags 3,48,missingindicator_environment_staleness_days,0.0,-0.0003010067672527753
62,2025-5,Lags 1,7,cycle_day,7.0,-0.010050021098174832
62,2025-5,Lags 1,7,percentage_alive,0.9893000445831476,-0.0035627758619346797
62,2025-5,Lags 1,7,mortality_recent_3d_per_1000,0.9808292465448062,0.0005076674799458361
62,2025-5,Lags 1,7,mortality_trend_delta_per_1000,0.0,6.310763502170233e-05
62,2025-5,Lags 1,7,weight_gap_pct,44.117647058823536,-0.0056763405250004765
62,2025-5,Lags 1,7,weight_staleness_days,0.0,-0.004927241483659879
62,2025-5,Lags 1,7,temperature_deviation_from_band_c,1.840586419753066,0.0005669155039919694
62,2025-5,Lags 1,7,humidity_deviation_from_band_pp,10.186775576455283,0.000987568170927358
62,2025-5,Lags 1,7,environment_out_of_band_days_7d,7.0,4.3589492324537955e-05
62,2025-5,Lags 1,7,environment_staleness_days,0.0,-0.0001519023273377511
62,2025-5,Lags 1,7,is_lags_building,1.0,-0.0012882023491843165
62,2025-5,Lags 1,7,historical_building_recovery,0.9127261912919238,0.0008534123049517261
62,2025-5,Lags 1,7,peer_delta_percentage_alive,-0.00035279302374158217,-6.749607823042843e-05
62,2025-5,Lags 1,7,peer_delta_weight_gap_pct,6.17647058823529,0.0001825115000967916
62,2025-5,Lags 1,7,missingindicator_temperature_deviation_from_band_c,1.0,0.0021623699670119205
62,2025-5,Lags 1,7,missingindicator_humidity_deviation_from_band_pp,1.0,0.0003554293911001815
62,2025-5,Lags 1,7,missingindicator_environment_out_of_band_days_7d,1.0,0.002308763832169905
62,2025-5,Lags 1,7,missingindicator_environment_staleness_days,1.0,0.002477472676161064
63,2025-5,Lags 1,14,cycle_day,14.0,-0.006951132880835291
63,2025-5,Lags 1,14,percentage_alive,0.9821667409719126,-0.0030570966672336585
63,2025-5,Lags 1,14,mortality_recent_3d_per_1000,0.8619408530242235,0.0007709126666532472
63,2025-5,Lags 1,14,mortality_trend_delta_per_1000,0.0,0.00016632422503314625
63,2025-5,Lags 1,14,weight_gap_pct,46.57894736842105,-0.002925399737074488
63,2025-5,Lags 1,14,weight_staleness_days,0.0,-0.0051037914944584584
63,2025-5,Lags 1,14,temperature_deviation_from_band_c,0.0,0.0006582580138453761
63,2025-5,Lags 1,14,humidity_deviation_from_band_pp,17.072222222222194,0.002668240985138969
63,2025-5,Lags 1,14,environment_out_of_band_days_7d,2.0,-0.00015566286147222788
63,2025-5,Lags 1,14,environment_staleness_days,5.0,0.0008402360252478206
63,2025-5,Lags 1,14,is_lags_building,1.0,-0.001470806247021526
63,2025-5,Lags 1,14,historical_building_recovery,0.9127261912919238,0.0010891602926211075
63,2025-5,Lags 1,14,peer_delta_percentage_alive,-0.00011876915368325136,0.00010612953656977388
63,2025-5,Lags 1,14,peer_delta_weight_gap_pct,8.421052631578938,0.00011951174495816405
63,2025-5,Lags 1,14,missingindicator_temperature_deviation_from_band_c,0.0,-0.0013022437287624142
63,2025-5,Lags 1,14,missingindicator_humidity_deviation_from_band_pp,0.0,-0.0002273799298668705
63,2025-5,Lags 1,14,missingindicator_environment_out_of_band_days_7d,0.0,-0.001345681257496043
63,2025-5,Lags 1,14,missingindicator_environment_staleness_days,0.0,-0.001511741051837593
64,2025-5,Lags 1,21,cycle_day,21.0,5.028115531050763e-05
64,2025-5,Lags 1,21,percentage_alive,0.9750334373606776,-0.0016971103534506875
64,2025-5,Lags 1,21,mortality_recent_3d_per_1000,1.069995541685243,0.0008657229589981371
64,2025-5,Lags 1,21,mortality_trend_delta_per_1000,0.1401184637921151,-0.0005187197072407577
64,2025-5,Lags 1,21,weight_gap_pct,48.12500000000001,-0.003059274791635191
64,2025-5,Lags 1,21,weight_staleness_days,0.0,-0.004940660660068214
64,2025-5,Lags 1,21,temperature_deviation_from_band_c,0.3599999999999994,0.0006101891135526785
64,2025-5,Lags 1,21,humidity_deviation_from_band_pp,17.072222222222194,0.0031298733636877115
64,2025-5,Lags 1,21,environment_out_of_band_days_7d,2.0,-0.00017811379590582124
64,2025-5,Lags 1,21,environment_staleness_days,12.0,0.0010153071766405358
64,2025-5,Lags 1,21,is_lags_building,1.0,-0.0013037312163325823
64,2025-5,Lags 1,21,historical_building_recovery,0.9127261912919238,0.0011920096531561624
64,2025-5,Lags 1,21,peer_delta_percentage_alive,4.4871833491999524e-05,0.000152637642450472
64,2025-5,Lags 1,21,peer_delta_weight_gap_pct,12.25,1.8885870644724636e-05
64,2025-5,Lags 1,21,missingindicator_temperature_deviation_from_band_c,0.0,-0.0011619623276528492
64,2025-5,Lags 1,21,missingindicator_humidity_deviation_from_band_pp,0.0,-0.00015371754392048503
64,2025-5,Lags 1,21,missingindicator_environment_out_of_band_days_7d,0.0,-0.0012013548367340418
64,2025-5,Lags 1,21,missingindicator_environment_staleness_days,0.0,-0.0015618241967726987
65,2025-5,Lags 1,28,cycle_day,28.0,0.008652211379201117
65,2025-5,Lags 1,28,percentage_alive,0.9691484618814088,-1.742845898626682e-05
65,2025-5,Lags 1,28,mortality_recent_3d_per_1000,1.010551344924952,0.000983623048322232
65,2025-5,Lags 1,28,mortality_trend_delta_per_1000,0.1443644778464219,-0.0006396929234584804
65,2025-5,Lags 1,28,weight_gap_pct,29.833333333333336,-0.00039181311562270577
65,2025-5,Lags 1,28,weight_staleness_days,0.0,-0.005065398702157467
65,2025-5,Lags 1,28,temperature_deviation_from_band_c,1.4569444444444637,0.0007260792685240249
65,2025-5,Lags 1,28,humidity_deviation_from_band_pp,13.405555555555496,0.002318166299358331
65,2025-5,Lags 1,28,environment_out_of_band_days_7d,7.0,7.521590986744055e-05
65,2025-5,Lags 1,28,environment_staleness_days,0.0,-0.0005240435114002214
65,2025-5,Lags 1,28,is_lags_building,1.0,-0.0012829008989287496
65,2025-5,Lags 1,28,historical_building_recovery,0.9127261912919238,0.0009609797016050947
65,2025-5,Lags 1,28,peer_delta_percentage_alive,0.0002696138235871448,0.0002117810988671355
65,2025-5,Lags 1,28,peer_delta_weight_gap_pct,8.916666666666671,0.00015904595527514723
65,2025-5,Lags 1,28,missingindicator_temperature_deviation_from_band_c,0.0,-0.0012461324275970852
65,2025-5,Lags 1,28,missingindicator_humidity_deviation_from_band_pp,0.0,-0.0001247710714435903
65,2025-5,Lags 1,28,missingindicator_environment_out_of_band_days_7d,0.0,-0.0012421389429913465
65,2025-5,Lags 1,28,missingindicator_environment_staleness_days,0.0,-0.0015222162141185066
66,2025-5,Lags 1,48,cycle_day,48.0,0.017951540843309518
66,2025-5,Lags 1,48,percentage_alive,0.932857779759251,0.003284699589466951
66,2025-5,Lags 1,48,mortality_recent_3d_per_1000,2.288601575271214,-0.0008015482404851951
66,2025-5,Lags 1,48,mortality_trend_delta_per_1000,0.0339681124344521,1.5721774132941077e-05
66,2025-5,Lags 1,48,weight_gap_pct,-3.1666666666666634,0.00257902837849886
66,2025-5,Lags 1,48,weight_staleness_days,6.0,0.010184582318555045
66,2025-5,Lags 1,48,temperature_deviation_from_band_c,0.0,0.00012877782439764268
66,2025-5,Lags 1,48,humidity_deviation_from_band_pp,19.709722222222258,0.0016194713654244539
66,2025-5,Lags 1,48,environment_out_of_band_days_7d,7.0,5.272186023928998e-05
66,2025-5,Lags 1,48,environment_staleness_days,0.0,-0.00017778110008681434
66,2025-5,Lags 1,48,is_lags_building,1.0,-0.0009899431078569246
66,2025-5,Lags 1,48,historical_building_recovery,0.9127261912919238,0.000596867309974963
66,2025-5,Lags 1,48,peer_delta_percentage_alive,-0.01027437588614033,-0.00028055421874296035
66,2025-5,Lags 1,48,peer_delta_weight_gap_pct,-7.611111111111112,-7.703402967217301e-05
66,2025-5,Lags 1,48,missingindicator_temperature_deviation_from_band_c,0.0,-0.0011103401914906042
66,2025-5,Lags 1,48,missingindicator_humidity_deviation_from_band_pp,0.0,-0.00014507832987237376
66,2025-5,Lags 1,48,missingindicator_environment_out_of_band_days_7d,0.0,-0.0012785037490115527
66,2025-5,Lags 1,48,missingindicator_environment_staleness_days,0.0,-0.001218096124537079
67,2025-5,Lags 2,7,cycle_day,7.0,-0.012989613916799344
67,2025-5,Lags 2,7,percentage_alive,0.9861818181818182,-0.0035066715625337755
67,2025-5,Lags 2,7,mortality_recent_3d_per_1000,1.515151515151515,-0.0005847677190575052
67,2025-5,Lags 2,7,mortality_trend_delta_per_1000,0.0,0.00011422957982726698
67,2025-5,Lags 2,7,weight_gap_pct,46.47058823529412,-0.0034362907227657854
67,2025-5,Lags 2,7,weight_staleness_days,0.0,-0.005545884078480537
67,2025-5,Lags 2,7,temperature_deviation_from_band_c,0.0,0.0003640990181217615
67,2025-5,Lags 2,7,humidity_deviation_from_band_pp,12.072222222222194,0.001256014187067798
67,2025-5,Lags 2,7,environment_out_of_band_days_7d,2.0,-0.00011836876815350919
67,2025-5,Lags 2,7,environment_staleness_days,5.0,0.0008425309922365974
67,2025-5,Lags 2,7,is_lags_building,1.0,-0.0019900377298283584
67,2025-5,Lags 2,7,historical_building_recovery,0.9039440360695715,-0.0001856057278518092
67,2025-5,Lags 2,7,peer_delta_percentage_alive,-0.003471019425070998,-0.0004876098721176298
67,2025-5,Lags 2,7,peer_delta_weight_gap_pct,8.529411764705877,7.326652133570137e-05
67,2025-5,Lags 2,7,missingindicator_temperature_deviation_from_band_c,0.0,-0.001772274989325585
67,2025-5,Lags 2,7,missingindicator_humidity_deviation_from_band_pp,0.0,-0.00035758718120784135
67,2025-5,Lags 2,7,missingindicator_environment_out_of_band_days_7d,0.0,-0.0018676437338051737
67,2025-5,Lags 2,7,missingindicator_environment_staleness_days,0.0,-0.002064859128861379
68,2025-5,Lags 2,14,cycle_day,14.0,-0.007628941037138707
68,2025-5,Lags 2,14,percentage_alive,0.9765454545454544,-0.001793316958182967
68,2025-5,Lags 2,14,mortality_recent_3d_per_1000,1.3939393939393938,7.118932302563135e-05
68,2025-5,Lags 2,14,mortality_trend_delta_per_1000,0.0,0.00017199195998359135
68,2025-5,Lags 2,14,weight_gap_pct,59.210526315789465,-0.0063759096408011464
68,2025-5,Lags 2,14,weight_staleness_days,0.0,-0.005276354729527169
68,2025-5,Lags 2,14,temperature_deviation_from_band_c,0.182777777777801,0.0006279559532989846
68,2025-5,Lags 2,14,humidity_deviation_from_band_pp,17.072222222222194,0.002702108122357143
68,2025-5,Lags 2,14,environment_out_of_band_days_7d,2.0,-0.00011369339475305168
68,2025-5,Lags 2,14,environment_staleness_days,12.0,0.0009919367754578335
68,2025-5,Lags 2,14,is_lags_building,1.0,-0.0016504029625791109
68,2025-5,Lags 2,14,historical_building_recovery,0.9039440360695715,4.935025478304569e-05
68,2025-5,Lags 2,14,peer_delta_percentage_alive,-0.0057400555801414566,-0.0006065669420717008
68,2025-5,Lags 2,14,peer_delta_weight_gap_pct,21.052631578947356,-0.00011376913913838193
68,2025-5,Lags 2,14,missingindicator_temperature_deviation_from_band_c,0.0,-0.0015038688982910889
68,2025-5,Lags 2,14,missingindicator_humidity_deviation_from_band_pp,0.0,-0.00026150924409086595
68,2025-5,Lags 2,14,missingindicator_environment_out_of_band_days_7d,0.0,-0.0016005621094024698
68,2025-5,Lags 2,14,missingindicator_environment_staleness_days,0.0,-0.0017828332782781485
69,2025-5,Lags 2,21,cycle_day,21.0,-0.0009532800165253913
69,2025-5,Lags 2,21,percentage_alive,0.9668181818181818,0.00015315748840685775
69,2025-5,Lags 2,21,mortality_recent_3d_per_1000,1.4545454545454544,-0.0003061979244826547
69,2025-5,Lags 2,21,mortality_trend_delta_per_1000,0.0909090909090906,-0.00027259529178794915
69,2025-5,Lags 2,21,weight_gap_pct,16.25,0.002680833332850647
69,2025-5,Lags 2,21,weight_staleness_days,0.0,-0.005394193494759208
69,2025-5,Lags 2,21,temperature_deviation_from_band_c,0.5069444444444393,0.0002891576496766912
69,2025-5,Lags 2,21,humidity_deviation_from_band_pp,13.405555555555496,0.0016816043583109638
69,2025-5,Lags 2,21,environment_out_of_band_days_7d,7.0,5.9163149012001966e-05
69,2025-5,Lags 2,21,environment_staleness_days,0.0,-0.0004083269995773118
69,2025-5,Lags 2,21,is_lags_building,1.0,-0.0019844560235339507
69,2025-5,Lags 2,21,historical_building_recovery,0.9039440360695715,-5.47159625488882e-05
69,2025-5,Lags 2,21,peer_delta_percentage_alive,-0.008170383709003803,-0.0005877743572549614
69,2025-5,Lags 2,21,peer_delta_weight_gap_pct,-19.625000000000007,-0.0005723311942582805
69,2025-5,Lags 2,21,missingindicator_temperature_deviation_from_band_c,0.0,-0.0021671185421644435
69,2025-5,Lags 2,21,missingindicator_humidity_deviation_from_band_pp,0.0,-0.00017304721399065756
69,2025-5,Lags 2,21,missingindicator_environment_out_of_band_days_7d,0.0,-0.00247122454309922
69,2025-5,Lags 2,21,missingindicator_environment_staleness_days,0.0,-0.002574876299186542
70,2025-5,Lags 2,28,cycle_day,28.0,0.009589118646951295
70,2025-5,Lags 2,28,percentage_alive,0.9588181818181818,0.001679741640297556
70,2025-5,Lags 2,28,mortality_recent_3d_per_1000,1.181818181818182,0.0005427051193151346
70,2025-5,Lags 2,28,mortality_trend_delta_per_1000,0.0,0.0003141379884978946
70,2025-5,Lags 2,28,weight_gap_pct,43.83333333333333,-0.002058830094772765
70,2025-5,Lags 2,28,weight_staleness_days,0.0,-0.004989463078677451
70,2025-5,Lags 2,28,temperature_deviation_from_band_c,1.9991666666666672,0.00046554986720571674
70,2025-5,Lags 2,28,humidity_deviation_from_band_pp,17.96597222222219,0.003028018588367726
70,2025-5,Lags 2,28,environment_out_of_band_days_7d,7.0,5.4622959356092824e-05
70,2025-5,Lags 2,28,environment_staleness_days,1.0,-7.870571090235682e-05
70,2025-5,Lags 2,28,is_lags_building,1.0,-0.0012084383690901509
70,2025-5,Lags 2,28,historical_building_recovery,0.9039440360695715,0.000411663887612604
70,2025-5,Lags 2,28,peer_delta_percentage_alive,-0.01006066623963986,-0.00043039091986963294
70,2025-5,Lags 2,28,peer_delta_weight_gap_pct,22.916666666666664,-1.8946009953746507e-05
70,2025-5,Lags 2,28,missingindicator_temperature_deviation_from_band_c,0.0,-0.0010238049607778615
70,2025-5,Lags 2,28,missingindicator_humidity_deviation_from_band_pp,0.0,-0.00012504532439199488
70,2025-5,Lags 2,28,missingindicator_environment_out_of_band_days_7d,0.0,-0.0011735484269202142
70,2025-5,Lags 2,28,missingindicator_environment_staleness_days,0.0,-0.0013688504893848523
71,2025-5,Lags 2,48,cycle_day,48.0,0.017980740117844656
71,2025-5,Lags 2,48,percentage_alive,0.9136363636363636,0.003410109754772828
71,2025-5,Lags 2,48,mortality_recent_3d_per_1000,1.7272727272727268,-0.0005623795044833415
71,2025-5,Lags 2,48,mortality_trend_delta_per_1000,0.0,0.00011812266300159242
71,2025-5,Lags 2,48,weight_gap_pct,34.66666666666667,-0.0011499853392199376
71,2025-5,Lags 2,48,weight_staleness_days,13.0,0.021068844746477033
71,2025-5,Lags 2,48,temperature_deviation_from_band_c,0.4446759259259032,0.00025289070250101534
71,2025-5,Lags 2,48,humidity_deviation_from_band_pp,17.926157407407445,0.00164084337660755
71,2025-5,Lags 2,48,environment_out_of_band_days_7d,7.0,3.61290397734106e-05
71,2025-5,Lags 2,48,environment_staleness_days,4.0,0.00014812475992385932
71,2025-5,Lags 2,48,is_lags_building,1.0,-0.0008288108446040945
71,2025-5,Lags 2,48,historical_building_recovery,0.9039440360695715,0.00014907221560500213
71,2025-5,Lags 2,48,peer_delta_percentage_alive,-0.029495792009027744,-0.0002716992698834518
71,2025-5,Lags 2,48,peer_delta_weight_gap_pct,30.22222222222222,-2.7376289431933387e-05
71,2025-5,Lags 2,48,missingindicator_temperature_deviation_from_band_c,0.0,-0.0006711198818940739
71,2025-5,Lags 2,48,missingindicator_humidity_deviation_from_band_pp,0.0,-0.00013458100017614167
71,2025-5,Lags 2,48,missingindicator_environment_out_of_band_days_7d,0.0,-0.000706632191847777
71,2025-5,Lags 2,48,missingindicator_environment_staleness_days,0.0,-0.0007965045361790629
72,2025-5,Lags 3,7,cycle_day,7.0,-0.009760261552347564
72,2025-5,Lags 3,7,percentage_alive,0.9861261261261262,-0.00304844720687002
72,2025-5,Lags 3,7,mortality_recent_3d_per_1000,1.5015015015015016,-0.0004012338121179076
72,2025-5,Lags 3,7,mortality_trend_delta_per_1000,0.0,6.861377057819274e-05
72,2025-5,Lags 3,7,weight_gap_pct,36.47058823529412,-0.004958784083617945
72,2025-5,Lags 3,7,weight_staleness_days,0.0,-0.005448862931415927
72,2025-5,Lags 3,7,temperature_deviation_from_band_c,1.840586419753066,0.0005397054379246395
72,2025-5,Lags 3,7,humidity_deviation_from_band_pp,10.186775576455283,0.0009950755199621241
72,2025-5,Lags 3,7,environment_out_of_band_days_7d,7.0,3.9631516911714774e-05
72,2025-5,Lags 3,7,environment_staleness_days,0.0,-0.00013243330042588393
72,2025-5,Lags 3,7,is_lags_building,1.0,-0.001348680574187064
72,2025-5,Lags 3,7,historical_building_recovery,0.8684263621978205,-0.009534040599041886
72,2025-5,Lags 3,7,peer_delta_percentage_alive,-0.0035267114807630007,-0.0001977095155698684
72,2025-5,Lags 3,7,peer_delta_weight_gap_pct,-1.470588235294123,3.4703115778146256e-05
72,2025-5,Lags 3,7,missingindicator_temperature_deviation_from_band_c,1.0,0.001873891168430472
72,2025-5,Lags 3,7,missingindicator_humidity_deviation_from_band_pp,1.0,0.00037464937791172726
72,2025-5,Lags 3,7,missingindicator_environment_out_of_band_days_7d,1.0,0.0021312742551570112
72,2025-5,Lags 3,7,missingindicator_environment_staleness_days,1.0,0.002092970019688261
73,2025-5,Lags 3,14,cycle_day,14.0,-0.007449778314885012
73,2025-5,Lags 3,14,percentage_alive,0.9757657657657658,-0.0015201965637345004
73,2025-5,Lags 3,14,mortality_recent_3d_per_1000,1.0510510510510511,0.0006827223839254486
73,2025-5,Lags 3,14,mortality_trend_delta_per_1000,0.0,0.0001506770688984073
73,2025-5,Lags 3,14,weight_gap_pct,38.15789473684211,-0.0026504129654616394
73,2025-5,Lags 3,14,weight_staleness_days,0.0,-0.005722467160848001
73,2025-5,Lags 3,14,temperature_deviation_from_band_c,0.0,0.0005862135532870579
73,2025-5,Lags 3,14,humidity_deviation_from_band_pp,17.03847517730493,0.0021460145448369524
73,2025-5,Lags 3,14,environment_out_of_band_days_7d,7.0,4.995102756035173e-05
73,2025-5,Lags 3,14,environment_staleness_days,0.0,-0.00033979609833293095
73,2025-5,Lags 3,14,is_lags_building,1.0,-0.0017370392823480003
73,2025-5,Lags 3,14,historical_building_recovery,0.8684263621978205,-0.009521720723565136
73,2025-5,Lags 3,14,peer_delta_percentage_alive,-0.006519744359830049,-0.0005649861199107663
73,2025-5,Lags 3,14,peer_delta_weight_gap_pct,0.0,0.00028350612569867965
73,2025-5,Lags 3,14,missingindicator_temperature_deviation_from_band_c,0.0,-0.0013110209796469634
73,2025-5,Lags 3,14,missingindicator_humidity_deviation_from_band_pp,0.0,-0.0002503751937386756
73,2025-5,Lags 3,14,missingindicator_environment_out_of_band_days_7d,0.0,-0.0013728558743840854
73,2025-5,Lags 3,14,missingindicator_environment_staleness_days,0.0,-0.0015806491659220974
74,2025-5,Lags 3,21,cycle_day,21.0,-0.0018719126752110363
74,2025-5,Lags 3,21,percentage_alive,0.968018018018018,-7.168864056821424e-05
74,2025-5,Lags 3,21,mortality_recent_3d_per_1000,1.2612612612612613,0.0004527694032366442
74,2025-5,Lags 3,21,mortality_trend_delta_per_1000,0.2445302445302446,-0.0008375152030588348
74,2025-5,Lags 3,21,weight_gap_pct,56.125,-0.006896974412370641
74,2025-5,Lags 3,21,weight_staleness_days,0.0,-0.0058176148667891
74,2025-5,Lags 3,21,temperature_deviation_from_band_c,0.2394927536231996,0.0004041716584284474
74,2025-5,Lags 3,21,humidity_deviation_from_band_pp,15.424057971014506,0.0026099064146831523
74,2025-5,Lags 3,21,environment_out_of_band_days_7d,7.0,4.30001639175987e-05
74,2025-5,Lags 3,21,environment_staleness_days,0.0,-0.0003648377156264594
74,2025-5,Lags 3,21,is_lags_building,1.0,-0.0015707731544947966
74,2025-5,Lags 3,21,historical_building_recovery,0.8684263621978205,-0.010552915750310428
74,2025-5,Lags 3,21,peer_delta_percentage_alive,-0.006970547509167591,-0.0004577938267645343
74,2025-5,Lags 3,21,peer_delta_weight_gap_pct,20.249999999999993,-2.3706918825897575e-05
74,2025-5,Lags 3,21,missingindicator_temperature_deviation_from_band_c,0.0,-0.0012595730232811354
74,2025-5,Lags 3,21,missingindicator_humidity_deviation_from_band_pp,0.0,-0.00012535795054112594
74,2025-5,Lags 3,21,missingindicator_environment_out_of_band_days_7d,0.0,-0.0014378294173167958
74,2025-5,Lags 3,21,missingindicator_environment_staleness_days,0.0,-0.0016865429628277627
75,2025-5,Lags 3,28,cycle_day,28.0,0.007883637239824649
75,2025-5,Lags 3,28,percentage_alive,0.9563963963963964,0.0016968510469877486
75,2025-5,Lags 3,28,mortality_recent_3d_per_1000,1.4714714714714716,-0.000325190495295556
75,2025-5,Lags 3,28,mortality_trend_delta_per_1000,0.0,0.00024048867251059733
75,2025-5,Lags 3,28,weight_gap_pct,43.66666666666666,-0.00295245516504145
75,2025-5,Lags 3,28,weight_staleness_days,0.0,-0.005930283564557446
75,2025-5,Lags 3,28,temperature_deviation_from_band_c,0.0,0.0006521645424577774
75,2025-5,Lags 3,28,humidity_deviation_from_band_pp,4.625000000000043,-0.002771476743403228
75,2025-5,Lags 3,28,environment_out_of_band_days_7d,7.0,9.546470005214069e-05
75,2025-5,Lags 3,28,environment_staleness_days,0.0,-0.00038337986309822076
75,2025-5,Lags 3,28,is_lags_building,1.0,-0.001303355023253554
75,2025-5,Lags 3,28,historical_building_recovery,0.8684263621978205,-0.010358445346927881
75,2025-5,Lags 3,28,peer_delta_percentage_alive,-0.012482451661425253,-0.0002935454940628239
75,2025-5,Lags 3,28,peer_delta_weight_gap_pct,22.749999999999993,-0.00013411540455168376
75,2025-5,Lags 3,28,missingindicator_temperature_deviation_from_band_c,0.0,-0.001151673116733381
75,2025-5,Lags 3,28,missingindicator_humidity_deviation_from_band_pp,0.0,-0.00013949061532642833
75,2025-5,Lags 3,28,missingindicator_environment_out_of_band_days_7d,0.0,-0.001222773848249803
75,2025-5,Lags 3,28,missingindicator_environment_staleness_days,0.0,-0.0013931595028433756
76,2025-5,Lags 3,48,cycle_day,48.0,0.020209589401341127
76,2025-5,Lags 3,48,percentage_alive,0.921891891891892,0.0030852046908353315
76,2025-5,Lags 3,48,mortality_recent_3d_per_1000,3.153153153153154,-0.0005398138303247436
76,2025-5,Lags 3,48,mortality_trend_delta_per_1000,1.7889317889317893,-0.00037417138580385606
76,2025-5,Lags 3,48,weight_gap_pct,59.94444444444446,-0.004947973872746828
76,2025-5,Lags 3,48,weight_staleness_days,13.0,0.025780833065154947
76,2025-5,Lags 3,48,temperature_deviation_from_band_c,0.0,0.00022383317318463132
76,2025-5,Lags 3,48,humidity_deviation_from_band_pp,16.9652777777777,0.001661702675469087
76,2025-5,Lags 3,48,environment_out_of_band_days_7d,7.0,2.757614871840937e-05
76,2025-5,Lags 3,48,environment_staleness_days,0.0,-6.79218426131133e-05
76,2025-5,Lags 3,48,is_lags_building,1.0,-0.0008524410347877785
76,2025-5,Lags 3,48,historical_building_recovery,0.8684263621978205,-0.005811855148343725
76,2025-5,Lags 3,48,peer_delta_percentage_alive,-0.0212402637534993,-0.0002062655486994736
76,2025-5,Lags 3,48,peer_delta_weight_gap_pct,55.50000000000001,-3.298631739066473e-05
76,2025-5,Lags 3,48,missingindicator_temperature_deviation_from_band_c,0.0,-0.0006497960659721878
76,2025-5,Lags 3,48,missingindicator_humidity_deviation_from_band_pp,0.0,-0.00012154959356355376
76,2025-5,Lags 3,48,missingindicator_environment_out_of_band_days_7d,0.0,-0.0006963340128168709
76,2025-5,Lags 3,48,missingindicator_environment_staleness_days,0.0,-0.0007857854741839813
77,2025-5,Tags 1,7,cycle_day,7.0,-0.011969591995363805
77,2025-5,Tags 1,7,percentage_alive,0.9900056306306306,-0.003559146045566972
77,2025-5,Tags 1,7,mortality_recent_3d_per_1000,1.4545795795795795,-0.00023067376669369842
77,2025-5,Tags 1,7,mortality_trend_delta_per_1000,0.0469219219219221,8.887474116193428e-06
77,2025-5,Tags 1,7,weight_gap_pct,36.47058823529412,-0.0034179004090106923
77,2025-5,Tags 1,7,weight_staleness_days,0.0,-0.005448879654085406
77,2025-5,Tags 1,7,temperature_deviation_from_band_c,0.0,0.00036352622115164916
77,2025-5,Tags 1,7,humidity_deviation_from_band_pp,12.689583333333331,0.0015262331653439019
77,2025-5,Tags 1,7,environment_out_of_band_days_7d,7.0,6.179575303616892e-05
77,2025-5,Tags 1,7,environment_staleness_days,0.0,-0.00026497177003483263
77,2025-5,Tags 1,7,is_lags_building,0.0,0.001813696510744724
77,2025-5,Tags 1,7,historical_building_recovery,0.9218774153006241,0.0010136761126926224
77,2025-5,Tags 1,7,peer_delta_percentage_alive,0.00035279302374147115,8.462232952139928e-05
77,2025-5,Tags 1,7,peer_delta_weight_gap_pct,-1.470588235294123,0.00012255670407194464
77,2025-5,Tags 1,7,missingindicator_temperature_deviation_from_band_c,0.0,-0.001504052626347678
77,2025-5,Tags 1,7,missingindicator_humidity_deviation_from_band_pp,0.0,-0.00032924980333574536
77,2025-5,Tags 1,7,missingindicator_environment_out_of_band_days_7d,0.0,-0.0015580827379790643
77,2025-5,Tags 1,7,missingindicator_environment_staleness_days,0.0,-0.001672046108095827
78,2025-5,Tags 1,14,cycle_day,14.0,-0.006504076250011489
78,2025-5,Tags 1,14,percentage_alive,0.9824042792792792,-0.003036563277810081
78,2025-5,Tags 1,14,mortality_recent_3d_per_1000,1.126126126126126,0.0005536350492424049
78,2025-5,Tags 1,14,mortality_trend_delta_per_1000,0.0,0.00014822574481314037
78,2025-5,Tags 1,14,weight_gap_pct,38.15789473684211,-0.0030004121416826795
78,2025-5,Tags 1,14,weight_staleness_days,0.0,-0.005152055498502002
78,2025-5,Tags 1,14,temperature_deviation_from_band_c,0.0,0.0006810735121042496
78,2025-5,Tags 1,14,humidity_deviation_from_band_pp,25.26912360688955,0.002426496932040619
78,2025-5,Tags 1,14,environment_out_of_band_days_7d,7.0,6.591617336186337e-05
78,2025-5,Tags 1,14,environment_staleness_days,0.0,-0.0002941749742410524
78,2025-5,Tags 1,14,is_lags_building,0.0,0.0014175595265363274
78,2025-5,Tags 1,14,historical_building_recovery,0.9218774153006241,0.0011153101653497556
78,2025-5,Tags 1,14,peer_delta_percentage_alive,0.00011876915368336238,8.95157349675897e-05
78,2025-5,Tags 1,14,peer_delta_weight_gap_pct,0.0,0.00033378521629404964
78,2025-5,Tags 1,14,missingindicator_temperature_deviation_from_band_c,0.0,-0.0012300460861005959
78,2025-5,Tags 1,14,missingindicator_humidity_deviation_from_band_pp,0.0,-0.0002844694115337651
78,2025-5,Tags 1,14,missingindicator_environment_out_of_band_days_7d,0.0,-0.0012289331269289383
78,2025-5,Tags 1,14,missingindicator_environment_staleness_days,0.0,-0.0014112651130209933
79,2025-5,Tags 1,21,cycle_day,21.0,0.00017631903977507836
79,2025-5,Tags 1,21,percentage_alive,0.9749436936936936,-0.0017364979175087765
79,2025-5,Tags 1,21,mortality_recent_3d_per_1000,1.0792042042042045,0.0007574802748594205
79,2025-5,Tags 1,21,mortality_trend_delta_per_1000,0.0,0.00026895794827380985
79,2025-5,Tags 1,21,weight_gap_pct,42.25,-0.00271597504716368
79,2025-5,Tags 1,21,weight_staleness_days,0.0,-0.004925924975276366
79,2025-5,Tags 1,21,temperature_deviation_from_band_c,1.451388888888868,0.0007317596739798181
79,2025-5,Tags 1,21,humidity_deviation_from_band_pp,18.929861111111094,0.002846438123362525
79,2025-5,Tags 1,21,environment_out_of_band_days_7d,7.0,6.825534940345615e-05
79,2025-5,Tags 1,21,environment_staleness_days,0.0,-0.00038686665435207364
79,2025-5,Tags 1,21,is_lags_building,0.0,0.001167101782315745
79,2025-5,Tags 1,21,historical_building_recovery,0.9218774153006241,0.0012667453660494465
79,2025-5,Tags 1,21,peer_delta_percentage_alive,-4.4871833491999524e-05,2.7515597827288457e-05
79,2025-5,Tags 1,21,peer_delta_weight_gap_pct,6.374999999999993,0.0001817899110644498
79,2025-5,Tags 1,21,missingindicator_temperature_deviation_from_band_c,0.0,-0.0011564804563937844
79,2025-5,Tags 1,21,missingindicator_humidity_deviation_from_band_pp,0.0,-0.0001810285868235912
79,2025-5,Tags 1,21,missingindicator_environment_out_of_band_days_7d,0.0,-0.0011639223777948043
79,2025-5,Tags 1,21,missingindicator_environment_staleness_days,0.0,-0.0015117504153460875
80,2025-5,Tags 1,28,cycle_day,28.0,0.006266301861235332
80,2025-5,Tags 1,28,percentage_alive,0.9686092342342344,-6.647665691444167e-05
80,2025-5,Tags 1,28,mortality_recent_3d_per_1000,0.8915165165165165,0.000904323626074398
80,2025-5,Tags 1,28,mortality_trend_delta_per_1000,0.0,0.00031082308538087826
80,2025-5,Tags 1,28,weight_gap_pct,9.833333333333323,0.003700703728332167
80,2025-5,Tags 1,28,weight_staleness_days,0.0,-0.005676741329756955
80,2025-5,Tags 1,28,temperature_deviation_from_band_c,4.382307692307702,-0.0020305781967651032
80,2025-5,Tags 1,28,humidity_deviation_from_band_pp,0.1125641025640931,-0.009033360461455893
80,2025-5,Tags 1,28,environment_out_of_band_days_7d,7.0,0.00014013296938203851
80,2025-5,Tags 1,28,environment_staleness_days,3.0,0.00042344701728680103
80,2025-5,Tags 1,28,is_lags_building,0.0,0.000934059221033358
80,2025-5,Tags 1,28,historical_building_recovery,0.9218774153006241,0.000968005054335644
80,2025-5,Tags 1,28,peer_delta_percentage_alive,-0.00026961382358725583,-4.590177641322995e-05
80,2025-5,Tags 1,28,peer_delta_weight_gap_pct,-11.083333333333341,-0.00019670621102022546
80,2025-5,Tags 1,28,missingindicator_temperature_deviation_from_band_c,0.0,-0.001838677804615208
80,2025-5,Tags 1,28,missingindicator_humidity_deviation_from_band_pp,0.0,-0.0002031538316897879
80,2025-5,Tags 1,28,missingindicator_environment_out_of_band_days_7d,0.0,-0.0019155801116052793
80,2025-5,Tags 1,28,missingindicator_environment_staleness_days,0.0,-0.0019035859946655155
81,2025-5,Tags 1,48,cycle_day,48.0,0.016024153361944845
81,2025-5,Tags 1,48,percentage_alive,0.9534065315315317,0.0016374574109178695
81,2025-5,Tags 1,48,mortality_recent_3d_per_1000,0.7976726726726727,0.00040231803311359464
81,2025-5,Tags 1,48,mortality_trend_delta_per_1000,0.0,0.0001393694814588509
81,2025-5,Tags 1,48,weight_gap_pct,5.444444444444449,0.0025403621378932164
81,2025-5,Tags 1,48,weight_staleness_days,13.0,0.01936868915621735
81,2025-5,Tags 1,48,temperature_deviation_from_band_c,1.965277777777768,0.00029249394707003183
81,2025-5,Tags 1,48,humidity_deviation_from_band_pp,17.407638888888897,0.0014053161902736484
81,2025-5,Tags 1,48,environment_out_of_band_days_7d,7.0,3.67554628401838e-05
81,2025-5,Tags 1,48,environment_staleness_days,7.0,9.163141310577149e-05
81,2025-5,Tags 1,48,is_lags_building,0.0,0.0006871090212723162
81,2025-5,Tags 1,48,historical_building_recovery,0.9218774153006241,0.0006634299455283679
81,2025-5,Tags 1,48,peer_delta_percentage_alive,0.01027437588614033,0.0003395887154906061
81,2025-5,Tags 1,48,peer_delta_weight_gap_pct,1.0000000000000009,0.00018114295076064623
81,2025-5,Tags 1,48,missingindicator_temperature_deviation_from_band_c,0.0,-0.0008343330633829793
81,2025-5,Tags 1,48,missingindicator_humidity_deviation_from_band_pp,0.0,-0.00012711278311071194
81,2025-5,Tags 1,48,missingindicator_environment_out_of_band_days_7d,0.0,-0.0008460755717986558
81,2025-5,Tags 1,48,missingindicator_environment_staleness_days,0.0,-0.0008657113878798044
82,2025-5,Tags 2,7,cycle_day,7.0,-0.00985918856374581
82,2025-5,Tags 2,7,percentage_alive,0.9922425952045134,-0.003758690456964465
82,2025-5,Tags 2,7,mortality_recent_3d_per_1000,1.0813352139163142,0.0004175930861358411
82,2025-5,Tags 2,7,mortality_trend_delta_per_1000,0.0,6.900700322841914e-05
82,2025-5,Tags 2,7,weight_gap_pct,38.235294117647065,-0.005792942614308145
82,2025-5,Tags 2,7,weight_staleness_days,0.0,-0.004892671748643594
82,2025-5,Tags 2,7,temperature_deviation_from_band_c,1.840586419753066,0.0005133825680081527
82,2025-5,Tags 2,7,humidity_deviation_from_band_pp,10.186775576455283,0.0010344012377429867
82,2025-5,Tags 2,7,environment_out_of_band_days_7d,7.0,5.3205935526204725e-05
82,2025-5,Tags 2,7,environment_staleness_days,0.0,-0.00012341712336544344
82,2025-5,Tags 2,7,is_lags_building,0.0,0.0009485985240114227
82,2025-5,Tags 2,7,historical_building_recovery,0.923827573527506,0.0006937055114938177
82,2025-5,Tags 2,7,peer_delta_percentage_alive,0.0025897575976242537,0.00021941280221756437
82,2025-5,Tags 2,7,peer_delta_weight_gap_pct,0.29411764705881893,0.00028596072159018515
82,2025-5,Tags 2,7,missingindicator_temperature_deviation_from_band_c,1.0,0.001711611600042025
82,2025-5,Tags 2,7,missingindicator_humidity_deviation_from_band_pp,1.0,0.0003327602598104052
82,2025-5,Tags 2,7,missingindicator_environment_out_of_band_days_7d,1.0,0.0019243251363727871
82,2025-5,Tags 2,7,missingindicator_environment_staleness_days,1.0,0.0019641008315014934
83,2025-5,Tags 2,14,cycle_day,14.0,-0.005701463258220378
83,2025-5,Tags 2,14,percentage_alive,0.9854724964739068,-0.003624053384987286
83,2025-5,Tags 2,14,mortality_recent_3d_per_1000,1.081335213916314,0.0003862358820892517
83,2025-5,Tags 2,14,mortality_trend_delta_per_1000,0.1141782524011013,-9.886458053460594e-05
83,2025-5,Tags 2,14,weight_gap_pct,30.78947368421052,-0.002333976267481296
83,2025-5,Tags 2,14,weight_staleness_days,0.0,-0.004654179170583635
83,2025-5,Tags 2,14,temperature_deviation_from_band_c,1.840586419753066,0.000565355551097793
83,2025-5,Tags 2,14,humidity_deviation_from_band_pp,10.186775576455283,0.0011883017317654298
83,2025-5,Tags 2,14,environment_out_of_band_days_7d,7.0,5.765103922026879e-05
83,2025-5,Tags 2,14,environment_staleness_days,0.0,-0.00011795359379956512
83,2025-5,Tags 2,14,is_lags_building,0.0,0.0009691297971441867
83,2025-5,Tags 2,14,historical_building_recovery,0.923827573527506,0.0006530096079471652
83,2025-5,Tags 2,14,peer_delta_percentage_alive,0.0031869863483109384,0.0003266592257581385
83,2025-5,Tags 2,14,peer_delta_weight_gap_pct,-7.368421052631589,-0.00022373200208735766
83,2025-5,Tags 2,14,missingindicator_temperature_deviation_from_band_c,1.0,0.0016322934981662718
83,2025-5,Tags 2,14,missingindicator_humidity_deviation_from_band_pp,1.0,0.0003304944438338385
83,2025-5,Tags 2,14,missingindicator_environment_out_of_band_days_7d,1.0,0.0018240540098777445
83,2025-5,Tags 2,14,missingindicator_environment_staleness_days,1.0,0.0018823252606334872
84,2025-5,Tags 2,21,cycle_day,21.0,-0.0006127693786889981
84,2025-5,Tags 2,21,percentage_alive,0.9784203102961918,-0.002424762349474384
84,2025-5,Tags 2,21,mortality_recent_3d_per_1000,1.1283497884344147,0.0003266879989619464
84,2025-5,Tags 2,21,mortality_trend_delta_per_1000,0.1410437235543017,-0.0002675901110106191
84,2025-5,Tags 2,21,weight_gap_pct,29.50000000000001,-0.0019221981909677737
84,2025-5,Tags 2,21,weight_staleness_days,0.0,-0.0045281063017541204
84,2025-5,Tags 2,21,temperature_deviation_from_band_c,1.840586419753066,0.0006185776928494813
84,2025-5,Tags 2,21,humidity_deviation_from_band_pp,10.186775576455283,0.0013330043713427565
84,2025-5,Tags 2,21,environment_out_of_band_days_7d,7.0,5.9357371327033284e-05
84,2025-5,Tags 2,21,environment_staleness_days,0.0,-0.0001347550128288191
84,2025-5,Tags 2,21,is_lags_building,0.0,0.0008803170664726676
84,2025-5,Tags 2,21,historical_building_recovery,0.923827573527506,0.0007219930875962455
84,2025-5,Tags 2,21,peer_delta_percentage_alive,0.0034317447690062064,0.0002870335600817168
84,2025-5,Tags 2,21,peer_delta_weight_gap_pct,-6.3749999999999964,-0.0003032683952290439
84,2025-5,Tags 2,21,missingindicator_temperature_deviation_from_band_c,1.0,0.0014721341059384936
84,2025-5,Tags 2,21,missingindicator_humidity_deviation_from_band_pp,1.0,0.00019588471638137274
84,2025-5,Tags 2,21,missingindicator_environment_out_of_band_days_7d,1.0,0.0017923349791508674
84,2025-5,Tags 2,21,missingindicator_environment_staleness_days,1.0,0.0020232689231336216
85,2025-5,Tags 2,28,cycle_day,28.0,0.005206465249315048
85,2025-5,Tags 2,28,percentage_alive,0.9724964739069112,-0.0010205794692312398
85,2025-5,Tags 2,28,mortality_recent_3d_per_1000,0.846262341325811,0.0005667385851850881
85,2025-5,Tags 2,28,mortality_trend_delta_per_1000,0.0,0.00020280796044759802
85,2025-5,Tags 2,28,weight_gap_pct,11.999999999999991,0.004525226474243976
85,2025-5,Tags 2,28,weight_staleness_days,0.0,-0.004417382486127518
85,2025-5,Tags 2,28,temperature_deviation_from_band_c,1.840586419753066,0.000531541775334024
85,2025-5,Tags 2,28,humidity_deviation_from_band_pp,10.186775576455283,0.0014292649264359188
85,2025-5,Tags 2,28,environment_out_of_band_days_7d,7.0,5.2807224095950216e-05
85,2025-5,Tags 2,28,environment_staleness_days,0.0,-0.00014538801008268432
85,2025-5,Tags 2,28,is_lags_building,0.0,0.0009829595238067413
85,2025-5,Tags 2,28,historical_building_recovery,0.923827573527506,0.0008110335822590752
85,2025-5,Tags 2,28,peer_delta_percentage_alive,0.003617625849089534,0.0002208196976965011
85,2025-5,Tags 2,28,peer_delta_weight_gap_pct,-8.916666666666673,-0.00030601089307344425
85,2025-5,Tags 2,28,missingindicator_temperature_deviation_from_band_c,1.0,0.0017553223335854968
85,2025-5,Tags 2,28,missingindicator_humidity_deviation_from_band_pp,1.0,0.00013420629246843757
85,2025-5,Tags 2,28,missingindicator_environment_out_of_band_days_7d,1.0,0.0018528533219128434
85,2025-5,Tags 2,28,missingindicator_environment_staleness_days,1.0,0.0020947217236430594
86,2025-5,Tags 2,48,cycle_day,48.0,0.013236141624439835
86,2025-5,Tags 2,48,percentage_alive,0.9559943582510578,0.0017534948311365558
86,2025-5,Tags 2,48,mortality_recent_3d_per_1000,0.8932769158439117,0.000293221303212265
86,2025-5,Tags 2,48,mortality_trend_delta_per_1000,0.0873127812479012,-3.510455473197359e-05
86,2025-5,Tags 2,48,weight_gap_pct,1.3333333333333344,0.0031922623313200317
86,2025-5,Tags 2,48,weight_staleness_days,13.0,0.017730982718242878
86,2025-5,Tags 2,48,temperature_deviation_from_band_c,1.840586419753066,0.0003410943819326411
86,2025-5,Tags 2,48,humidity_deviation_from_band_pp,10.186775576455283,0.000824777660823503
86,2025-5,Tags 2,48,environment_out_of_band_days_7d,7.0,2.8536073486996747e-05
86,2025-5,Tags 2,48,environment_staleness_days,0.0,1.1420895417044702e-05
86,2025-5,Tags 2,48,is_lags_building,0.0,0.0006337322173394715
86,2025-5,Tags 2,48,historical_building_recovery,0.923827573527506,0.0005696211899849724
86,2025-5,Tags 2,48,peer_delta_percentage_alive,0.012862202605666506,0.00020903856301878
86,2025-5,Tags 2,48,peer_delta_weight_gap_pct,-3.111111111111114,3.1471967649418996e-06
86,2025-5,Tags 2,48,missingindicator_temperature_deviation_from_band_c,1.0,0.0010026029739500651
86,2025-5,Tags 2,48,missingindicator_humidity_deviation_from_band_pp,1.0,0.00011602492065715854
86,2025-5,Tags 2,48,missingindicator_environment_out_of_band_days_7d,1.0,0.0010407757437883153
86,2025-5,Tags 2,48,missingindicator_environment_staleness_days,1.0,0.0010981148860657142
87,2025-5,Tags 3,7,cycle_day,7.0,-0.011944274096750012
87,2025-5,Tags 3,7,percentage_alive,0.9908682214105086,-0.0033695238990889154
87,2025-5,Tags 3,7,mortality_recent_3d_per_1000,1.2644001123911208,0.00029303826895637125
87,2025-5,Tags 3,7,mortality_trend_delta_per_1000,0.0,0.0001185225155584044
87,2025-5,Tags 3,7,weight_gap_pct,37.64705882352942,-0.003415023229147219
87,2025-5,Tags 3,7,weight_staleness_days,0.0,-0.005341076289856656
87,2025-5,Tags 3,7,temperature_deviation_from_band_c,0.0,0.000425587984924798
87,2025-5,Tags 3,7,humidity_deviation_from_band_pp,10.934042553191505,0.0012731516820478962
87,2025-5,Tags 3,7,environment_out_of_band_days_7d,7.0,7.32940132087306e-05
87,2025-5,Tags 3,7,environment_staleness_days,0.0,-0.00025045543642986725
87,2025-5,Tags 3,7,is_lags_building,0.0,0.0019466251595203594
87,2025-5,Tags 3,7,historical_building_recovery,0.9337963479311192,0.002200617033992187
87,2025-5,Tags 3,7,peer_delta_percentage_alive,0.0012153838036194076,0.0001535298585279885
87,2025-5,Tags 3,7,peer_delta_weight_gap_pct,-0.29411764705882604,0.0002234301296512049
87,2025-5,Tags 3,7,missingindicator_temperature_deviation_from_band_c,0.0,-0.0015336063765843196
87,2025-5,Tags 3,7,missingindicator_humidity_deviation_from_band_pp,0.0,-0.0003291421232388713
87,2025-5,Tags 3,7,missingindicator_environment_out_of_band_days_7d,0.0,-0.0016094940420226442
87,2025-5,Tags 3,7,missingindicator_environment_staleness_days,0.0,-0.0017529869186091167
88,2025-5,Tags 3,14,cycle_day,14.0,-0.0064949892048060814
88,2025-5,Tags 3,14,percentage_alive,0.9853891542568136,-0.0032577934113727225
88,2025-5,Tags 3,14,mortality_recent_3d_per_1000,0.7492741406762198,0.0007523185290053087
88,2025-5,Tags 3,14,mortality_trend_delta_per_1000,0.0,0.00015214421924038813
88,2025-5,Tags 3,14,weight_gap_pct,33.94736842105263,-0.001797648478301086
88,2025-5,Tags 3,14,weight_staleness_days,0.0,-0.0050257780472873935
88,2025-5,Tags 3,14,temperature_deviation_from_band_c,0.8794117647058677,0.0009400907495820207
88,2025-5,Tags 3,14,humidity_deviation_from_band_pp,18.962745098039207,0.0024367193422704706
88,2025-5,Tags 3,14,environment_out_of_band_days_7d,7.0,9.429059758269776e-05
88,2025-5,Tags 3,14,environment_staleness_days,0.0,-0.0002923292217259653
88,2025-5,Tags 3,14,is_lags_building,0.0,0.0015728801140769543
88,2025-5,Tags 3,14,historical_building_recovery,0.9337963479311192,0.0022462804367444386
88,2025-5,Tags 3,14,peer_delta_percentage_alive,0.0031036441312177754,0.0008314426567056658
88,2025-5,Tags 3,14,peer_delta_weight_gap_pct,-4.21052631578948,-6.971788462876051e-05
88,2025-5,Tags 3,14,missingindicator_temperature_deviation_from_band_c,0.0,-0.0013971987341748662
88,2025-5,Tags 3,14,missingindicator_humidity_deviation_from_band_pp,0.0,-0.00029477800994855553
88,2025-5,Tags 3,14,missingindicator_environment_out_of_band_days_7d,0.0,-0.0014021853301090209
88,2025-5,Tags 3,14,missingindicator_environment_staleness_days,0.0,-0.0014779818121886225
89,2025-5,Tags 3,21,cycle_day,21.0,-0.0007077029979634718
89,2025-5,Tags 3,21,percentage_alive,0.9780837313852204,-0.0022154384420186163
89,2025-5,Tags 3,21,mortality_recent_3d_per_1000,1.0302519434298023,0.0007519932797040385
89,2025-5,Tags 3,21,mortality_trend_delta_per_1000,0.1070391629537457,-0.00024960328214197145
89,2025-5,Tags 3,21,weight_gap_pct,25.000000000000007,0.0013775769620635544
89,2025-5,Tags 3,21,weight_staleness_days,0.0,-0.004758274587299953
89,2025-5,Tags 3,21,temperature_deviation_from_band_c,2.783333333333331,-0.0004862631340064992
89,2025-5,Tags 3,21,humidity_deviation_from_band_pp,16.200000000000003,0.002862758593093636
89,2025-5,Tags 3,21,environment_out_of_band_days_7d,7.0,8.706697407456495e-05
89,2025-5,Tags 3,21,environment_staleness_days,6.0,0.0008617661154610189
89,2025-5,Tags 3,21,is_lags_building,0.0,0.0012528660667899252
89,2025-5,Tags 3,21,historical_building_recovery,0.9337963479311192,0.002027355850676563
89,2025-5,Tags 3,21,peer_delta_percentage_alive,0.0030951658580348207,0.0006657884275469303
89,2025-5,Tags 3,21,peer_delta_weight_gap_pct,-10.875,-0.00029777795423488245
89,2025-5,Tags 3,21,missingindicator_temperature_deviation_from_band_c,0.0,-0.0013909664439542006
89,2025-5,Tags 3,21,missingindicator_humidity_deviation_from_band_pp,0.0,-0.0002320850732552789
89,2025-5,Tags 3,21,missingindicator_environment_out_of_band_days_7d,0.0,-0.0015950563908005313
89,2025-5,Tags 3,21,missingindicator_environment_staleness_days,0.0,-0.0018038066767041955
90,2025-5,Tags 3,28,cycle_day,28.0,0.00714028436297998
90,2025-5,Tags 3,28,percentage_alive,0.9714807530205114,-0.0007996126823079695
90,2025-5,Tags 3,28,mortality_recent_3d_per_1000,1.0302519434298023,0.0008317836692056552
90,2025-5,Tags 3,28,mortality_trend_delta_per_1000,0.0869693198999184,-0.0002581717182628589
90,2025-5,Tags 3,28,weight_gap_pct,10.416666666666668,0.0027355947932690182
90,2025-5,Tags 3,28,weight_staleness_days,0.0,-0.004939150600807051
90,2025-5,Tags 3,28,temperature_deviation_from_band_c,3.783333333333331,-0.001336193137323285
90,2025-5,Tags 3,28,humidity_deviation_from_band_pp,16.200000000000003,0.00283393328276227
90,2025-5,Tags 3,28,environment_out_of_band_days_7d,7.0,6.806716829097641e-05
90,2025-5,Tags 3,28,environment_staleness_days,13.0,0.0009672806625672939
90,2025-5,Tags 3,28,is_lags_building,0.0,0.0010379441195591723
90,2025-5,Tags 3,28,historical_building_recovery,0.9337963479311192,0.001623701202804232
90,2025-5,Tags 3,28,peer_delta_percentage_alive,0.0026019049626897495,0.0004379542426752418
90,2025-5,Tags 3,28,peer_delta_weight_gap_pct,-10.499999999999996,-0.00025010324238731584
90,2025-5,Tags 3,28,missingindicator_temperature_deviation_from_band_c,0.0,-0.001579482299676342
90,2025-5,Tags 3,28,missingindicator_humidity_deviation_from_band_pp,0.0,-0.00019796014279652646
90,2025-5,Tags 3,28,missingindicator_environment_out_of_band_days_7d,0.0,-0.0016195639510749305
90,2025-5,Tags 3,28,missingindicator_environment_staleness_days,0.0,-0.001855794248178204
91,2025-5,Tags 3,48,cycle_day,48.0,0.016083743665678614
91,2025-5,Tags 3,48,percentage_alive,0.9543411070525428,0.0015338852125955029
91,2025-5,Tags 3,48,mortality_recent_3d_per_1000,0.7961037744684836,0.00041296366043584904
91,2025-5,Tags 3,48,mortality_trend_delta_per_1000,0.0,0.00014294491347151018
91,2025-5,Tags 3,48,weight_gap_pct,3.4444444444444473,0.002581600953545784
91,2025-5,Tags 3,48,weight_staleness_days,13.0,0.02013268290089626
91,2025-5,Tags 3,48,temperature_deviation_from_band_c,1.7122529644268667,0.0003897205577609612
91,2025-5,Tags 3,48,humidity_deviation_from_band_pp,13.67108036890646,0.0011944110101859353
91,2025-5,Tags 3,48,environment_out_of_band_days_7d,7.0,3.860065816010234e-05
91,2025-5,Tags 3,48,environment_staleness_days,0.0,-5.747422057839443e-05
91,2025-5,Tags 3,48,is_lags_building,0.0,0.0007402282150820934
91,2025-5,Tags 3,48,historical_building_recovery,0.9337963479311192,0.0009552645681911356
91,2025-5,Tags 3,48,peer_delta_percentage_alive,0.011208951407151502,0.00034827253111486395
91,2025-5,Tags 3,48,peer_delta_weight_gap_pct,-1.0000000000000009,0.00011884389923892932
91,2025-5,Tags 3,48,missingindicator_temperature_deviation_from_band_c,0.0,-0.0008844049723565794
91,2025-5,Tags 3,48,missingindicator_humidity_deviation_from_band_pp,0.0,-0.00012758099911867987
91,2025-5,Tags 3,48,missingindicator_environment_out_of_band_days_7d,0.0,-0.0008925326191650488
91,2025-5,Tags 3,48,missingindicator_environment_staleness_days,0.0,-0.0009185024750804661
92,2026-1,Lags 1,7,cycle_day,7.0,-0.00848365173389963
92,2026-1,Lags 1,7,percentage_alive,0.980229762222816,-0.0012663653667839571
92,2026-1,Lags 1,7,mortality_recent_3d_per_1000,1.9592127526939176,-0.0012866735844237025
92,2026-1,Lags 1,7,mortality_trend_delta_per_1000,0.0,0.00020785313432464332
92,2026-1,Lags 1,7,weight_gap_pct,39.117647058823536,-0.00334301362708313
92,2026-1,Lags 1,7,weight_staleness_days,0.0,-0.005312955678226497
92,2026-1,Lags 1,7,temperature_deviation_from_band_c,0.0,0.00039354245981300016
92,2026-1,Lags 1,7,humidity_deviation_from_band_pp,1.6378250591015728,-0.015831869142134285
92,2026-1,Lags 1,7,environment_out_of_band_days_7d,6.0,-0.0008688245224491971
92,2026-1,Lags 1,7,environment_staleness_days,0.0,-0.0001487329068122649
92,2026-1,Lags 1,7,is_lags_building,1.0,-0.0024569840625580097
92,2026-1,Lags 1,7,historical_building_recovery,0.91630879996548,0.0003891630361453456
92,2026-1,Lags 1,7,peer_delta_percentage_alive,-0.007204966557877723,-0.00031589119861934477
92,2026-1,Lags 1,7,peer_delta_weight_gap_pct,6.038235294117648,-3.505150137077284e-05
92,2026-1,Lags 1,7,missingindicator_temperature_deviation_from_band_c,0.0,-0.0005211055785721115
92,2026-1,Lags 1,7,missingindicator_humidity_deviation_from_band_pp,0.0,-0.0003851431775924874
92,2026-1,Lags 1,7,missingindicator_environment_out_of_band_days_7d,0.0,-0.0003800663071738755
92,2026-1,Lags 1,7,missingindicator_environment_staleness_days,0.0,-0.00039728478427074576
93,2026-1,Lags 1,14,cycle_day,14.0,-0.006162817084892101
93,2026-1,Lags 1,14,percentage_alive,0.9674948793303054,3.0262915524936135e-05
93,2026-1,Lags 1,14,mortality_recent_3d_per_1000,1.48425208537418,-0.0003752355126208231
93,2026-1,Lags 1,14,mortality_trend_delta_per_1000,0.0,0.0003366854406261836
93,2026-1,Lags 1,14,weight_gap_pct,21.18947368421052,0.004566042567746364
93,2026-1,Lags 1,14,weight_staleness_days,0.0,-0.005039090456412039
93,2026-1,Lags 1,14,temperature_deviation_from_band_c,0.0,0.000275610789902043
93,2026-1,Lags 1,14,humidity_deviation_from_band_pp,5.57356678487001,-0.011735373519744182
93,2026-1,Lags 1,14,environment_out_of_band_days_7d,7.0,0.00031707401782975897
93,2026-1,Lags 1,14,environment_staleness_days,0.0,-0.00022443091454057228
93,2026-1,Lags 1,14,is_lags_building,1.0,-0.0033660618194106093
93,2026-1,Lags 1,14,historical_building_recovery,0.91630879996548,0.0003342296660285073
93,2026-1,Lags 1,14,peer_delta_percentage_alive,-0.009979319518324536,-0.00029879922348832787
93,2026-1,Lags 1,14,peer_delta_weight_gap_pct,0.0,0.0006757429909886043
93,2026-1,Lags 1,14,missingindicator_temperature_deviation_from_band_c,0.0,-0.0006696456513181342
93,2026-1,Lags 1,14,missingindicator_humidity_deviation_from_band_pp,0.0,-0.0005101380044721985
93,2026-1,Lags 1,14,missingindicator_environment_out_of_band_days_7d,0.0,-0.0006154099604618904
93,2026-1,Lags 1,14,missingindicator_environment_staleness_days,0.0,-0.0006328225297526696
94,2026-1,Lags 1,21,cycle_day,21.0,-0.001446175059140096
94,2026-1,Lags 1,21,percentage_alive,0.9578769258170808,0.0010150644107396094
94,2026-1,Lags 1,21,mortality_recent_3d_per_1000,1.3951969602517291,-4.322326937961055e-05
94,2026-1,Lags 1,21,mortality_trend_delta_per_1000,0.0,0.00030588219276331
94,2026-1,Lags 1,21,weight_gap_pct,32.125000000000014,-0.0016111789171330776
94,2026-1,Lags 1,21,weight_staleness_days,0.0,-0.005065383602572999
94,2026-1,Lags 1,21,temperature_deviation_from_band_c,1.2090277777777665,0.0004338820281618498
94,2026-1,Lags 1,21,humidity_deviation_from_band_pp,2.2743055555555287,-0.01665776481680493
94,2026-1,Lags 1,21,environment_out_of_band_days_7d,7.0,0.000359212522295422
94,2026-1,Lags 1,21,environment_staleness_days,0.0,-0.00027357835639763966
94,2026-1,Lags 1,21,is_lags_building,1.0,-0.002564900404900424
94,2026-1,Lags 1,21,historical_building_recovery,0.91630879996548,0.0005115227511588883
94,2026-1,Lags 1,21,peer_delta_percentage_alive,-0.009698500825840672,-0.00027501410287021237
94,2026-1,Lags 1,21,peer_delta_weight_gap_pct,17.682499999999997,-0.000726622442876085
94,2026-1,Lags 1,21,missingindicator_temperature_deviation_from_band_c,0.0,-0.0005997610157614393
94,2026-1,Lags 1,21,missingindicator_humidity_deviation_from_band_pp,0.0,-0.0004568105735909112
94,2026-1,Lags 1,21,missingindicator_environment_out_of_band_days_7d,0.0,-0.0005272215745913782
94,2026-1,Lags 1,21,missingindicator_environment_staleness_days,0.0,-0.00048119927809568155
95,2026-1,Lags 1,28,cycle_day,28.0,0.005090643140342656
95,2026-1,Lags 1,28,percentage_alive,0.9376614124142844,0.002294397678628649
95,2026-1,Lags 1,28,mortality_recent_3d_per_1000,1.4842520853741796,-0.0003624411564428416
95,2026-1,Lags 1,28,mortality_trend_delta_per_1000,0.0084814404878519,0.00035441318082653943
95,2026-1,Lags 1,28,weight_gap_pct,14.833333333333329,0.005477307935707155
95,2026-1,Lags 1,28,weight_staleness_days,0.0,-0.005177069236710506
95,2026-1,Lags 1,28,temperature_deviation_from_band_c,0.9889254385964996,0.000285222509198722
95,2026-1,Lags 1,28,humidity_deviation_from_band_pp,6.447368421052616,-0.010198158288297853
95,2026-1,Lags 1,28,environment_out_of_band_days_7d,7.0,0.00023126360036230064
95,2026-1,Lags 1,28,environment_staleness_days,0.0,-0.00041569525241354346
95,2026-1,Lags 1,28,is_lags_building,1.0,-0.0025694340458968044
95,2026-1,Lags 1,28,historical_building_recovery,0.91630879996548,0.0005127542179908488
95,2026-1,Lags 1,28,peer_delta_percentage_alive,-0.010315481126097481,-0.00023415642822691477
95,2026-1,Lags 1,28,peer_delta_weight_gap_pct,5.861666666666663,-1.3022937924286587e-05
95,2026-1,Lags 1,28,missingindicator_temperature_deviation_from_band_c,0.0,-0.000676721340999763
95,2026-1,Lags 1,28,missingindicator_humidity_deviation_from_band_pp,0.0,-0.0006284721573285506
95,2026-1,Lags 1,28,missingindicator_environment_out_of_band_days_7d,0.0,-0.0005805269316119575
95,2026-1,Lags 1,28,missingindicator_environment_staleness_days,0.0,-0.0006709643801668962
96,2026-1,Lags 1,48,cycle_day,48.0,0.014768458311501153
96,2026-1,Lags 1,48,percentage_alive,0.9096090480007124,0.0020176263702997924
96,2026-1,Lags 1,48,mortality_recent_3d_per_1000,1.6623623356190815,-0.0005203886727523711
96,2026-1,Lags 1,48,mortality_trend_delta_per_1000,0.3647019409776557,-0.0005067032030922379
96,2026-1,Lags 1,48,weight_gap_pct,10.777777777777777,0.004805453837167417
96,2026-1,Lags 1,48,weight_staleness_days,13.0,0.020891648097952527
96,2026-1,Lags 1,48,temperature_deviation_from_band_c,1.3833333333333364,0.00023337653047075154
96,2026-1,Lags 1,48,humidity_deviation_from_band_pp,11.025694444444396,-0.0010681984740294316
96,2026-1,Lags 1,48,environment_out_of_band_days_7d,7.0,0.00011706263692688339
96,2026-1,Lags 1,48,environment_staleness_days,0.0,-0.00011472907390029809
96,2026-1,Lags 1,48,is_lags_building,1.0,-0.0017896991621501315
96,2026-1,Lags 1,48,historical_building_recovery,0.91630879996548,0.00030037443896941296
96,2026-1,Lags 1,48,peer_delta_percentage_alive,-0.023827267123567974,-0.0002118731717881836
96,2026-1,Lags 1,48,peer_delta_weight_gap_pct,0.0,0.0002588941272656254
96,2026-1,Lags 1,48,missingindicator_temperature_deviation_from_band_c,0.0,-0.00028632770787779464
96,2026-1,Lags 1,48,missingindicator_humidity_deviation_from_band_pp,0.0,-0.00023985127859790336
96,2026-1,Lags 1,48,missingindicator_environment_out_of_band_days_7d,0.0,-0.0002579308613335824
96,2026-1,Lags 1,48,missingindicator_environment_staleness_days,0.0,-0.0002396302428382285
97,2026-1,Lags 2,7,cycle_day,7.0,-0.008941626419977259
97,2026-1,Lags 2,7,percentage_alive,0.9855331309162352,-0.0017095444483936208
97,2026-1,Lags 2,7,mortality_recent_3d_per_1000,1.5181282371852118,-0.0006218036828151767
97,2026-1,Lags 2,7,mortality_trend_delta_per_1000,0.0,0.0001235200424928651
97,2026-1,Lags 2,7,weight_gap_pct,36.76470588235295,-0.0032837785844603328
97,2026-1,Lags 2,7,weight_staleness_days,0.0,-0.004667778846798044
97,2026-1,Lags 2,7,temperature_deviation_from_band_c,0.0,0.000391302183865663
97,2026-1,Lags 2,7,humidity_deviation_from_band_pp,16.80766843971628,0.004340323639566024
97,2026-1,Lags 2,7,environment_out_of_band_days_7d,7.0,0.00021158738595629395
97,2026-1,Lags 2,7,environment_staleness_days,0.0,-0.00021240728853643947
97,2026-1,Lags 2,7,is_lags_building,1.0,-0.0029243449628509437
97,2026-1,Lags 2,7,historical_building_recovery,0.9125906247461207,0.00019592219578063225
97,2026-1,Lags 2,7,peer_delta_percentage_alive,-0.0019015978644585374,-0.0003009037171582018
97,2026-1,Lags 2,7,peer_delta_weight_gap_pct,3.685294117647061,0.00012360536089834945
97,2026-1,Lags 2,7,missingindicator_temperature_deviation_from_band_c,0.0,-0.00034755886811433734
97,2026-1,Lags 2,7,missingindicator_humidity_deviation_from_band_pp,0.0,-0.0002132533261339156
97,2026-1,Lags 2,7,missingindicator_environment_out_of_band_days_7d,0.0,-0.0002610500680057245
97,2026-1,Lags 2,7,missingindicator_environment_staleness_days,0.0,-0.00015409072233972488
98,2026-1,Lags 2,14,cycle_day,14.0,-0.005313632427349958
98,2026-1,Lags 2,14,percentage_alive,0.9749062332559386,-0.0007282150899613609
98,2026-1,Lags 2,14,mortality_recent_3d_per_1000,1.2204560338155623,0.0004796377106487311
98,2026-1,Lags 2,14,mortality_trend_delta_per_1000,0.0,0.0002758722322477746
98,2026-1,Lags 2,14,weight_gap_pct,1.3157894736842115,0.007339609007235644
98,2026-1,Lags 2,14,weight_staleness_days,0.0,-0.00438968736692277
98,2026-1,Lags 2,14,temperature_deviation_from_band_c,0.9395833333333314,0.0003252169675342032
98,2026-1,Lags 2,14,humidity_deviation_from_band_pp,19.75486111111117,0.004583841867688194
98,2026-1,Lags 2,14,environment_out_of_band_days_7d,7.0,0.0001982598622590042
98,2026-1,Lags 2,14,environment_staleness_days,0.0,-0.00022342728713850067
98,2026-1,Lags 2,14,is_lags_building,1.0,-0.00339475545713688
98,2026-1,Lags 2,14,historical_building_recovery,0.9125906247461207,0.00025609442942375735
98,2026-1,Lags 2,14,peer_delta_percentage_alive,-0.002567965592691346,-0.00019389520604992295
98,2026-1,Lags 2,14,peer_delta_weight_gap_pct,-19.873684210526307,0.0006007645709330396
98,2026-1,Lags 2,14,missingindicator_temperature_deviation_from_band_c,0.0,-0.000557084031900696
98,2026-1,Lags 2,14,missingindicator_humidity_deviation_from_band_pp,0.0,-0.0004268231217122363
98,2026-1,Lags 2,14,missingindicator_environment_out_of_band_days_7d,0.0,-0.0005176413530225763
98,2026-1,Lags 2,14,missingindicator_environment_staleness_days,0.0,-0.0004593881934449217
99,2026-1,Lags 2,21,cycle_day,21.0,-0.0005477045199133824
99,2026-1,Lags 2,21,percentage_alive,0.9621360957313806,0.00033944782266250625
99,2026-1,Lags 2,21,mortality_recent_3d_per_1000,1.8753348812287909,-0.0011381928018240198
99,2026-1,Lags 2,21,mortality_trend_delta_per_1000,0.331691883754752,-0.0009634948755157646
99,2026-1,Lags 2,21,weight_gap_pct,-2.3749999999999885,0.006802917154180952
99,2026-1,Lags 2,21,weight_staleness_days,0.0,-0.004510043330125381
99,2026-1,Lags 2,21,temperature_deviation_from_band_c,0.0,0.00011252414568301406
99,2026-1,Lags 2,21,humidity_deviation_from_band_pp,15.917708333333316,0.004594332413730198
99,2026-1,Lags 2,21,environment_out_of_band_days_7d,4.0,-0.0005763883634597059
99,2026-1,Lags 2,21,environment_staleness_days,0.0,-0.00028366652066827127
99,2026-1,Lags 2,21,is_lags_building,1.0,-0.0031804625018270294
99,2026-1,Lags 2,21,historical_building_recovery,0.9125906247461207,0.0003363218211345453
99,2026-1,Lags 2,21,peer_delta_percentage_alive,-0.005439330911540918,-0.0003373661796990232
99,2026-1,Lags 2,21,peer_delta_weight_gap_pct,-16.817500000000006,0.0003794286100313756
99,2026-1,Lags 2,21,missingindicator_temperature_deviation_from_band_c,0.0,-0.0006701900705107233
99,2026-1,Lags 2,21,missingindicator_humidity_deviation_from_band_pp,1.0,0.0006547286167668576
99,2026-1,Lags 2,21,missingindicator_environment_out_of_band_days_7d,0.0,-0.0006208132227438323
99,2026-1,Lags 2,21,missingindicator_environment_staleness_days,0.0,-0.0005654888009375129
100,2026-1,Lags 2,28,cycle_day,28.0,0.0045134170412593835
100,2026-1,Lags 2,28,percentage_alive,0.9352562957671012,0.0026135850581401306
100,2026-1,Lags 2,28,mortality_recent_3d_per_1000,1.786033220217896,-0.0009928647722677133
100,2026-1,Lags 2,28,mortality_trend_delta_per_1000,0.0,0.0004310111992717926
100,2026-1,Lags 2,28,weight_gap_pct,-18.333333333333332,0.005896716483195074
100,2026-1,Lags 2,28,weight_staleness_days,0.0,-0.004587564218030357
100,2026-1,Lags 2,28,temperature_deviation_from_band_c,1.244444444444465,0.0003106786303251596
100,2026-1,Lags 2,28,humidity_deviation_from_band_pp,15.917708333333316,0.004259273213846013
100,2026-1,Lags 2,28,environment_out_of_band_days_7d,4.0,-0.0005890152792602536
100,2026-1,Lags 2,28,environment_staleness_days,0.0,-0.00040713303340563574
100,2026-1,Lags 2,28,is_lags_building,1.0,-0.0024683787822560197
100,2026-1,Lags 2,28,historical_building_recovery,0.9125906247461207,0.00046942876007393384
100,2026-1,Lags 2,28,peer_delta_percentage_alive,-0.012720597773280606,-0.0002843553558376958
100,2026-1,Lags 2,28,peer_delta_weight_gap_pct,-27.305,0.00024489333341660453
100,2026-1,Lags 2,28,missingindicator_temperature_deviation_from_band_c,0.0,-0.0006268716121921423
100,2026-1,Lags 2,28,missingindicator_humidity_deviation_from_band_pp,1.0,0.00060241335087264
100,2026-1,Lags 2,28,missingindicator_environment_out_of_band_days_7d,0.0,-0.0005565215861608654
100,2026-1,Lags 2,28,missingindicator_environment_staleness_days,0.0,-0.0005492756833308274
101,2026-1,Lags 2,45,cycle_day,45.0,0.012599461071693983
101,2026-1,Lags 2,45,percentage_alive,0.870959099839257,0.002274776299802498
101,2026-1,Lags 2,45,mortality_recent_3d_per_1000,13.484550812645116,-0.0008016716207953738
101,2026-1,Lags 2,45,mortality_trend_delta_per_1000,11.902635674737835,-0.0006261354280665589
101,2026-1,Lags 2,45,weight_gap_pct,-9.555555555555552,0.004965195220380653
101,2026-1,Lags 2,45,weight_staleness_days,10.0,0.015619109518426908
101,2026-1,Lags 2,45,temperature_deviation_from_band_c,4.381250000000005,-0.0006519116152539443
101,2026-1,Lags 2,45,humidity_deviation_from_band_pp,15.917708333333316,0.0030399417489804822
101,2026-1,Lags 2,45,environment_out_of_band_days_7d,7.0,0.000100669244583247
101,2026-1,Lags 2,45,environment_staleness_days,0.0,-0.00013775004040643936
101,2026-1,Lags 2,45,is_lags_building,1.0,-0.0016202573136261807
101,2026-1,Lags 2,45,historical_building_recovery,0.9125906247461207,0.0002603559802888462
101,2026-1,Lags 2,45,peer_delta_percentage_alive,0.0,5.7319715232192345e-05
101,2026-1,Lags 2,45,peer_delta_weight_gap_pct,0.0,0.000314391168809069
101,2026-1,Lags 2,45,missingindicator_temperature_deviation_from_band_c,0.0,-0.00030996993943460666
101,2026-1,Lags 2,45,missingindicator_humidity_deviation_from_band_pp,1.0,0.0002710646489694448
101,2026-1,Lags 2,45,missingindicator_environment_out_of_band_days_7d,0.0,-0.00028870117471576544
101,2026-1,Lags 2,45,missingindicator_environment_staleness_days,0.0,-0.0002203586014441719
102,2026-1,Lags 3,7,cycle_day,7.0,-0.008717798378668788
102,2026-1,Lags 3,7,percentage_alive,0.9834061914532964,-0.0015971459158913208
102,2026-1,Lags 3,7,mortality_recent_3d_per_1000,1.932970529633925,-0.0009428516035513395
102,2026-1,Lags 3,7,mortality_trend_delta_per_1000,0.0,0.00010762484561498922
102,2026-1,Lags 3,7,weight_gap_pct,40.294117647058826,-0.004391362623843571
102,2026-1,Lags 3,7,weight_staleness_days,0.0,-0.0048936024123663775
102,2026-1,Lags 3,7,temperature_deviation_from_band_c,1.8481060606060673,0.0003273401189008078
102,2026-1,Lags 3,7,humidity_deviation_from_band_pp,15.917708333333316,0.003828161654441789
102,2026-1,Lags 3,7,environment_out_of_band_days_7d,7.0,0.00010705459391963775
102,2026-1,Lags 3,7,environment_staleness_days,0.0,-0.00014240105018690556
102,2026-1,Lags 3,7,is_lags_building,1.0,-0.0028852478622432187
102,2026-1,Lags 3,7,historical_building_recovery,0.8745592115249781,-0.008372699847905793
102,2026-1,Lags 3,7,peer_delta_percentage_alive,-0.004028537327397275,-0.0003797478906758385
102,2026-1,Lags 3,7,peer_delta_weight_gap_pct,7.214705882352938,-0.00020839304474805066
102,2026-1,Lags 3,7,missingindicator_temperature_deviation_from_band_c,1.0,0.00032731581298961764
102,2026-1,Lags 3,7,missingindicator_humidity_deviation_from_band_pp,1.0,0.00028951339541314616
102,2026-1,Lags 3,7,missingindicator_environment_out_of_band_days_7d,1.0,0.00028277625942024255
102,2026-1,Lags 3,7,missingindicator_environment_staleness_days,1.0,0.00020338740923960224
103,2026-1,Lags 3,14,cycle_day,14.0,-0.006512089272146978
103,2026-1,Lags 3,14,percentage_alive,0.9660094566865912,0.00013206245267622247
103,2026-1,Lags 3,14,mortality_recent_3d_per_1000,2.408778660005353,-0.0009727357089509113
103,2026-1,Lags 3,14,mortality_trend_delta_per_1000,0.1274486063494895,-0.00017779981927637322
103,2026-1,Lags 3,14,weight_gap_pct,44.86842105263158,-0.004595598689100087
103,2026-1,Lags 3,14,weight_staleness_days,0.0,-0.004824755269607523
103,2026-1,Lags 3,14,temperature_deviation_from_band_c,1.8481060606060673,0.000378068710759864
103,2026-1,Lags 3,14,humidity_deviation_from_band_pp,15.917708333333316,0.004131240504752489
103,2026-1,Lags 3,14,environment_out_of_band_days_7d,7.0,0.00010014372346434737
103,2026-1,Lags 3,14,environment_staleness_days,0.0,-0.0001437834292511545
103,2026-1,Lags 3,14,is_lags_building,1.0,-0.003197710783067685
103,2026-1,Lags 3,14,historical_building_recovery,0.8745592115249781,-0.009357610336725473
103,2026-1,Lags 3,14,peer_delta_percentage_alive,-0.011464742162038744,-0.00030788712836662475
103,2026-1,Lags 3,14,peer_delta_weight_gap_pct,23.678947368421063,-0.0009637205639301978
103,2026-1,Lags 3,14,missingindicator_temperature_deviation_from_band_c,1.0,0.0004574728536478254
103,2026-1,Lags 3,14,missingindicator_humidity_deviation_from_band_pp,1.0,0.0002975026210227074
103,2026-1,Lags 3,14,missingindicator_environment_out_of_band_days_7d,1.0,0.00038254870973877304
103,2026-1,Lags 3,14,missingindicator_environment_staleness_days,1.0,0.00027857257584876607
104,2026-1,Lags 3,21,cycle_day,21.0,-0.0006780678869981547
104,2026-1,Lags 3,21,percentage_alive,0.9569096261932376,0.001652951087658255
104,2026-1,Lags 3,21,mortality_recent_3d_per_1000,1.3084723585214262,0.0002842507789585043
104,2026-1,Lags 3,21,mortality_trend_delta_per_1000,0.0,0.00017385787272353284
104,2026-1,Lags 3,21,weight_gap_pct,46.624999999999986,-0.0046440205122106355
104,2026-1,Lags 3,21,weight_staleness_days,0.0,-0.004579388600107936
104,2026-1,Lags 3,21,temperature_deviation_from_band_c,1.8481060606060673,0.00042762039887098624
104,2026-1,Lags 3,21,humidity_deviation_from_band_pp,15.917708333333316,0.004304072482480568
104,2026-1,Lags 3,21,environment_out_of_band_days_7d,7.0,0.00012257229993785463
104,2026-1,Lags 3,21,environment_staleness_days,0.0,-0.00018015018610400768
104,2026-1,Lags 3,21,is_lags_building,1.0,-0.0030975406951463916
104,2026-1,Lags 3,21,historical_building_recovery,0.8745592115249781,-0.010358780686029809
104,2026-1,Lags 3,21,peer_delta_percentage_alive,-0.010665800449683904,-0.0002894619544735908
104,2026-1,Lags 3,21,peer_delta_weight_gap_pct,32.18249999999997,-0.0007128183352666834
104,2026-1,Lags 3,21,missingindicator_temperature_deviation_from_band_c,1.0,0.00045687839984881196
104,2026-1,Lags 3,21,missingindicator_humidity_deviation_from_band_pp,1.0,0.0003362664047252852
104,2026-1,Lags 3,21,missingindicator_environment_out_of_band_days_7d,1.0,0.00032490603618554525
104,2026-1,Lags 3,21,missingindicator_environment_staleness_days,1.0,0.0002700127011024649
105,2026-1,Lags 3,28,cycle_day,28.0,0.004488699600694456
105,2026-1,Lags 3,28,percentage_alive,0.9374609688643056,0.0024699776093427806
105,2026-1,Lags 3,28,mortality_recent_3d_per_1000,1.8734945133374967,-0.0009707531601836835
105,2026-1,Lags 3,28,mortality_trend_delta_per_1000,0.6372430317474478,-0.0010820437754624301
105,2026-1,Lags 3,28,weight_gap_pct,21.500000000000004,0.0034432333517816485
105,2026-1,Lags 3,28,weight_staleness_days,0.0,-0.005024954417641679
105,2026-1,Lags 3,28,temperature_deviation_from_band_c,1.8481060606060673,0.00039429457085800995
105,2026-1,Lags 3,28,humidity_deviation_from_band_pp,15.917708333333316,0.003922483119615559
105,2026-1,Lags 3,28,environment_out_of_band_days_7d,7.0,0.00011008637423456492
105,2026-1,Lags 3,28,environment_staleness_days,0.0,-0.00020287245606081627
105,2026-1,Lags 3,28,is_lags_building,1.0,-0.0026126421805476394
105,2026-1,Lags 3,28,historical_building_recovery,0.8745592115249781,-0.010009696472207185
105,2026-1,Lags 3,28,peer_delta_percentage_alive,-0.010515924676076205,-0.00023670888306837675
105,2026-1,Lags 3,28,peer_delta_weight_gap_pct,12.528333333333338,-0.0003177334936761275
105,2026-1,Lags 3,28,missingindicator_temperature_deviation_from_band_c,1.0,0.0005824485161889109
105,2026-1,Lags 3,28,missingindicator_humidity_deviation_from_band_pp,1.0,0.0005109678018256397
105,2026-1,Lags 3,28,missingindicator_environment_out_of_band_days_7d,1.0,0.0004965582206873524
105,2026-1,Lags 3,28,missingindicator_environment_staleness_days,1.0,0.000407204903232853
106,2026-1,Lags 3,48,cycle_day,48.0,0.014229227961439139
106,2026-1,Lags 3,48,percentage_alive,0.910607547506468,0.00205587083923828
106,2026-1,Lags 3,48,mortality_recent_3d_per_1000,1.1300443096321409,0.00025850389755452825
106,2026-1,Lags 3,48,mortality_trend_delta_per_1000,0.0,0.00016131571165289602
106,2026-1,Lags 3,48,weight_gap_pct,6.031111111111122,0.005009182756198254
106,2026-1,Lags 3,48,weight_staleness_days,13.0,0.019390330478540465
106,2026-1,Lags 3,48,temperature_deviation_from_band_c,1.8481060606060673,0.0001987951955011772
106,2026-1,Lags 3,48,humidity_deviation_from_band_pp,15.917708333333316,0.002610844828142931
106,2026-1,Lags 3,48,environment_out_of_band_days_7d,7.0,8.113211349749196e-05
106,2026-1,Lags 3,48,environment_staleness_days,0.0,-6.098809807698042e-05
106,2026-1,Lags 3,48,is_lags_building,1.0,-0.0016751386080804552
106,2026-1,Lags 3,48,historical_building_recovery,0.8745592115249781,-0.00585081447134734
106,2026-1,Lags 3,48,peer_delta_percentage_alive,-0.022828767617812384,-0.0001994541105775974
106,2026-1,Lags 3,48,peer_delta_weight_gap_pct,-4.746666666666655,0.00014741549815939887
106,2026-1,Lags 3,48,missingindicator_temperature_deviation_from_band_c,1.0,0.00027074756697844846
106,2026-1,Lags 3,48,missingindicator_humidity_deviation_from_band_pp,1.0,0.00019941253175385153
106,2026-1,Lags 3,48,missingindicator_environment_out_of_band_days_7d,1.0,0.0002008888097988557
106,2026-1,Lags 3,48,missingindicator_environment_staleness_days,1.0,0.00018047407003581669
107,2026-1,Tags 1,7,cycle_day,7.0,-0.007507823217624963
107,2026-1,Tags 1,7,percentage_alive,0.9898805340829234,-0.0012344797291672458
107,2026-1,Tags 1,7,mortality_recent_3d_per_1000,1.6397282736003749,-0.001238152020808697
107,2026-1,Tags 1,7,mortality_trend_delta_per_1000,0.3396579995315063,-0.0006875235429176994
107,2026-1,Tags 1,7,weight_gap_pct,27.229411764705887,0.0003822937310343107
107,2026-1,Tags 1,7,weight_staleness_days,0.0,-0.005225935439324156
107,2026-1,Tags 1,7,temperature_deviation_from_band_c,0.0,0.0002958148813136384
107,2026-1,Tags 1,7,humidity_deviation_from_band_pp,0.2328502415459326,-0.018492800276099827
107,2026-1,Tags 1,7,environment_out_of_band_days_7d,7.0,0.0004289416312888839
107,2026-1,Tags 1,7,environment_staleness_days,0.0,-0.0001782510689634284
107,2026-1,Tags 1,7,is_lags_building,0.0,0.0019003130727128946
107,2026-1,Tags 1,7,historical_building_recovery,0.9256013711609116,0.0008115399641086144
107,2026-1,Tags 1,7,peer_delta_percentage_alive,0.002445805302229709,0.0002011734262973629
107,2026-1,Tags 1,7,peer_delta_weight_gap_pct,-5.850000000000001,0.00025518834793978126
107,2026-1,Tags 1,7,missingindicator_temperature_deviation_from_band_c,0.0,-0.0005767490091000772
107,2026-1,Tags 1,7,missingindicator_humidity_deviation_from_band_pp,0.0,-0.00045628416641537686
107,2026-1,Tags 1,7,missingindicator_environment_out_of_band_days_7d,0.0,-0.000581338158236865
107,2026-1,Tags 1,7,missingindicator_environment_staleness_days,0.0,-0.000455592560987419
108,2026-1,Tags 1,14,cycle_day,14.0,-0.004934435762866181
108,2026-1,Tags 1,14,percentage_alive,0.9800421644413212,-0.00103146205387992
108,2026-1,Tags 1,14,mortality_recent_3d_per_1000,1.0775357226516749,0.0006679310106362542
108,2026-1,Tags 1,14,mortality_trend_delta_per_1000,0.0,0.0003039242977314491
108,2026-1,Tags 1,14,weight_gap_pct,14.484210526315785,0.006688802527015923
108,2026-1,Tags 1,14,weight_staleness_days,0.0,-0.004433244822193253
108,2026-1,Tags 1,14,temperature_deviation_from_band_c,0.0,0.00031677167860761225
108,2026-1,Tags 1,14,humidity_deviation_from_band_pp,10.373611111111131,-0.002766575923022357
108,2026-1,Tags 1,14,environment_out_of_band_days_7d,7.0,0.0003524786900866261
108,2026-1,Tags 1,14,environment_staleness_days,0.0,-0.00020313747471501842
108,2026-1,Tags 1,14,is_lags_building,0.0,0.002728585835533115
108,2026-1,Tags 1,14,historical_building_recovery,0.9256013711609116,0.0009166928726691063
108,2026-1,Tags 1,14,peer_delta_percentage_alive,0.002567965592691235,0.0002355614770040008
108,2026-1,Tags 1,14,peer_delta_weight_gap_pct,-6.705263157894734,0.0003749660804148099
108,2026-1,Tags 1,14,missingindicator_temperature_deviation_from_band_c,0.0,-0.0005558661516091676
108,2026-1,Tags 1,14,missingindicator_humidity_deviation_from_band_pp,0.0,-0.00044793384978379246
108,2026-1,Tags 1,14,missingindicator_environment_out_of_band_days_7d,0.0,-0.0005768842954172348
108,2026-1,Tags 1,14,missingindicator_environment_staleness_days,0.0,-0.0005283292671542044
109,2026-1,Tags 1,21,cycle_day,21.0,-0.001246010189631977
109,2026-1,Tags 1,21,percentage_alive,0.9730147575544624,-0.00035252529400640697
109,2026-1,Tags 1,21,mortality_recent_3d_per_1000,0.9838369641602248,0.0007873260311507305
109,2026-1,Tags 1,21,mortality_trend_delta_per_1000,0.0,0.0004552671210607583
109,2026-1,Tags 1,21,weight_gap_pct,16.165000000000013,0.005735465477966778
109,2026-1,Tags 1,21,weight_staleness_days,0.0,-0.004675794531002109
109,2026-1,Tags 1,21,temperature_deviation_from_band_c,0.7819444444444343,0.00032013411679663006
109,2026-1,Tags 1,21,humidity_deviation_from_band_pp,4.890277777777769,-0.012580626570183204
109,2026-1,Tags 1,21,environment_out_of_band_days_7d,7.0,0.00036372535580758605
109,2026-1,Tags 1,21,environment_staleness_days,0.0,-0.0002782862294488368
109,2026-1,Tags 1,21,is_lags_building,0.0,0.002308958556714723
109,2026-1,Tags 1,21,historical_building_recovery,0.9256013711609116,0.0010107821285705242
109,2026-1,Tags 1,21,peer_delta_percentage_alive,0.005439330911540918,0.0002637820686416343
109,2026-1,Tags 1,21,peer_delta_weight_gap_pct,1.7224999999999948,0.00038787595465334236
109,2026-1,Tags 1,21,missingindicator_temperature_deviation_from_band_c,0.0,-0.000679649279840562
109,2026-1,Tags 1,21,missingindicator_humidity_deviation_from_band_pp,0.0,-0.0006942123182541681
109,2026-1,Tags 1,21,missingindicator_environment_out_of_band_days_7d,0.0,-0.0006360141855788424
109,2026-1,Tags 1,21,missingindicator_environment_staleness_days,0.0,-0.0006768653631886797
110,2026-1,Tags 1,28,cycle_day,28.0,0.0041998689111171165
110,2026-1,Tags 1,28,percentage_alive,0.9593815881939564,0.000400560201749764
110,2026-1,Tags 1,28,mortality_recent_3d_per_1000,0.8901382056687748,0.0007234019537349933
110,2026-1,Tags 1,28,mortality_trend_delta_per_1000,0.0,0.000552855924110748
110,2026-1,Tags 1,28,weight_gap_pct,7.376666666666662,0.006271157459676385
110,2026-1,Tags 1,28,weight_staleness_days,0.0,-0.004700013999482356
110,2026-1,Tags 1,28,temperature_deviation_from_band_c,2.1805555555555607,3.143027744371293e-05
110,2026-1,Tags 1,28,humidity_deviation_from_band_pp,8.526388888888889,-0.0063944046887768535
110,2026-1,Tags 1,28,environment_out_of_band_days_7d,7.0,0.0002597448005057984
110,2026-1,Tags 1,28,environment_staleness_days,0.0,-0.0004536274676638381
110,2026-1,Tags 1,28,is_lags_building,0.0,0.0021259507665615882
110,2026-1,Tags 1,28,historical_building_recovery,0.9256013711609116,0.0009762667698998565
110,2026-1,Tags 1,28,peer_delta_percentage_alive,0.01140469465357452,0.0003248754464074209
110,2026-1,Tags 1,28,peer_delta_weight_gap_pct,-1.5950000000000042,0.000291790298318636
110,2026-1,Tags 1,28,missingindicator_temperature_deviation_from_band_c,0.0,-0.0007256372567300286
110,2026-1,Tags 1,28,missingindicator_humidity_deviation_from_band_pp,0.0,-0.0006199807636491079
110,2026-1,Tags 1,28,missingindicator_environment_out_of_band_days_7d,0.0,-0.0005954524011770351
110,2026-1,Tags 1,28,missingindicator_environment_staleness_days,0.0,-0.0006262743978081007
111,2026-1,Tags 1,48,cycle_day,48.0,0.015321134303023273
111,2026-1,Tags 1,48,percentage_alive,0.9347856640899508,0.0016775448554161964
111,2026-1,Tags 1,48,mortality_recent_3d_per_1000,1.0775357226516749,0.00034336008978385105
111,2026-1,Tags 1,48,mortality_trend_delta_per_1000,0.0,0.0002095316803783908
111,2026-1,Tags 1,48,weight_gap_pct,19.62888888888889,0.004013528098669483
111,2026-1,Tags 1,48,weight_staleness_days,13.0,0.02107390628440571
111,2026-1,Tags 1,48,temperature_deviation_from_band_c,1.0798611111111,0.0001614580802917896
111,2026-1,Tags 1,48,humidity_deviation_from_band_pp,4.977777777777774,-0.008216292223019665
111,2026-1,Tags 1,48,environment_out_of_band_days_7d,5.0,-0.0006748280042318079
111,2026-1,Tags 1,48,environment_staleness_days,0.0,-0.00010690039338319422
111,2026-1,Tags 1,48,is_lags_building,0.0,0.0013002408974111426
111,2026-1,Tags 1,48,historical_building_recovery,0.9256013711609116,0.0006093365598396041
111,2026-1,Tags 1,48,peer_delta_percentage_alive,0.001349348965670405,5.479242342396832e-05
111,2026-1,Tags 1,48,peer_delta_weight_gap_pct,8.851111111111114,-0.00011808484077506397
111,2026-1,Tags 1,48,missingindicator_temperature_deviation_from_band_c,0.0,-0.00031661274811562546
111,2026-1,Tags 1,48,missingindicator_humidity_deviation_from_band_pp,0.0,-0.00023749518419633026
111,2026-1,Tags 1,48,missingindicator_environment_out_of_band_days_7d,0.0,-0.0002725113869544422
111,2026-1,Tags 1,48,missingindicator_environment_staleness_days,0.0,-0.0002580800908922762
112,2026-1,Tags 2,7,cycle_day,7.0,-0.0077882244386385845
112,2026-1,Tags 2,7,percentage_alive,0.9903103496699902,-0.0020567702346666796
112,2026-1,Tags 2,7,mortality_recent_3d_per_1000,1.2638674343491083,0.0003150777126523206
112,2026-1,Tags 2,7,mortality_trend_delta_per_1000,0.0,0.00012615975654372194
112,2026-1,Tags 2,7,weight_gap_pct,26.476470588235298,0.0012377869625339354
112,2026-1,Tags 2,7,weight_staleness_days,0.0,-0.004228611554341614
112,2026-1,Tags 2,7,temperature_deviation_from_band_c,1.8481060606060673,0.00031642662163469676
112,2026-1,Tags 2,7,humidity_deviation_from_band_pp,15.917708333333316,0.0037408972393233437
112,2026-1,Tags 2,7,environment_out_of_band_days_7d,7.0,0.00016908123372742147
112,2026-1,Tags 2,7,environment_staleness_days,0.0,-0.0001287937026389128
112,2026-1,Tags 2,7,is_lags_building,0.0,0.0018214628310438536
112,2026-1,Tags 2,7,historical_building_recovery,0.92839437162503,0.0004130051942687529
112,2026-1,Tags 2,7,peer_delta_percentage_alive,0.002875620889296493,0.0005365548584845998
112,2026-1,Tags 2,7,peer_delta_weight_gap_pct,-6.6029411764705905,0.00015159070051354824
112,2026-1,Tags 2,7,missingindicator_temperature_deviation_from_band_c,1.0,0.0003997004497774641
112,2026-1,Tags 2,7,missingindicator_humidity_deviation_from_band_pp,1.0,0.0002617146713867443
112,2026-1,Tags 2,7,missingindicator_environment_out_of_band_days_7d,1.0,0.00031146450032791203
112,2026-1,Tags 2,7,missingindicator_environment_staleness_days,1.0,0.00025099247854521334
113,2026-1,Tags 2,14,cycle_day,14.0,-0.004930135237913318
113,2026-1,Tags 2,14,percentage_alive,0.9809015587698356,-0.0015196446285150908
113,2026-1,Tags 2,14,mortality_recent_3d_per_1000,1.1234377194214298,0.0005129132393590518
113,2026-1,Tags 2,14,mortality_trend_delta_per_1000,0.0,0.00013120332132464494
113,2026-1,Tags 2,14,weight_gap_pct,26.052631578947377,0.0014453851996116926
113,2026-1,Tags 2,14,weight_staleness_days,0.0,-0.004086992723207051
113,2026-1,Tags 2,14,temperature_deviation_from_band_c,1.8481060606060673,0.00033178840843212044
113,2026-1,Tags 2,14,humidity_deviation_from_band_pp,15.917708333333316,0.003970844209518723
113,2026-1,Tags 2,14,environment_out_of_band_days_7d,7.0,0.00018069126776426169
113,2026-1,Tags 2,14,environment_staleness_days,0.0,-0.0001279227702603247
113,2026-1,Tags 2,14,is_lags_building,0.0,0.0020540519225528487
113,2026-1,Tags 2,14,historical_building_recovery,0.92839437162503,0.0003994947584861596
113,2026-1,Tags 2,14,peer_delta_percentage_alive,0.003427359921205686,0.0005894292786416248
113,2026-1,Tags 2,14,peer_delta_weight_gap_pct,4.863157894736858,0.00017444754694328362
113,2026-1,Tags 2,14,missingindicator_temperature_deviation_from_band_c,1.0,0.0004169461208876224
113,2026-1,Tags 2,14,missingindicator_humidity_deviation_from_band_pp,1.0,0.0002266127010211499
113,2026-1,Tags 2,14,missingindicator_environment_out_of_band_days_7d,1.0,0.00033702193868567705
113,2026-1,Tags 2,14,missingindicator_environment_staleness_days,1.0,0.00028330608784929716
114,2026-1,Tags 2,21,cycle_day,21.0,6.726216936341304e-05
114,2026-1,Tags 2,21,percentage_alive,0.9731779244488132,-0.000483154160229619
114,2026-1,Tags 2,21,mortality_recent_3d_per_1000,0.889388194541965,0.0005991671260771559
114,2026-1,Tags 2,21,mortality_trend_delta_per_1000,0.0,0.00032205425870312414
114,2026-1,Tags 2,21,weight_gap_pct,10.965000000000016,0.008011032722935343
114,2026-1,Tags 2,21,weight_staleness_days,0.0,-0.003779875586682355
114,2026-1,Tags 2,21,temperature_deviation_from_band_c,1.8481060606060673,0.0003843307120953355
114,2026-1,Tags 2,21,humidity_deviation_from_band_pp,15.917708333333316,0.004134212328778957
114,2026-1,Tags 2,21,environment_out_of_band_days_7d,7.0,0.00015619500561105712
114,2026-1,Tags 2,21,environment_staleness_days,0.0,-0.00012883347356903085
114,2026-1,Tags 2,21,is_lags_building,0.0,0.001996551728038217
114,2026-1,Tags 2,21,historical_building_recovery,0.92839437162503,0.0007301765136335831
114,2026-1,Tags 2,21,peer_delta_percentage_alive,0.005602497805891726,0.0003718164425209304
114,2026-1,Tags 2,21,peer_delta_weight_gap_pct,-3.4775000000000027,0.00014283936498407215
114,2026-1,Tags 2,21,missingindicator_temperature_deviation_from_band_c,1.0,0.0005448037036473358
114,2026-1,Tags 2,21,missingindicator_humidity_deviation_from_band_pp,1.0,0.0004841091291868006
114,2026-1,Tags 2,21,missingindicator_environment_out_of_band_days_7d,1.0,0.00041981673673647087
114,2026-1,Tags 2,21,missingindicator_environment_staleness_days,1.0,0.00047624729866195574
115,2026-1,Tags 2,28,cycle_day,28.0,0.004301291274745973
115,2026-1,Tags 2,28,percentage_alive,0.9582923746664794,0.001331865426890438
115,2026-1,Tags 2,28,mortality_recent_3d_per_1000,0.9830080044937508,0.000641993371532434
115,2026-1,Tags 2,28,mortality_trend_delta_per_1000,0.0,0.0004952126295412121
115,2026-1,Tags 2,28,weight_gap_pct,8.836666666666659,0.006831643886780797
115,2026-1,Tags 2,28,weight_staleness_days,0.0,-0.00390726815465149
115,2026-1,Tags 2,28,temperature_deviation_from_band_c,1.8481060606060673,0.0003806905126652493
115,2026-1,Tags 2,28,humidity_deviation_from_band_pp,15.917708333333316,0.0038395895210813226
115,2026-1,Tags 2,28,environment_out_of_band_days_7d,7.0,0.0001525520707804293
115,2026-1,Tags 2,28,environment_staleness_days,0.0,-0.00016857502358437278
115,2026-1,Tags 2,28,is_lags_building,0.0,0.0017479332167996727
115,2026-1,Tags 2,28,historical_building_recovery,0.92839437162503,0.0008146616562170335
115,2026-1,Tags 2,28,peer_delta_percentage_alive,0.010315481126097592,0.0003935058694245282
115,2026-1,Tags 2,28,peer_delta_weight_gap_pct,-0.1350000000000069,0.0003668169821724946
115,2026-1,Tags 2,28,missingindicator_temperature_deviation_from_band_c,1.0,0.0007593856444953224
115,2026-1,Tags 2,28,missingindicator_humidity_deviation_from_band_pp,1.0,0.0006106861637088203
115,2026-1,Tags 2,28,missingindicator_environment_out_of_band_days_7d,1.0,0.0005357402765700047
115,2026-1,Tags 2,28,missingindicator_environment_staleness_days,1.0,0.0005267307347264468
116,2026-1,Tags 2,48,cycle_day,48.0,0.011940573465242436
116,2026-1,Tags 2,48,percentage_alive,0.9334363151242804,0.0018383662497919746
116,2026-1,Tags 2,48,mortality_recent_3d_per_1000,1.45110705425268,-0.00012798794887470505
116,2026-1,Tags 2,48,mortality_trend_delta_per_1000,0.0869326806695154,-0.0002461473817362343
116,2026-1,Tags 2,48,weight_gap_pct,13.880000000000004,0.004604935194945107
116,2026-1,Tags 2,48,weight_staleness_days,13.0,0.016811622067187178
116,2026-1,Tags 2,48,temperature_deviation_from_band_c,1.8481060606060673,0.00020079331254601205
116,2026-1,Tags 2,48,humidity_deviation_from_band_pp,15.917708333333316,0.0025962520097766663
116,2026-1,Tags 2,48,environment_out_of_band_days_7d,7.0,9.60138725127282e-05
116,2026-1,Tags 2,48,environment_staleness_days,0.0,-5.811359534609971e-05
116,2026-1,Tags 2,48,is_lags_building,0.0,0.0010802818806320254
116,2026-1,Tags 2,48,historical_building_recovery,0.92839437162503,0.0005432006289107298
116,2026-1,Tags 2,48,peer_delta_percentage_alive,0.0,1.4211981353148229e-05
116,2026-1,Tags 2,48,peer_delta_weight_gap_pct,3.1022222222222275,0.00014388625069443624
116,2026-1,Tags 2,48,missingindicator_temperature_deviation_from_band_c,1.0,0.0003003463418881132
116,2026-1,Tags 2,48,missingindicator_humidity_deviation_from_band_pp,1.0,0.00022216115958833367
116,2026-1,Tags 2,48,missingindicator_environment_out_of_band_days_7d,1.0,0.00023389969116718355
116,2026-1,Tags 2,48,missingindicator_environment_staleness_days,1.0,0.0002228450753209996
117,2026-1,Tags 3,7,cycle_day,7.0,-0.007599722600588497
117,2026-1,Tags 3,7,percentage_alive,0.9893363266451524,-0.0012268386528447
117,2026-1,Tags 3,7,mortality_recent_3d_per_1000,1.5901969037930874,-0.0011426038375648324
117,2026-1,Tags 3,7,mortality_trend_delta_per_1000,0.1169262429259625,-0.0001351442775788629
117,2026-1,Tags 3,7,weight_gap_pct,29.39411764705883,-0.00037254078749751575
117,2026-1,Tags 3,7,weight_staleness_days,0.0,-0.0051296394483490975
117,2026-1,Tags 3,7,temperature_deviation_from_band_c,0.1368961352656974,0.0002996155553766589
117,2026-1,Tags 3,7,humidity_deviation_from_band_pp,0.4559782608695713,-0.01866555136344301
117,2026-1,Tags 3,7,environment_out_of_band_days_7d,7.0,0.00044411555147993943
117,2026-1,Tags 3,7,environment_staleness_days,0.0,-0.00017833039116081647
117,2026-1,Tags 3,7,is_lags_building,0.0,0.0019724955392910215
117,2026-1,Tags 3,7,historical_building_recovery,0.937348373354505,0.0016285297498409826
117,2026-1,Tags 3,7,peer_delta_percentage_alive,0.0019015978644586484,0.00011114325228683086
117,2026-1,Tags 3,7,peer_delta_weight_gap_pct,-3.6852941176470573,0.00024590236693182644
117,2026-1,Tags 3,7,missingindicator_temperature_deviation_from_band_c,0.0,-0.0005613322813298596
117,2026-1,Tags 3,7,missingindicator_humidity_deviation_from_band_pp,0.0,-0.00045544948373797586
117,2026-1,Tags 3,7,missingindicator_environment_out_of_band_days_7d,0.0,-0.0005569871035850675
117,2026-1,Tags 3,7,missingindicator_environment_staleness_days,0.0,-0.0004338796299039444
118,2026-1,Tags 3,14,cycle_day,14.0,-0.005500261905873807
118,2026-1,Tags 3,14,percentage_alive,0.980917637154483,-0.0010624100634384907
118,2026-1,Tags 3,14,mortality_recent_3d_per_1000,0.9821804405780832,0.0008079524439388934
118,2026-1,Tags 3,14,mortality_trend_delta_per_1000,0.0,0.00031891283306084424
118,2026-1,Tags 3,14,weight_gap_pct,21.18947368421052,0.004642184460596371
118,2026-1,Tags 3,14,weight_staleness_days,0.0,-0.004889027596309334
118,2026-1,Tags 3,14,temperature_deviation_from_band_c,1.6956078431372674,0.00033823330572589015
118,2026-1,Tags 3,14,humidity_deviation_from_band_pp,1.8564705882352968,-0.017876311778080998
118,2026-1,Tags 3,14,environment_out_of_band_days_7d,7.0,0.0004957469558046849
118,2026-1,Tags 3,14,environment_staleness_days,0.0,-0.00018750418223499
118,2026-1,Tags 3,14,is_lags_building,0.0,0.0021919971341061947
118,2026-1,Tags 3,14,historical_building_recovery,0.937348373354505,0.0017709750211174456
118,2026-1,Tags 3,14,peer_delta_percentage_alive,0.0034434383058530305,0.000297281594002338
118,2026-1,Tags 3,14,peer_delta_weight_gap_pct,0.0,0.0005456077426532556
118,2026-1,Tags 3,14,missingindicator_temperature_deviation_from_band_c,0.0,-0.0006501523767140374
118,2026-1,Tags 3,14,missingindicator_humidity_deviation_from_band_pp,0.0,-0.000516027247312546
118,2026-1,Tags 3,14,missingindicator_environment_out_of_band_days_7d,0.0,-0.000575729196037328
118,2026-1,Tags 3,14,missingindicator_environment_staleness_days,0.0,-0.0005761162375251873
119,2026-1,Tags 3,21,cycle_day,21.0,-0.0012819649718278133
119,2026-1,Tags 3,21,percentage_alive,0.973761751087414,-0.00031272109627146055
119,2026-1,Tags 3,21,mortality_recent_3d_per_1000,1.122491932089238,0.0006434141826993488
119,2026-1,Tags 3,21,mortality_trend_delta_per_1000,0.1603559902984627,-0.0008237567073938143
119,2026-1,Tags 3,21,weight_gap_pct,12.720000000000024,0.006420010978471356
119,2026-1,Tags 3,21,weight_staleness_days,0.0,-0.0047418510959870135
119,2026-1,Tags 3,21,temperature_deviation_from_band_c,0.1311594202898724,0.0002515349576012912
119,2026-1,Tags 3,21,humidity_deviation_from_band_pp,4.606823671497608,-0.013808000021666872
119,2026-1,Tags 3,21,environment_out_of_band_days_7d,7.0,0.00035626842308460964
119,2026-1,Tags 3,21,environment_staleness_days,0.0,-0.00025508092688677196
119,2026-1,Tags 3,21,is_lags_building,0.0,0.0022743986920218174
119,2026-1,Tags 3,21,historical_building_recovery,0.937348373354505,0.0018465445755897248
119,2026-1,Tags 3,21,peer_delta_percentage_alive,0.006186324444492519,0.0002809711672846333
119,2026-1,Tags 3,21,peer_delta_weight_gap_pct,-1.7224999999999948,0.0003156725083574887
119,2026-1,Tags 3,21,missingindicator_temperature_deviation_from_band_c,0.0,-0.0006893059315570507
119,2026-1,Tags 3,21,missingindicator_humidity_deviation_from_band_pp,0.0,-0.0007003800648849169
119,2026-1,Tags 3,21,missingindicator_environment_out_of_band_days_7d,0.0,-0.0006274856015971874
119,2026-1,Tags 3,21,missingindicator_environment_staleness_days,0.0,-0.0006547099387232653
120,2026-1,Tags 3,28,cycle_day,28.0,0.004163997913430476
120,2026-1,Tags 3,28,percentage_alive,0.9597306019362986,0.0003356019966973406
120,2026-1,Tags 3,28,mortality_recent_3d_per_1000,0.8886394462373136,0.0007340979779294082
120,2026-1,Tags 3,28,mortality_trend_delta_per_1000,0.0,0.000536216142161947
120,2026-1,Tags 3,28,weight_gap_pct,9.106666666666673,0.005951379717309804
120,2026-1,Tags 3,28,weight_staleness_days,0.0,-0.004617740318049508
120,2026-1,Tags 3,28,temperature_deviation_from_band_c,1.4710549645389968,0.0003880460523649885
120,2026-1,Tags 3,28,humidity_deviation_from_band_pp,8.498803191489358,-0.006604545884072468
120,2026-1,Tags 3,28,environment_out_of_band_days_7d,7.0,0.00026252960412350204
120,2026-1,Tags 3,28,environment_staleness_days,0.0,-0.00043620373083412024
120,2026-1,Tags 3,28,is_lags_building,0.0,0.0022010709433406424
120,2026-1,Tags 3,28,historical_building_recovery,0.937348373354505,0.0017844773990435493
120,2026-1,Tags 3,28,peer_delta_percentage_alive,0.011753708395916718,0.0003202968499588255
120,2026-1,Tags 3,28,peer_delta_weight_gap_pct,0.1350000000000069,0.00036020861292068387
120,2026-1,Tags 3,28,missingindicator_temperature_deviation_from_band_c,0.0,-0.0007374596103476394
120,2026-1,Tags 3,28,missingindicator_humidity_deviation_from_band_pp,0.0,-0.0006312016727357831
120,2026-1,Tags 3,28,missingindicator_environment_out_of_band_days_7d,0.0,-0.00059876406132381
120,2026-1,Tags 3,28,missingindicator_environment_staleness_days,0.0,-0.0006212552965216125
121,2026-1,Tags 3,48,cycle_day,48.0,0.01501095394423295
121,2026-1,Tags 3,48,percentage_alive,0.9367195173284693,0.0016085686961866403
121,2026-1,Tags 3,48,mortality_recent_3d_per_1000,1.169262429259623,0.000265211424142861
121,2026-1,Tags 3,48,mortality_trend_delta_per_1000,0.0,0.0002179890768074428
121,2026-1,Tags 3,48,weight_gap_pct,6.031111111111122,0.0052865837635210355
121,2026-1,Tags 3,48,weight_staleness_days,13.0,0.020678759407550963
121,2026-1,Tags 3,48,temperature_deviation_from_band_c,0.8166666666666629,0.0001563808092002325
121,2026-1,Tags 3,48,humidity_deviation_from_band_pp,4.491666666666674,-0.008813451808043061
121,2026-1,Tags 3,48,environment_out_of_band_days_7d,5.0,-0.0006788815874867589
121,2026-1,Tags 3,48,environment_staleness_days,0.0,-0.00010504835116120855
121,2026-1,Tags 3,48,is_lags_building,0.0,0.0012888507941779526
121,2026-1,Tags 3,48,historical_building_recovery,0.937348373354505,0.0010264101427155886
121,2026-1,Tags 3,48,peer_delta_percentage_alive,0.003283202204188873,0.00019901008231263756
121,2026-1,Tags 3,48,peer_delta_weight_gap_pct,-4.746666666666655,0.0001411619734728938
121,2026-1,Tags 3,48,missingindicator_temperature_deviation_from_band_c,0.0,-0.00032530160348102406
121,2026-1,Tags 3,48,missingindicator_humidity_deviation_from_band_pp,0.0,-0.0002481325782766062
121,2026-1,Tags 3,48,missingindicator_environment_out_of_band_days_7d,0.0,-0.00026034176196121
121,2026-1,Tags 3,48,missingindicator_environment_staleness_days,0.0,-0.00024378318570458327
122,2026-2,Lags 1,7,cycle_day,7.0,-0.01279712366253659
122,2026-2,Lags 1,7,percentage_alive,0.9891867739052724,-0.002579521144328096
122,2026-2,Lags 1,7,mortality_recent_3d_per_1000,1.7277330950253205,-0.0007283891486756472
122,2026-2,Lags 1,7,mortality_trend_delta_per_1000,0.3202263926124518,-6.700327262188008e-05
122,2026-2,Lags 1,7,weight_gap_pct,40.294117647058826,-0.0008951859997987642
122,2026-2,Lags 1,7,weight_staleness_days,0.0,-0.005510671232761335
122,2026-2,Lags 1,7,temperature_deviation_from_band_c,4.438935186666669,0.0002919731561897543
122,2026-2,Lags 1,7,humidity_deviation_from_band_pp,6.927280093333337,-5.379353954058087e-05
122,2026-2,Lags 1,7,environment_out_of_band_days_7d,7.0,-7.941310096394915e-05
122,2026-2,Lags 1,7,environment_staleness_days,0.0,-5.137165037207595e-05
122,2026-2,Lags 1,7,is_lags_building,1.0,-0.01029400956652178
122,2026-2,Lags 1,7,historical_building_recovery,0.9151376056932765,-0.0014964322812377924
122,2026-2,Lags 1,7,peer_delta_percentage_alive,0.0014097852028926994,0.0001580913393408746
122,2026-2,Lags 1,7,peer_delta_weight_gap_pct,1.9941176470588218,1.630223986974269e-05
122,2026-2,Lags 1,7,missingindicator_temperature_deviation_from_band_c,0.0,-0.0005668839451479654
122,2026-2,Lags 1,7,missingindicator_humidity_deviation_from_band_pp,0.0,-0.0004672589523829495
122,2026-2,Lags 1,7,missingindicator_environment_out_of_band_days_7d,0.0,-0.000422487237001463
122,2026-2,Lags 1,7,missingindicator_environment_staleness_days,0.0,-0.0002949049059758478
123,2026-2,Lags 1,14,cycle_day,14.0,-0.006328738486940527
123,2026-2,Lags 1,14,percentage_alive,0.9792672028596962,-0.0019011604336477141
123,2026-2,Lags 1,14,mortality_recent_3d_per_1000,1.370271075364909,1.378960782522243e-05
123,2026-2,Lags 1,14,mortality_trend_delta_per_1000,0.0,1.4100189199434706e-05
123,2026-2,Lags 1,14,weight_gap_pct,44.86842105263158,-0.0009424549649837519
123,2026-2,Lags 1,14,weight_staleness_days,0.0,-0.0053038206899169524
123,2026-2,Lags 1,14,temperature_deviation_from_band_c,6.593158376666665,0.0003019294284690098
123,2026-2,Lags 1,14,humidity_deviation_from_band_pp,5.06430915,-5.502041683107054e-05
123,2026-2,Lags 1,14,environment_out_of_band_days_7d,7.0,-0.00010860855379018964
123,2026-2,Lags 1,14,environment_staleness_days,0.0,-5.1829128157778086e-05
123,2026-2,Lags 1,14,is_lags_building,1.0,-0.009401028448193885
123,2026-2,Lags 1,14,historical_building_recovery,0.9151376056932765,-0.0014832133628535605
123,2026-2,Lags 1,14,peer_delta_percentage_alive,0.0008082961269875177,0.000160062137541331
123,2026-2,Lags 1,14,peer_delta_weight_gap_pct,3.5973684210526287,-0.0001650275789428729
123,2026-2,Lags 1,14,missingindicator_temperature_deviation_from_band_c,0.0,-0.00028745458474225427
123,2026-2,Lags 1,14,missingindicator_humidity_deviation_from_band_pp,0.0,-0.0001673886360815012
123,2026-2,Lags 1,14,missingindicator_environment_out_of_band_days_7d,0.0,-0.00020880860051625022
123,2026-2,Lags 1,14,missingindicator_environment_staleness_days,0.0,-0.00011713546648851971
124,2026-2,Lags 1,21,cycle_day,21.0,0.00024071210760623636
124,2026-2,Lags 1,21,percentage_alive,0.9700625558534406,-0.0004472350777680233
124,2026-2,Lags 1,21,mortality_recent_3d_per_1000,1.2511170688114388,0.00032476106482426625
124,2026-2,Lags 1,21,mortality_trend_delta_per_1000,0.0,2.467253608971715e-05
124,2026-2,Lags 1,21,weight_gap_pct,58.37500000000001,-0.0008900465491422664
124,2026-2,Lags 1,21,weight_staleness_days,0.0,-0.005249184538001653
124,2026-2,Lags 1,21,temperature_deviation_from_band_c,6.621870513333334,0.00032735059381891756
124,2026-2,Lags 1,21,humidity_deviation_from_band_pp,4.485538393333329,-4.885966472261529e-05
124,2026-2,Lags 1,21,environment_out_of_band_days_7d,7.0,-8.815835403914436e-06
124,2026-2,Lags 1,21,environment_staleness_days,0.0,-7.48548024242731e-05
124,2026-2,Lags 1,21,is_lags_building,1.0,-0.00893729988612009
124,2026-2,Lags 1,21,historical_building_recovery,0.9151376056932765,-0.001544841602622793
124,2026-2,Lags 1,21,peer_delta_percentage_alive,-0.001098627350681669,-3.873520966991003e-05
124,2026-2,Lags 1,21,peer_delta_weight_gap_pct,14.437500000000007,-0.00010335076445284643
124,2026-2,Lags 1,21,missingindicator_temperature_deviation_from_band_c,0.0,-0.0002772636011987934
124,2026-2,Lags 1,21,missingindicator_humidity_deviation_from_band_pp,0.0,-7.144970733450005e-05
124,2026-2,Lags 1,21,missingindicator_environment_out_of_band_days_7d,0.0,-0.00020053187384470324
124,2026-2,Lags 1,21,missingindicator_environment_staleness_days,0.0,-0.00015495377160540543
125,2026-2,Lags 1,28,cycle_day,28.0,0.007761964208370778
125,2026-2,Lags 1,28,percentage_alive,0.9502234137622878,0.0023388677484479795
125,2026-2,Lags 1,28,mortality_recent_3d_per_1000,1.2511170688114388,0.00026173736940691153
125,2026-2,Lags 1,28,mortality_trend_delta_per_1000,0.0,1.1527397807643641e-05
125,2026-2,Lags 1,28,weight_gap_pct,50.83333333333333,-0.0009332397968382213
125,2026-2,Lags 1,28,weight_staleness_days,0.0,-0.005216831217711146
125,2026-2,Lags 1,28,temperature_deviation_from_band_c,3.4357870366666674,0.00029423330991233166
125,2026-2,Lags 1,28,humidity_deviation_from_band_pp,18.165497683333328,-3.26822334156656e-05
125,2026-2,Lags 1,28,environment_out_of_band_days_7d,7.0,1.8840577145855787e-06
125,2026-2,Lags 1,28,environment_staleness_days,0.0,-7.572047423711332e-05
125,2026-2,Lags 1,28,is_lags_building,1.0,-0.007723336518714459
125,2026-2,Lags 1,28,historical_building_recovery,0.9151376056932765,-0.001135317614120259
125,2026-2,Lags 1,28,peer_delta_percentage_alive,-0.00921054850186298,-0.00015988154322471587
125,2026-2,Lags 1,28,peer_delta_weight_gap_pct,34.55000000000001,-0.00011219713984466887
125,2026-2,Lags 1,28,missingindicator_temperature_deviation_from_band_c,0.0,-0.00030242815295594954
125,2026-2,Lags 1,28,missingindicator_humidity_deviation_from_band_pp,0.0,-6.194698599346147e-05
125,2026-2,Lags 1,28,missingindicator_environment_out_of_band_days_7d,0.0,-0.00022168883032509543
125,2026-2,Lags 1,28,missingindicator_environment_staleness_days,0.0,-0.00015073179128722387
126,2026-2,Lags 1,37,cycle_day,37.0,0.011751756319128753
126,2026-2,Lags 1,37,percentage_alive,0.9377122430741732,0.0033445702526872416
126,2026-2,Lags 1,37,mortality_recent_3d_per_1000,1.3404825737265416,0.00010354804387049402
126,2026-2,Lags 1,37,mortality_trend_delta_per_1000,0.0,1.1633589172356837e-05
126,2026-2,Lags 1,37,weight_gap_pct,33.777777777777786,-0.00045028883803440594
126,2026-2,Lags 1,37,weight_staleness_days,2.0,0.0004050680751600484
126,2026-2,Lags 1,37,temperature_deviation_from_band_c,3.127057969999999,0.00028246532515216564
126,2026-2,Lags 1,37,humidity_deviation_from_band_pp,23.13540433999999,5.0302123350534696e-05
126,2026-2,Lags 1,37,environment_out_of_band_days_7d,7.0,7.063813268244198e-06
126,2026-2,Lags 1,37,environment_staleness_days,7.0,0.00012318103728241588
126,2026-2,Lags 1,37,is_lags_building,1.0,-0.006389745947597723
126,2026-2,Lags 1,37,historical_building_recovery,0.9151376056932765,-0.0009260535170271087
126,2026-2,Lags 1,37,peer_delta_percentage_alive,0.0,0.00020252371357619352
126,2026-2,Lags 1,37,peer_delta_weight_gap_pct,0.0,7.713332191043555e-05
126,2026-2,Lags 1,37,missingindicator_temperature_deviation_from_band_c,0.0,-0.00025601174347243027
126,2026-2,Lags 1,37,missingindicator_humidity_deviation_from_band_pp,0.0,-7.574421987289857e-05
126,2026-2,Lags 1,37,missingindicator_environment_out_of_band_days_7d,0.0,-0.0002082092629820334
126,2026-2,Lags 1,37,missingindicator_environment_staleness_days,0.0,-0.00014839999501060783
127,2026-2,Lags 2,7,cycle_day,7.0,-0.012957381427162682
127,2026-2,Lags 2,7,percentage_alive,0.987846291331546,-0.0026686444063596967
127,2026-2,Lags 2,7,mortality_recent_3d_per_1000,1.6383675901102173,-0.0006750815371931863
127,2026-2,Lags 2,7,mortality_trend_delta_per_1000,0.0,1.539762779314044e-05
127,2026-2,Lags 2,7,weight_gap_pct,40.294117647058826,-0.000791687039558553
127,2026-2,Lags 2,7,weight_staleness_days,0.0,-0.005567872723648872
127,2026-2,Lags 2,7,temperature_deviation_from_band_c,4.44268490333333,0.000468786299591919
127,2026-2,Lags 2,7,humidity_deviation_from_band_pp,3.6451816766666663,-5.9966660156258924e-05
127,2026-2,Lags 2,7,environment_out_of_band_days_7d,7.0,-8.268702446311314e-05
127,2026-2,Lags 2,7,environment_staleness_days,0.0,-5.138142290564458e-05
127,2026-2,Lags 2,7,is_lags_building,1.0,-0.010424294048349998
127,2026-2,Lags 2,7,historical_building_recovery,0.904526110161699,-0.002898537669043422
127,2026-2,Lags 2,7,peer_delta_percentage_alive,6.930262916626795e-05,0.00022335461744037128
127,2026-2,Lags 2,7,peer_delta_weight_gap_pct,1.9941176470588218,3.28034287947867e-05
127,2026-2,Lags 2,7,missingindicator_temperature_deviation_from_band_c,0.0,-0.0005795967150621669
127,2026-2,Lags 2,7,missingindicator_humidity_deviation_from_band_pp,0.0,-0.00046781812762941593
127,2026-2,Lags 2,7,missingindicator_environment_out_of_band_days_7d,0.0,-0.00042509487201299745
127,2026-2,Lags 2,7,missingindicator_environment_staleness_days,0.0,-0.00029363053945973645
128,2026-2,Lags 2,14,cycle_day,14.0,-0.006490994749447043
128,2026-2,Lags 2,14,percentage_alive,0.9772117962466488,-0.001600971688852285
128,2026-2,Lags 2,14,mortality_recent_3d_per_1000,1.6085790884718498,-0.0006977787525403527
128,2026-2,Lags 2,14,mortality_trend_delta_per_1000,0.0765990042129451,2.8919609181956438e-06
128,2026-2,Lags 2,14,weight_gap_pct,54.60526315789475,-0.0008548066179493235
128,2026-2,Lags 2,14,weight_staleness_days,0.0,-0.005424611341711896
128,2026-2,Lags 2,14,temperature_deviation_from_band_c,5.174389820000009,0.0005049080371071306
128,2026-2,Lags 2,14,humidity_deviation_from_band_pp,7.414032203333335,-3.8215139911873766e-05
128,2026-2,Lags 2,14,environment_out_of_band_days_7d,7.0,-0.00010643584091846678
128,2026-2,Lags 2,14,environment_staleness_days,0.0,-5.191462073774187e-05
128,2026-2,Lags 2,14,is_lags_building,1.0,-0.009586435243792074
128,2026-2,Lags 2,14,historical_building_recovery,0.904526110161699,-0.002988947794580066
128,2026-2,Lags 2,14,peer_delta_percentage_alive,-0.0012471104860598548,-0.00017213905190884083
128,2026-2,Lags 2,14,peer_delta_weight_gap_pct,13.334210526315793,-0.0001447973883636654
128,2026-2,Lags 2,14,missingindicator_temperature_deviation_from_band_c,0.0,-0.0003218164948422452
128,2026-2,Lags 2,14,missingindicator_humidity_deviation_from_band_pp,0.0,-0.00016167723631736345
128,2026-2,Lags 2,14,missingindicator_environment_out_of_band_days_7d,0.0,-0.0002217709298908286
128,2026-2,Lags 2,14,missingindicator_environment_staleness_days,0.0,-0.00012720820524542723
129,2026-2,Lags 2,21,cycle_day,21.0,0.00013898170737391678
129,2026-2,Lags 2,21,percentage_alive,0.9644325290437892,3.594680091357313e-05
129,2026-2,Lags 2,21,mortality_recent_3d_per_1000,1.9064641048555255,-0.0011137989270523427
129,2026-2,Lags 2,21,mortality_trend_delta_per_1000,0.2085195114685734,-6.678434364727847e-05
129,2026-2,Lags 2,21,weight_gap_pct,60.62500000000001,-0.0008198184005674524
129,2026-2,Lags 2,21,weight_staleness_days,0.0,-0.005347720088045453
129,2026-2,Lags 2,21,temperature_deviation_from_band_c,2.5067129633333316,0.0004743670859855869
129,2026-2,Lags 2,21,humidity_deviation_from_band_pp,23.63770833333335,4.4927878769323055e-05
129,2026-2,Lags 2,21,environment_out_of_band_days_7d,7.0,-1.7067883133487635e-06
129,2026-2,Lags 2,21,environment_staleness_days,0.0,-8.17767887782224e-05
129,2026-2,Lags 2,21,is_lags_building,1.0,-0.008948558648142682
129,2026-2,Lags 2,21,historical_building_recovery,0.904526110161699,-0.0026120838070030263
129,2026-2,Lags 2,21,peer_delta_percentage_alive,-0.006728654160333081,-0.00022604568925737984
129,2026-2,Lags 2,21,peer_delta_weight_gap_pct,16.687500000000007,-5.030628459801332e-05
129,2026-2,Lags 2,21,missingindicator_temperature_deviation_from_band_c,0.0,-0.00031442707587866776
129,2026-2,Lags 2,21,missingindicator_humidity_deviation_from_band_pp,0.0,-6.688471957736588e-05
129,2026-2,Lags 2,21,missingindicator_environment_out_of_band_days_7d,0.0,-0.00024254338940369043
129,2026-2,Lags 2,21,missingindicator_environment_staleness_days,0.0,-0.00017060336310733003
130,2026-2,Lags 2,28,cycle_day,28.0,0.00759991040068847
130,2026-2,Lags 2,28,percentage_alive,0.9411081322609472,0.0034986228593239695
130,2026-2,Lags 2,28,mortality_recent_3d_per_1000,1.5192135835567468,-0.0005060490568241442
130,2026-2,Lags 2,28,mortality_trend_delta_per_1000,0.0,1.140768414079328e-05
130,2026-2,Lags 2,28,weight_gap_pct,44.333333333333336,-0.0007894031791528444
130,2026-2,Lags 2,28,weight_staleness_days,0.0,-0.005266011035601655
130,2026-2,Lags 2,28,temperature_deviation_from_band_c,3.729690256666668,0.00042434556163824423
130,2026-2,Lags 2,28,humidity_deviation_from_band_pp,24.829334136666674,2.9610749715220453e-05
130,2026-2,Lags 2,28,environment_out_of_band_days_7d,7.0,1.677752759678856e-05
130,2026-2,Lags 2,28,environment_staleness_days,6.0,0.00020052579388793871
130,2026-2,Lags 2,28,is_lags_building,1.0,-0.007436952990238247
130,2026-2,Lags 2,28,historical_building_recovery,0.904526110161699,-0.0022853249182704914
130,2026-2,Lags 2,28,peer_delta_percentage_alive,-0.018325830003203536,-1.5967061388817225e-05
130,2026-2,Lags 2,28,peer_delta_weight_gap_pct,28.05000000000002,-5.99430407675562e-05
130,2026-2,Lags 2,28,missingindicator_temperature_deviation_from_band_c,0.0,-0.0003208654227548725
130,2026-2,Lags 2,28,missingindicator_humidity_deviation_from_band_pp,0.0,-6.158092707293349e-05
130,2026-2,Lags 2,28,missingindicator_environment_out_of_band_days_7d,0.0,-0.0002547498535298901
130,2026-2,Lags 2,28,missingindicator_environment_staleness_days,0.0,-0.00015811260959576186
131,2026-2,Lags 2,29,cycle_day,29.0,0.00768656871404386
131,2026-2,Lags 2,29,percentage_alive,0.9398570151921358,0.0034871821711642825
131,2026-2,Lags 2,29,mortality_recent_3d_per_1000,1.4894250819183794,-0.0003171489104827946
131,2026-2,Lags 2,29,mortality_trend_delta_per_1000,0.0,1.159190003947676e-05
131,2026-2,Lags 2,29,weight_gap_pct,44.333333333333336,-0.00082678946161856
131,2026-2,Lags 2,29,weight_staleness_days,1.0,-0.002982533316137215
131,2026-2,Lags 2,29,temperature_deviation_from_band_c,3.729690256666668,0.00040160998165161734
131,2026-2,Lags 2,29,humidity_deviation_from_band_pp,24.829334136666674,3.379035953240097e-05
131,2026-2,Lags 2,29,environment_out_of_band_days_7d,7.0,1.601010870909135e-05
131,2026-2,Lags 2,29,environment_staleness_days,7.0,0.00018590263972987836
131,2026-2,Lags 2,29,is_lags_building,1.0,-0.007188427089149293
131,2026-2,Lags 2,29,historical_building_recovery,0.904526110161699,-0.0022753024127465087
131,2026-2,Lags 2,29,peer_delta_percentage_alive,0.0,0.00017486542340560998
131,2026-2,Lags 2,29,peer_delta_weight_gap_pct,0.0,7.657180978806349e-05
131,2026-2,Lags 2,29,missingindicator_temperature_deviation_from_band_c,0.0,-0.00029397867122828755
131,2026-2,Lags 2,29,missingindicator_humidity_deviation_from_band_pp,0.0,-7.286324086853364e-05
131,2026-2,Lags 2,29,missingindicator_environment_out_of_band_days_7d,0.0,-0.0002512620222276385
131,2026-2,Lags 2,29,missingindicator_environment_staleness_days,0.0,-0.00015653778565830862
132,2026-2,Lags 3,7,cycle_day,7.0,-0.01297644166442258
132,2026-2,Lags 3,7,percentage_alive,0.985914237318356,-0.002542553522037855
132,2026-2,Lags 3,7,mortality_recent_3d_per_1000,2.496211108139431,-0.0009049132977619659
132,2026-2,Lags 3,7,mortality_trend_delta_per_1000,0.8469287688330209,-7.277300317853422e-05
132,2026-2,Lags 3,7,weight_gap_pct,56.76470588235294,-0.0010844333525280127
132,2026-2,Lags 3,7,weight_staleness_days,0.0,-0.005529974900456741
132,2026-2,Lags 3,7,temperature_deviation_from_band_c,4.2330830266666695,0.0003032898462253285
132,2026-2,Lags 3,7,humidity_deviation_from_band_pp,0.0,-4.211008967197242e-05
132,2026-2,Lags 3,7,environment_out_of_band_days_7d,6.0,-2.8561965080223415e-05
132,2026-2,Lags 3,7,environment_staleness_days,0.0,-5.133717065192654e-05
132,2026-2,Lags 3,7,is_lags_building,1.0,-0.010154153837206687
132,2026-2,Lags 3,7,historical_building_recovery,0.9157590425647345,-0.001264433167614451
132,2026-2,Lags 3,7,peer_delta_percentage_alive,-0.0018627513840236976,-0.00023396516437999154
132,2026-2,Lags 3,7,peer_delta_weight_gap_pct,18.464705882352938,-0.00025507521291417214
132,2026-2,Lags 3,7,missingindicator_temperature_deviation_from_band_c,0.0,-0.0005837665957190659
132,2026-2,Lags 3,7,missingindicator_humidity_deviation_from_band_pp,0.0,-0.0004679876886308941
132,2026-2,Lags 3,7,missingindicator_environment_out_of_band_days_7d,0.0,-0.00043839838877948354
132,2026-2,Lags 3,7,missingindicator_environment_staleness_days,0.0,-0.00029633420442799226
133,2026-2,Lags 3,14,cycle_day,14.0,-0.006220466637971388
133,2026-2,Lags 3,14,percentage_alive,0.9602389230632076,0.000709134468090316
133,2026-2,Lags 3,14,mortality_recent_3d_per_1000,1.3669727496954025,9.102994349586424e-05
133,2026-2,Lags 3,14,mortality_trend_delta_per_1000,0.0,1.8861698509337483e-05
133,2026-2,Lags 3,14,weight_gap_pct,63.94736842105264,-0.000986635363738674
133,2026-2,Lags 3,14,weight_staleness_days,0.0,-0.005193870097251685
133,2026-2,Lags 3,14,temperature_deviation_from_band_c,3.765150463333331,0.00028101988953847817
133,2026-2,Lags 3,14,humidity_deviation_from_band_pp,7.6941319466666656,-3.81990493500818e-05
133,2026-2,Lags 3,14,environment_out_of_band_days_7d,7.0,-6.0257367818050536e-05
133,2026-2,Lags 3,14,environment_staleness_days,0.0,-4.664421812723526e-05
133,2026-2,Lags 3,14,is_lags_building,1.0,-0.008889685769123802
133,2026-2,Lags 3,14,historical_building_recovery,0.9157590425647345,-0.0012416847416198706
133,2026-2,Lags 3,14,peer_delta_percentage_alive,-0.01821998366950106,3.884108539198811e-05
133,2026-2,Lags 3,14,peer_delta_weight_gap_pct,22.676315789473684,-0.00017233515541197853
133,2026-2,Lags 3,14,missingindicator_temperature_deviation_from_band_c,0.0,-0.00026415737628498776
133,2026-2,Lags 3,14,missingindicator_humidity_deviation_from_band_pp,0.0,-0.00013446704499480314
133,2026-2,Lags 3,14,missingindicator_environment_out_of_band_days_7d,0.0,-0.000211247397862751
133,2026-2,Lags 3,14,missingindicator_environment_staleness_days,0.0,-0.000127637368336438
134,2026-2,Lags 3,21,cycle_day,21.0,-0.00012934095531664624
134,2026-2,Lags 3,21,percentage_alive,0.9484710706962646,0.0026961202980698706
134,2026-2,Lags 3,21,mortality_recent_3d_per_1000,1.6938575376660423,-0.0009294955818193455
134,2026-2,Lags 3,21,mortality_trend_delta_per_1000,0.1528292515187406,-3.5309548851170604e-05
134,2026-2,Lags 3,21,weight_gap_pct,69.25,-0.000919200097101802
134,2026-2,Lags 3,21,weight_staleness_days,0.0,-0.005211138063365458
134,2026-2,Lags 3,21,temperature_deviation_from_band_c,4.089064673333329,0.0003299365148015287
134,2026-2,Lags 3,21,humidity_deviation_from_band_pp,0.0,-4.4528310747212316e-05
134,2026-2,Lags 3,21,environment_out_of_band_days_7d,7.0,1.048751376886402e-05
134,2026-2,Lags 3,21,environment_staleness_days,5.0,0.0001789627848878592
134,2026-2,Lags 3,21,is_lags_building,1.0,-0.008307107320894399
134,2026-2,Lags 3,21,historical_building_recovery,0.9157590425647345,-0.001236009941547179
134,2026-2,Lags 3,21,peer_delta_percentage_alive,-0.022690112507857685,4.826671356073506e-05
134,2026-2,Lags 3,21,peer_delta_weight_gap_pct,25.3125,-7.925196963528003e-05
134,2026-2,Lags 3,21,missingindicator_temperature_deviation_from_band_c,0.0,-0.00031281893466186643
134,2026-2,Lags 3,21,missingindicator_humidity_deviation_from_band_pp,0.0,-6.059477996102727e-05
134,2026-2,Lags 3,21,missingindicator_environment_out_of_band_days_7d,0.0,-0.0002643010222938477
134,2026-2,Lags 3,21,missingindicator_environment_staleness_days,0.0,-0.00017764425319396264
135,2026-2,Lags 3,23,cycle_day,23.0,0.0017584927124735651
135,2026-2,Lags 3,23,percentage_alive,0.9326023000802354,0.003772168148270646
135,2026-2,Lags 3,23,mortality_recent_3d_per_1000,1.842441532198152,-0.0008938710613386292
135,2026-2,Lags 3,23,mortality_trend_delta_per_1000,0.2122628493315848,-4.291305419835933e-05
135,2026-2,Lags 3,23,weight_gap_pct,69.25,-0.0009511047721162818
135,2026-2,Lags 3,23,weight_staleness_days,2.0,0.0005489235761941453
135,2026-2,Lags 3,23,temperature_deviation_from_band_c,4.089064673333329,0.00030905484237329705
135,2026-2,Lags 3,23,humidity_deviation_from_band_pp,0.0,-4.4121057840462935e-05
135,2026-2,Lags 3,23,environment_out_of_band_days_7d,7.0,1.4287768620830477e-06
135,2026-2,Lags 3,23,environment_staleness_days,7.0,0.00019011854658876302
135,2026-2,Lags 3,23,is_lags_building,1.0,-0.007436326977362668
135,2026-2,Lags 3,23,historical_building_recovery,0.9157590425647345,-0.0009629910040336836
135,2026-2,Lags 3,23,peer_delta_percentage_alive,0.0,0.00014248530763199207
135,2026-2,Lags 3,23,peer_delta_weight_gap_pct,0.0,7.432461100941486e-05
135,2026-2,Lags 3,23,missingindicator_temperature_deviation_from_band_c,0.0,-0.00029810760847197315
135,2026-2,Lags 3,23,missingindicator_humidity_deviation_from_band_pp,0.0,-9.242086964065311e-05
135,2026-2,Lags 3,23,missingindicator_environment_out_of_band_days_7d,0.0,-0.0002658331768820996
135,2026-2,Lags 3,23,missingindicator_environment_staleness_days,0.0,-0.0001794104444585464
136,2026-2,Tags 1,7,cycle_day,7.0,-0.01078109531382547
136,2026-2,Tags 1,7,percentage_alive,0.9877076860732136,-0.0017366108787094155
136,2026-2,Tags 1,7,mortality_recent_3d_per_1000,1.575937682921338,-0.0006099204473149932
136,2026-2,Tags 1,7,mortality_trend_delta_per_1000,0.0,4.376484779872954e-05
136,2026-2,Tags 1,7,weight_gap_pct,32.505882352941185,-0.0006605924492905491
136,2026-2,Tags 1,7,weight_staleness_days,0.0,-0.004476964970087012
136,2026-2,Tags 1,7,temperature_deviation_from_band_c,0.000595236666669,-0.0007820543671795274
136,2026-2,Tags 1,7,humidity_deviation_from_band_pp,0.0,-2.6102947109215936e-05
136,2026-2,Tags 1,7,environment_out_of_band_days_7d,4.0,-3.799317311679303e-05
136,2026-2,Tags 1,7,environment_staleness_days,0.0,-1.8952208354410274e-05
136,2026-2,Tags 1,7,is_lags_building,0.0,0.006690463315381859
136,2026-2,Tags 1,7,historical_building_recovery,0.933868719045271,0.001370703138311623
136,2026-2,Tags 1,7,peer_delta_percentage_alive,-6.930262916615693e-05,0.00013134999944832334
136,2026-2,Tags 1,7,peer_delta_weight_gap_pct,-5.794117647058819,9.534185607202308e-05
136,2026-2,Tags 1,7,missingindicator_temperature_deviation_from_band_c,0.0,-0.0003787378854685297
136,2026-2,Tags 1,7,missingindicator_humidity_deviation_from_band_pp,0.0,-0.00034908360247149883
136,2026-2,Tags 1,7,missingindicator_environment_out_of_band_days_7d,0.0,-0.00028467707897414715
136,2026-2,Tags 1,7,missingindicator_environment_staleness_days,0.0,-0.0002667165255348363
137,2026-2,Tags 1,14,cycle_day,14.0,-0.0051615935209105845
137,2026-2,Tags 1,14,percentage_alive,0.9804133459408348,-0.0012351682828894398
137,2026-2,Tags 1,14,mortality_recent_3d_per_1000,0.5403214912873159,0.000533160321566744
137,2026-2,Tags 1,14,mortality_trend_delta_per_1000,0.0,2.953477118445576e-05
137,2026-2,Tags 1,14,weight_gap_pct,36.11578947368421,-0.0007411358546073015
137,2026-2,Tags 1,14,weight_staleness_days,0.0,-0.004153708435425524
137,2026-2,Tags 1,14,temperature_deviation_from_band_c,2.4166666633333342,0.00037664340968745916
137,2026-2,Tags 1,14,humidity_deviation_from_band_pp,1.245833333333323,-1.9782024725712937e-05
137,2026-2,Tags 1,14,environment_out_of_band_days_7d,5.0,3.3195031042478185e-07
137,2026-2,Tags 1,14,environment_staleness_days,5.0,9.496482796275929e-05
137,2026-2,Tags 1,14,is_lags_building,0.0,0.006133874659027246
137,2026-2,Tags 1,14,historical_building_recovery,0.933868719045271,0.0014033136742055536
137,2026-2,Tags 1,14,peer_delta_percentage_alive,0.001954439208126213,0.00011271543708221819
137,2026-2,Tags 1,14,peer_delta_weight_gap_pct,-5.155263157894744,9.883949773272905e-05
137,2026-2,Tags 1,14,missingindicator_temperature_deviation_from_band_c,0.0,-0.00024855096689535794
137,2026-2,Tags 1,14,missingindicator_humidity_deviation_from_band_pp,0.0,-0.00019935718366743076
137,2026-2,Tags 1,14,missingindicator_environment_out_of_band_days_7d,0.0,-0.00016487198238169373
137,2026-2,Tags 1,14,missingindicator_environment_staleness_days,0.0,-0.00015079986177863854
138,2026-2,Tags 1,21,cycle_day,21.0,0.0006772927697043923
138,2026-2,Tags 1,21,percentage_alive,0.9748750506551398,-0.000544201261945272
138,2026-2,Tags 1,21,mortality_recent_3d_per_1000,0.9455626097528028,0.0005092578271846131
138,2026-2,Tags 1,21,mortality_trend_delta_per_1000,0.3280523339958703,-0.00010411528541428548
138,2026-2,Tags 1,21,weight_gap_pct,27.950000000000003,-0.0004836526312418737
138,2026-2,Tags 1,21,weight_staleness_days,0.0,-0.004101578504645181
138,2026-2,Tags 1,21,temperature_deviation_from_band_c,4.878083333333336,0.0003352537783201469
138,2026-2,Tags 1,21,humidity_deviation_from_band_pp,0.0,-6.694400666321488e-06
138,2026-2,Tags 1,21,environment_out_of_band_days_7d,6.0,1.329842556334275e-05
138,2026-2,Tags 1,21,environment_staleness_days,0.0,-2.713872545800473e-05
138,2026-2,Tags 1,21,is_lags_building,0.0,0.006048265287834568
138,2026-2,Tags 1,21,historical_building_recovery,0.933868719045271,0.0013937461163274173
138,2026-2,Tags 1,21,peer_delta_percentage_alive,0.0037138674510175385,0.00010118206526101774
138,2026-2,Tags 1,21,peer_delta_weight_gap_pct,-15.987499999999997,8.129976820376945e-05
138,2026-2,Tags 1,21,missingindicator_temperature_deviation_from_band_c,0.0,-0.0002825353426409288
138,2026-2,Tags 1,21,missingindicator_humidity_deviation_from_band_pp,0.0,-0.00016551799905036783
138,2026-2,Tags 1,21,missingindicator_environment_out_of_band_days_7d,0.0,-0.00020826943591903012
138,2026-2,Tags 1,21,missingindicator_environment_staleness_days,0.0,-0.00017152886306179947
139,2026-2,Tags 1,28,cycle_day,28.0,0.006987540263611092
139,2026-2,Tags 1,28,percentage_alive,0.9619073348642442,0.0005230252925832256
139,2026-2,Tags 1,28,mortality_recent_3d_per_1000,1.1706965644558511,0.0002758681758547235
139,2026-2,Tags 1,28,mortality_trend_delta_per_1000,0.2058367585856442,-3.927001835408408e-05
139,2026-2,Tags 1,28,weight_gap_pct,16.283333333333317,0.0010630462659734412
139,2026-2,Tags 1,28,weight_staleness_days,0.0,-0.004057235286257808
139,2026-2,Tags 1,28,temperature_deviation_from_band_c,6.022297423333335,0.000269803815511014
139,2026-2,Tags 1,28,humidity_deviation_from_band_pp,4.726470746666664,-3.497110857439207e-05
139,2026-2,Tags 1,28,environment_out_of_band_days_7d,7.0,1.0936103524569236e-05
139,2026-2,Tags 1,28,environment_staleness_days,0.0,-3.454087830379941e-05
139,2026-2,Tags 1,28,is_lags_building,0.0,0.005740471756183497
139,2026-2,Tags 1,28,historical_building_recovery,0.933868719045271,0.0013221618919285185
139,2026-2,Tags 1,28,peer_delta_percentage_alive,0.002473372600093393,0.00015831325703723472
139,2026-2,Tags 1,28,peer_delta_weight_gap_pct,0.0,4.003705566813882e-05
139,2026-2,Tags 1,28,missingindicator_temperature_deviation_from_band_c,0.0,-0.00033547293632286225
139,2026-2,Tags 1,28,missingindicator_humidity_deviation_from_band_pp,0.0,-0.00019407083443305238
139,2026-2,Tags 1,28,missingindicator_environment_out_of_band_days_7d,0.0,-0.0003128396800699637
139,2026-2,Tags 1,28,missingindicator_environment_staleness_days,0.0,-0.00022793209469504098
140,2026-2,Tags 1,48,cycle_day,48.0,0.013120916962922051
140,2026-2,Tags 1,48,percentage_alive,0.8927461839794678,0.002082908575330728
140,2026-2,Tags 1,48,mortality_recent_3d_per_1000,1.8010716376243867,-0.00041566655646806355
140,2026-2,Tags 1,48,mortality_trend_delta_per_1000,0.0,1.803332118556147e-05
140,2026-2,Tags 1,48,weight_gap_pct,24.44444444444444,-8.24848892182136e-05
140,2026-2,Tags 1,48,weight_staleness_days,13.0,0.015044277775023492
140,2026-2,Tags 1,48,temperature_deviation_from_band_c,3.282407410000001,0.00020521876849756082
140,2026-2,Tags 1,48,humidity_deviation_from_band_pp,15.23009259333334,8.128805789143415e-06
140,2026-2,Tags 1,48,environment_out_of_band_days_7d,7.0,4.065041889336765e-06
140,2026-2,Tags 1,48,environment_staleness_days,0.0,7.242571389992391e-06
140,2026-2,Tags 1,48,is_lags_building,0.0,0.002670032430808547
140,2026-2,Tags 1,48,historical_building_recovery,0.933868719045271,0.0005510077232454158
140,2026-2,Tags 1,48,peer_delta_percentage_alive,0.0,0.00021191524830052103
140,2026-2,Tags 1,48,peer_delta_weight_gap_pct,10.904444444444444,-9.152102094919926e-05
140,2026-2,Tags 1,48,missingindicator_temperature_deviation_from_band_c,0.0,-0.00015643140391208388
140,2026-2,Tags 1,48,missingindicator_humidity_deviation_from_band_pp,0.0,-0.000139681401417853
140,2026-2,Tags 1,48,missingindicator_environment_out_of_band_days_7d,0.0,-0.00013915733280976718
140,2026-2,Tags 1,48,missingindicator_environment_staleness_days,0.0,-9.986308767907865e-05
141,2026-2,Tags 2,7,cycle_day,7.0,-0.010215069087069848
141,2026-2,Tags 2,7,percentage_alive,0.988544474393531,-0.001801092496171296
141,2026-2,Tags 2,7,mortality_recent_3d_per_1000,1.572327044025157,-0.0004890157245238998
141,2026-2,Tags 2,7,mortality_trend_delta_per_1000,0.0,3.608339336168497e-05
141,2026-2,Tags 2,7,weight_gap_pct,36.30588235294118,-0.0009738912047166933
141,2026-2,Tags 2,7,weight_staleness_days,0.0,-0.00435019103821689
141,2026-2,Tags 2,7,temperature_deviation_from_band_c,0.9642543859649155,0.0002319406261783278
141,2026-2,Tags 2,7,humidity_deviation_from_band_pp,16.200000000000003,2.0644806652673955e-05
141,2026-2,Tags 2,7,environment_out_of_band_days_7d,7.0,-1.2102107762245623e-05
141,2026-2,Tags 2,7,environment_staleness_days,0.0,-1.9526943091815063e-05
141,2026-2,Tags 2,7,is_lags_building,0.0,0.006308415412569389
141,2026-2,Tags 2,7,historical_building_recovery,0.9379813682119446,0.0013576116443766275
141,2026-2,Tags 2,7,peer_delta_percentage_alive,0.0007674856911512595,0.00010737708440946629
141,2026-2,Tags 2,7,peer_delta_weight_gap_pct,-1.9941176470588218,8.319029651235886e-05
141,2026-2,Tags 2,7,missingindicator_temperature_deviation_from_band_c,1.0,0.0003029745982326552
141,2026-2,Tags 2,7,missingindicator_humidity_deviation_from_band_pp,1.0,0.00022166833209372815
141,2026-2,Tags 2,7,missingindicator_environment_out_of_band_days_7d,1.0,0.00022292922016405153
141,2026-2,Tags 2,7,missingindicator_environment_staleness_days,1.0,0.00020370069407148206
142,2026-2,Tags 2,14,cycle_day,14.0,-0.005357518605037201
142,2026-2,Tags 2,14,percentage_alive,0.979245283018868,-0.001205714626545323
142,2026-2,Tags 2,14,mortality_recent_3d_per_1000,1.1680143755615455,0.00027579456452450076
142,2026-2,Tags 2,14,mortality_trend_delta_per_1000,0.0,3.056128072383036e-05
142,2026-2,Tags 2,14,weight_gap_pct,37.673684210526325,-0.0010052602886280449
142,2026-2,Tags 2,14,weight_staleness_days,0.0,-0.004150530215629586
142,2026-2,Tags 2,14,temperature_deviation_from_band_c,0.9642543859649155,0.0002084874967068646
142,2026-2,Tags 2,14,humidity_deviation_from_band_pp,16.200000000000003,2.4480807132080135e-05
142,2026-2,Tags 2,14,environment_out_of_band_days_7d,7.0,-1.6716827916222077e-05
142,2026-2,Tags 2,14,environment_staleness_days,0.0,-2.186941551897839e-05
142,2026-2,Tags 2,14,is_lags_building,0.0,0.006172759375783369
142,2026-2,Tags 2,14,historical_building_recovery,0.9379813682119446,0.0014353852109097178
142,2026-2,Tags 2,14,peer_delta_percentage_alive,0.000786376286159407,0.00011278958182773258
142,2026-2,Tags 2,14,peer_delta_weight_gap_pct,-3.5973684210526287,7.410018170607159e-05
142,2026-2,Tags 2,14,missingindicator_temperature_deviation_from_band_c,1.0,0.00020402700064751613
142,2026-2,Tags 2,14,missingindicator_humidity_deviation_from_band_pp,1.0,0.000122556256864286
142,2026-2,Tags 2,14,missingindicator_environment_out_of_band_days_7d,1.0,0.0001502409494953013
142,2026-2,Tags 2,14,missingindicator_environment_staleness_days,1.0,0.00012750473424200098
143,2026-2,Tags 2,21,cycle_day,21.0,0.0005589626835627489
143,2026-2,Tags 2,21,percentage_alive,0.9731805929919136,-0.0005056933433174159
143,2026-2,Tags 2,21,mortality_recent_3d_per_1000,0.7637017070979336,0.00047392035404791654
143,2026-2,Tags 2,21,mortality_trend_delta_per_1000,0.0,2.1329598293753385e-05
143,2026-2,Tags 2,21,weight_gap_pct,27.140000000000008,-0.000521808440566344
143,2026-2,Tags 2,21,weight_staleness_days,0.0,-0.004041010213886916
143,2026-2,Tags 2,21,temperature_deviation_from_band_c,0.9642543859649155,0.00016339781011931695
143,2026-2,Tags 2,21,humidity_deviation_from_band_pp,16.200000000000003,2.6008633745220167e-05
143,2026-2,Tags 2,21,environment_out_of_band_days_7d,7.0,1.287603468307609e-06
143,2026-2,Tags 2,21,environment_staleness_days,0.0,-2.651430261092416e-05
143,2026-2,Tags 2,21,is_lags_building,0.0,0.006005314393737523
143,2026-2,Tags 2,21,historical_building_recovery,0.9379813682119446,0.0014334204168734868
143,2026-2,Tags 2,21,peer_delta_percentage_alive,0.0020194097877913597,9.175970811924e-05
143,2026-2,Tags 2,21,peer_delta_weight_gap_pct,-16.797499999999992,8.037954081150868e-05
143,2026-2,Tags 2,21,missingindicator_temperature_deviation_from_band_c,1.0,0.000249840911482819
143,2026-2,Tags 2,21,missingindicator_humidity_deviation_from_band_pp,1.0,7.435936353800285e-05
143,2026-2,Tags 2,21,missingindicator_environment_out_of_band_days_7d,1.0,0.00018280032115813158
143,2026-2,Tags 2,21,missingindicator_environment_staleness_days,1.0,0.00015715082538035068
144,2026-2,Tags 2,28,cycle_day,28.0,0.006927561442030348
144,2026-2,Tags 2,28,percentage_alive,0.9594339622641508,0.0009273162832961398
144,2026-2,Tags 2,28,mortality_recent_3d_per_1000,1.1680143755615455,0.00020712512437390287
144,2026-2,Tags 2,28,mortality_trend_delta_per_1000,0.243871133359004,-4.0022506483199237e-05
144,2026-2,Tags 2,28,weight_gap_pct,14.991666666666664,0.001298743051626746
144,2026-2,Tags 2,28,weight_staleness_days,0.0,-0.003950766442098856
144,2026-2,Tags 2,28,temperature_deviation_from_band_c,0.9642543859649155,0.00014966092309362113
144,2026-2,Tags 2,28,humidity_deviation_from_band_pp,16.200000000000003,3.5554900014141575e-05
144,2026-2,Tags 2,28,environment_out_of_band_days_7d,7.0,5.313181215337468e-06
144,2026-2,Tags 2,28,environment_staleness_days,0.0,-2.6400766285504378e-05
144,2026-2,Tags 2,28,is_lags_building,0.0,0.005880456630743321
144,2026-2,Tags 2,28,historical_building_recovery,0.9379813682119446,0.0014019906123662602
144,2026-2,Tags 2,28,peer_delta_percentage_alive,0.0,0.00015784897202339736
144,2026-2,Tags 2,28,peer_delta_weight_gap_pct,-1.2916666666666536,4.4681771421040105e-05
144,2026-2,Tags 2,28,missingindicator_temperature_deviation_from_band_c,1.0,0.0003012016165015002
144,2026-2,Tags 2,28,missingindicator_humidity_deviation_from_band_pp,1.0,9.664735533305015e-05
144,2026-2,Tags 2,28,missingindicator_environment_out_of_band_days_7d,1.0,0.0002658656257037445
144,2026-2,Tags 2,28,missingindicator_environment_staleness_days,1.0,0.00022114988424045955
145,2026-2,Tags 2,48,cycle_day,48.0,0.012137216129528543
145,2026-2,Tags 2,48,percentage_alive,0.8840970350404312,0.002087037369207075
145,2026-2,Tags 2,48,mortality_recent_3d_per_1000,2.3360287511230906,-0.0004337907629992235
145,2026-2,Tags 2,48,mortality_trend_delta_per_1000,0.0,1.8721259654358967e-05
145,2026-2,Tags 2,48,weight_gap_pct,13.539999999999996,0.0008215778238408912
145,2026-2,Tags 2,48,weight_staleness_days,13.0,0.014223903545407996
145,2026-2,Tags 2,48,temperature_deviation_from_band_c,0.9642543859649155,0.0001037950747118897
145,2026-2,Tags 2,48,humidity_deviation_from_band_pp,16.200000000000003,1.3932144666672415e-05
145,2026-2,Tags 2,48,environment_out_of_band_days_7d,7.0,3.3863161624356435e-06
145,2026-2,Tags 2,48,environment_staleness_days,0.0,5.4169435075505334e-06
145,2026-2,Tags 2,48,is_lags_building,0.0,0.002729184532712779
145,2026-2,Tags 2,48,historical_building_recovery,0.9379813682119446,0.0006278385655096724
145,2026-2,Tags 2,48,peer_delta_percentage_alive,-0.008649148939036566,-0.00021197355880296924
145,2026-2,Tags 2,48,peer_delta_weight_gap_pct,0.0,4.0677249738886774e-05
145,2026-2,Tags 2,48,missingindicator_temperature_deviation_from_band_c,1.0,0.00014706043302634307
145,2026-2,Tags 2,48,missingindicator_humidity_deviation_from_band_pp,1.0,0.00012998118466281996
145,2026-2,Tags 2,48,missingindicator_environment_out_of_band_days_7d,1.0,0.00013111375941738467
145,2026-2,Tags 2,48,missingindicator_environment_staleness_days,1.0,9.8238545317406e-05
146,2026-2,Tags 3,7,cycle_day,7.0,-0.010761819483728138
146,2026-2,Tags 3,7,percentage_alive,0.9867388362652232,-0.001650921387728295
146,2026-2,Tags 3,7,mortality_recent_3d_per_1000,1.7140279657194408,-0.0006613968136996956
146,2026-2,Tags 3,7,mortality_trend_delta_per_1000,0.0,4.372293058751568e-05
146,2026-2,Tags 3,7,weight_gap_pct,36.10588235294118,-0.0007716163126178873
146,2026-2,Tags 3,7,weight_staleness_days,0.0,-0.004464059675922006
146,2026-2,Tags 3,7,temperature_deviation_from_band_c,0.0,-0.0008026075170737088
146,2026-2,Tags 3,7,humidity_deviation_from_band_pp,0.0,-1.555643486800397e-05
146,2026-2,Tags 3,7,environment_out_of_band_days_7d,5.0,-1.0599086360837775e-05
146,2026-2,Tags 3,7,environment_staleness_days,0.0,-1.8947494362289122e-05
146,2026-2,Tags 3,7,is_lags_building,0.0,0.006800480096499493
146,2026-2,Tags 3,7,historical_building_recovery,0.9447624819312963,0.0016601962545406768
146,2026-2,Tags 3,7,peer_delta_percentage_alive,-0.0010381524371565476,-3.495312855641063e-05
146,2026-2,Tags 3,7,peer_delta_weight_gap_pct,-2.1941176470588246,8.289859652331014e-05
146,2026-2,Tags 3,7,missingindicator_temperature_deviation_from_band_c,0.0,-0.0004014300859315561
146,2026-2,Tags 3,7,missingindicator_humidity_deviation_from_band_pp,0.0,-0.00034779517106538454
146,2026-2,Tags 3,7,missingindicator_environment_out_of_band_days_7d,0.0,-0.00027713553007704836
146,2026-2,Tags 3,7,missingindicator_environment_staleness_days,0.0,-0.00025888756041860244
147,2026-2,Tags 3,14,cycle_day,14.0,-0.005218969679548214
147,2026-2,Tags 3,14,percentage_alive,0.9776725304465492,-0.0009335759366797016
147,2026-2,Tags 3,14,mortality_recent_3d_per_1000,1.0825439783491204,0.0004044765124586885
147,2026-2,Tags 3,14,mortality_trend_delta_per_1000,0.0,2.9614053298165528e-05
147,2026-2,Tags 3,14,weight_gap_pct,36.47631578947369,-0.0007618298004860902
147,2026-2,Tags 3,14,weight_staleness_days,0.0,-0.004160080337949374
147,2026-2,Tags 3,14,temperature_deviation_from_band_c,6.295555556666663,0.00039517446760152947
147,2026-2,Tags 3,14,humidity_deviation_from_band_pp,0.0,-2.1268128873967105e-05
147,2026-2,Tags 3,14,environment_out_of_band_days_7d,6.0,1.9622904477610367e-06
147,2026-2,Tags 3,14,environment_staleness_days,2.0,5.407796521796114e-05
147,2026-2,Tags 3,14,is_lags_building,0.0,0.006208740847823019
147,2026-2,Tags 3,14,historical_building_recovery,0.9447624819312963,0.001628709582163868
147,2026-2,Tags 3,14,peer_delta_percentage_alive,-0.000786376286159407,3.918287836673916e-05
147,2026-2,Tags 3,14,peer_delta_weight_gap_pct,-4.794736842105266,8.10397698740714e-05
147,2026-2,Tags 3,14,missingindicator_temperature_deviation_from_band_c,0.0,-0.0002687653550569286
147,2026-2,Tags 3,14,missingindicator_humidity_deviation_from_band_pp,0.0,-0.00019815021195623963
147,2026-2,Tags 3,14,missingindicator_environment_out_of_band_days_7d,0.0,-0.00017104644094615324
147,2026-2,Tags 3,14,missingindicator_environment_staleness_days,0.0,-0.0001462643573146749
148,2026-2,Tags 3,21,cycle_day,21.0,0.0005933078640907693
148,2026-2,Tags 3,21,percentage_alive,0.9722598105548038,-0.0002758123300487442
148,2026-2,Tags 3,21,mortality_recent_3d_per_1000,0.8119079837618403,0.0005728186528213047
148,2026-2,Tags 3,21,mortality_trend_delta_per_1000,0.0,2.102230360310532e-05
148,2026-2,Tags 3,21,weight_gap_pct,29.5,-0.0004761560323832439
148,2026-2,Tags 3,21,weight_staleness_days,0.0,-0.004077706075617152
148,2026-2,Tags 3,21,temperature_deviation_from_band_c,5.926388886666665,0.0003349021632155727
148,2026-2,Tags 3,21,humidity_deviation_from_band_pp,0.0,-1.9122216363495965e-05
148,2026-2,Tags 3,21,environment_out_of_band_days_7d,7.0,8.420816506292583e-06
148,2026-2,Tags 3,21,environment_staleness_days,0.0,-2.616804346747506e-05
148,2026-2,Tags 3,21,is_lags_building,0.0,0.005961160367187222
148,2026-2,Tags 3,21,historical_building_recovery,0.9447624819312963,0.0015393425368713809
148,2026-2,Tags 3,21,peer_delta_percentage_alive,0.001098627350681558,0.00011387665851471268
148,2026-2,Tags 3,21,peer_delta_weight_gap_pct,-14.4375,9.356008031840707e-05
148,2026-2,Tags 3,21,missingindicator_temperature_deviation_from_band_c,0.0,-0.00030187351040350275
148,2026-2,Tags 3,21,missingindicator_humidity_deviation_from_band_pp,0.0,-0.00017441634530975057
148,2026-2,Tags 3,21,missingindicator_environment_out_of_band_days_7d,0.0,-0.00021350183249007945
148,2026-2,Tags 3,21,missingindicator_environment_staleness_days,0.0,-0.00016278550276322448
149,2026-2,Tags 3,28,cycle_day,28.0,0.006816514986137855
149,2026-2,Tags 3,28,percentage_alive,0.9600811907983762,0.0007773802566474071
149,2026-2,Tags 3,28,mortality_recent_3d_per_1000,0.9472259810554804,0.0004372528564732967
149,2026-2,Tags 3,28,mortality_trend_delta_per_1000,0.0386622849410399,1.3215187340946927e-05
149,2026-2,Tags 3,28,weight_gap_pct,16.24666666666667,0.0010703201308336194
149,2026-2,Tags 3,28,weight_staleness_days,0.0,-0.004052729987552641
149,2026-2,Tags 3,28,temperature_deviation_from_band_c,6.029340096666665,0.0002704116441715054
149,2026-2,Tags 3,28,humidity_deviation_from_band_pp,3.068561516666662,-3.5970914670541344e-05
149,2026-2,Tags 3,28,environment_out_of_band_days_7d,7.0,1.1159044654251628e-05
149,2026-2,Tags 3,28,environment_staleness_days,0.0,-3.343141383854878e-05
149,2026-2,Tags 3,28,is_lags_building,0.0,0.00567955050919713
149,2026-2,Tags 3,28,historical_building_recovery,0.9447624819312963,0.0014430708768284302
149,2026-2,Tags 3,28,peer_delta_percentage_alive,0.0006472285342253858,0.00016405252072803462
149,2026-2,Tags 3,28,peer_delta_weight_gap_pct,-0.03666666666664753,3.8110079700709566e-05
149,2026-2,Tags 3,28,missingindicator_temperature_deviation_from_band_c,0.0,-0.0003593596707236724
149,2026-2,Tags 3,28,missingindicator_humidity_deviation_from_band_pp,0.0,-0.00020122084742223582
149,2026-2,Tags 3,28,missingindicator_environment_out_of_band_days_7d,0.0,-0.0003132424536328554
149,2026-2,Tags 3,28,missingindicator_environment_staleness_days,0.0,-0.00023237957160378344
150,2026-2,Tags 3,48,cycle_day,48.0,0.012843774667813671
150,2026-2,Tags 3,48,percentage_alive,0.898105548037889,0.0020592929930242742
150,2026-2,Tags 3,48,mortality_recent_3d_per_1000,2.165087956698241,-0.00048002332398674823
150,2026-2,Tags 3,48,mortality_trend_delta_per_1000,0.0,1.6044061738234626e-05
150,2026-2,Tags 3,48,weight_gap_pct,13.111111111111107,0.0007526707391338262
150,2026-2,Tags 3,48,weight_staleness_days,13.0,0.01471272441512089
150,2026-2,Tags 3,48,temperature_deviation_from_band_c,7.64811868666667,0.0001878921728803117
150,2026-2,Tags 3,48,humidity_deviation_from_band_pp,0.0,-3.8434852235316306e-05
150,2026-2,Tags 3,48,environment_out_of_band_days_7d,7.0,4.920703669158927e-06
150,2026-2,Tags 3,48,environment_staleness_days,11.0,-2.0165450840035258e-05
150,2026-2,Tags 3,48,is_lags_building,0.0,0.0026955136563471616
150,2026-2,Tags 3,48,historical_building_recovery,0.9447624819312963,0.0006824131362232721
150,2026-2,Tags 3,48,peer_delta_percentage_alive,0.00535936405842119,0.00028290462529171977
150,2026-2,Tags 3,48,peer_delta_weight_gap_pct,-0.42888888888888843,4.673638722709568e-05
150,2026-2,Tags 3,48,missingindicator_temperature_deviation_from_band_c,0.0,-0.0001657036656434536
150,2026-2,Tags 3,48,missingindicator_humidity_deviation_from_band_pp,0.0,-0.00013257340794860811
150,2026-2,Tags 3,48,missingindicator_environment_out_of_band_days_7d,0.0,-0.00015065405134098903
150,2026-2,Tags 3,48,missingindicator_environment_staleness_days,0.0,-0.00011269514956587121
