harvest_cycle,bldg,prediction_day,average_humidity,average_humidity_trend,average_temperature,average_temperature_lag1,average_temperature_lag2,average_temperature_trend,cold_stress_days,cold_stress_flag_cycle,cold_stress_flag_day,heat_stress_days,heat_stress_flag_cycle,heat_stress_flag_day,high_humidity_days,high_humidity_flag_cycle,high_humidity_flag_day,humidity_abs_error,humidity_gap,humidity_range,humidity_volatility,humidity_within_target,low_humidity_days,low_humidity_flag_cycle,low_humidity_flag_day,max_humidity,max_humidity_trend,max_temperature,max_temperature_trend,min_humidity,min_humidity_trend,min_temperature_trend,percent_cold_stress_days,percent_heat_stress_days,percent_high_humidity_days,percent_low_humidity_days,target_humidity,target_temperature,temperature_abs_error,temperature_gap,temperature_range,temperature_volatility,temperature_within_target,feed_cumulative_g_per_bird,feed_daily_g_per_bird,feed_daily_g_per_bird_ratio_lag1,feed_daily_g_per_bird_ratio_lag3,feed_deficit_days,feed_deficit_flag,feed_efficiency_score,feed_gap_cumulative,feed_gap_daily,feed_surplus_days,feed_surplus_flag,feed_volatility_score,compounding_stress_days,critical_days,current_population,is_tags,max_thi_cycle,max_thi_day,projected_day35_weight_from_trajectory,resting_days,sqft_per_bird,thi_stress_days,warning_days,bodyweight_at_day7,bodyweight_deficit_g_interpolated,bodyweight_g,bodyweight_g_is_extrapolated_fallback,bodyweight_g_is_interpolated,bodyweight_g_lag1,bodyweight_g_lag2,day_7_bodyweight_lower_than_mean,average_daily_mortality_ratio_to_normal_target,cumulative_allowable_mortality_normal,cumulative_mortality_difference_from_normal_target,daily_mortality_difference_from_normal_target,early_mortality_concentration,five_day_mortality_concern,high_mortality_days,high_mortality_severity,mortality_dailypercent_ratio_lag1,mortality_dailypercent_ratio_lag2,mortality_dailypercent_ratio_lag3,mortality_percent_cum,percent_high_mortality_days,final_harvest_recovery
2025-2,Tags 1,1,77.42010416666665,0.0,28.15472074468085,28.15472074468085,28.15472074468085,0.0,0,0,0,0,0,0,1,1,1,17.420104166666647,17.420104166666647,22.5,0.0,0,0,0,0,86.8,0.0,32.6,0.0,64.3,0.0,0.0,0.0,0.0,1.0,0.0,60.0,30.0,1.8452792553191488,-1.8452792553191488,7.100000000000001,0.0,1,14.79727730097662,14.79727730097662,3.0,3.0,0,0,147.9727730097662,4.797277300976621,4.797277300976621,1,1,0.0,0,1,6758,1,27.67854880516591,27.67854880516591,1789.0,29.5,1.0654039656703167,0,1,106.75,0.0,64.0,True,False,669.9717991631799,637.6489644351465,0,6.176470588235294,6.8,35.2,35.2,1.8333333333333333,0,1,5.176470588235294,3.0,3.0,3.0,0.6176470588,1.0,0.887794117647059
2025-2,Tags 1,2,77.42010416666665,-1.1658284442341368e-14,28.15472074468085,28.15472074468085,28.15472074468085,-6.783381100595097e-15,0,0,0,0,0,0,2,1,1,17.420104166666647,17.420104166666647,22.5,0.0,0,0,0,0,86.8,-1.7209744916952118e-14,32.6,-6.772789795300852e-15,64.3,-2.231677083022784e-14,-4.066460168369259e-15,0.0,0.0,1.0,0.0,60.0,30.0,1.8452792553191488,-1.8452792553191488,7.100000000000001,0.0,1,29.68239833778569,14.841199168892846,1.0029682398337785,3.0,1,1,86.57366181854161,-0.3176016622143081,-5.158800831107154,1,0,1.4121146998584422,0,1,6738,1,27.67854880516591,27.67854880516591,1789.0,29.5,1.068566340160285,0,2,106.75,0.0,77.0,True,False,64.0,637.6489644351465,0,4.5588235294117645,13.6,48.400000000000006,13.2,1.2419354838709675,0,2,5.176470588235294,0.4761904762752834,3.0,3.0,0.9117647059,1.0,0.887794117647059
2025-2,Tags 1,3,77.42010416666665,1.136476922109094e-14,28.15472074468085,28.15472074468085,28.15472074468085,-1.2895420286198469e-15,0,0,0,0,0,0,3,1,1,17.420104166666647,17.420104166666647,22.5,0.0,0,0,0,0,86.8,1.802190973325158e-15,32.6,2.30148056710964e-15,64.3,-3.313032514863088e-15,2.3936246954295856e-15,0.0,0.0,1.0,0.0,60.0,30.0,1.8452792553191488,-1.8452792553191488,7.100000000000001,4.3511678576336575e-15,1,44.62293618920125,14.874312063067084,1.0022311468094602,3.0,2,1,81.80871634686895,-5.377063810798752,-5.125687936932916,1,0,1.1531996636313655,0,1,6723,1,27.67854880516591,27.67854880516591,1789.0,29.5,1.07095046854083,0,3,106.75,0.0,91.0,True,False,77.0,64.0,0,3.774509803921569,20.4,56.60000000000001,8.2,1.0,0,3,5.176470588235294,0.749999999915,0.3571428571659863,3.0,1.132352941,1.0,0.887794117647059
2025-2,Tags 1,4,77.42010416666665,-1.0656246691081632e-14,28.15472074468085,28.15472074468085,28.15472074468085,-4.860576503336004e-15,0,0,0,0,0,0,4,1,1,17.420104166666647,17.420104166666647,22.5,0.0,0,0,0,0,86.8,-1.1688067064152732e-14,32.6,-2.2267158016781103e-15,64.3,-8.691606854378891e-15,-3.4693771706650844e-15,0.0,0.0,1.0,0.0,60.0,30.0,1.8452792553191488,-1.8452792553191488,7.100000000000001,0.0,1,67.18423409973126,22.394744699910422,1.5055986861749775,1.5134368468199464,3,1,89.57897879964167,-7.815765900268744,-2.6052553000895777,1,0,0.9450955999807183,0,2,6698,1,27.67854880516591,27.67854880516591,1789.0,29.5,1.0749477455957002,0,4,106.75,0.0,107.0,True,False,91.0,77.0,0,3.75,27.2,74.80000000000001,18.2,0.7549019607843137,0,4,5.176470588235294,1.6666666665155556,1.249999999745,0.5952380952226757,1.5,1.0,0.887794117647059
2025-2,Tags 1,5,77.42010416666665,-4.822292063407377e-15,28.15472074468085,28.15472074468085,28.15472074468085,-3.371434273386755e-15,0,0,0,0,0,0,5,1,1,17.420104166666647,17.420104166666647,22.5,0.0,0,0,0,0,86.8,-3.627382670784715e-15,32.6,-3.764398267022435e-15,64.3,-3.145486211302101e-15,-4.80122207299609e-16,0.0,0.0,1.0,0.0,60.0,28.0,0.1547207446808514,0.1547207446808514,7.100000000000001,0.0,1,89.84725965858041,22.461814914645103,1.0029949086552858,1.5134770889487872,4,1,89.84725965858041,-10.152740341419587,-2.538185085354897,1,0,0.8648441707415309,0,2,6678,1,27.67854880516591,27.67854880516591,1789.0,29.5,1.0781671159029649,0,5,106.75,0.0,125.0,True,False,107.0,91.0,0,3.588235294117647,34.0,88.00000000000001,13.2,0.6311475409836066,1,5,5.176470588235294,0.8000000001632,1.3333333334844444,1.0,1.794117647,1.0,0.887794117647059
2025-2,Tags 1,6,77.42010416666665,-3.280471822643205e-15,28.154720744680848,28.15472074468085,28.15472074468085,-1.3488542533772617e-15,0,0,0,0,0,0,6,1,1,17.420104166666647,17.420104166666647,22.5,0.0,0,0,0,0,86.8,-5.226196707538049e-15,32.6,-3.003278291787231e-16,64.3,-1.2637676618891284e-15,-6.929659921216828e-16,0.0,0.0,1.0,0.0,60.0,28.0,0.1547207446808514,0.1547207446808514,7.100000000000001,3.891802844472395e-15,1,112.56190904997749,22.512381809995496,1.0022512381809996,1.5135074290859971,5,1,73.85014138728681,-22.43809095002252,-12.487618190004504,1,0,0.800072259853328,0,2,6663,1,27.67854880516591,27.67854880516591,1789.0,29.5,1.080594326879784,0,6,106.75,0.0,145.0,True,False,125.0,107.0,0,3.357843137254902,40.8,96.20000000000002,8.2,0.5620437956204379,1,6,5.176470588235294,0.749999999915,0.6000000000544,1.0,2.014705882,1.0,0.887794117647059
2025-2,Tags 1,7,77.42010416666665,2.54453727244602e-15,28.154720744680848,28.15472074468085,28.15472074468085,-3.895921039444663e-16,0,0,0,0,0,0,7,1,1,17.420104166666647,17.420104166666647,22.5,0.0,0,0,0,0,86.8,2.981360072665549e-15,32.6,1.656277457553702e-15,64.3,-1.585001016368459e-15,1.2138620989631208e-15,0.0,0.0,1.0,0.0,60.0,28.0,0.1547207446808514,0.1547207446808514,7.100000000000001,3.837369354665453e-15,1,142.8141912206855,30.06614552014432,1.3355381840048106,1.3425536179595108,6,1,84.95581034578593,-27.1858087793145,-4.9338544798556825,1,0,0.7310492118793457,0,2,6652,1,27.67854880516591,27.67854880516591,1596.1736526946108,29.5,1.0823812387251954,0,6,149.0,-18.0,149.0,False,False,145.0,125.0,0,3.109243697478992,47.6,100.40000000000002,4.2,0.5202702702702703,1,7,5.176470588235294,0.7333333333937778,0.549999999983,0.44000000007616,2.176470588,1.0,0.887794117647059
2025-2,Tags 1,8,77.42010416666665,6.19100399074924e-15,28.15472074468085,28.15472074468085,28.15472074468085,2.560235073882277e-15,0,0,0,0,0,0,8,1,1,22.420104166666647,22.420104166666647,22.5,0.0,0,0,0,0,86.8,3.730138838203249e-15,32.6,2.821334018596945e-15,64.3,1.0375528248368057e-15,1.5927353798953544e-15,0.0,0.0,1.0,0.0,55.0,28.0,0.1547207446808514,0.1547207446808514,7.100000000000001,0.0,1,173.14062029509185,30.11141222523336,1.0015055706112617,1.3405600722673894,7,1,69.4615532013906,-46.85937970490815,-19.88858777476664,1,0,0.6918641612679525,0,2,6642,1,27.67854880516591,27.67854880516591,1580.5925673216886,29.5,1.084010840108401,0,6,149.0,-22.366812227074234,169.63318777292577,False,True,149.0,145.0,0,2.9044117647058822,54.4,103.6,3.2,0.4873417721518987,1,8,5.176470588235294,0.9090909088099172,0.6666666665155555,0.49999999983,2.323529412,1.0,0.887794117647059
2025-2,Tags 1,9,77.42010416666665,2.917569773198844e-15,28.15472074468085,28.15472074468085,28.15472074468085,1.0383261863092424e-15,0,0,0,1,1,1,9,1,1,22.420104166666647,22.420104166666647,22.5,0.0,0,0,0,0,86.8,-6.967445516541837e-16,32.6,1.926709849426818e-15,64.3,2.4487606206954734e-15,5.833989137158367e-16,0.0,0.1111111111111111,1.0,0.0,55.0,25.0,3.1547207446808514,3.1547207446808514,7.100000000000001,0.0,0,203.527815468114,30.15226895823911,1.0013568521031209,1.3393637871249813,8,1,67.84260515603799,-66.47218453188603,-19.84773104176089,1,0,0.6579257733898114,1,2,6633,1,27.67854880516591,27.67854880516591,1567.3458118300916,29.5,1.0854816824966078,0,6,149.0,-27.25764192139738,192.74235807860265,False,True,169.63318777292577,149.0,0,2.7287581699346406,61.2,105.8,2.2,0.4610778443113772,1,9,5.176470588235294,0.9000000003399999,0.8181818182380165,0.6000000000906667,2.455882353,1.0,0.887794117647059
2025-2,Tags 1,10,77.42010416666665,5.929324924733543e-15,28.15472074468085,28.15472074468085,28.15472074468085,1.0489235393749254e-15,0,0,0,2,1,1,10,1,1,22.420104166666647,22.420104166666647,22.5,0.0,0,0,0,0,86.8,3.621045517473897e-15,32.6,4.151382088140757e-16,64.3,2.5895147748354027e-15,-1.8871550300651995e-16,0.0,0.2,1.0,0.0,55.0,25.0,3.1547207446808514,3.1547207446808514,7.100000000000001,0.0,0,241.4729852097797,37.73015393902807,1.251320555387866,1.2549049200120737,9,1,68.02861089006576,-88.52701479022033,-22.26984606097193,1,0,0.6206476902843973,2,2,6626,1,27.67854880516591,27.67854880516591,1556.766647375528,29.5,1.0866284334440084,0,6,149.0,-32.323144104803475,216.67685589519647,False,True,192.74235807860265,169.63318777292577,0,2.558823529411765,68.0,106.0,0.2000000000000001,0.4425287356321839,1,10,5.176470588235294,0.7777777778617284,0.70000000034,0.636363636476033,2.558823529,1.0,0.887794117647059
2025-2,Tags 1,11,77.42010416666665,1.130364682040006e-15,28.154720744680848,28.15472074468085,28.15472074468085,1.302138512516356e-15,0,0,0,3,1,1,11,1,1,22.420104166666647,22.420104166666647,22.5,0.0,0,0,0,0,86.8,-4.780300776693633e-15,32.6,9.227997508175206e-16,64.3,2.586988526354164e-15,9.90452133024727e-16,0.0,0.2727272727272727,1.0,0.0,55.0,25.0,3.1547207446808514,3.1547207446808514,7.100000000000002,3.726117541341096e-15,0,279.6674225245654,37.79289493575208,1.0016628873771731,1.2551020408163267,10,1,67.3488768726864,-110.33257747543462,-22.20710506424792,1,0,0.5961194848699677,3,2,6615,1,27.67854880516591,27.67854880516591,1547.3750193564372,29.5,1.08843537414966,0,6,149.0,-38.08733624454149,243.9126637554585,False,True,216.67685589519647,192.74235807860265,0,2.4732620320855614,74.8,110.20000000000002,4.2,0.4162162162162162,1,11,5.176470588235294,1.5714285711510203,1.2222222221382717,1.10000000034,2.720588235,1.0,0.887794117647059
2025-2,Tags 1,12,77.42010416666665,-2.675605527985585e-16,28.154720744680848,28.15472074468085,28.15472074468085,1.3229991297389886e-15,0,0,0,4,1,1,12,1,1,22.420104166666647,22.420104166666647,22.5,0.0,0,0,0,0,86.8,5.750770099106333e-16,32.6,1.2743436555537021e-15,64.3,2.500081457902131e-15,6.067178005271581e-16,0.0,0.3333333333333333,1.0,0.0,55.0,25.0,3.1547207446808514,3.1547207446808514,7.100000000000001,3.710688416924011e-15,0,317.8928247048138,37.84438389343021,1.0013623978201631,1.2551089918256129,11,1,61.58527068371873,-142.1071752951862,-32.15561610656979,1,0,0.574142274376975,4,2,6606,1,27.67854880516591,27.67854880516591,1539.550907112256,29.5,1.0899182561307903,0,6,149.0,-44.20087336244541,272.7991266375546,False,True,243.9126637554585,216.67685589519647,0,2.377450980392157,81.6,112.40000000000002,2.2,0.3969072164948453,1,12,5.176470588235294,0.8181818182380165,1.2857142855755102,1.0,2.852941176,1.0,0.887794117647059
2025-2,Tags 1,13,77.42010416666665,4.691331236161485e-16,28.154720744680848,28.15472074468085,28.15472074468085,1.3814364750221513e-15,0,0,0,5,1,1,13,1,1,22.420104166666647,22.420104166666647,22.5,0.0,0,0,0,0,86.8,1.1752006107247913e-15,32.6,8.805487397987455e-16,64.3,3.751150414171871e-16,6.915014398866307e-16,0.0,0.3846153846153846,1.0,0.0,55.0,25.0,3.1547207446808514,3.1547207446808514,7.1000000000000005,3.697781635498623e-15,0,363.6914684043037,45.46143355053796,1.2012729201394152,1.204909834823458,12,1,62.08853193244768,-176.3085315956963,-34.53856644946204,1,0,0.5499330236160452,5,2,6599,1,27.67854880516591,27.67854880516591,1532.8029645119627,29.5,1.091074405212911,0,6,149.0,-50.83842794759824,304.16157205240177,False,True,272.7991266375546,243.9126637554585,0,2.2737556561085976,88.39999999999999,112.60000000000002,0.2000000000000001,0.3830845771144278,1,13,5.176470588235294,0.7777777778617284,0.636363636476033,1.0,2.955882353,1.0,0.887794117647059
2025-2,Tags 1,14,77.42010416666665,-1.1536256484809613e-15,28.154720744680848,28.15472074468085,28.15472074468085,-1.1784087075527521e-15,0,0,0,6,1,1,14,1,1,22.420104166666647,22.420104166666647,22.5,0.0,0,0,0,0,86.8,-3.163651978215829e-15,32.6,-2.0809458693257514e-16,64.3,-3.2683870908612468e-15,-5.592533086358858e-16,0.0,0.4285714285714285,1.0,0.0,55.0,25.0,3.1547207446808514,3.1547207446808514,7.1000000000000005,3.6868252213847854e-15,0,409.4631483166515,45.49590536851683,1.000758265089475,1.2038216560509551,13,1,57.77257824573566,-220.5368516833485,-44.50409463148317,1,0,0.5326969557082571,6,2,6594,1,27.67854880516591,27.67854880516591,1526.9747474747476,29.5,1.091901728844404,0,6,149.0,-58.0,338.0,False,False,304.16157205240177,272.7991266375546,0,2.163865546218488,95.2,110.80000000000004,-1.7999999999999998,0.3737864077669903,1,13,5.176470588235294,0.7142857140359183,0.5555555554212346,0.4545454544667768,3.029411765,0.9285714285714286,0.887794117647059
2025-2,Tags 2,1,77.42010416666665,0.0,28.15472074468085,28.15472074468085,28.15472074468085,0.0,0,0,0,0,0,0,1,1,1,17.420104166666647,17.420104166666647,22.5,0.0,0,0,0,0,86.8,0.0,32.6,0.0,64.3,0.0,0.0,0.0,0.0,1.0,0.0,60.0,30.0,1.8452792553191488,-1.8452792553191488,7.100000000000001,0.0,1,7.381163271331562,7.381163271331562,3.0,3.0,1,1,73.81163271331562,-2.6188367286684384,-2.6188367286684384,0,0,0.0,0,1,6774,1,27.67854880516591,27.67854880516591,1789.0,29.5,1.0628875110717448,0,1,106.75,0.0,64.0,True,False,669.9717991631799,637.6489644351465,0,3.823529411764706,6.8,19.2,19.2,2.3076923076923075,0,1,2.823529411764706,3.0,3.0,3.0,0.3823529412,1.0,0.824852941176471
2025-2,Tags 2,2,77.42010416666665,-1.1658284442341368e-14,28.15472074468085,28.15472074468085,28.15472074468085,-6.783381100595097e-15,0,0,0,0,0,0,2,1,1,17.420104166666647,17.420104166666647,22.5,0.0,0,0,0,0,86.8,-1.7209744916952118e-14,32.6,-6.772789795300852e-15,64.3,-2.231677083022784e-14,-4.066460168369259e-15,0.0,0.0,1.0,0.0,60.0,30.0,1.8452792553191488,-1.8452792553191488,7.100000000000001,0.0,1,14.801657785671996,7.400828892835998,1.002664298401421,3.0,2,1,43.171501874876654,-15.198342214328004,-12.599171107164002,0,0,1.412329618906346,0,1,6756,1,27.67854880516591,27.67854880516591,1789.0,29.5,1.0657193605683837,0,2,106.75,0.0,77.0,True,False,64.0,637.6489644351465,0,3.235294117647059,13.6,30.4,11.2,1.3636363636363635,0,2,2.823529411764706,0.6923076923881656,3.0,3.0,0.6470588235,1.0,0.824852941176471
2025-2,Tags 2,3,77.42010416666665,1.136476922109094e-14,28.15472074468085,28.15472074468085,28.15472074468085,-1.2895420286198469e-15,0,0,0,0,0,0,3,1,1,17.420104166666647,17.420104166666647,22.5,0.0,0,0,0,0,86.8,1.802190973325158e-15,32.6,2.30148056710964e-15,64.3,-3.313032514863088e-15,2.3936246954295856e-15,0.0,0.0,1.0,0.0,60.0,30.0,1.8452792553191488,-1.8452792553191488,7.100000000000001,4.3511678576336575e-15,1,29.67359050445104,14.83679525222552,2.004747774480712,3.0,3,1,66.76557863501483,-20.32640949554896,-5.163204747774481,0,0,0.998669797807108,0,1,6740,1,27.67854880516591,27.67854880516591,1789.0,29.5,1.0682492581602374,0,3,106.75,0.0,91.0,True,False,77.0,64.0,0,2.9411764705882355,20.4,39.6,9.2,1.0,0,3,2.823529411764706,0.8888888885530865,0.6153846152236686,3.0,0.8823529412,1.0,0.824852941176471
2025-2,Tags 2,4,77.42010416666665,-1.0656246691081632e-14,28.15472074468085,28.15472074468085,28.15472074468085,-4.860576503336004e-15,0,0,0,0,0,0,4,1,1,17.420104166666647,17.420104166666647,22.5,0.0,0,0,0,0,86.8,-1.1688067064152732e-14,32.6,-2.2267158016781103e-15,64.3,-8.691606854378891e-15,-3.4693771706650844e-15,0.0,0.0,1.0,0.0,60.0,30.0,1.8452792553191488,-1.8452792553191488,7.100000000000001,0.0,1,52.06009222073479,22.311468094600624,1.503792949576082,3.0,4,1,79.32966433635778,-22.93990777926521,-2.688531905399376,0,0,0.852680547336562,0,1,6723,1,27.67854880516591,27.67854880516591,1789.0,29.5,1.07095046854083,0,4,106.75,0.0,107.0,True,False,91.0,77.0,0,2.8308823529411766,27.2,49.8,10.2,0.7792207792207793,0,4,2.823529411764706,1.0625000002125,0.9444444442765432,0.6538461538059172,1.132352941,1.0,0.824852941176471
2025-2,Tags 2,5,77.42010416666665,-4.822292063407377e-15,28.15472074468085,28.15472074468085,28.15472074468085,-3.371434273386755e-15,0,0,0,0,0,0,5,1,1,17.420104166666647,17.420104166666647,22.5,0.0,0,0,0,0,86.8,-3.627382670784715e-15,32.6,-3.764398267022435e-15,64.3,-3.145486211302101e-15,-4.80122207299609e-16,0.0,0.0,1.0,0.0,60.0,28.0,0.1547207446808514,0.1547207446808514,7.100000000000001,0.0,1,74.51564828614009,22.35469448584203,1.0019374068554396,3.0,5,1,81.9672131147541,-25.48435171385991,-2.645305514157972,0,0,0.8358980698430041,0,1,6710,1,27.67854880516591,27.67854880516591,1789.0,29.5,1.073025335320417,0,4,106.75,0.0,125.0,True,False,107.0,91.0,0,2.647058823529412,34.0,56.0,6.2,0.6666666666666666,1,5,2.823529411764706,0.7647058824,0.8125000002125,0.7222222221382717,1.323529412,1.0,0.824852941176471
2025-2,Tags 2,6,77.42010416666665,-3.280471822643205e-15,28.154720744680848,28.15472074468085,28.15472074468085,-1.3488542533772617e-15,0,0,0,0,0,0,6,1,1,17.420104166666647,17.420104166666647,22.5,0.0,0,0,0,0,86.8,-5.226196707538049e-15,32.6,-3.003278291787231e-16,64.3,-1.2637676618891284e-15,-6.929659921216828e-16,0.0,0.0,1.0,0.0,60.0,28.0,0.1547207446808514,0.1547207446808514,7.100000000000001,3.891802844472395e-15,1,104.52441391667912,29.86411826190832,1.335921556916032,2.0128415708526206,6,1,81.37577198350678,-30.47558608332089,-5.135881738091683,0,0,0.7624911771009075,0,1,6697,1,27.67854880516591,27.67854880516591,1789.0,29.5,1.0751082574286994,0,4,106.75,0.0,145.0,True,False,125.0,107.0,0,2.524509803921569,40.8,62.2,6.2,0.5825242718446602,1,6,2.823529411764706,1.0,0.7647058824,0.8125000002125,1.514705882,1.0,0.824852941176471
2025-2,Tags 2,7,77.42010416666665,2.54453727244602e-15,28.154720744680848,28.15472074468085,28.15472074468085,-3.895921039444663e-16,0,0,0,0,0,0,7,1,1,17.420104166666647,17.420104166666647,22.5,0.0,0,0,0,0,86.8,2.981360072665549e-15,32.6,1.656277457553702e-15,64.3,-1.585001016368459e-15,1.2138620989631208e-15,0.0,0.0,1.0,0.0,60.0,28.0,0.1547207446808514,0.1547207446808514,7.100000000000001,3.837369354665453e-15,1,134.58950201884252,29.908778226409453,1.0014954389113206,1.3405114401076716,7,1,82.31197369032853,-35.41049798115748,-5.091221773590547,0,0,0.7368928455314991,0,1,6687,1,27.67854880516591,27.67854880516591,1531.8982035928143,29.5,1.0767160161507403,0,4,143.0,-24.0,143.0,False,False,145.0,125.0,0,2.3739495798319328,47.6,65.4,3.2,0.5309734513274337,1,7,2.823529411764706,0.7692307690295858,0.7692307690295858,0.588235294,1.661764706,1.0,0.824852941176471
2025-2,Tags 2,8,77.42010416666665,6.19100399074924e-15,28.15472074468085,28.15472074468085,28.15472074468085,2.560235073882277e-15,0,0,0,0,0,0,8,1,1,22.420104166666647,22.420104166666647,22.5,0.0,0,0,0,0,86.8,3.730138838203249e-15,32.6,2.821334018596945e-15,64.3,1.0375528248368057e-15,1.5927353798953544e-15,0.0,0.0,1.0,0.0,55.0,28.0,0.1547207446808514,0.1547207446808514,7.100000000000001,0.0,1,164.71997604073076,29.949086552860138,1.0013477088948786,1.3397224717979437,8,1,67.38544474393531,-55.28002395926924,-20.050913447139862,0,0,0.7092788140378862,0,1,6678,1,27.67854880516591,27.67854880516591,1536.892922125182,29.5,1.0781671159029649,0,4,143.0,-27.056768558951973,164.94323144104803,False,True,143.0,145.0,0,2.242647058823529,54.4,67.6,2.2,0.4918032786885246,1,8,2.823529411764706,0.9000000003399999,0.6923076923881656,0.6923076923881656,1.794117647,1.0,0.824852941176471
2025-2,Tags 2,9,77.42010416666665,2.917569773198844e-15,28.15472074468085,28.15472074468085,28.15472074468085,1.0383261863092424e-15,0,0,0,1,1,1,9,1,1,22.420104166666647,22.420104166666647,22.5,0.0,0,0,0,0,86.8,-6.967445516541837e-16,32.6,1.926709849426818e-15,64.3,2.4487606206954734e-15,5.833989137158367e-16,0.0,0.1111111111111111,1.0,0.0,55.0,25.0,3.1547207446808514,3.1547207446808514,7.100000000000001,0.0,0,194.9610077984403,29.99400119976005,1.001499700059988,1.004349130173965,9,1,66.09789153280455,-75.0389922015597,-20.00599880023995,0,0,0.6824885898918542,1,1,6668,1,27.67854880516591,27.67854880516591,1541.1393410083367,29.5,1.0797840431913617,0,4,143.0,-30.48034934497815,189.51965065502185,False,True,164.94323144104803,143.0,0,2.1568627450980395,61.2,70.8,3.2,0.4545454545454545,1,9,2.823529411764706,1.111111110691358,1.0,0.7692307690295858,1.941176471,1.0,0.824852941176471
2025-2,Tags 2,10,77.42010416666665,5.929324924733543e-15,28.15472074468085,28.15472074468085,28.15472074468085,1.0489235393749254e-15,0,0,0,2,1,1,10,1,1,22.420104166666647,22.420104166666647,22.5,0.0,0,0,0,0,86.8,3.621045517473897e-15,32.6,4.151382088140757e-16,64.3,2.5895147748354027e-15,-1.8871550300651995e-16,0.0,0.2,1.0,0.0,55.0,25.0,3.1547207446808514,3.1547207446808514,7.100000000000001,0.0,0,232.83761454108452,37.55445395823945,1.2520654949677033,1.2556331680937358,10,1,66.57380474415174,-97.16238545891542,-22.44554604176055,0,0,0.6458614042792784,2,1,6657,1,27.67854880516591,27.67854880516591,1544.5306290664846,29.5,1.081568273997296,0,4,143.0,-34.02620087336243,214.9737991266376,False,True,189.51965065502185,164.94323144104803,0,2.1029411764705883,68.0,75.0,4.2,0.4195804195804196,1,10,2.823529411764706,1.10000000034,1.2222222221382717,1.10000000034,2.102941176,1.0,0.824852941176471
2025-2,Tags 2,11,77.42010416666665,1.130364682040006e-15,28.154720744680848,28.15472074468085,28.15472074468085,1.302138512516356e-15,0,0,0,3,1,1,11,1,1,22.420104166666647,22.420104166666647,22.5,0.0,0,0,0,0,86.8,-4.780300776693633e-15,32.6,9.227997508175206e-16,64.3,2.586988526354164e-15,9.90452133024727e-16,0.0,0.2727272727272727,1.0,0.0,55.0,25.0,3.1547207446808514,3.1547207446808514,7.100000000000002,3.726117541341096e-15,0,270.7174011129493,37.59963904346518,1.0012031884493908,1.2554519476613024,11,1,66.04039165326577,-119.28259888705072,-22.40036095653482,0,0,0.6250249730832319,3,1,6649,1,27.67854880516591,27.67854880516591,1547.5412369537614,29.5,1.0828696044517974,0,4,143.0,-38.06113537117904,243.93886462882097,False,True,214.9737991266376,189.51965065502185,0,2.0187165775401072,74.8,76.2,1.2000000000000002,0.3973509933774834,1,11,2.823529411764706,0.7272727270479339,0.8,0.8888888885530865,2.220588235,1.0,0.824852941176471
2025-2,Tags 2,12,77.42010416666665,-2.675605527985585e-16,28.154720744680848,28.15472074468085,28.15472074468085,1.3229991297389886e-15,0,0,0,4,1,1,12,1,1,22.420104166666647,22.420104166666647,22.5,0.0,0,0,0,0,86.8,5.750770099106333e-16,32.6,1.2743436555537021e-15,64.3,2.500081457902131e-15,6.067178005271581e-16,0.0,0.3333333333333333,1.0,0.0,55.0,25.0,3.1547207446808514,3.1547207446808514,7.100000000000001,3.710688416924011e-15,0,308.641975308642,37.6392652815417,1.0010538994278833,1.2548931044866003,12,1,60.43323028123311,-151.35802469135805,-32.360734718458296,0,0,0.6055504906838599,4,1,6642,1,27.67854880516591,27.67854880516591,1550.0493573760557,29.5,1.084010840108401,0,4,143.0,-42.34061135371178,274.6593886462882,False,True,243.93886462882097,214.9737991266376,0,1.9362745098039216,81.6,76.4,0.2000000000000001,0.379746835443038,1,12,2.823529411764706,0.875000000425,0.636363636476033,0.70000000034,2.323529412,1.0,0.824852941176471
2025-2,Tags 2,13,77.42010416666665,4.691331236161485e-16,28.154720744680848,28.15472074468085,28.15472074468085,1.3814364750221513e-15,0,0,0,5,1,1,13,1,1,22.420104166666647,22.420104166666647,22.5,0.0,0,0,0,0,86.8,1.1752006107247913e-15,32.6,8.805487397987455e-16,64.3,3.751150414171871e-16,6.915014398866307e-16,0.0,0.3846153846153846,1.0,0.0,55.0,25.0,3.1547207446808514,3.1547207446808514,7.1000000000000005,3.697781635498623e-15,0,354.23575520048234,45.221585770274345,1.2014470907446488,1.2041603858908652,13,1,61.063098069429095,-185.76424479951768,-34.778414229725655,0,0,0.5810853058716752,5,1,6634,1,27.67854880516591,27.67854880516591,1552.2124976935852,29.5,1.0853180584865842,0,4,143.0,-46.98689956331873,308.01310043668127,False,True,274.6593886462882,243.93886462882097,0,1.8778280542986427,88.39999999999999,77.60000000000001,1.2000000000000002,0.3614457831325301,1,13,2.823529411764706,1.1428571423020408,1.0,0.7272727270479339,2.441176471,1.0,0.824852941176471
2025-2,Tags 2,14,77.42010416666665,-1.1536256484809613e-15,28.154720744680848,28.15472074468085,28.15472074468085,-1.1784087075527521e-15,0,0,0,6,1,1,14,1,1,22.420104166666647,22.420104166666647,22.5,0.0,0,0,0,0,86.8,-3.163651978215829e-15,32.6,-2.0809458693257514e-16,64.3,-3.2683870908612468e-15,-5.592533086358858e-16,0.0,0.4285714285714285,1.0,0.0,55.0,25.0,3.1547207446808514,3.1547207446808514,7.1000000000000005,3.6868252213847854e-15,0,400.06038647343,45.289855072463766,1.0015096618357486,1.2045289855072463,14,1,56.911854919101295,-229.93961352657004,-44.71014492753624,0,0,0.5652107741911127,6,1,6624,1,27.67854880516591,27.67854880516591,1554.080808080808,29.5,1.0869565217391304,0,4,143.0,-52.0,344.0,False,False,308.01310043668127,274.6593886462882,0,1.8487394957983196,95.2,80.80000000000001,3.2,0.3409090909090909,1,14,2.823529411764706,1.25,1.428571427877551,1.25,2.588235294,1.0,0.824852941176471
2025-2,Tags 3,1,77.42010416666665,0.0,28.15472074468085,28.15472074468085,28.15472074468085,0.0,0,0,0,0,0,0,1,1,1,17.420104166666647,17.420104166666647,22.5,0.0,0,0,0,0,86.8,0.0,32.6,0.0,64.3,0.0,0.0,0.0,0.0,1.0,0.0,60.0,30.0,1.8452792553191488,-1.8452792553191488,7.100000000000001,0.0,1,14.749262536873156,14.749262536873156,3.0,3.0,0,0,147.49262536873155,4.749262536873156,4.749262536873156,1,1,0.0,0,0,6780,1,27.67854880516591,27.67854880516591,1789.0,29.5,1.0619469026548674,0,1,106.75,0.0,64.0,True,False,669.9717991631799,637.6489644351465,0,2.9411764705882355,6.8,13.2,13.2,2.55,0,1,1.9411764705882355,3.0,3.0,3.0,0.2941176471,1.0,0.897794117647059
2025-2,Tags 3,2,77.42010416666665,-1.1658284442341368e-14,28.15472074468085,28.15472074468085,28.15472074468085,-6.783381100595097e-15,0,0,0,0,0,0,2,1,1,17.420104166666647,17.420104166666647,22.5,0.0,0,0,0,0,86.8,-1.7209744916952118e-14,32.6,-6.772789795300852e-15,64.3,-2.231677083022784e-14,-4.066460168369259e-15,0.0,0.0,1.0,0.0,60.0,30.0,1.8452792553191488,-1.8452792553191488,7.100000000000001,0.0,1,36.94945314809341,22.169671888856044,1.50310375406444,3.0,0,0,117.00660163562912,6.949453148093411,2.169671888856044,2,1,1.0584654862337204,0,0,6766,1,27.67854880516591,27.67854880516591,1789.0,29.5,1.0641442506650902,0,2,106.75,0.0,77.0,True,False,64.0,637.6489644351465,0,2.5,13.6,20.4,7.2,1.5,0,2,1.9411764705882355,0.699999999762,3.0,3.0,0.5,1.0,0.897794117647059
2025-2,Tags 3,3,77.42010416666665,1.136476922109094e-14,28.15472074468085,28.15472074468085,28.15472074468085,-1.2895420286198469e-15,0,0,0,0,0,0,3,1,1,17.420104166666647,17.420104166666647,22.5,0.0,0,0,0,0,86.8,1.802190973325158e-15,32.6,2.30148056710964e-15,64.3,-3.313032514863088e-15,2.3936246954295856e-15,0.0,0.0,1.0,0.0,60.0,30.0,1.8452792553191488,-1.8452792553191488,7.100000000000001,4.3511678576336575e-15,1,59.2680397095866,22.22551489109497,1.0025188916876575,3.0,0,0,114.83182693732404,9.268039709586605,2.225514891094978,3,1,1.0393278560044996,0,0,6749,1,27.67854880516591,27.67854880516591,1789.0,29.5,1.066824714772559,0,3,106.75,0.0,91.0,True,False,77.0,64.0,0,2.5,20.4,30.6,10.2,1.0,0,3,1.9411764705882355,1.2142857145285717,0.8499999998810001,3.0,0.75,1.0,0.897794117647059
2025-2,Tags 3,4,77.42010416666665,-1.0656246691081632e-14,28.15472074468085,28.15472074468085,28.15472074468085,-4.860576503336004e-15,0,0,0,0,0,0,4,1,1,17.420104166666647,17.420104166666647,22.5,0.0,0,0,0,0,86.8,-1.1688067064152732e-14,32.6,-2.2267158016781103e-15,64.3,-8.691606854378891e-15,-3.4693771706650844e-15,0.0,0.0,1.0,0.0,60.0,30.0,1.8452792553191488,-1.8452792553191488,7.100000000000001,0.0,1,89.0604126465786,29.6868042155262,1.335708277670575,2.0127653258126763,0,0,118.7472168621048,14.060412646578598,4.686804215526198,4,1,0.8845958447724637,0,0,6737,1,27.67854880516591,27.67854880516591,1789.0,29.5,1.0687249517589432,0,3,106.75,0.0,107.0,True,False,91.0,77.0,0,2.3161764705882355,27.2,35.8,5.2,0.8095238095238095,0,4,1.9411764705882355,0.7058823528,0.8571428571428571,0.599999999796,0.9264705882,1.0,0.897794117647059
2025-2,Tags 3,5,77.42010416666665,-4.822292063407377e-15,28.15472074468085,28.15472074468085,28.15472074468085,-3.371434273386755e-15,0,0,0,0,0,0,5,1,1,17.420104166666647,17.420104166666647,22.5,0.0,0,0,0,0,86.8,-3.627382670784715e-15,32.6,-3.764398267022435e-15,64.3,-3.145486211302101e-15,-4.80122207299609e-16,0.0,0.0,1.0,0.0,60.0,28.0,0.1547207446808514,0.1547207446808514,7.100000000000001,0.0,1,118.90606420927467,29.72651605231867,1.0013376932223543,1.340864050733254,0,0,118.90606420927467,18.906064209274675,4.726516052318669,5,1,0.8291062351226556,0,0,6728,1,27.67854880516591,27.67854880516591,1789.0,29.5,1.070154577883472,0,3,106.75,0.0,125.0,True,False,107.0,91.0,0,2.11764705882353,34.0,38.0,2.2,0.7083333333333334,1,5,1.9411764705882355,0.7500000002833332,0.5294117648,0.6428571431,1.058823529,1.0,0.897794117647059
2025-2,Tags 3,6,77.42010416666665,-3.280471822643205e-15,28.154720744680848,28.15472074468085,28.15472074468085,-1.3488542533772617e-15,0,0,0,0,0,0,6,1,1,17.420104166666647,17.420104166666647,22.5,0.0,0,0,0,0,86.8,-5.226196707538049e-15,32.6,-3.003278291787231e-16,64.3,-1.2637676618891284e-15,-6.929659921216828e-16,0.0,0.0,1.0,0.0,60.0,28.0,0.1547207446808514,0.1547207446808514,7.100000000000001,3.891802844472395e-15,1,148.85382554331647,29.77076510866329,1.0014885382554333,1.3394859581224572,1,1,97.66071093847218,13.853825543316477,-5.229234891336706,5,0,0.7768679164533688,0,0,6718,1,27.67854880516591,27.67854880516591,1789.0,29.5,1.0717475439118784,0,3,106.75,0.0,145.0,True,False,125.0,107.0,0,2.009803921568628,40.8,41.2,3.2,0.6219512195121951,1,6,1.9411764705882355,1.111111110691358,0.8333333333333333,0.588235294,1.205882353,1.0,0.897794117647059
2025-2,Tags 3,7,77.42010416666665,2.54453727244602e-15,28.154720744680848,28.15472074468085,28.15472074468085,-3.895921039444663e-16,0,0,0,0,0,0,7,1,1,17.420104166666647,17.420104166666647,22.5,0.0,0,0,0,0,86.8,2.981360072665549e-15,32.6,1.656277457553702e-15,64.3,-1.585001016368459e-15,1.2138620989631208e-15,0.0,0.0,1.0,0.0,60.0,28.0,0.1547207446808514,0.1547207446808514,7.100000000000001,3.837369354665453e-15,1,186.51148910772903,37.30229782154581,1.2529841838257236,1.2565279021187703,1,0,108.14531721372524,16.511489107729034,2.3022978215458068,6,1,0.7140843121498744,0,0,6702,1,27.67854880516591,27.67854880516591,1585.4610778443114,29.5,1.0743061772605194,0,4,148.0,-19.0,148.0,False,False,145.0,125.0,0,2.058823529411765,47.6,50.400000000000006,9.2,0.5204081632653061,1,7,1.9411764705882355,1.6,1.777777777106173,1.3333333333333333,1.441176471,1.0,0.897794117647059
2025-2,Tags 3,8,77.42010416666665,6.19100399074924e-15,28.15472074468085,28.15472074468085,28.15472074468085,2.560235073882277e-15,0,0,0,0,0,0,8,1,1,22.420104166666647,22.420104166666647,22.5,0.0,0,0,0,0,86.8,3.730138838203249e-15,32.6,2.821334018596945e-15,64.3,1.0375528248368057e-15,1.5927353798953544e-15,0.0,0.0,1.0,0.0,55.0,28.0,0.1547207446808514,0.1547207446808514,7.100000000000001,0.0,1,224.2822966507177,37.380382775119614,1.0020933014354063,1.2574760765550237,2,1,88.35363201391908,4.282296650717711,-12.619617224880386,6,0,0.679198292617804,0,0,6688,1,27.67854880516591,27.67854880516591,1578.3953784570597,29.5,1.076555023923445,0,5,148.0,-22.60262008733625,169.39737991266375,False,True,148.0,145.0,0,2.058823529411765,54.4,57.6,7.2,0.4553571428571428,1,8,1.9411764705882355,0.8750000000000001,1.4,1.5555555549679014,1.647058824,1.0,0.897794117647059
2025-2,Tags 3,9,77.42010416666665,2.917569773198844e-15,28.15472074468085,28.15472074468085,28.15472074468085,1.0383261863092424e-15,0,0,0,1,1,1,9,1,1,22.420104166666647,22.420104166666647,22.5,0.0,0,0,0,0,86.8,-6.967445516541837e-16,32.6,1.926709849426818e-15,64.3,2.4487606206954734e-15,5.833989137158367e-16,0.0,0.1111111111111111,1.0,0.0,55.0,25.0,3.1547207446808514,3.1547207446808514,7.100000000000001,0.0,0,261.9760479041916,37.4251497005988,1.0011976047904192,1.2571107784431137,3,1,85.93923264581946,-8.023952095808397,-12.5748502994012,6,0,0.6482433022395014,1,0,6680,1,27.67854880516591,27.67854880516591,1572.3882493052802,29.5,1.0778443113772456,0,5,148.0,-26.637554585152827,193.3624454148472,False,True,169.39737991266375,148.0,0,1.9607843137254903,61.2,58.8,1.2000000000000002,0.425,1,9,1.9411764705882355,0.5714285714285714,0.5,0.8,1.764705882,1.0,0.897794117647059
2025-2,Tags 3,10,77.42010416666665,5.929324924733543e-15,28.15472074468085,28.15472074468085,28.15472074468085,1.0489235393749254e-15,0,0,0,2,1,1,10,1,1,22.420104166666647,22.420104166666647,22.5,0.0,0,0,0,0,86.8,3.621045517473897e-15,32.6,4.151382088140757e-16,64.3,2.5895147748354027e-15,-1.8871550300651995e-16,0.0,0.2,1.0,0.0,55.0,25.0,3.1547207446808514,3.1547207446808514,7.100000000000001,0.0,0,307.30025483435764,44.9707690001499,1.2016189476840051,1.2055763753560185,4,1,84.03628550533062,-22.699745165642355,-15.0292309998501,6,0,0.6128373529607383,2,0,6671,1,27.67854880516591,27.67854880516591,1567.590817418144,29.5,1.0792984560035976,0,5,148.0,-30.816593886462897,218.1834061135371,False,True,193.3624454148472,169.39737991266375,0,1.897058823529412,68.0,61.0,2.2,0.3953488372093023,1,10,1.9411764705882355,1.125000000425,0.6428571431,0.5625000002125,1.897058824,1.0,0.897794117647059
2025-2,Tags 3,11,77.42010416666665,1.130364682040006e-15,28.154720744680848,28.15472074468085,28.15472074468085,1.302138512516356e-15,0,0,0,3,1,1,11,1,1,22.420104166666647,22.420104166666647,22.5,0.0,0,0,0,0,86.8,-4.780300776693633e-15,32.6,9.227997508175206e-16,64.3,2.586988526354164e-15,9.90452133024727e-16,0.0,0.2727272727272727,1.0,0.0,55.0,25.0,3.1547207446808514,3.1547207446808514,7.100000000000002,3.726117541341096e-15,0,352.85285285285283,45.04504504504504,1.0016516516516516,1.2050450450450452,5,1,82.77508277508278,-37.147147147147166,-14.954954954954957,6,0,0.5897677995156374,3,0,6660,1,27.67854880516591,27.67854880516591,1563.331908699557,29.5,1.0810810810810811,0,5,148.0,-35.57205240174673,246.42794759825327,False,True,218.1834061135371,193.3624454148472,0,1.8716577540106956,74.8,65.2,4.2,0.3642857142857142,1,11,1.9411764705882355,1.2222222221382717,1.375000000425,0.7857142859571428,2.058823529,1.0,0.897794117647059
2025-2,Tags 3,12,77.42010416666665,-2.675605527985585e-16,28.154720744680848,28.15472074468085,28.15472074468085,1.3229991297389886e-15,0,0,0,4,1,1,12,1,1,22.420104166666647,22.420104166666647,22.5,0.0,0,0,0,0,86.8,5.750770099106333e-16,32.6,1.2743436555537021e-15,64.3,2.500081457902131e-15,6.067178005271581e-16,0.0,0.3333333333333333,1.0,0.0,55.0,25.0,3.1547207446808514,3.1547207446808514,7.100000000000001,3.710688416924011e-15,0,405.8929645219483,52.61575466025256,1.1680697534576068,1.4058929645219482,6,1,81.70148239169652,-54.10703547805173,-17.384245339747444,6,0,0.56361634444466,4,0,6652,1,27.67854880516591,27.67854880516591,1559.7838359070436,29.5,1.0823812387251954,0,5,148.0,-40.61572052401743,276.38427947598257,False,True,246.42794759825327,218.1834061135371,0,1.8137254901960784,81.6,66.4,1.2000000000000002,0.3445945945945945,1,12,1.9411764705882355,0.7272727270479339,0.8888888885530865,1.0,2.176470588,1.0,0.897794117647059
2025-2,Tags 3,13,77.42010416666665,4.691331236161485e-16,28.154720744680848,28.15472074468085,28.15472074468085,1.3814364750221513e-15,0,0,0,5,1,1,13,1,1,22.420104166666647,22.420104166666647,22.5,0.0,0,0,0,0,86.8,1.1752006107247913e-15,32.6,8.805487397987455e-16,64.3,3.751150414171871e-16,6.915014398866307e-16,0.0,0.3846153846153846,1.0,0.0,55.0,25.0,3.1547207446808514,3.1547207446808514,7.1000000000000005,3.697781635498623e-15,0,459.1990364348088,52.69497139415839,1.0015055706112617,1.171760513901435,7,1,75.45278642086832,-80.80096356519118,-27.305028605841613,6,0,0.5454936062962051,5,0,6642,1,27.67854880516591,27.67854880516591,1556.7237837505384,29.5,1.084010840108401,0,5,148.0,-46.09170305676855,308.90829694323145,False,True,276.38427947598257,246.42794759825327,0,1.787330316742081,88.39999999999999,69.60000000000001,3.2,0.3227848101265823,1,13,1.9411764705882355,1.25,0.9090909088099172,1.111111110691358,2.323529412,1.0,0.897794117647059
2025-2,Tags 3,14,77.42010416666665,-1.1536256484809613e-15,28.154720744680848,28.15472074468085,28.15472074468085,-1.1784087075527521e-15,0,0,0,6,1,1,14,1,1,22.420104166666647,22.420104166666647,22.5,0.0,0,0,0,0,86.8,-3.163651978215829e-15,32.6,-2.0809458693257514e-16,64.3,-3.2683870908612468e-15,-5.592533086358858e-16,0.0,0.4285714285714285,1.0,0.0,55.0,25.0,3.1547207446808514,3.1547207446808514,7.1000000000000005,3.6868252213847854e-15,0,512.5113053964426,52.75851673198674,1.001205908953874,1.1712390714501055,8,1,69.98578750161506,-117.4886946035574,-37.24148326801326,6,0,0.5288918855907054,6,0,6634,1,27.67854880516591,27.67854880516591,1554.080808080808,29.5,1.0853180584865842,0,5,148.0,-52.0,344.0,False,False,308.90829694323145,276.38427947598257,0,1.7436974789915964,95.2,70.80000000000001,1.2000000000000002,0.3072289156626506,1,14,1.9411764705882355,0.8,1.0,0.7272727270479339,2.441176471,1.0,0.897794117647059
2025-3,Lags 1,1,76.0307692307692,0.0,31.5846153846154,28.15472074468085,28.15472074468085,0.0,0,0,0,0,0,0,0,0,0,6.030769230769195,6.030769230769195,7.8,0.0,1,0,0,0,79.7,0.0,32.3,0.0,71.9,0.0,0.0,0.0,0.0,0.0,0.0,70.0,30.0,1.5846153846154003,1.5846153846154003,1.8,0.0,1,8.926180487369455,8.926180487369455,3.0,3.0,1,1,89.26180487369454,-1.0738195126305443,-1.0738195126305443,0,0,0.0,0,0,11203,0,31.051608694507788,31.051608694507788,1789.0,29.5,0.6426849950906007,1,0,106.75,0.0,64.0,True,False,669.9717991631799,637.6489644351465,0,1.870990734141126,11.224,9.776,9.776,2.8095238095238093,0,1,0.870990734141126,3.0,3.0,3.0,0.1870990734141126,1.0,0.912152530292231
2025-3,Lags 1,2,74.96017628205125,-2.1411858974358933,32.0641826923077,31.5846153846154,28.15472074468085,0.9591346153845924,0,0,0,1,1,1,0,0,0,3.889583333333306,3.889583333333306,8.800000000000004,1.5140470678579208,1,0,0,0,76.9,-2.8000000000000047,34.1,1.8,67.1,-4.800000000000031,0.5999999999999955,0.0,0.5,0.0,0.0,70.0,30.0,2.543750000000003,2.543750000000003,2.4,0.6782105906092035,0,17.881090746535538,8.940545373267769,1.001609298167188,3.0,2,1,52.153181344061984,-12.118909253464462,-11.059454626732231,0,0,1.4130756167261254,0,0,11185,0,31.95185868160943,31.95185868160943,1789.0,29.5,0.6437192668752794,2,0,106.75,0.0,77.0,True,False,64.0,637.6489644351465,0,1.7373485388453314,22.448,16.552,6.776,1.5128205128205128,0,2,0.870990734141126,0.8571428571428573,3.0,3.0,0.3474697077690663,1.0,0.912152530292231
2025-3,Lags 1,3,75.5553952991453,0.3575320512821129,31.915705128205133,32.54375,31.5846153846154,0.0170673076922952,0,0,0,1,1,0,0,0,0,6.745833333333394,6.745833333333394,9.66666666666667,1.486279346817346,1,0,0,0,83.7,2.0000000000000053,32.8,0.2500000000000044,72.3,0.2000000000000141,-0.0999999999999982,0.0,0.3333333333333333,0.0,0.0,70.0,30.0,1.6187499999999986,1.6187499999999986,2.433333333333333,0.5441705281736036,1,31.34796238244514,13.434841021047918,1.5026869682042097,3.0,3,1,64.93506493506493,-18.65203761755486,-6.565158978952082,0,0,1.0397588297106106,0,0,11165,0,31.95185868160943,31.10233472286816,1789.0,29.5,0.6448723690103001,3,0,106.75,0.0,91.0,True,False,77.0,64.0,0,1.7521976716559753,33.672,25.328,8.776,1.0,0,3,0.870990734141126,1.111111111111111,0.9523809523809524,3.0,0.5256593014967925,1.0,0.912152530292231
2025-3,Lags 1,4,76.04727564102565,0.7332692307692495,31.865945512820524,31.61875,32.54375,-0.0528846153846176,0,0,0,1,1,0,0,0,0,7.522916666666703,7.522916666666703,11.075000000000005,1.5622001410715132,1,0,0,0,84.8,2.2099999999999893,34.1,0.4099999999999928,69.5,-0.2000000000000162,-0.2300000000000049,0.0,0.25,0.0,0.0,70.0,30.0,1.7166666666667003,1.7166666666667003,2.85,0.4553223617556273,1,49.36277149524322,17.95009872554299,1.3360856818045832,2.010949560222581,4,1,68.80871178124812,-25.637228504756777,-7.04990127445701,0,0,0.8848178645868288,0,0,11142,0,31.95185868160943,31.21783051176948,1789.0,29.5,0.6462035541195477,4,1,106.75,0.0,107.0,True,False,91.0,77.0,0,1.8264433357091945,44.896,37.104,11.776,0.7195121951219512,0,4,1.0491803278688523,1.1499999999999997,1.2777777777777772,1.095238095238095,0.7305773342836779,1.0,0.912152530292231
2025-3,Lags 1,5,76.31240384615386,0.6317628205128305,31.862756410256416,31.7166666666667,31.61875,-0.029631410256413,0,0,0,2,1,1,0,0,0,7.372916666666697,7.372916666666697,12.680000000000003,1.4770974193821549,1,0,0,0,85.9,2.0299999999999883,33.6,0.2599999999999984,66.8,-0.780000000000003,-0.250000000000004,0.0,0.4,0.0,0.0,70.0,28.0,3.8500000000000014,3.8500000000000014,3.04,0.3943852072680511,0,67.48245456181392,17.995321216483713,1.0025193449703078,2.0127766780637035,5,1,69.73186971387439,-32.51754543818608,-7.004678783516287,0,0,0.829041488398122,0,0,11114,0,31.95185868160943,31.346694527587047,1789.0,29.5,0.6478315637934137,5,2,106.75,0.0,125.0,True,False,107.0,91.0,0,1.9600855310049892,56.120000000000005,53.88,16.776,0.5363636363636364,1,5,1.4946543121881684,1.2173913043478264,1.4,1.5555555555555554,0.9800427655024946,1.0,0.912152530292231
2025-3,Lags 1,6,76.19436431623932,0.2598305860805837,31.960977564102564,31.85,31.7166666666667,0.0672573260073165,0,0,0,3,1,1,0,0,0,5.6041666666666,5.6041666666666,12.200000000000005,1.3524250118993713,1,0,0,0,81.0,0.9885714285714344,33.6,0.18,71.2,-0.2057142857142863,-0.1200000000000004,0.0,0.5,0.0,0.0,70.0,28.0,4.452083333333299,4.452083333333299,3.0500000000000003,0.4269849221538168,0,94.67989179440936,27.051397655545536,1.5032461677186657,2.0135256988277725,6,1,73.71148038415846,-40.32010820559063,-7.948602344454464,0,0,0.7419968028867449,0,0,11090,0,31.95185868160943,31.90224102573466,1789.0,29.5,0.6492335437330928,6,3,106.75,0.0,145.0,True,False,125.0,107.0,0,1.989783796626277,67.34400000000001,66.65599999999999,12.776,0.4402985074626865,1,6,1.4946543121881684,0.8571428571428574,1.0434782608695656,1.2000000000000002,1.1938702779757662,1.0,0.912152530292231
2025-3,Lags 1,7,76.26540750915751,0.215676510989022,32.008814102564095,32.4520833333333,31.85,0.0779132326007275,0,0,0,4,1,1,0,0,0,6.6916666666667055,6.6916666666667055,11.814285714285717,1.2488158888173224,1,0,0,0,82.2,0.6392857142857152,33.4,0.1107142857142876,72.7,0.1821428571428583,-0.0285714285714281,0.0,0.5714285714285714,0.0,0.0,70.0,28.0,4.295833333333299,4.295833333333299,2.985714285714286,0.4098151339398326,0,121.94020413693433,27.097823141540964,1.001716195465631,1.5096197272152472,7,1,74.57594183911483,-48.05979586306567,-7.902176858459036,0,0,0.7091951082601625,0,0,11071,0,31.95185868160943,31.773170311325703,1081.9700598802394,29.5,0.6503477553969831,7,3,101.0,-66.0,101.0,False,False,145.0,125.0,1,1.9473577028815805,78.56800000000001,74.43199999999999,7.776,0.3856209150326797,1,7,1.4946543121881684,0.7916666666666665,0.6785714285714286,0.8260869565217394,1.3631503920171062,1.0,0.912152530292231
2025-3,Lags 1,8,76.69212740384617,0.4282642704517819,31.940264423076925,32.2958333333333,32.4520833333333,0.0062423687423696,0,0,0,5,1,1,1,1,1,14.679166666666704,14.679166666666704,11.512500000000005,1.6713672496436096,0,0,0,0,84.7,0.64880952380953,32.5,-0.0023809523809504,75.3,0.5452380952380994,-0.0547619047619025,0.0,0.625,0.125,0.0,65.0,28.0,3.460416666666699,3.460416666666699,2.925,0.426084824431076,0,153.8600778350982,31.67707484840257,1.1689896521555494,1.7602950493257308,8,1,66.64527435637943,-66.1399221649018,-18.32292515159743,0,0,0.6656298536473213,1,0,11049,0,31.95185868160943,31.013662696542685,1098.2485785116448,29.5,0.65164268259571,8,3,101.0,-74.13318777292577,117.86681222707423,False,True,101.0,145.0,1,1.9489486813970065,89.792,85.208,10.776,0.3371428571428571,1,8,1.4946543121881684,1.1578947368421049,0.9166666666666664,0.7857142857142856,1.559158945117605,1.0,0.912152530292231
2025-3,Lags 1,9,77.16964031339033,0.5862927350427435,31.8389245014245,31.4604166666667,32.2958333333333,-0.0564342948717974,0,0,0,6,1,1,2,1,1,15.989743589743597,15.989743589743597,11.111111111111112,2.1204839381177933,0,0,0,0,85.1,0.6366666666666729,32.6,-0.0483333333333305,77.2,0.8050000000000043,-0.1299999999999986,0.0,0.6666666666666666,0.2222222222222222,0.0,65.0,25.0,6.0282051282051015,6.0282051282051015,3.0,0.5012811191276106,0,190.35532994923852,36.25815808556926,1.1446182533927278,1.3403432438965437,9,1,71.50914511320603,-79.64467005076142,-13.741841914430744,0,0,0.630356168360183,2,0,11032,0,31.95185868160943,30.614268294418416,1112.0882790789997,29.5,0.6526468455402465,9,3,101.0,-83.24235807860262,136.75764192139738,False,True,117.86681222707423,101.0,1,1.9006889997624137,101.016,90.984,5.776,0.3072916666666667,1,9,1.4946543121881684,0.7727272727272726,0.8947368421052627,0.7083333333333329,1.710620099786173,1.0,0.912152530292231
2025-3,Lags 1,10,77.49137193422521,0.6018846913955628,31.72351031215161,31.0282051282051,31.4604166666667,-0.1039963176919754,0,0,0,7,1,1,3,1,1,15.386956521739094,15.386956521739094,11.18,2.2432027767997185,0,0,0,0,86.7,0.6830303030303067,32.6,-0.0690909090909083,74.9,0.7678787878787905,-0.1993939393939396,0.0,0.7,0.3,0.0,65.0,25.0,5.684782608695599,5.684782608695599,3.13,0.5971321499790387,0,235.9774913777455,45.3802868034126,1.251588310038119,1.6746838506686028,10,1,73.57107102977497,-94.02250862225448,-14.619713196587403,0,0,0.5963296277585279,3,0,11018,0,31.95185868160943,30.25899003290254,1123.14098314656,29.5,0.6534761299691414,10,3,101.0,-92.6768558951965,156.3231441048035,False,True,136.75764192139738,117.86681222707423,1,1.8353528153955807,112.24,93.76,2.776,0.2864077669902912,1,10,1.4946543121881684,0.8235294117647062,0.6363636363636365,0.7368421052631579,1.8353528153955807,1.0,0.912152530292231
2025-3,Lags 1,11,78.18192903111382,0.7966920669909836,31.575539677713586,30.6847826086956,31.0282051282051,-0.1519825554879961,0,0,0,8,1,1,4,1,1,20.08750000000001,20.08750000000001,11.190909090909091,3.126391365896691,0,0,0,0,87.6,0.7181818181818173,31.9,-0.109090909090909,76.3,0.776363636363639,-0.1918181818181822,0.0,0.7272727272727273,0.3636363636363636,0.0,65.0,25.0,5.0958333333333,5.0958333333333,3.1,0.7495055165244943,0,281.8950622897154,45.46694553059925,1.0019096117122852,1.4353265176216892,11,1,74.02951387674494,-108.10493771028462,-14.533054469400746,0,0,0.5777825073792896,4,0,10997,0,31.95185868160943,29.77926232913717,1132.95299482796,29.5,0.6547240156406292,11,3,101.0,-103.41266375545854,178.58733624454146,False,True,156.3231441048035,136.75764192139738,1,1.8385926261906305,123.464,103.536,9.776,0.2599118942731278,1,11,1.4946543121881684,1.5,1.235294117647059,0.9545454545454548,2.0224518888096936,1.0,0.912152530292231
2025-3,Lags 1,12,78.97111610460796,0.97708023929805,31.39859253065774,30.0958333333333,30.6847826086956,-0.1985775720934608,0,0,0,9,1,1,5,1,1,22.65217391304349,22.65217391304349,10.45,4.044693189933134,0,0,0,0,88.6,0.7493006993007006,29.8,-0.2087412587412573,86.3,1.136013986013985,-0.1762237762237765,0.0,0.75,0.4166666666666667,0.0,65.0,25.0,4.452173913043499,4.452173913043499,2.891666666666667,0.9414951286199008,0,341.8725499133923,59.25790865165466,1.3033184428844926,1.6343331206126357,12,1,79.48713738151957,-118.12745008660772,-10.74209134834534,0,0,0.5511031322198178,5,0,10969,0,31.95185868160943,29.19479555098081,1141.1273263262296,29.5,0.6563952958337131,12,4,101.0,-114.7991266375546,202.2008733624454,False,True,178.58733624454146,156.3231441048035,1,1.893264433357092,134.68800000000002,120.31199999999998,16.776,0.2313725490196078,1,12,1.4946543121881684,1.3333333333333333,2.0,1.6470588235294124,2.2719173200285105,1.0,0.912152530292231
2025-3,Lags 1,13,79.60296151063648,1.0384967906035505,31.228324365451662,29.4521739130435,30.0958333333333,-0.2289973060188962,0,0,0,10,1,1,6,1,1,22.185106382978702,22.185106382978702,10.084615384615384,4.492907719193141,0,0,0,0,89.2,0.763186813186811,30.7,-0.2324175824175823,83.5,1.2236263736263766,-0.2170329670329663,0.0,0.7692307692307693,0.4615384615384615,0.0,65.0,25.0,4.185106382978699,4.185106382978699,2.915384615384616,1.0906106298101104,0,402.0100502512563,59.38784833257195,1.0021927820922796,1.3086706258565557,13,1,74.34055800889972,-137.9899497487437,-20.61215166742805,0,0,0.5364626797859865,6,0,10945,0,31.95185868160943,28.918314018555115,1148.177317178178,29.5,0.6578346276838739,13,5,101.0,-127.16157205240174,227.83842794759823,False,True,202.2008733624454,178.58733624454146,1,1.912111409616755,145.912,133.088,12.776,0.2114695340501792,1,13,1.4946543121881684,0.8571428571428574,1.1428571428571432,1.7142857142857149,2.4857448325017817,1.0,0.912152530292231
2025-3,Lags 1,14,80.21733330749578,1.076546151226556,31.054575006014637,29.1851063829787,29.4521739130435,-0.2526975885899284,0,0,0,11,1,1,7,1,1,23.20416666666669,23.20416666666669,9.528571428571428,4.890579873967116,0,0,0,0,89.4,0.7558241758241735,29.4,-0.277802197802198,87.1,1.3465934065934038,-0.2279120879120891,0.0,0.7857142857142857,0.5,0.0,65.0,25.0,3.7958333333332974,3.7958333333332974,2.821428571428572,1.2331182304325718,0,466.9046965119473,64.08495834477708,1.0790921062824388,1.409484573835027,14,1,72.65868293058625,-163.0953034880527,-25.91504165522292,0,0,0.5195781713264995,7,0,10923,0,31.95185868160943,28.55249403573694,1154.266414141414,29.5,0.6591595715462785,14,5,101.0,-140.5,255.5,False,False,227.83842794759823,202.2008733624454,1,1.9155381325730576,157.136,143.864,10.776,0.1960132890365448,1,14,1.4946543121881684,0.9166666666666664,0.7857142857142856,1.0476190476190474,2.681753385602281,1.0,0.912152530292231
2025-3,Lags 2,1,77.42010416666665,0.0,28.15472074468085,28.15472074468085,28.15472074468085,0.0,0,0,0,0,0,0,0,0,0,7.420104166666647,7.420104166666647,22.5,0.0,1,0,0,0,86.8,0.0,32.6,0.0,64.3,0.0,0.0,0.0,0.0,0.0,0.0,70.0,30.0,1.8452792553191488,-1.8452792553191488,7.100000000000001,0.0,1,9.11743253099927,9.11743253099927,3.0,3.0,1,1,91.1743253099927,-0.8825674690007297,-0.8825674690007297,0,0,0.0,0,0,10968,0,27.67854880516591,27.67854880516591,1789.0,29.5,0.6564551422319475,0,1,106.75,0.0,64.0,True,False,669.9717991631799,637.6489644351465,0,2.909090909090909,11.0,21.0,21.0,3.5625,0,1,1.9090909090909087,3.0,3.0,3.0,0.2909090909090909,1.0,0.918454545454546
2025-3,Lags 2,2,80.86232481060608,6.884441287878852,28.850087645067724,28.15472074468085,28.15472074468085,1.3907338007737415,0,0,0,0,0,0,1,1,1,14.304545454545504,14.304545454545504,15.75,4.868035119339789,0,0,0,0,87.4,0.5999999999999956,30.5,-2.100000000000004,78.4,14.1,3.199999999999992,0.0,0.0,0.5,0.0,70.0,30.0,0.4545454545453999,-0.4545454545453999,4.450000000000001,0.9833973013524588,1,18.29993595022417,9.149967975112087,1.0035684875102937,3.0,2,1,53.37481318815384,-11.700064049775824,-10.850032024887913,0,0,1.411690260655987,0,1,10929,0,29.213732917936863,29.213732917936863,1789.0,29.5,0.6587976942080702,1,2,106.75,0.0,77.0,True,False,64.0,637.6489644351465,0,3.2272727272727275,22.0,49.0,28.0,1.6056338028169015,0,2,2.5454545454545454,1.21875,3.0,3.0,0.6454545454545454,1.0,0.918454545454546
2025-3,Lags 2,3,82.21958017676772,3.756993371212186,28.973543278530016,29.5454545454546,28.15472074468085,0.5328669003868801,0,0,0,0,0,0,2,1,1,14.934090909090996,14.934090909090996,11.833333333333334,4.168370106946657,0,0,0,0,86.9,0.0500000000000145,30.2,-1.1999999999999944,82.9,9.300000000000011,1.400000000000004,0.0,0.0,0.6666666666666666,0.0,70.0,30.0,0.7795454545453993,-0.7795454545453993,3.600000000000001,0.727501894467895,1,36.74444240308653,18.372221201543265,2.0079000551166635,3.0,3,1,82.6749954069447,-13.25555759691347,-1.627778798456735,0,0,0.9982220012260236,0,2,10886,0,29.213732917936863,28.904030762185872,1789.0,29.5,0.6613999632555576,2,3,106.75,0.0,91.0,True,False,77.0,64.0,0,3.4545454545454546,33.0,81.0,32.0,1.0,0,3,2.909090909090909,1.1025641025641026,1.34375,3.0,1.0363636363636364,1.0,0.918454545454546
2025-3,Lags 2,4,82.52510179924249,1.869423295454584,29.09578245889751,29.2204545454546,29.5454545454546,0.3598337765957421,0,0,0,0,0,0,3,1,1,13.441666666666803,13.441666666666803,10.625,3.457877009503971,0,0,0,0,86.8,-0.05000000000001,31.5,-0.3600000000000078,79.8,5.099999999999998,0.5899999999999952,0.0,0.0,0.75,0.0,70.0,30.0,0.5375000000000014,-0.5375000000000014,3.6750000000000007,0.6423464847758716,1,55.25879535826119,18.41959845275373,1.0025787437833855,2.020261558298029,4,1,73.67839381101491,-19.74120464173881,-6.580401547246272,0,0,0.956514792349008,0,2,10858,0,29.213732917936863,29.111984281842616,1789.0,29.5,0.6631055442991343,3,4,106.75,0.0,107.0,True,False,91.0,77.0,0,3.227272727272727,44.0,98.0,17.0,0.8028169014084507,0,4,2.909090909090909,0.6511627906976746,0.7179487179487182,0.8750000000000001,1.2909090909090908,1.0,0.918454545454546
2025-3,Lags 2,5,83.08133143939398,1.490941287878775,29.17495930045135,29.4625,29.2204545454546,0.2590937298517086,0,0,0,0,0,0,4,1,1,15.306249999999906,15.306249999999906,10.34,3.2426288906622256,0,0,0,0,87.3,0.0399999999999834,31.9,-0.0400000000000051,78.1,2.8999999999999897,0.4099999999999973,0.0,0.0,0.8,0.0,70.0,28.0,1.4916666666666991,1.4916666666666991,3.7000000000000006,0.5837821649126895,1,83.1331978570109,27.711065952336966,1.504433770552374,3.0,4,0,96.98873083317936,-16.8668021429891,2.7110659523369662,1,1,0.8358219822963762,0,2,10826,0,29.213732917936863,29.18237460051159,1789.0,29.5,0.6650655828560872,4,5,106.75,0.0,125.0,True,False,107.0,91.0,0,3.163636363636363,55.0,119.0,21.0,0.6551724137931034,1,5,2.909090909090909,1.1428571428571426,0.7441860465116279,0.8205128205128206,1.5818181818181818,1.0,0.918454545454546
2025-3,Lags 2,6,83.50997478105525,1.219375028783244,29.25537388512789,29.4916666666667,29.4625,0.2169803467808677,0,0,0,0,0,0,5,1,1,15.653191489361603,15.653191489361603,9.366666666666667,3.0844974281313835,0,0,0,0,87.6,0.1028571428571415,31.2,-0.0428571428571455,83.1,2.5714285714285614,0.3857142857142847,0.0,0.0,0.8333333333333334,0.0,70.0,28.0,1.6574468085105991,1.6574468085105991,3.5000000000000004,0.5580683877701023,1,111.05969458583988,27.764923646459973,1.0019435446552525,1.5112447940768163,5,1,80.7973968547777,-23.940305414160107,-7.235076353540027,1,0,0.8005965545042177,0,2,10805,0,29.35519736133393,29.35519736133393,1789.0,29.5,0.6663581675150393,5,5,106.75,0.0,145.0,True,False,125.0,107.0,0,2.9545454545454546,66.0,129.0,10.0,0.5846153846153846,1,6,2.909090909090909,0.65625,0.7499999999999999,0.4883720930232558,1.7727272727272727,1.0,0.918454545454546
2025-3,Lags 2,7,83.85319266947593,1.019522809305042,29.26859428249057,29.6574468085106,29.4916666666667,0.145528014760059,0,0,0,0,0,0,6,1,1,15.912499999999994,15.912499999999994,8.528571428571428,2.958551439355852,0,0,0,0,87.6,0.1142857142857097,31.3,-0.0285714285714268,84.1,2.285714285714283,0.2607142857142864,0.0,0.0,0.8571428571428571,0.0,70.0,28.0,1.3479166666666984,1.3479166666666984,3.471428571428572,0.5106437670907111,1,134.55827765404604,23.19970304380104,0.8355759712942341,1.2595118782479586,6,1,72.71839693561166,-35.44172234595396,-11.80029695619896,1,0,0.7840505444513596,0,2,10776,0,29.35519736133393,29.052569664336115,1049.8323353293413,29.5,0.6681514476614699,6,6,98.0,-69.0,98.0,False,False,145.0,125.0,1,2.909090909090909,77.0,147.0,18.0,0.5089285714285714,1,7,2.909090909090909,1.380952380952381,0.90625,1.0357142857142856,2.0363636363636366,1.0,0.918454545454546
2025-3,Lags 2,8,83.93873108579142,0.7367074837470282,29.28606166384592,29.3479166666667,29.6574468085106,0.1086635974102657,0,0,0,0,0,0,7,1,1,19.53749999999989,19.53749999999989,8.15,2.7497506815078507,0,0,0,0,87.6,0.1095238095238072,30.5,-0.0869047619047602,82.1,1.8095238095238115,0.1869047619047626,0.0,0.0,0.875,0.0,65.0,28.0,1.4083333333332997,1.4083333333332997,3.3500000000000005,0.4753387466174105,1,158.21312238250349,23.26663564448581,1.0028850628199162,0.8396153249573445,7,1,59.22416345869114,-61.78687761749652,-26.7333643555142,1,0,0.7451863244401804,0,2,10745,0,29.35519736133393,29.08236418739424,1027.063728165939,29.5,0.6700791065611913,7,7,98.0,-81.77292576419214,110.22707423580786,False,True,98.0,145.0,1,2.897727272727273,88.0,167.0,20.0,0.4470588235294118,1,8,2.909090909090909,1.0689655172413794,1.4761904761904765,0.96875,2.3181818181818183,1.0,0.918454545454546
2025-3,Lags 2,9,84.36326923937959,0.7704181307758216,29.21266946951788,29.4083333333333,29.3479166666667,0.032029201590365,0,0,0,1,1,1,8,1,1,22.75957446808501,22.75957446808501,7.300000000000001,2.8702058295207333,0,0,0,0,88.1,0.133333333333336,29.2,-0.1949999999999994,87.6,1.833333333333335,0.1333333333333337,0.0,0.1111111111111111,0.8888888888888888,0.0,65.0,25.0,3.6255319148936,3.6255319148936,3.1222222222222227,0.4961665912028857,0,181.88601809532693,23.31872026863165,1.0022385971457888,0.8398625750085502,8,1,57.001316212210725,-88.11398190467307,-26.681279731368345,1,0,0.7108224233096124,1,2,10721,0,29.35519736133393,28.37303890539069,1007.7062723302898,29.5,0.6715791437365918,8,8,98.0,-96.07860262008732,123.92139737991268,False,True,110.22707423580786,98.0,1,2.8181818181818183,99.0,180.0,13.0,0.4086021505376344,1,9,2.909090909090909,0.7741935483870969,0.8275862068965518,1.142857142857143,2.536363636363636,1.0,0.918454545454546
2025-3,Lags 2,10,84.53277564877496,0.6527621365980725,29.182860855899424,28.6255319148936,29.4083333333333,0.0070347210011079,0,0,0,2,1,1,9,1,1,21.05833333333329,21.05833333333329,7.12,2.7586343256697057,0,0,0,0,88.1,0.1381818181818142,29.8,-0.2066666666666683,82.6,1.4727272727272729,0.0442424242424255,0.0,0.2,0.9,0.0,65.0,25.0,3.914583333333301,3.914583333333301,3.1000000000000005,0.4771931940389715,0,210.221433243016,28.02952443240213,1.202018125759133,1.2081846211342613,9,1,55.20966933654965,-119.77856675698402,-31.97047556759787,1,0,0.6723590875773539,2,2,10703,0,29.35519736133393,28.6240425918351,992.2469616457098,29.5,0.6727085863776511,9,8,98.0,-110.89519650655018,138.10480349344982,False,True,123.92139737991268,110.22707423580786,1,2.7,110.0,187.0,7.0,0.3838383838383838,1,10,2.909090909090909,0.7499999999999998,0.5806451612903225,0.6206896551724137,2.7,1.0,0.918454545454546
2025-3,Lags 2,11,84.73017483221966,0.5882711941709005,29.07911592960554,28.9145833333333,28.6255319148936,-0.0465964223961107,0,0,0,3,1,1,10,1,1,21.704166666666595,21.704166666666595,7.336363636363637,2.6977190035950347,0,0,0,0,88.1,0.1345454545454551,30.9,-0.153636363636363,78.6,1.0272727272727278,-0.0063636363636366,0.0,0.2727272727272727,0.9090909090909092,0.0,65.0,25.0,3.0416666666667,3.0416666666667,3.1818181818181817,0.5686256387486954,0,243.3545488581056,32.75926619243729,1.1687414201921875,1.407993260950955,10,1,58.4986896293523,-146.64545114189443,-27.240733807562712,1,0,0.6403581606763425,3,2,10684,0,29.35519736133393,27.7682477897714,978.5229954473662,29.5,0.6739049045301385,9,8,98.0,-127.7554585152838,154.2445414847162,False,True,138.10480349344982,123.92139737991268,1,2.6115702479338845,121.0,195.0,8.0,0.360759493670886,1,11,2.909090909090909,1.0555555555555556,0.7916666666666665,0.6129032258064515,2.872727272727273,1.0,0.918454545454546
2025-3,Lags 2,12,84.74988248509024,0.4616121429948086,29.039536824360635,28.0416666666667,28.9145833333333,-0.0541106811869645,0,0,0,4,1,1,11,1,1,19.9666666666666,19.9666666666666,7.641666666666667,2.5730799710632946,0,0,0,0,88.1,0.1272727272727275,31.4,-0.0979020979020965,77.1,0.6730769230769199,-0.0353146853146848,0.0,0.3333333333333333,0.9166666666666666,0.0,65.0,25.0,3.6041666666667,3.6041666666667,3.2916666666666665,0.5592307952508534,0,285.92856473235213,42.18618168182244,1.2877633288245456,1.8091122152432733,11,1,61.21217873432138,-174.07143526764787,-27.81381831817756,1,0,0.6107385140825149,4,2,10667,0,29.35519736133393,28.29097375035328,967.089636741835,29.5,0.6749789069091591,10,8,98.0,-145.63755458515277,171.36244541484723,False,True,154.2445414847162,138.10480349344982,1,2.522727272727273,132.0,201.0,6.0,0.3423423423423423,1,12,2.909090909090909,0.894736842105263,0.9444444444444444,0.7083333333333331,3.027272727272728,1.0,0.918454545454546
2025-3,Lags 2,13,84.4686415246987,0.2421634150423979,29.02079040197392,28.6041666666667,28.0416666666667,-0.0505497162412048,0,0,0,5,1,1,12,1,1,16.09375,16.09375,8.523076923076925,2.6640695131299985,0,0,0,0,88.0,0.1153846153846169,31.2,-0.0675824175824171,68.9,0.1664835164835176,-0.0615384615384604,0.0,0.3846153846153846,0.9230769230769232,0.0,65.0,25.0,3.7958333333333982,3.7958333333333982,3.392307692307692,0.5396721789571944,0,333.48990136214184,46.97040864255519,1.1134074422003029,1.6757476123375608,12,1,60.23519997216568,-206.51009863785816,-33.02959135744481,1,0,0.5879576881322762,5,2,10645,0,29.35519736133393,28.396701881440965,957.2288824650968,29.5,0.6763738844527948,11,9,98.0,-165.0524017467248,189.9475982532752,False,True,171.36244541484723,154.2445414847162,1,2.482517482517483,143.0,212.0,11.0,0.3211267605633803,1,13,2.909090909090909,1.2941176470588238,1.1578947368421055,1.2222222222222223,3.227272727272727,1.0,0.918454545454546
2025-3,Lags 2,14,83.85272665388688,-0.0526352162908112,29.093710135166265,28.7958333333334,28.6041666666667,-0.0112718797160284,0,0,0,6,1,1,13,1,1,10.845833333333305,10.845833333333305,9.185714285714289,3.4441600713417504,0,0,0,0,82.9,-0.0410989010989041,32.3,-0.0151648351648364,65.1,-0.2652747252747294,-0.0162637362637372,0.0,0.4285714285714285,0.9285714285714286,0.0,65.0,25.0,5.0416666666667,5.0416666666667,3.407142857142857,0.5859048919836045,0,381.39184480647896,47.08541293907148,1.0024484414728316,1.4373158624029705,13,1,56.42775677618883,-248.60815519352104,-42.914587060928525,1,0,0.5711492291721082,6,2,10619,0,29.51617607466274,29.51617607466274,948.7121212121216,29.5,0.6780299463226293,12,10,98.0,-185.99999999999991,210.00000000000009,False,False,189.9475982532752,171.36244541484723,1,2.4740259740259747,154.0,227.0,15.0,0.2992125984251969,1,14,2.909090909090909,1.181818181818182,1.529411764705883,1.3684210526315792,3.463636363636364,1.0,0.918454545454546
2025-3,Tags 1,1,77.42010416666665,0.0,28.15472074468085,28.15472074468085,28.15472074468085,0.0,0,0,0,0,0,0,1,1,1,17.420104166666647,17.420104166666647,22.5,0.0,0,0,0,0,86.8,0.0,32.6,0.0,64.3,0.0,0.0,0.0,0.0,1.0,0.0,60.0,30.0,1.8452792553191488,-1.8452792553191488,7.100000000000001,0.0,1,14.10039481105471,14.10039481105471,3.0,3.0,0,0,141.00394811054707,4.100394811054709,4.100394811054709,1,1,0.0,0,0,7092,1,27.67854880516591,27.67854880516591,1789.0,29.0,1.015228426395939,0,0,106.75,0.0,64.0,True,False,669.9717991631799,637.6489644351465,0,1.829697396199859,7.105,5.895,5.895,2.923076923076923,0,1,0.829697396199859,3.0,3.0,3.0,0.1829697396199859,1.0,0.946375791695989
2025-3,Tags 1,2,77.42010416666665,-1.1658284442341368e-14,28.15472074468085,28.15472074468085,28.15472074468085,-6.783381100595097e-15,0,0,0,0,0,0,2,1,1,17.420104166666647,17.420104166666647,22.5,0.0,0,0,0,0,86.8,-1.7209744916952118e-14,32.6,-6.772789795300852e-15,64.3,-2.231677083022784e-14,-4.066460168369259e-15,0.0,0.0,1.0,0.0,60.0,30.0,1.8452792553191488,-1.8452792553191488,7.100000000000001,0.0,1,28.244598220590312,14.122299110295156,1.0015534529021324,3.0,1,1,82.3800781433884,-1.755401779409688,-5.877700889704844,1,0,1.4131151052917432,0,0,7081,1,27.67854880516591,27.67854880516591,1789.0,29.0,1.0168055359412511,0,0,106.75,0.0,77.0,True,False,64.0,637.6489644351465,0,1.6889514426460237,14.21,9.79,3.895,1.5833333333333333,0,2,0.829697396199859,0.846153846153846,3.0,3.0,0.3377902885292048,1.0,0.946375791695989
2025-3,Tags 1,3,77.42010416666665,1.136476922109094e-14,28.15472074468085,28.15472074468085,28.15472074468085,-1.2895420286198469e-15,0,0,0,0,0,0,3,1,1,17.420104166666647,17.420104166666647,22.5,0.0,0,0,0,0,86.8,1.802190973325158e-15,32.6,2.30148056710964e-15,64.3,-3.313032514863088e-15,2.3936246954295856e-15,0.0,0.0,1.0,0.0,60.0,30.0,1.8452792553191488,-1.8452792553191488,7.100000000000001,4.3511678576336575e-15,1,42.450827791141926,14.150275930380642,1.0019810386302532,3.0,2,1,77.82651761709353,-7.549172208858074,-5.8497240696193575,1,0,1.1536802383697995,0,0,7067,1,27.67854880516591,27.67854880516591,1789.0,29.0,1.0188198669874062,0,0,106.75,0.0,91.0,True,False,77.0,64.0,0,1.7827820783485808,21.315,16.685,6.895,1.0,0,3,0.9704433497536944,1.2727272727272727,1.0769230769230769,3.0,0.5348346235045742,1.0,0.946375791695989
2025-3,Tags 1,4,77.42010416666665,-1.0656246691081632e-14,28.15472074468085,28.15472074468085,28.15472074468085,-4.860576503336004e-15,0,0,0,0,0,0,4,1,1,17.420104166666647,17.420104166666647,22.5,0.0,0,0,0,0,86.8,-1.1688067064152732e-14,32.6,-2.2267158016781103e-15,64.3,-8.691606854378891e-15,-3.4693771706650844e-15,0.0,0.0,1.0,0.0,60.0,30.0,1.8452792553191488,-1.8452792553191488,7.100000000000001,0.0,1,63.784549964564135,21.26151665485472,1.5025513819985823,1.5078667611622962,3,1,85.04606661941885,-11.215450035435865,-3.738483345145287,1,0,0.945594632651996,0,0,7055,1,27.67854880516591,27.67854880516591,1789.0,29.0,1.020552799433026,0,0,106.75,0.0,107.0,True,False,91.0,77.0,0,1.7593244194229416,28.42,21.58,4.895,0.76,0,4,0.9704433497536944,0.8571428571428573,1.0909090909090913,0.9230769230769232,0.7037297677691766,1.0,0.946375791695989
2025-3,Tags 1,5,77.42010416666665,-4.822292063407377e-15,28.15472074468085,28.15472074468085,28.15472074468085,-3.371434273386755e-15,0,0,0,0,0,0,5,1,1,17.420104166666647,17.420104166666647,22.5,0.0,0,0,0,0,86.8,-3.627382670784715e-15,32.6,-3.764398267022435e-15,64.3,-3.145486211302101e-15,-4.80122207299609e-16,0.0,0.0,1.0,0.0,60.0,28.0,0.1547207446808514,0.1547207446808514,7.100000000000001,0.0,1,85.16678495386799,21.291696238467,1.001419446415898,1.507665010645848,4,1,85.16678495386799,-14.833215046132011,-3.708303761533003,1,0,0.8653105884875123,0,0,7045,1,27.67854880516591,27.67854880516591,1789.0,29.0,1.022001419446416,0,0,106.75,0.0,125.0,True,False,107.0,91.0,0,1.6889514426460237,35.525000000000006,24.475,2.895,0.6333333333333333,1,5,0.9704433497536944,0.8333333333333331,0.7142857142857143,0.9090909090909092,0.844475721323012,1.0,0.946375791695989
2025-3,Tags 1,6,77.42010416666665,-3.280471822643205e-15,28.154720744680848,28.15472074468085,28.15472074468085,-1.3488542533772617e-15,0,0,0,0,0,0,6,1,1,17.420104166666647,17.420104166666647,22.5,0.0,0,0,0,0,86.8,-5.226196707538049e-15,32.6,-3.003278291787231e-16,64.3,-1.2637676618891284e-15,-6.929659921216828e-16,0.0,0.0,1.0,0.0,60.0,28.0,0.1547207446808514,0.1547207446808514,7.100000000000001,3.891802844472395e-15,1,106.59465605457646,21.31893121091529,1.001279135872655,1.5066088686753836,5,1,69.93511825802901,-28.40534394542354,-13.681068789084708,1,0,0.8004458723322179,0,0,7036,1,27.67854880516591,27.67854880516591,1789.0,29.0,1.023308698123934,0,0,106.75,0.0,145.0,True,False,125.0,107.0,0,1.6185784658691065,42.63000000000001,26.37,1.895,0.5507246376811594,1,6,0.9704433497536944,0.9000000000000002,0.75,0.642857142857143,0.9711470795214636,1.0,0.946375791695989
2025-3,Tags 1,7,77.42010416666665,2.54453727244602e-15,28.154720744680848,28.15472074468085,28.15472074468085,-3.895921039444663e-16,0,0,0,0,0,0,7,1,1,17.420104166666647,17.420104166666647,22.5,0.0,0,0,0,0,86.8,2.981360072665549e-15,32.6,1.656277457553702e-15,64.3,-1.585001016368459e-15,1.2138620989631208e-15,0.0,0.0,1.0,0.0,60.0,28.0,0.1547207446808514,0.1547207446808514,7.100000000000001,3.837369354665453e-15,1,135.28909142694388,28.48191398461977,1.3359916453052312,1.3395993544099496,6,1,80.4793577926756,-34.71090857305612,-6.518086015380234,1,0,0.7313629936557371,0,0,7022,1,27.67854880516591,27.67854880516591,1360.497005988024,29.0,1.0253489034463117,0,0,127.0,-40.0,127.0,False,False,145.0,125.0,0,1.6688448778526188,49.735000000000014,33.265,6.895,0.4578313253012048,1,7,0.9704433497536944,1.5555555555555551,1.4,1.1666666666666663,1.1681914144968333,1.0,0.946375791695989
2025-3,Tags 1,8,77.42010416666665,6.19100399074924e-15,28.15472074468085,28.15472074468085,28.15472074468085,2.560235073882277e-15,0,0,0,0,0,0,8,1,1,22.420104166666647,22.420104166666647,22.5,0.0,0,0,0,0,86.8,3.730138838203249e-15,32.6,2.821334018596945e-15,64.3,1.0375528248368057e-15,1.5927353798953544e-15,0.0,0.0,1.0,0.0,55.0,28.0,0.1547207446808514,0.1547207446808514,7.100000000000001,0.0,1,164.0279560690344,28.52660105548424,1.0015689630580515,1.3397993629059095,7,1,65.80568198026478,-55.97204393096561,-21.47339894451576,1,0,0.6920725291889195,0,0,7011,1,27.67854880516591,27.67854880516591,1336.521504275837,29.0,1.0269576379974326,0,0,127.0,-48.56113537117904,143.43886462882097,False,True,127.0,145.0,0,1.653764954257565,56.84,37.16,3.895,0.4042553191489361,1,8,0.9704433497536944,0.7857142857142857,1.222222222222222,1.1,1.3230119634060522,1.0,0.946375791695989
2025-3,Tags 1,9,77.42010416666665,2.917569773198844e-15,28.15472074468085,28.15472074468085,28.15472074468085,1.0383261863092424e-15,0,0,0,1,1,1,9,1,1,22.420104166666647,22.420104166666647,22.5,0.0,0,0,0,0,86.8,-6.967445516541837e-16,32.6,1.926709849426818e-15,64.3,2.4487606206954734e-15,5.833989137158367e-16,0.0,0.1111111111111111,1.0,0.0,55.0,25.0,3.1547207446808514,3.1547207446808514,7.100000000000001,0.0,0,192.77452520348425,28.5591889190347,1.0011423675567614,1.339616354895521,8,1,64.25817506782808,-77.22547479651578,-21.4408110809653,1,0,0.6580798417029504,1,0,7003,1,27.67854880516591,27.67854880516591,1316.1379686383486,29.0,1.0281308010852492,0,0,127.0,-58.14960698689956,161.85039301310044,False,True,143.43886462882097,127.0,0,1.595120806943467,63.94500000000001,38.05499999999999,0.8949999999999996,0.3725490196078431,1,9,0.9704433497536944,0.7272727272727271,0.5714285714285713,0.8888888888888884,1.4356087262491204,1.0,0.946375791695989
2025-3,Tags 1,10,77.42010416666665,5.929324924733543e-15,28.15472074468085,28.15472074468085,28.15472074468085,1.0489235393749254e-15,0,0,0,2,1,1,10,1,1,22.420104166666647,22.420104166666647,22.5,0.0,0,0,0,0,86.8,3.621045517473897e-15,32.6,4.151382088140757e-16,64.3,2.5895147748354027e-15,-1.8871550300651995e-16,0.0,0.2,1.0,0.0,55.0,25.0,3.1547207446808514,3.1547207446808514,7.100000000000001,0.0,0,228.6694297556096,35.72959839931399,1.2510718879519795,1.2544661997999142,9,1,64.42154862906614,-101.33057024439046,-24.270401600686007,1,0,0.620787326242878,2,0,6997,1,27.67854880516591,27.67854880516591,1299.85920695884,29.0,1.0290124339002429,0,0,127.0,-68.08052401746727,180.9194759825328,False,True,161.85039301310044,143.43886462882097,0,1.5200562983814214,71.05000000000001,36.94999999999999,-1.1050000000000004,0.3518518518518518,1,9,0.9704433497536944,0.7500000000000004,0.5454545454545456,0.4285714285714286,1.5200562983814214,0.9,0.946375791695989
2025-3,Tags 1,11,77.42010416666665,1.130364682040006e-15,28.154720744680848,28.15472074468085,28.15472074468085,1.302138512516356e-15,0,0,0,3,1,1,11,1,1,22.420104166666647,22.420104166666647,22.5,0.0,0,0,0,0,86.8,-4.780300776693633e-15,32.6,9.227997508175206e-16,64.3,2.586988526354164e-15,9.90452133024727e-16,0.0,0.2727272727272727,1.0,0.0,55.0,25.0,3.1547207446808514,3.1547207446808514,7.100000000000002,3.726117541341096e-15,0,264.73955352032056,35.775615340583855,1.0012879221522608,1.254114195764167,10,1,63.75398118386099,-125.26044647967944,-24.224384659416145,1,0,0.5962340579517559,3,0,6988,1,27.67854880516591,27.67854880516591,1285.4077750936851,29.0,1.0303377218088152,0,0,127.0,-79.3812227074236,202.6187772925764,False,True,180.9194759825328,161.85039301310044,0,1.4970251423453391,78.15500000000002,38.84499999999999,1.895,0.3247863247863248,1,10,0.9704433497536944,1.5,1.1250000000000009,0.8181818181818185,1.6467276565798734,0.9090909090909092,0.946375791695989
2025-3,Tags 1,12,77.42010416666665,-2.675605527985585e-16,28.154720744680848,28.15472074468085,28.15472074468085,1.3229991297389886e-15,0,0,0,4,1,1,12,1,1,22.420104166666647,22.420104166666647,22.5,0.0,0,0,0,0,86.8,5.750770099106333e-16,32.6,1.2743436555537021e-15,64.3,2.500081457902131e-15,6.067178005271581e-16,0.0,0.3333333333333333,1.0,0.0,55.0,25.0,3.1547207446808514,3.1547207446808514,7.100000000000001,3.710688416924011e-15,0,307.97879959891134,42.97378599054576,1.2012032660077354,1.50472711645896,11,1,64.17151789996093,-152.02120040108866,-27.02621400945424,1,0,0.5689628256982712,4,0,6981,1,27.67854880516591,27.67854880516591,1273.368368850991,29.0,1.0313708637730985,0,0,127.0,-91.36681222707426,225.6331877729257,False,True,202.6187772925764,180.9194759825328,0,1.4543748533896317,85.26000000000002,38.74,-0.1050000000000004,0.3064516129032258,1,10,0.9704433497536944,0.7777777777777776,1.1666666666666663,0.8750000000000002,1.745249824067558,0.8333333333333334,0.946375791695989
2025-3,Tags 1,13,77.42010416666665,4.691331236161485e-16,28.154720744680848,28.15472074468085,28.15472074468085,1.3814364750221513e-15,0,0,0,5,1,1,13,1,1,22.420104166666647,22.420104166666647,22.5,0.0,0,0,0,0,86.8,1.1752006107247913e-15,32.6,8.805487397987455e-16,64.3,3.751150414171871e-16,6.915014398866307e-16,0.0,0.3846153846153846,1.0,0.0,55.0,25.0,3.1547207446808514,3.1547207446808514,7.1000000000000005,3.697781635498623e-15,0,358.3715596330275,50.17201834862385,1.1675028669724772,1.4042144495412845,12,1,64.54006328576283,-181.62844036697248,-29.82798165137615,1,0,0.5455570384480736,5,0,6976,1,27.67854880516591,27.67854880516591,1262.9849260102094,29.0,1.0321100917431192,0,0,127.0,-104.37973799126638,250.6202620087336,False,True,225.6331877729257,202.6187772925764,0,1.3966329237265194,92.36500000000002,36.63499999999999,-2.1050000000000004,0.2945736434108527,1,10,0.9704433497536944,0.7142857142857139,0.5555555555555551,0.8333333333333326,1.815622800844476,0.7692307692307693,0.946375791695989
2025-3,Tags 1,14,77.42010416666665,-1.1536256484809613e-15,28.154720744680848,28.15472074468085,28.15472074468085,-1.1784087075527521e-15,0,0,0,6,1,1,14,1,1,22.420104166666647,22.420104166666647,22.5,0.0,0,0,0,0,86.8,-3.163651978215829e-15,32.6,-2.0809458693257514e-16,64.3,-3.2683870908612468e-15,-5.592533086358858e-16,0.0,0.4285714285714285,1.0,0.0,55.0,25.0,3.1547207446808514,3.1547207446808514,7.1000000000000005,3.6868252213847854e-15,0,408.95393887214806,50.2224135457024,1.001004448270914,1.4038169034294734,13,1,60.3580026739734,-221.046061127852,-39.777586454297605,1,0,0.5289464602587479,6,0,6969,1,27.67854880516591,27.67854880516591,1254.0167171717171,29.0,1.0331467929401636,0,0,127.0,-118.42000000000002,277.58,False,False,250.6202620087336,225.6331877729257,0,1.3672464059515428,99.47000000000004,36.53,-0.1050000000000004,0.2794117647058823,1,10,0.9704433497536944,1.4000000000000008,1.0,0.7777777777777776,1.9141449683321603,0.7142857142857143,0.946375791695989
2025-3,Tags 2,1,77.42010416666665,0.0,28.15472074468085,28.15472074468085,28.15472074468085,0.0,0,0,0,0,0,0,1,1,1,17.420104166666647,17.420104166666647,22.5,0.0,0,0,0,0,86.8,0.0,32.6,0.0,64.3,0.0,0.0,0.0,0.0,1.0,0.0,60.0,30.0,1.8452792553191488,-1.8452792553191488,7.100000000000001,0.0,1,7.003782042302843,7.003782042302843,3.0,3.0,1,1,70.03782042302844,-2.996217957697157,-2.996217957697157,0,0,0.0,0,0,7139,1,27.67854880516591,27.67854880516591,1789.0,29.0,1.0085446140916094,0,0,106.75,0.0,64.0,True,False,669.9717991631799,637.6489644351465,0,1.8176733780760623,7.152,5.848,5.848,4.076923076923077,0,1,0.8176733780760626,3.0,3.0,3.0,0.1817673378076062,1.0,0.939177852348993
2025-3,Tags 2,2,77.42010416666665,-1.1658284442341368e-14,28.15472074468085,28.15472074468085,28.15472074468085,-6.783381100595097e-15,0,0,0,0,0,0,2,1,1,17.420104166666647,17.420104166666647,22.5,0.0,0,0,0,0,86.8,-1.7209744916952118e-14,32.6,-6.772789795300852e-15,64.3,-2.231677083022784e-14,-4.066460168369259e-15,0.0,0.0,1.0,0.0,60.0,30.0,1.8452792553191488,-1.8452792553191488,7.100000000000001,0.0,1,21.055586749017404,14.03705783267827,2.0042111173498034,3.0,2,1,70.18528916339135,-8.944413250982596,-5.96294216732173,0,0,0.7041290715521292,0,0,7124,1,27.67854880516591,27.67854880516591,1789.0,29.0,1.0106681639528354,0,1,106.75,0.0,77.0,True,False,64.0,637.6489644351465,0,1.9574944071588365,14.304,13.696,7.848,1.8928571428571428,0,2,1.0973154362416109,1.1538461538461535,3.0,3.0,0.3914988814317673,1.0,0.939177852348993
2025-3,Tags 2,3,77.42010416666665,1.136476922109094e-14,28.15472074468085,28.15472074468085,28.15472074468085,-1.2895420286198469e-15,0,0,0,0,0,0,3,1,1,17.420104166666647,17.420104166666647,22.5,0.0,0,0,0,0,86.8,1.802190973325158e-15,32.6,2.30148056710964e-15,64.3,-3.313032514863088e-15,2.3936246954295856e-15,0.0,0.0,1.0,0.0,60.0,30.0,1.8452792553191488,-1.8452792553191488,7.100000000000001,4.3511678576336575e-15,1,42.25947316523454,21.12973658261727,1.5052824341456543,3.0,2,0,95.08381462177772,-7.740526834765461,1.1297365826172694,1,1,0.7609978023848134,0,1,7099,1,27.67854880516591,27.67854880516591,1789.0,29.0,1.014227355965629,0,2,106.75,0.0,91.0,True,False,77.0,64.0,0,2.4701715137956746,21.456,31.544,17.848,1.0,0,3,2.495525727069351,1.6666666666666674,1.923076923076924,3.0,0.7410514541387024,1.0,0.939177852348993
2025-3,Tags 2,4,77.42010416666665,-1.0656246691081632e-14,28.15472074468085,28.15472074468085,28.15472074468085,-4.860576503336004e-15,0,0,0,0,0,0,4,1,1,17.420104166666647,17.420104166666647,22.5,0.0,0,0,0,0,86.8,-1.1688067064152732e-14,32.6,-2.2267158016781103e-15,64.3,-8.691606854378891e-15,-3.4693771706650844e-15,0.0,0.0,1.0,0.0,60.0,30.0,1.8452792553191488,-1.8452792553191488,7.100000000000001,0.0,1,63.54137249364586,21.18045749788196,1.00240045184976,3.0,3,1,84.72182999152781,-11.45862750635414,-3.819542502118047,1,0,0.8525268707302146,0,1,7082,1,27.67854880516591,27.67854880516591,1789.0,29.0,1.0166619598983335,0,3,106.75,0.0,107.0,True,False,91.0,77.0,0,2.4468680089485457,28.608,41.392,9.848,0.7571428571428571,0,4,2.495525727069351,0.6799999999999998,1.1333333333333333,1.3076923076923077,0.9787472035794184,1.0,0.939177852348993
2025-3,Tags 2,5,77.42010416666665,-4.822292063407377e-15,28.15472074468085,28.15472074468085,28.15472074468085,-3.371434273386755e-15,0,0,0,0,0,0,5,1,1,17.420104166666647,17.420104166666647,22.5,0.0,0,0,0,0,86.8,-3.627382670784715e-15,32.6,-3.764398267022435e-15,64.3,-3.145486211302101e-15,-4.80122207299609e-16,0.0,0.0,1.0,0.0,60.0,28.0,0.1547207446808514,0.1547207446808514,7.100000000000001,0.0,1,84.88964346349745,21.22241086587436,1.0019807583474816,1.5118845500848896,4,1,84.88964346349745,-15.11035653650255,-3.7775891341256376,1,0,0.8358075172947458,0,1,7068,1,27.67854880516591,27.67854880516591,1789.0,29.0,1.0186757215619695,0,3,106.75,0.0,125.0,True,False,107.0,91.0,0,2.348993288590604,35.76,48.24,6.848,0.6309523809523809,1,5,2.495525727069351,0.8235294117647058,0.5599999999999998,0.9333333333333332,1.174496644295302,1.0,0.939177852348993
2025-3,Tags 2,6,77.42010416666665,-3.280471822643205e-15,28.154720744680848,28.15472074468085,28.15472074468085,-1.3488542533772617e-15,0,0,0,0,0,0,6,1,1,17.420104166666647,17.420104166666647,22.5,0.0,0,0,0,0,86.8,-5.226196707538049e-15,32.6,-3.003278291787231e-16,64.3,-1.2637676618891284e-15,-6.929659921216828e-16,0.0,0.0,1.0,0.0,60.0,28.0,0.1547207446808514,0.1547207446808514,7.100000000000001,3.891802844472395e-15,1,113.44299489506524,28.360748723766307,1.3363584798638684,1.34221970126678,5,1,82.5312793548755,-21.55700510493477,-6.6392512762336935,1,0,0.7623884858280953,0,1,7052,1,27.67854880516591,27.67854880516591,1789.0,29.0,1.0209869540555871,0,4,106.75,0.0,145.0,True,False,125.0,107.0,0,2.3303504847129006,42.912,57.088,8.847999999999999,0.53,1,6,2.495525727069351,1.1428571428571428,0.9411764705882352,0.6399999999999997,1.3982102908277405,1.0,0.939177852348993
2025-3,Tags 2,7,77.42010416666665,2.54453727244602e-15,28.154720744680848,28.15472074468085,28.15472074468085,-3.895921039444663e-16,0,0,0,0,0,0,7,1,1,17.420104166666647,17.420104166666647,22.5,0.0,0,0,0,0,86.8,2.981360072665549e-15,32.6,1.656277457553702e-15,64.3,-1.585001016368459e-15,1.2138620989631208e-15,0.0,0.0,1.0,0.0,60.0,28.0,0.1547207446808514,0.1547207446808514,7.100000000000001,3.837369354665453e-15,1,142.06563432305725,28.41312686461145,1.0018468532461997,1.3414784297011886,6,1,82.37419133017605,-27.934365676942747,-6.586873135388551,1,0,0.736784874469761,0,1,7039,1,27.67854880516591,27.67854880516591,1349.7844311377246,29.0,1.0228725671260122,0,4,126.0,-41.0,126.0,False,False,145.0,125.0,0,2.2571108980504957,50.064,62.93599999999999,5.848,0.4690265486725664,1,7,2.495525727069351,0.8125000000000001,0.9285714285714286,0.7647058823529411,1.5799776286353466,1.0,0.939177852348993
2025-3,Tags 2,8,77.42010416666665,6.19100399074924e-15,28.15472074468085,28.15472074468085,28.15472074468085,2.560235073882277e-15,0,0,0,0,0,0,8,1,1,22.420104166666647,22.420104166666647,22.5,0.0,0,0,0,0,86.8,3.730138838203249e-15,32.6,2.821334018596945e-15,64.3,1.0375528248368057e-15,1.5927353798953544e-15,0.0,0.0,1.0,0.0,55.0,28.0,0.1547207446808514,0.1547207446808514,7.100000000000001,0.0,1,170.74558907228229,28.45759817871372,1.0015651678998294,1.3409220261809904,7,1,67.2634138769597,-49.254410927717714,-21.542401821286283,1,0,0.7091826435399157,0,1,7028,1,27.67854880516591,27.67854880516591,1346.5105758733623,29.0,1.0244735344336935,0,4,126.0,-47.4890829694323,144.5109170305677,False,True,126.0,145.0,0,2.1672259507829974,57.216,66.78399999999999,3.848,0.4274193548387097,1,8,2.495525727069351,0.846153846153846,0.6875,0.7857142857142857,1.7337807606263984,1.0,0.939177852348993
2025-3,Tags 2,9,77.42010416666665,2.917569773198844e-15,28.15472074468085,28.15472074468085,28.15472074468085,1.0383261863092424e-15,0,0,0,1,1,1,9,1,1,22.420104166666647,22.420104166666647,22.5,0.0,0,0,0,0,86.8,-6.967445516541837e-16,32.6,1.926709849426818e-15,64.3,2.4487606206954734e-15,5.833989137158367e-16,0.0,0.1111111111111111,1.0,0.0,55.0,25.0,3.1547207446808514,3.1547207446808514,7.100000000000001,0.0,0,206.7293983461648,35.642999714856,1.25249500998004,1.2567721699458227,8,1,73.92622163081245,-63.2706016538352,-14.357000285143997,1,0,0.6677649448005394,1,1,7014,1,27.67854880516591,27.67854880516591,1343.727203652243,29.0,1.0265183917878529,0,4,126.0,-54.75685589519651,165.2431441048035,False,True,144.5109170305677,126.0,0,2.143922445935869,64.368,73.63199999999999,6.848,0.3840579710144927,1,9,2.495525727069351,1.2727272727272727,1.0769230769230769,0.875,1.929530201342282,1.0,0.939177852348993
2025-3,Tags 2,10,77.42010416666665,5.929324924733543e-15,28.15472074468085,28.15472074468085,28.15472074468085,1.0489235393749254e-15,0,0,0,2,1,1,10,1,1,22.420104166666647,22.420104166666647,22.5,0.0,0,0,0,0,86.8,3.621045517473897e-15,32.6,4.151382088140757e-16,64.3,2.5895147748354027e-15,-1.8871550300651995e-16,0.0,0.2,1.0,0.0,55.0,25.0,3.1547207446808514,3.1547207446808514,7.100000000000001,0.0,0,242.7184466019417,35.6938892061679,1.0014277555682467,1.2562464306110794,9,1,66.520429884222,-87.28155339805826,-24.306110793832097,1,0,0.6457938385783216,2,1,7004,1,27.67854880516591,27.67854880516591,1341.5043384016417,29.0,1.0279840091376355,0,4,126.0,-62.284192139738,186.715807860262,False,True,165.2431441048035,144.5109170305677,0,2.069351230425056,71.52,76.47999999999999,2.848,0.3581081081081081,1,10,2.495525727069351,0.7142857142857143,0.9090909090909092,0.7692307692307692,2.069351230425056,1.0,0.939177852348993
2025-3,Tags 2,11,77.42010416666665,1.130364682040006e-15,28.154720744680848,28.15472074468085,28.15472074468085,1.302138512516356e-15,0,0,0,3,1,1,11,1,1,22.420104166666647,22.420104166666647,22.5,0.0,0,0,0,0,86.8,-4.780300776693633e-15,32.6,9.227997508175206e-16,64.3,2.586988526354164e-15,9.90452133024727e-16,0.0,0.2727272727272727,1.0,0.0,55.0,25.0,3.1547207446808514,3.1547207446808514,7.100000000000002,3.726117541341096e-15,0,278.770550393138,35.7398141529664,1.0012866333095067,1.2558970693352394,10,1,65.52299261377175,-111.22944960686203,-24.2601858470336,1,0,0.6249696480619737,3,1,6995,1,27.67854880516591,27.67854880516591,1339.530995075722,29.0,1.0293066476054324,0,4,126.0,-70.84978165938867,211.15021834061133,False,True,186.715807860262,165.2431441048035,0,1.9956274150905025,78.672,78.32799999999999,1.848,0.3375796178343949,1,11,2.495525727069351,0.9,0.6428571428571429,0.8181818181818182,2.195190156599552,1.0,0.939177852348993
2025-3,Tags 2,12,77.42010416666665,-2.675605527985585e-16,28.154720744680848,28.15472074468085,28.15472074468085,1.3229991297389886e-15,0,0,0,4,1,1,12,1,1,22.420104166666647,22.420104166666647,22.5,0.0,0,0,0,0,86.8,5.750770099106333e-16,32.6,1.2743436555537021e-15,64.3,2.500081457902131e-15,6.067178005271581e-16,0.0,0.3333333333333333,1.0,0.0,55.0,25.0,3.1547207446808514,3.1547207446808514,7.100000000000001,3.710688416924011e-15,0,315.0057273768614,35.79610538373425,1.0015750286368843,1.004295532646048,11,1,59.80839967841312,-144.9942726231386,-34.20389461626575,1,0,0.6054820342017216,4,1,6984,1,27.67854880516591,27.67854880516591,1337.8870138994116,29.0,1.0309278350515465,0,4,126.0,-79.93449781659388,237.06550218340607,False,True,211.15021834061133,186.715807860262,0,1.9574944071588367,85.824,82.17599999999999,3.848,0.3154761904761904,1,12,2.495525727069351,1.222222222222222,1.1,0.7857142857142857,2.348993288590604,1.0,0.939177852348993
2025-3,Tags 2,13,77.42010416666665,4.691331236161485e-16,28.154720744680848,28.15472074468085,28.15472074468085,1.3814364750221513e-15,0,0,0,5,1,1,13,1,1,22.420104166666647,22.420104166666647,22.5,0.0,0,0,0,0,86.8,1.1752006107247913e-15,32.6,8.805487397987455e-16,64.3,3.751150414171871e-16,6.915014398866307e-16,0.0,0.3846153846153846,1.0,0.0,55.0,25.0,3.1547207446808514,3.1547207446808514,7.1000000000000005,3.697781635498623e-15,0,358.3715596330275,43.0045871559633,1.2013761467889907,1.204816513761468,12,1,60.06041879034999,-181.62844036697248,-36.9954128440367,1,0,0.5810254374742319,5,1,6976,1,27.67854880516591,27.67854880516591,1336.4691545605513,29.0,1.0321100917431192,0,4,126.0,-89.79790393013099,265.202096069869,False,True,237.06550218340607,211.15021834061133,0,1.8929616245052483,92.976,83.02399999999999,0.8479999999999999,0.3011363636363636,1,13,2.495525727069351,0.7272727272727273,0.8888888888888888,0.7999999999999999,2.460850111856823,1.0,0.939177852348993
2025-3,Tags 2,14,77.42010416666665,-1.1536256484809613e-15,28.154720744680848,28.15472074468085,28.15472074468085,-1.1784087075527521e-15,0,0,0,6,1,1,14,1,1,22.420104166666647,22.420104166666647,22.5,0.0,0,0,0,0,86.8,-3.163651978215829e-15,32.6,-2.0809458693257514e-16,64.3,-3.2683870908612468e-15,-5.592533086358858e-16,0.0,0.4285714285714285,1.0,0.0,55.0,25.0,3.1547207446808514,3.1547207446808514,7.1000000000000005,3.6868252213847854e-15,0,401.7793083656192,43.04778303917348,1.0010044482709142,1.204476969436074,13,1,55.80268171744711,-228.22069163438084,-46.95221696082652,1,0,0.5651834939012192,6,1,6969,1,27.67854880516591,27.67854880516591,1335.2445454545457,29.0,1.0331467929401636,0,4,126.0,-100.44,295.56,False,False,265.202096069869,237.06550218340607,0,1.8276605944391175,100.128,82.87199999999999,-0.1520000000000001,0.2896174863387978,1,13,2.495525727069351,0.875,0.6363636363636364,0.7777777777777778,2.5587248322147653,0.9285714285714286,0.939177852348993
2025-3,Tags 3,1,77.42010416666665,0.0,28.15472074468085,28.15472074468085,28.15472074468085,0.0,0,0,0,0,0,0,1,1,1,17.420104166666647,17.420104166666647,22.5,0.0,0,0,0,0,86.8,0.0,32.6,0.0,64.3,0.0,0.0,0.0,0.0,1.0,0.0,60.0,30.0,1.8452792553191488,-1.8452792553191488,7.100000000000001,0.0,1,21.09704641350211,21.09704641350211,3.0,3.0,0,0,210.9704641350211,11.09704641350211,11.09704641350211,1,1,0.0,0,0,7110,1,27.67854880516591,27.67854880516591,1789.0,29.0,1.0126582278481011,0,1,106.75,0.0,64.0,True,False,669.9717991631799,637.6489644351465,0,2.3852953556896312,7.127,9.873,9.873,2.764705882352941,0,1,1.3852953556896312,3.0,3.0,3.0,0.238529535568963,1.0,0.95145222393714
2025-3,Tags 3,2,77.42010416666665,-1.1658284442341368e-14,28.15472074468085,28.15472074468085,28.15472074468085,-6.783381100595097e-15,0,0,0,0,0,0,2,1,1,17.420104166666647,17.420104166666647,22.5,0.0,0,0,0,0,86.8,-1.7209744916952118e-14,32.6,-6.772789795300852e-15,64.3,-2.231677083022784e-14,-4.066460168369259e-15,0.0,0.0,1.0,0.0,60.0,30.0,1.8452792553191488,-1.8452792553191488,7.100000000000001,0.0,1,42.31311706629055,21.15655853314528,1.002820874471086,3.0,0,0,123.41325811001413,12.313117066290552,1.156558533145276,2,1,1.4122189029057142,0,0,7090,1,27.67854880516591,27.67854880516591,1789.0,29.0,1.0155148095909732,0,2,106.75,0.0,77.0,True,False,64.0,637.6489644351465,0,2.5957625929563632,14.254,22.746,12.873,1.2702702702702702,0,2,1.8062298302230952,1.1764705882352944,3.0,3.0,0.5191525185912726,1.0,0.95145222393714
2025-3,Tags 3,3,77.42010416666665,1.136476922109094e-14,28.15472074468085,28.15472074468085,28.15472074468085,-1.2895420286198469e-15,0,0,0,0,0,0,3,1,1,17.420104166666647,17.420104166666647,22.5,0.0,0,0,0,0,86.8,1.802190973325158e-15,32.6,2.30148056710964e-15,64.3,-3.313032514863088e-15,2.3936246954295856e-15,0.0,0.0,1.0,0.0,60.0,30.0,1.8452792553191488,-1.8452792553191488,7.100000000000001,4.3511678576336575e-15,1,63.559322033898304,21.1864406779661,1.001412429378531,3.0,0,0,116.52542372881356,13.559322033898304,1.1864406779661003,3,1,1.1534787037918992,0,0,7080,1,27.67854880516591,27.67854880516591,1789.0,29.0,1.0169491525423728,0,2,106.75,0.0,91.0,True,False,77.0,64.0,0,2.1982133670080914,21.381,25.619,2.873,1.0,0,3,1.8062298302230952,0.4999999999999999,0.5882352941176471,3.0,0.6594640101024274,1.0,0.95145222393714
2025-3,Tags 3,4,77.42010416666665,-1.0656246691081632e-14,28.15472074468085,28.15472074468085,28.15472074468085,-4.860576503336004e-15,0,0,0,0,0,0,4,1,1,17.420104166666647,17.420104166666647,22.5,0.0,0,0,0,0,86.8,-1.1688067064152732e-14,32.6,-2.2267158016781103e-15,64.3,-8.691606854378891e-15,-3.4693771706650844e-15,0.0,0.0,1.0,0.0,60.0,30.0,1.8452792553191488,-1.8452792553191488,7.100000000000001,0.0,1,91.91176470588236,28.28054298642534,1.3348416289592762,1.340497737556561,0,0,117.83559577677224,16.911764705882348,3.2805429864253384,4,1,0.9564362643776289,0,0,7072,1,27.67854880516591,27.67854880516591,1789.0,29.0,1.0180995475113122,0,2,106.75,0.0,107.0,True,False,91.0,77.0,0,1.929283008278378,28.508,26.492,0.8730000000000002,0.8545454545454545,0,4,1.8062298302230952,0.8000000000000003,0.4,0.4705882352941178,0.7717132033113512,1.0,0.95145222393714
2025-3,Tags 3,5,77.42010416666665,-4.822292063407377e-15,28.15472074468085,28.15472074468085,28.15472074468085,-3.371434273386755e-15,0,0,0,0,0,0,5,1,1,17.420104166666647,17.420104166666647,22.5,0.0,0,0,0,0,86.8,-3.627382670784715e-15,32.6,-3.764398267022435e-15,64.3,-3.145486211302101e-15,-4.80122207299609e-16,0.0,0.0,1.0,0.0,60.0,28.0,0.1547207446808514,0.1547207446808514,7.100000000000001,0.0,1,120.2943673931503,28.30455703368242,1.0008491367110104,1.3378620624587223,0,0,116.75629776393998,20.294367393150296,3.3045570336824213,5,1,0.868487285396722,0,0,7066,1,27.67854880516591,27.67854880516591,1789.0,29.0,1.0189640532125672,0,2,106.75,0.0,125.0,True,False,107.0,91.0,0,1.7118001964360885,35.635,25.365,-1.1269999999999998,0.7704918032786885,0,4,1.8062298302230952,0.7499999999999996,0.5999999999999999,0.2999999999999999,0.855900098218044,0.8,0.95145222393714
2025-3,Tags 3,6,77.42010416666665,-3.280471822643205e-15,28.154720744680848,28.15472074468085,28.15472074468085,-1.3488542533772617e-15,0,0,0,0,0,0,6,1,1,17.420104166666647,17.420104166666647,22.5,0.0,0,0,0,0,86.8,-5.226196707538049e-15,32.6,-3.003278291787231e-16,64.3,-1.2637676618891284e-15,-6.929659921216828e-16,0.0,0.0,1.0,0.0,60.0,28.0,0.1547207446808514,0.1547207446808514,7.100000000000001,3.891802844472395e-15,1,148.788437012895,28.340654669122856,1.0012753294601104,1.3376789003825988,1,1,95.59347805061282,13.788437012895002,-6.659345330877144,5,0,0.7998244113938954,0,0,7057,1,27.67854880516591,27.67854880516591,1789.0,29.0,1.020263568088423,0,2,106.75,0.0,145.0,True,False,125.0,107.0,0,1.6369674009634725,42.762,27.238000000000003,1.873,0.6714285714285714,0,5,1.8062298302230952,1.500000000000001,1.125,0.9000000000000004,0.9821804405780834,0.8333333333333334,0.95145222393714
2025-3,Tags 3,7,77.42010416666665,2.54453727244602e-15,28.154720744680848,28.15472074468085,28.15472074468085,-3.895921039444663e-16,0,0,0,0,0,0,7,1,1,17.420104166666647,17.420104166666647,22.5,0.0,0,0,0,0,86.8,2.981360072665549e-15,32.6,1.656277457553702e-15,64.3,-1.585001016368459e-15,1.2138620989631208e-15,0.0,0.0,1.0,0.0,60.0,28.0,0.1547207446808514,0.1547207446808514,7.100000000000001,3.837369354665453e-15,1,177.3049645390071,28.368794326241133,1.0009929078014184,1.0031205673758865,2,1,92.67536801954824,7.304964539007102,-6.631205673758867,5,0,0.7448083903966319,0,0,7050,1,27.67854880516591,27.67854880516591,1381.9221556886228,29.0,1.0212765957446808,0,2,129.0,-38.0,129.0,False,False,145.0,125.0,0,1.5434264066227026,49.889,27.111000000000004,-0.1269999999999997,0.6103896103896104,0,5,1.8062298302230952,0.7777777777777775,1.1666666666666672,0.8749999999999998,1.0803984846358916,0.7142857142857143,0.95145222393714
2025-3,Tags 3,8,77.42010416666665,6.19100399074924e-15,28.15472074468085,28.15472074468085,28.15472074468085,2.560235073882277e-15,0,0,0,0,0,0,8,1,1,22.420104166666647,22.420104166666647,22.5,0.0,0,0,0,0,86.8,3.730138838203249e-15,32.6,2.821334018596945e-15,64.3,1.0375528248368057e-15,1.5927353798953544e-15,0.0,0.0,1.0,0.0,55.0,28.0,0.1547207446808514,0.1547207446808514,7.100000000000001,0.0,1,212.91696238467,35.486160397445,1.2508871540099362,1.253726046841732,3,1,83.87637912123363,-7.083037615330028,-14.513839602555002,5,0,0.6901934438917282,0,0,7045,1,27.67854880516591,27.67854880516591,1392.4379264465067,29.0,1.022001419446416,0,2,129.0,-42.56004366812226,149.43995633187774,False,True,129.0,145.0,0,1.4381927879893364,57.016,24.984,-2.127,0.573170731707317,0,5,1.8062298302230952,0.7142857142857136,0.5555555555555549,0.8333333333333329,1.150554230391469,0.625,0.95145222393714
2025-3,Tags 3,9,77.42010416666665,2.917569773198844e-15,28.15472074468085,28.15472074468085,28.15472074468085,1.0383261863092424e-15,0,0,0,1,1,1,9,1,1,22.420104166666647,22.420104166666647,22.5,0.0,0,0,0,0,86.8,-6.967445516541837e-16,32.6,1.926709849426818e-15,64.3,2.4487606206954734e-15,5.833989137158367e-16,0.0,0.1111111111111111,1.0,0.0,55.0,25.0,3.1547207446808514,3.1547207446808514,7.100000000000001,0.0,0,248.6148600653502,35.51640858076431,1.0008523938059384,1.2531964767722688,4,1,81.55619748175509,-21.3851399346498,-14.483591419235688,5,0,0.6545483299419821,1,0,7039,1,27.67854880516591,27.67854880516591,1401.3782435490275,29.0,1.0228725671260122,0,2,129.0,-47.667292576419214,172.3327074235808,False,True,149.43995633187774,129.0,0,1.3719345836646244,64.143,23.857,-1.1269999999999998,0.5340909090909091,0,5,1.8062298302230952,1.2000000000000006,0.8571428571428569,0.6666666666666662,1.234741125298162,0.5555555555555556,0.95145222393714
2025-3,Tags 3,10,77.42010416666665,5.929324924733543e-15,28.15472074468085,28.15472074468085,28.15472074468085,1.0489235393749254e-15,0,0,0,2,1,1,10,1,1,22.420104166666647,22.420104166666647,22.5,0.0,0,0,0,0,86.8,3.621045517473897e-15,32.6,4.151382088140757e-16,64.3,2.5895147748354027e-15,-1.8871550300651995e-16,0.0,0.2,1.0,0.0,55.0,25.0,3.1547207446808514,3.1547207446808514,7.100000000000001,0.0,0,284.29282160625445,35.536602700781806,1.0005685856432125,1.2526652452025588,5,1,72.68850552432642,-45.70717839374555,-24.4633972992182,5,0,0.6237818673764745,2,0,7035,1,27.67854880516591,27.67854880516591,1408.518186983743,29.0,1.023454157782516,0,2,129.0,-52.956943231441045,196.04305676855896,False,True,172.3327074235808,149.43995633187774,0,1.2908657219026238,71.27,20.73,-3.127,0.5108695652173914,0,5,1.8062298302230952,0.6666666666666671,0.8000000000000009,0.5714285714285716,1.2908657219026238,0.5,0.95145222393714
2025-3,Tags 3,11,77.42010416666665,1.130364682040006e-15,28.154720744680848,28.15472074468085,28.15472074468085,1.302138512516356e-15,0,0,0,3,1,1,11,1,1,22.420104166666647,22.420104166666647,22.5,0.0,0,0,0,0,86.8,-4.780300776693633e-15,32.6,9.227997508175206e-16,64.3,2.586988526354164e-15,9.90452133024727e-16,0.0,0.2727272727272727,1.0,0.0,55.0,25.0,3.1547207446808514,3.1547207446808514,7.100000000000002,3.726117541341096e-15,0,320.1479795105293,35.571997723392144,1.000996015936255,1.0024188958451905,6,1,70.68794419392029,-69.8520204894707,-24.428002276607856,5,0,0.596880244080141,3,0,7028,1,27.67854880516591,27.67854880516591,1414.8566547431017,29.0,1.0244735344336935,0,2,129.0,-58.97620087336245,223.0237991266376,False,True,196.04305676855896,172.3327074235808,0,1.2628034236003929,78.39699999999999,20.603,-0.1269999999999997,0.4747474747474747,0,5,1.8062298302230952,1.7499999999999996,1.1666666666666672,1.4000000000000012,1.3890837659604325,0.4545454545454545,0.95145222393714
2025-3,Tags 3,12,77.42010416666665,-2.675605527985585e-16,28.154720744680848,28.15472074468085,28.15472074468085,1.3229991297389886e-15,0,0,0,4,1,1,12,1,1,22.420104166666647,22.420104166666647,22.5,0.0,0,0,0,0,86.8,5.750770099106333e-16,32.6,1.2743436555537021e-15,64.3,2.500081457902131e-15,6.067178005271581e-16,0.0,0.3333333333333333,1.0,0.0,55.0,25.0,3.1547207446808514,3.1547207446808514,7.100000000000001,3.710688416924011e-15,0,362.98932384341634,42.70462633451957,1.2005124555160145,1.202391459074733,7,1,69.9586658119847,-97.01067615658366,-27.295373665480422,5,0,0.5691949418464411,4,0,7025,1,27.67854880516591,27.67854880516591,1420.1371964238976,29.0,1.0249110320284698,0,2,129.0,-65.36026200873363,251.6397379912664,False,True,223.0237991266376,196.04305676855896,0,1.1926476778448156,85.52399999999999,16.476000000000003,-4.127,0.4607843137254901,0,5,1.8062298302230952,0.4285714285714284,0.7499999999999996,0.5,1.4311772134137786,0.4166666666666667,0.95145222393714
2025-3,Tags 3,13,77.42010416666665,4.691331236161485e-16,28.154720744680848,28.15472074468085,28.15472074468085,1.3814364750221513e-15,0,0,0,5,1,1,13,1,1,22.420104166666647,22.420104166666647,22.5,0.0,0,0,0,0,86.8,1.1752006107247913e-15,32.6,8.805487397987455e-16,64.3,3.751150414171871e-16,6.915014398866307e-16,0.0,0.3846153846153846,1.0,0.0,55.0,25.0,3.1547207446808514,3.1547207446808514,7.1000000000000005,3.697781635498623e-15,0,406.1564771269773,42.75331338178709,1.0011400883568475,1.2030782385634886,8,1,64.3279020790778,-133.84352287302266,-37.24668661821291,5,0,0.5487436960494882,5,0,7017,1,27.67854880516591,27.67854880516591,1424.691424564856,29.0,1.02607952116289,0,2,129.0,-72.29152838427945,282.7084716157205,False,True,251.6397379912664,223.0237991266376,0,1.187251082017463,92.65099999999998,17.349000000000004,0.8730000000000002,0.4272727272727272,0,6,1.8062298302230952,2.6666666666666683,1.1428571428571432,2.0,1.5434264066227024,0.4615384615384615,0.95145222393714
2025-3,Tags 3,14,77.42010416666665,-1.1536256484809613e-15,28.154720744680848,28.15472074468085,28.15472074468085,-1.1784087075527521e-15,0,0,0,6,1,1,14,1,1,22.420104166666647,22.420104166666647,22.5,0.0,0,0,0,0,86.8,-3.163651978215829e-15,32.6,-2.0809458693257514e-16,64.3,-3.2683870908612468e-15,-5.592533086358858e-16,0.0,0.4285714285714285,1.0,0.0,55.0,25.0,3.1547207446808514,3.1547207446808514,7.1000000000000005,3.6868252213847854e-15,0,449.5504495504496,42.81432852861424,1.001427144284287,1.2035964035964035,9,1,59.46434517863089,-180.44955044955043,-47.18567147138576,5,0,0.530301553321075,6,0,7007,1,27.67854880516591,27.67854880516591,1428.6249242424244,29.0,1.0275438846867415,0,2,129.0,-79.76999999999998,316.23,False,False,282.7084716157205,251.6397379912664,0,1.202669927238469,99.77799999999998,20.222000000000005,2.873,0.3916666666666666,0,7,1.8062298302230952,1.2499999999999996,3.0,1.4285714285714284,1.683737898133857,0.5,0.95145222393714
2025-4,Lags 1,1,77.42010416666665,0.0,28.15472074468085,28.15472074468085,28.15472074468085,0.0,0,0,0,0,0,0,0,0,0,7.420104166666647,7.420104166666647,22.5,0.0,1,0,0,0,86.8,0.0,32.6,0.0,64.3,0.0,0.0,0.0,0.0,0.0,0.0,70.0,30.0,1.8452792553191488,-1.8452792553191488,7.100000000000001,0.0,1,8.952551477170994,8.952551477170994,3.0,3.0,1,1,89.52551477170994,-1.047448522829006,-1.047448522829006,0,0,0.0,0,0,11170,0,27.67854880516591,27.67854880516591,1789.0,31.0,0.6445837063563116,0,0,106.75,0.0,64.0,True,False,669.9717991631799,637.6489644351465,0,1.3410818059901652,11.185,3.815,3.815,4.066666666666666,0,1,0.3410818059901652,3.0,3.0,3.0,0.1341081805990165,1.0,0.937326776933393
2025-4,Lags 1,2,77.42010416666665,-1.1658284442341368e-14,28.15472074468085,28.15472074468085,28.15472074468085,-6.783381100595097e-15,0,0,0,0,0,0,0,0,0,7.420104166666647,7.420104166666647,22.5,0.0,1,0,0,0,86.8,-1.7209744916952118e-14,32.6,-6.772789795300852e-15,64.3,-2.231677083022784e-14,-4.066460168369259e-15,0.0,0.0,0.0,0.0,70.0,30.0,1.8452792553191488,-1.8452792553191488,7.100000000000001,0.0,1,22.423535743115973,13.454121445869584,1.5028253655036323,3.0,2,1,71.00786318653391,-7.576464256884027,-6.545878554130415,0,0,1.0586623366728725,0,0,11149,0,27.67854880516591,27.67854880516591,1789.0,31.0,0.64579782940174,0,0,106.75,0.0,77.0,True,False,64.0,637.6489644351465,0,1.6092981671881987,22.37,13.63,9.815,1.6944444444444444,0,2,0.8775145283862316,1.4,3.0,3.0,0.3218596334376397,1.0,0.937326776933393
2025-4,Lags 1,3,77.42010416666665,1.136476922109094e-14,28.15472074468085,28.15472074468085,28.15472074468085,-1.2895420286198469e-15,0,0,0,0,0,0,0,0,0,7.420104166666647,7.420104166666647,22.5,0.0,1,0,0,0,86.8,1.802190973325158e-15,32.6,2.30148056710964e-15,64.3,-3.313032514863088e-15,2.3936246954295856e-15,0.0,0.0,0.0,0.0,70.0,30.0,1.8452792553191488,-1.8452792553191488,7.100000000000001,4.3511678576336575e-15,1,40.45307443365696,17.979144192736427,1.336329857365456,3.0,3,1,85.40093491549803,-9.546925566343042,-2.0208558072635725,0,0,0.9162469630602844,0,0,11124,0,27.67854880516591,27.67854880516591,1789.0,31.0,0.6472491909385113,0,1,106.75,0.0,91.0,True,False,77.0,64.0,0,1.8179108925644467,33.555,27.445,13.815,1.0,0,3,1.2351363433169422,1.190476190476191,1.666666666666667,3.0,0.5453732677693339,1.0,0.937326776933393
2025-4,Lags 1,4,77.42010416666665,-1.0656246691081632e-14,28.15472074468085,28.15472074468085,28.15472074468085,-4.860576503336004e-15,0,0,0,0,0,0,0,0,0,7.420104166666647,7.420104166666647,22.5,0.0,1,0,0,0,86.8,-1.1688067064152732e-14,32.6,-2.2267158016781103e-15,64.3,-8.691606854378891e-15,-3.4693771706650844e-15,0.0,0.0,0.0,0.0,70.0,30.0,1.8452792553191488,-1.8452792553191488,7.100000000000001,0.0,1,58.627221069721294,18.039144944529628,1.0033372418147375,2.0149724903039594,4,1,75.16310393554012,-16.372778930278706,-6.960855055470372,0,0,0.884311673070488,0,1,11087,0,27.67854880516591,27.67854880516591,1789.0,31.0,0.6494092180030666,0,2,106.75,0.0,107.0,True,False,91.0,77.0,0,2.1904336164506035,44.74,53.260000000000005,25.815,0.6224489795918368,0,4,2.3080017881090744,1.48,1.761904761904762,2.466666666666667,0.8761734465802414,1.0,0.937326776933393
2025-4,Lags 1,5,77.42010416666665,-4.822292063407377e-15,28.15472074468085,28.15472074468085,28.15472074468085,-3.371434273386755e-15,0,0,0,0,0,0,0,0,0,7.420104166666647,7.420104166666647,22.5,0.0,1,0,0,0,86.8,-3.627382670784715e-15,32.6,-3.764398267022435e-15,64.3,-3.145486211302101e-15,-4.80122207299609e-16,0.0,0.0,0.0,0.0,70.0,28.0,0.1547207446808514,0.1547207446808514,7.100000000000001,0.0,1,81.3816800795732,22.60602224432589,1.2531648431142055,1.680230280013262,5,1,85.90288452843838,-18.6183199204268,-2.393977755674112,0,0,0.7926909647928108,0,1,11059,0,27.67854880516591,27.67854880516591,1789.0,31.0,0.6510534406365855,0,3,106.75,0.0,125.0,True,False,107.0,91.0,0,2.253017434063478,55.925,70.075,16.814999999999998,0.4841269841269841,1,5,2.3080017881090744,0.7567567567567568,1.12,1.3333333333333337,1.1265087170317387,1.0,0.937326776933393
2025-4,Lags 1,6,77.42010416666665,-3.280471822643205e-15,28.154720744680848,28.15472074468085,28.15472074468085,-1.3488542533772617e-15,0,0,0,0,0,0,0,0,0,7.420104166666647,7.420104166666647,22.5,0.0,1,0,0,0,86.8,-5.226196707538049e-15,32.6,-3.003278291787231e-16,64.3,-1.2637676618891284e-15,-6.929659921216828e-16,0.0,0.0,0.0,0.0,70.0,28.0,0.1547207446808514,0.1547207446808514,7.100000000000001,3.891802844472395e-15,1,104.28001450852376,22.669568371418208,1.002811026478056,1.2608813928182807,6,1,71.00732526920413,-30.71998549147624,-12.330431628581792,0,0,0.752326825465177,0,1,11028,0,27.67854880516591,27.67854880516591,1789.0,31.0,0.6528835690968444,0,4,106.75,0.0,145.0,True,False,125.0,107.0,0,2.3394427060050664,67.11,89.89,19.815,0.3885350318471338,1,6,2.3080017881090744,1.1071428571428574,0.837837837837838,1.2400000000000004,1.4036656236030398,1.0,0.937326776933393
2025-4,Lags 1,7,77.42010416666665,2.54453727244602e-15,28.154720744680848,28.15472074468085,28.15472074468085,-3.895921039444663e-16,0,0,0,0,0,0,0,0,0,7.420104166666647,7.420104166666647,22.5,0.0,1,0,0,0,86.8,2.981360072665549e-15,32.6,1.656277457553702e-15,64.3,-1.585001016368459e-15,1.2138620989631208e-15,0.0,0.0,0.0,0.0,70.0,28.0,0.1547207446808514,0.1547207446808514,7.100000000000001,3.837369354665453e-15,1,127.23802599291102,22.721076070162685,1.0022721076070162,1.2595428519494685,7,1,69.88162892167682,-42.76197400708898,-12.278923929837315,0,0,0.7137406998029656,0,1,11003,0,27.67854880516591,27.67854880516591,1081.9700598802394,31.0,0.6543669908206853,0,5,101.0,-66.0,101.0,False,False,145.0,125.0,1,2.32454179704962,78.295,103.705,13.815,0.3351648351648351,1,7,2.3080017881090744,0.8064516129032255,0.8928571428571428,0.6756756756756757,1.6271792579347342,1.0,0.937326776933393
2025-4,Lags 1,8,77.42010416666665,6.19100399074924e-15,28.15472074468085,28.15472074468085,28.15472074468085,2.560235073882277e-15,0,0,0,0,0,0,1,1,1,12.420104166666649,12.420104166666649,22.5,0.0,0,0,0,0,86.8,3.730138838203249e-15,32.6,2.821334018596945e-15,64.3,1.0375528248368057e-15,1.5927353798953544e-15,0.0,0.0,0.125,0.0,65.0,28.0,0.1547207446808514,0.1547207446808514,7.100000000000001,0.0,1,154.75648611743287,27.309968138370504,1.2019663177059623,1.2080837505689577,8,1,62.48189680142343,-65.24351388256713,-22.690031861629496,0,0,0.6662661589005264,0,1,10985,0,27.67854880516591,27.67854880516591,1077.39562863901,31.0,0.6554392353208921,0,5,101.0,-76.37117903930131,115.62882096069868,False,True,101.0,145.0,1,2.235136343316942,89.48,110.52,6.815,0.305,1,8,2.3080017881090744,0.72,0.5806451612903224,0.6428571428571428,1.7881090746535535,1.0,0.937326776933393
2025-4,Lags 1,9,77.42010416666665,2.917569773198844e-15,28.15472074468085,28.15472074468085,28.15472074468085,1.0383261863092424e-15,0,0,0,1,1,1,2,1,1,12.420104166666649,12.420104166666649,22.5,0.0,0,0,0,0,86.8,-6.967445516541837e-16,32.6,1.926709849426818e-15,64.3,2.4487606206954734e-15,5.833989137158367e-16,0.0,0.1111111111111111,0.2222222222222222,0.0,65.0,25.0,3.1547207446808514,3.1547207446808514,7.100000000000001,0.0,0,182.2987877130617,27.344818156959256,1.0012760915139916,1.2062346185397868,9,1,61.10385291863735,-87.7012122869383,-22.655181843040744,0,0,0.6381552771777835,1,1,10971,0,27.67854880516591,27.67854880516591,1073.5065303691945,31.0,0.6562756357670222,0,5,101.0,-87.98689956331876,132.01310043668124,False,True,115.62882096069868,101.0,1,2.1258630109770027,100.665,113.335,2.8149999999999995,0.2850467289719626,1,9,2.3080017881090744,0.7777777777777775,0.5599999999999998,0.4516129032258061,1.9132767098793029,1.0,0.937326776933393
2025-4,Lags 1,10,77.42010416666665,5.929324924733543e-15,28.15472074468085,28.15472074468085,28.15472074468085,1.0489235393749254e-15,0,0,0,2,1,1,3,1,1,12.420104166666649,12.420104166666649,22.5,0.0,0,0,0,0,86.8,3.621045517473897e-15,32.6,4.151382088140757e-16,64.3,2.5895147748354027e-15,-1.8871550300651995e-16,0.0,0.2,0.3,0.0,65.0,25.0,3.1547207446808514,3.1547207446808514,7.100000000000001,0.0,0,209.9306316173786,27.38225629791895,1.001369112814896,1.2051478641840088,10,1,54.62621837211104,-120.0693683826214,-32.61774370208105,0,0,0.6126741472424772,2,1,10956,0,27.67854880516591,27.67854880516591,1070.400606793988,31.0,0.6571741511500547,0,5,101.0,-100.0174672489083,148.9825327510917,False,True,132.01310043668124,115.62882096069868,1,2.0473848904783187,111.85,117.15,3.815,0.2663755458515284,1,10,2.3080017881090744,1.0714285714285716,0.8333333333333333,0.6,2.047384890478319,1.0,0.937326776933393
2025-4,Lags 1,11,77.42010416666665,1.130364682040006e-15,28.154720744680848,28.15472074468085,28.15472074468085,1.302138512516356e-15,0,0,0,3,1,1,4,1,1,12.420104166666649,12.420104166666649,22.5,0.0,0,0,0,0,86.8,-4.780300776693633e-15,32.6,9.227997508175206e-16,64.3,2.586988526354164e-15,9.90452133024727e-16,0.0,0.2727272727272727,0.3636363636363636,0.0,65.0,25.0,3.1547207446808514,3.1547207446808514,7.100000000000002,3.726117541341096e-15,0,242.1639404185324,31.98391665905145,1.1680526363885588,1.1711444149989338,11,1,57.69992291055985,-147.8360595814676,-28.01608334094855,0,0,0.5832946961581288,3,1,10943,0,27.67854880516591,27.67854880516591,1067.6433305460064,31.0,0.6579548569862013,0,5,101.0,-113.707423580786,168.292576419214,False,True,148.9825327510917,132.01310043668124,1,1.966919982118909,123.035,118.965,1.8149999999999995,0.2520661157024793,1,11,2.3080017881090744,0.8666666666666669,0.928571428571429,0.7222222222222223,2.1636119803308,1.0,0.937326776933393
2025-4,Lags 1,12,77.42010416666665,-2.675605527985585e-16,28.154720744680848,28.15472074468085,28.15472074468085,1.3229991297389886e-15,0,0,0,4,1,1,5,1,1,12.420104166666649,12.420104166666649,22.5,0.0,0,0,0,0,86.8,5.750770099106333e-16,32.6,1.2743436555537021e-15,64.3,2.500081457902131e-15,6.067178005271581e-16,0.0,0.3333333333333333,0.4166666666666667,0.0,65.0,25.0,3.1547207446808514,3.1547207446808514,7.100000000000001,3.710688416924011e-15,0,283.5711672155141,41.1635565312843,1.2870079974909832,1.5053512623490668,12,1,60.22549333769684,-176.4288327844859,-28.8364434687157,0,0,0.5562116199013439,4,1,10932,0,27.67854880516591,27.67854880516591,1065.3462592811982,31.0,0.6586169045005489,0,5,101.0,-128.22707423580783,188.77292576419217,False,True,168.292576419214,148.9825327510917,1,1.8849649828639543,134.22,118.78,-0.1850000000000005,0.2411067193675889,1,11,2.3080017881090744,0.8461538461538456,0.7333333333333331,0.7857142857142856,2.2619579794367457,0.9166666666666666,0.937326776933393
2025-4,Lags 1,13,77.90101923076921,0.2061064560439588,28.259126841243862,28.15472074468085,28.15472074468085,0.0447454699555758,0,0,0,5,1,1,6,1,1,18.672,18.672,22.184615384615384,1.733963922764851,0,0,0,0,89.5,0.0890109890109893,33.5,0.0296703296703314,71.1,0.2241758241758253,0.0395604395604396,0.0,0.3846153846153846,0.4615384615384615,0.0,65.0,25.0,4.5120000000000005,4.5120000000000005,7.076923076923078,0.3764415346289824,0,329.70052202582656,45.791739170253685,1.1124339835760295,1.6723143144976644,13,1,59.14766309491101,-210.29947797417344,-34.208260829746315,0,0,0.5354401360780896,5,1,10919,0,29.166374778894724,29.166374778894724,1063.3651393074604,31.0,0.6594010440516531,1,5,101.0,-143.99126637554582,211.00873362445412,False,True,188.77292576419217,168.292576419214,1,1.8293731302224816,145.405,120.59499999999998,1.8149999999999995,0.2293233082706766,1,12,2.3080017881090744,1.1818181818181823,1.0,0.8666666666666669,2.378185069289227,0.9230769230769232,0.937326776933393
2025-4,Lags 1,14,78.63787651975682,0.4596280804302059,28.23393085106383,29.512,28.15472074468085,0.0257179798924466,0,0,0,5,1,0,7,1,1,23.217021276595705,23.217021276595705,21.721428571428568,3.221299875399309,0,0,0,0,91.7,0.2052747252747235,32.5,0.0189010989010974,76.0,0.4986813186813177,0.0432967032967031,0.0,0.3571428571428571,0.5,0.0,65.0,25.0,2.9063829787234,2.9063829787234,7.035714285714287,0.3737583803614723,1,384.967919340055,54.99541704857928,1.2009899175068746,1.7194709964645802,14,1,61.10601894286587,-245.032080659945,-35.00458295142072,0,0,0.5150859853085439,5,1,10910,0,29.166374778894724,27.66589013163657,1061.6540404040406,31.0,0.6599450045829515,1,5,101.0,-160.99999999999997,235.00000000000003,False,False,211.00873362445412,188.77292576419217,1,1.7561785554633116,156.59,118.40999999999998,-2.1850000000000005,0.2218181818181818,1,12,2.3080017881090744,0.6923076923076922,0.8181818181818186,0.6923076923076922,2.458649977648637,0.8571428571428571,0.937326776933393
2025-4,Lags 2,1,77.42010416666665,0.0,28.15472074468085,28.15472074468085,28.15472074468085,0.0,0,0,0,0,0,0,0,0,0,7.420104166666647,7.420104166666647,22.5,0.0,1,0,0,0,86.8,0.0,32.6,0.0,64.3,0.0,0.0,0.0,0.0,0.0,0.0,70.0,30.0,1.8452792553191488,-1.8452792553191488,7.100000000000001,0.0,1,8.94454382826476,8.94454382826476,3.0,3.0,1,1,89.44543828264759,-1.0554561717352406,-1.0554561717352406,0,0,0.0,0,0,11180,0,27.67854880516591,27.67854880516591,1789.0,25.0,0.6440071556350626,0,0,106.75,0.0,64.0,True,False,669.9717991631799,637.6489644351465,0,0.8936550491510278,11.19,-1.1899999999999995,-1.1899999999999995,4.6,0,0,0.0,3.0,3.0,3.0,0.0893655049151027,0.0,0.941018766756032
2025-4,Lags 2,2,77.42010416666665,-1.1658284442341368e-14,28.15472074468085,28.15472074468085,28.15472074468085,-6.783381100595097e-15,0,0,0,0,0,0,0,0,0,7.420104166666647,7.420104166666647,22.5,0.0,1,0,0,0,86.8,-1.7209744916952118e-14,32.6,-6.772789795300852e-15,64.3,-2.231677083022784e-14,-4.066460168369259e-15,0.0,0.0,0.0,0.0,70.0,30.0,1.8452792553191488,-1.8452792553191488,7.100000000000001,0.0,1,22.40143369175627,13.440860215053764,1.5026881720430108,3.0,2,1,70.9378733572282,-7.598566308243729,-6.559139784946236,0,0,1.0587593470992125,0,0,11160,0,27.67854880516591,27.67854880516591,1789.0,25.0,0.6451612903225806,0,0,106.75,0.0,77.0,True,False,64.0,637.6489644351465,0,1.3404825737265416,22.38,7.620000000000001,8.81,1.5333333333333334,0,1,0.7873100983020556,2.0000000000000013,3.0,3.0,0.2680965147453083,0.5,0.941018766756032
2025-4,Lags 2,3,77.42010416666665,1.136476922109094e-14,28.15472074468085,28.15472074468085,28.15472074468085,-1.2895420286198469e-15,0,0,0,0,0,0,0,0,0,7.420104166666647,7.420104166666647,22.5,0.0,1,0,0,0,86.8,1.802190973325158e-15,32.6,2.30148056710964e-15,64.3,-3.313032514863088e-15,2.3936246954295856e-15,0.0,0.0,0.0,0.0,70.0,30.0,1.8452792553191488,-1.8452792553191488,7.100000000000001,4.3511678576336575e-15,1,35.89375448671931,13.460157932519742,1.0014357501794688,3.0,3,1,69.54414931801867,-14.10624551328069,-6.539842067480258,0,0,1.0398281718008886,0,0,11144,0,27.67854880516591,27.67854880516591,1789.0,25.0,0.6460875807609476,0,0,106.75,0.0,91.0,True,False,77.0,64.0,0,1.370271075364909,33.57,12.43,4.8100000000000005,1.0,0,2,0.7873100983020556,0.7999999999999999,1.600000000000001,3.0,0.4110813226094728,0.6666666666666666,0.941018766756032
2025-4,Lags 2,4,77.42010416666665,-1.0656246691081632e-14,28.15472074468085,28.15472074468085,28.15472074468085,-4.860576503336004e-15,0,0,0,0,0,0,0,0,0,7.420104166666647,7.420104166666647,22.5,0.0,1,0,0,0,86.8,-1.1688067064152732e-14,32.6,-2.2267158016781103e-15,64.3,-8.691606854378891e-15,-3.4693771706650844e-15,0.0,0.0,0.0,0.0,70.0,30.0,1.8452792553191488,-1.8452792553191488,7.100000000000001,0.0,1,54.000540005400055,18.000180001800018,1.3372933729337293,2.012420124201242,4,1,72.00072000720007,-20.999459994599945,-6.999819998199982,0,0,0.8846941501280403,0,0,11111,0,27.67854880516591,27.67854880516591,1789.0,25.0,0.6480064800648007,0,1,106.75,0.0,107.0,True,False,91.0,77.0,0,1.76496872207328,44.76,34.24,21.81,0.5822784810126582,0,3,1.949061662198392,2.0625000000000004,1.65,3.0,0.7059874888293118,0.75,0.941018766756032
2025-4,Lags 2,5,77.42010416666665,-4.822292063407377e-15,28.15472074468085,28.15472074468085,28.15472074468085,-3.371434273386755e-15,0,0,0,0,0,0,0,0,0,7.420104166666647,7.420104166666647,22.5,0.0,1,0,0,0,86.8,-3.627382670784715e-15,32.6,-3.764398267022435e-15,64.3,-3.145486211302101e-15,-4.80122207299609e-16,0.0,0.0,0.0,0.0,70.0,28.0,0.1547207446808514,0.1547207446808514,7.100000000000001,0.0,1,72.22172068249526,18.05543017062381,1.003069423129006,1.3433240046944117,5,1,72.22172068249526,-27.77827931750474,-6.944569829376185,0,0,0.8288927497531994,0,1,11077,0,27.67854880516591,27.67854880516591,1789.0,25.0,0.6499954861424574,0,2,106.75,0.0,125.0,True,False,107.0,91.0,0,2.0196604110813228,55.95,57.05,22.81,0.4070796460176991,0,4,2.038427167113494,1.0303030303030305,2.1250000000000004,1.7,1.0098302055406614,0.8,0.941018766756032
2025-4,Lags 2,6,77.42010416666665,-3.280471822643205e-15,28.154720744680848,28.15472074468085,28.15472074468085,-1.3488542533772617e-15,0,0,0,0,0,0,0,0,0,7.420104166666647,7.420104166666647,22.5,0.0,1,0,0,0,86.8,-5.226196707538049e-15,32.6,-3.003278291787231e-16,64.3,-1.2637676618891284e-15,-6.929659921216828e-16,0.0,0.0,0.0,0.0,70.0,28.0,0.1547207446808514,0.1547207446808514,7.100000000000001,3.891802844472395e-15,1,95.06564056133998,22.634676324128566,1.253621548211861,1.6816055530405916,6,1,67.54474839581223,-39.93435943866002,-12.365323675871434,0,0,0.7524739355443933,0,1,11045,0,27.67854880516591,27.67854880516591,1789.0,25.0,0.6518786781349026,0,3,106.75,0.0,145.0,True,False,125.0,107.0,0,2.15966636878165,67.14,77.86,20.81,0.3172413793103448,1,5,2.038427167113494,0.9411764705882352,0.9696969696969696,2.0,1.2957998212689903,0.8333333333333334,0.941018766756032
2025-4,Lags 2,7,77.42010416666665,2.54453727244602e-15,28.154720744680848,28.15472074468085,28.15472074468085,-3.895921039444663e-16,0,0,0,0,0,0,0,0,0,7.420104166666647,7.420104166666647,22.5,0.0,1,0,0,0,86.8,2.981360072665549e-15,32.6,1.656277457553702e-15,64.3,-1.585001016368459e-15,1.2138620989631208e-15,0.0,0.0,0.0,0.0,70.0,28.0,0.1547207446808514,0.1547207446808514,7.100000000000001,3.837369354665453e-15,1,117.84969631039796,22.663403136615,1.0012691505756504,1.259065361254646,7,1,67.03796558057545,-52.150303689602026,-12.336596863385004,0,0,0.7139670199312713,0,1,11031,0,27.67854880516591,27.67854880516591,1081.9700598802394,25.0,0.6527060103345118,0,3,101.0,-66.0,101.0,False,False,145.0,125.0,1,2.0298736116430485,78.33,80.67,2.8100000000000005,0.2893081761006289,1,6,2.038427167113494,0.4374999999999999,0.4117647058823527,0.424242424242424,1.420911528150134,0.8571428571428571,0.941018766756032
2025-4,Lags 2,8,77.42010416666665,6.19100399074924e-15,28.15472074468085,28.15472074468085,28.15472074468085,2.560235073882277e-15,0,0,0,0,0,0,1,1,1,12.420104166666649,12.420104166666649,22.5,0.0,0,0,0,0,86.8,3.730138838203249e-15,32.6,2.821334018596945e-15,64.3,1.0375528248368057e-15,1.5927353798953544e-15,0.0,0.0,0.125,0.0,65.0,28.0,0.1547207446808514,0.1547207446808514,7.100000000000001,0.0,1,145.28284754381187,27.240533914464724,1.2019613184418414,1.508716970852629,8,1,60.2593629016947,-74.71715245618813,-22.75946608553528,0,0,0.6664653987648029,0,1,11013,0,27.67854880516591,27.67854880516591,1085.5333651746726,25.0,0.6537728139471534,0,3,101.0,-75.49781659388645,116.50218340611356,False,True,101.0,145.0,1,1.977211796246649,89.52,87.47999999999999,6.8100000000000005,0.2598870056497175,1,7,2.038427167113494,1.2857142857142856,0.5624999999999998,0.5294117647058821,1.5817694369973192,0.875,0.941018766756032
2025-4,Lags 2,9,77.42010416666665,2.917569773198844e-15,28.15472074468085,28.15472074468085,28.15472074468085,1.0383261863092424e-15,0,0,0,1,1,1,2,1,1,12.420104166666649,12.420104166666649,22.5,0.0,0,0,0,0,86.8,-6.967445516541837e-16,32.6,1.926709849426818e-15,64.3,2.4487606206954734e-15,5.833989137158367e-16,0.0,0.1111111111111111,0.2222222222222222,0.0,65.0,25.0,3.1547207446808514,3.1547207446808514,7.100000000000001,0.0,0,172.72727272727272,27.27272727272728,1.0011818181818182,1.204909090909091,9,1,59.25925925925925,-97.27272727272728,-22.727272727272727,0,0,0.6383317965428819,1,1,11000,0,27.67854880516591,27.67854880516591,1088.5628225486307,25.0,0.6545454545454545,0,3,101.0,-86.13537117903928,133.86462882096072,False,True,116.50218340611356,101.0,1,1.886605103763281,100.71,89.28999999999999,1.8100000000000005,0.2421052631578947,1,8,2.038427167113494,0.7222222222222227,0.928571428571429,0.4062500000000001,1.6979445933869526,0.8888888888888888,0.941018766756032
2025-4,Lags 2,10,77.42010416666665,5.929324924733543e-15,28.15472074468085,28.15472074468085,28.15472074468085,1.0489235393749254e-15,0,0,0,2,1,1,3,1,1,12.420104166666649,12.420104166666649,22.5,0.0,0,0,0,0,86.8,3.621045517473897e-15,32.6,4.151382088140757e-16,64.3,2.5895147748354027e-15,-1.8871550300651995e-16,0.0,0.2,0.3,0.0,65.0,25.0,3.1547207446808514,3.1547207446808514,7.100000000000001,0.0,0,209.4526910117476,36.42655495856479,1.3356403484807091,1.607285310991713,10,1,62.09071867937181,-120.54730898825244,-23.573445041435207,0,0,0.6019064102491047,2,1,10981,0,27.67854880516591,27.67854880516591,1090.982217077919,25.0,0.6556779892541663,0,3,101.0,-97.1528384279476,151.8471615720524,False,True,133.86462882096072,116.50218340611356,1,1.867739052725648,111.9,97.1,7.81,0.2200956937799043,1,9,2.038427167113494,1.4615384615384608,1.0555555555555556,1.3571428571428572,1.867739052725648,0.9,0.941018766756032
2025-4,Lags 2,11,77.42010416666665,1.130364682040006e-15,28.154720744680848,28.15472074468085,28.15472074468085,1.302138512516356e-15,0,0,0,3,1,1,4,1,1,12.420104166666649,12.420104166666649,22.5,0.0,0,0,0,0,86.8,-4.780300776693633e-15,32.6,9.227997508175206e-16,64.3,2.586988526354164e-15,9.90452133024727e-16,0.0,0.2727272727272727,0.3636363636363636,0.0,65.0,25.0,3.1547207446808514,3.1547207446808514,7.100000000000002,3.726117541341096e-15,0,246.1931248290325,36.47305553022704,1.001276556943558,1.3389258685146348,11,1,61.95743407378312,-143.80687517096746,-23.52694446977296,0,0,0.5813869817088957,3,1,10967,0,27.67854880516591,27.67854880516591,1093.1300288023783,25.0,0.6565149995440868,0,3,101.0,-109.68995633187774,172.31004366812226,False,True,151.8471615720524,133.86462882096072,1,1.8116825087334476,123.09,99.91,2.8100000000000005,0.2062780269058296,1,10,2.038427167113494,0.7368421052631579,1.0769230769230764,0.7777777777777778,1.992850759606792,0.9090909090909092,0.941018766756032
2025-4,Lags 2,12,77.42010416666665,-2.675605527985585e-16,28.154720744680848,28.15472074468085,28.15472074468085,1.3229991297389886e-15,0,0,0,4,1,1,5,1,1,12.420104166666649,12.420104166666649,22.5,0.0,0,0,0,0,86.8,5.750770099106333e-16,32.6,1.2743436555537021e-15,64.3,2.500081457902131e-15,6.067178005271581e-16,0.0,0.3333333333333333,0.4166666666666667,0.0,65.0,25.0,3.1547207446808514,3.1547207446808514,7.100000000000001,3.710688416924011e-15,0,292.23744292237444,45.662100456621005,1.2519406392694064,1.67427701674277,12,1,64.38072548852776,-167.76255707762556,-24.337899543378995,0,0,0.5547986671591802,4,1,10950,0,27.67854880516591,27.67854880516591,1094.9193586158444,25.0,0.6575342465753424,0,3,101.0,-122.9868995633188,194.0131004366812,False,True,172.31004366812226,151.8471615720524,1,1.7873100983020558,134.28,105.72,5.8100000000000005,0.1916666666666666,1,11,2.038427167113494,1.2142857142857149,0.8947368421052634,1.3076923076923077,2.1447721179624666,0.9166666666666666,0.941018766756032
2025-4,Lags 2,13,77.5682618343195,0.0634961432797998,28.2632333501196,28.15472074468085,28.15472074468085,0.0465054023308939,0,0,0,5,1,1,6,1,1,14.346153846153795,14.346153846153795,22.430769230769236,0.5341900675755309,0,0,0,0,84.6,-0.0725274725274708,34.2,0.0527472527472535,63.0,-0.0428571428571425,-0.0032967032967028,0.0,0.3846153846153846,0.4615384615384615,0.0,65.0,25.0,4.565384615384598,4.565384615384598,7.230769230769232,0.3912477629436048,0,338.3630544124371,45.72473708276178,1.0013717421124828,1.2552583447645178,13,1,59.907873122322144,-201.63694558756288,-34.27526291723822,0,0,0.5386763920747895,5,1,10935,0,29.12274433490871,29.12274433490871,1096.462574574082,25.0,0.6584362139917695,1,3,101.0,-137.4235807860262,217.5764192139738,False,True,194.0131004366812,172.31004366812226,1,1.7529387502577856,145.47,109.53,3.810000000000001,0.1803921568627451,1,12,2.038427167113494,0.8823529411764703,1.0714285714285716,0.7894736842105263,2.278820375335121,0.9230769230769232,0.941018766756032
2025-4,Lags 2,14,78.02873553308392,0.2349863941295978,28.26266805003507,29.5653846153846,28.15472074468085,0.0369782018309016,0,0,0,6,1,1,7,1,1,19.0148936170212,19.0148936170212,21.685714285714287,1.7977521284551017,0,0,0,0,86.6,-0.0589010989011008,32.8,0.0443956043956027,74.6,0.262857142857141,0.0232967032967021,0.0,0.4285714285714285,0.5,0.0,65.0,25.0,3.2553191489361986,3.2553191489361986,7.171428571428573,0.3759046426527176,0,402.74599542334096,64.07322654462243,1.4012814645308924,1.7567276887871854,14,1,67.56020485997603,-227.25400457665904,-25.92677345537757,0,0,0.5182587325131801,6,1,10925,0,29.12274433490871,27.92288528370301,1097.7954545454545,25.0,0.6590389016018307,2,3,101.0,-153.0,243.0,False,False,217.5764192139738,194.0131004366812,1,1.6915613430358742,156.66,108.34,-1.1899999999999995,0.1735849056603773,1,12,2.038427167113494,0.6666666666666664,0.5882352941176466,0.7142857142857141,2.368185880250224,0.8571428571428571,0.941018766756032
2025-4,Tags 1,1,85.1791666666667,0.0,28.5041666666667,28.15472074468085,28.15472074468085,0.0,0,0,0,0,0,0,1,1,1,25.179166666666703,25.179166666666703,30.4,0.0,0,0,0,0,96.5,0.0,33.9,0.0,66.1,0.0,0.0,0.0,0.0,1.0,0.0,60.0,30.0,1.4958333333333016,-1.4958333333333016,9.0,0.0,1,14.011489421325487,14.011489421325487,3.0,3.0,0,0,140.11489421325487,4.011489421325488,4.011489421325488,1,1,0.0,0,0,7137,1,28.19600899097708,28.19600899097708,1789.0,26.0,1.008827238335435,1,0,106.75,0.0,64.0,True,False,669.9717991631799,637.6489644351465,0,1.9577681443154804,7.151,6.849,6.849,4.0,0,1,0.9577681443154804,3.0,3.0,3.0,0.195776814431548,1.0,0.913298839323172
2025-4,Tags 1,2,85.71458333333335,1.0708333333332865,28.544791666666697,28.5041666666667,28.15472074468085,0.081249999999994,0,0,0,0,0,0,2,1,1,26.25,26.25,23.7,0.7571935115205691,0,0,0,0,90.6,-5.900000000000017,32.4,-1.500000000000008,73.6,7.499999999999992,1.999999999999995,0.0,0.0,1.0,0.0,60.0,30.0,1.4145833333333009,-1.4145833333333009,7.25,0.0574524259714074,1,28.08988764044944,14.044943820224718,1.002387640449438,3.0,1,1,81.92883895131085,-1.910112359550564,-5.955056179775282,1,0,1.4125252456202622,0,0,7120,1,28.30025483828368,28.30025483828368,1789.0,26.0,1.0112359550561798,2,1,106.75,0.0,77.0,True,False,64.0,637.6489644351465,0,2.16752901692071,14.302,16.698,9.849,1.806451612903225,0,2,1.377289889525941,1.2142857142857146,3.0,3.0,0.4335058033841422,1.0,0.913298839323172
2025-4,Tags 1,3,85.5138888888889,-0.0333333333333475,28.69097222222223,28.5854166666667,28.5041666666667,0.2395833333333057,0,0,0,0,0,0,3,1,1,25.1125,25.1125,24.2,0.6383617994813178,0,0,0,0,91.0,-2.7499999999999867,34.0,0.0500000000000002,65.8,-0.1499999999999918,1.0000000000000016,0.0,0.0,1.0,0.0,60.0,30.0,1.0166666666667012,-1.0166666666667012,7.2,0.2564306048282325,1,42.28329809725159,14.094432699083862,1.0035236081747712,3.0,2,1,77.51937984496124,-7.716701902748412,-5.905567300916138,1,0,1.1529942477861226,0,1,7095,1,28.671796688809568,28.671796688809568,1789.0,26.0,1.014799154334038,3,2,106.75,0.0,91.0,True,False,77.0,64.0,0,2.610357525753974,21.453,34.547,17.849,1.0,0,3,2.4960145434205008,1.470588235294117,1.7857142857142856,3.0,0.7831072577261922,1.0,0.913298839323172
2025-4,Tags 1,4,85.60781250000002,0.0993749999999931,28.622916666666672,28.9833333333333,28.5854166666667,0.0141666666666457,0,0,0,0,0,0,4,1,1,25.889583333333405,25.889583333333405,25.65,0.5540370958590833,0,0,0,0,94.3,-0.6200000000000215,35.2,0.5499999999999969,64.3,-1.3200000000000087,0.2699999999999962,0.0,0.0,1.0,0.0,60.0,30.0,1.5812500000000007,-1.5812500000000007,7.75,0.249727861140118,1,63.55034599632821,21.18344866544273,1.502965682813162,1.5118627312526478,3,1,84.73379466177093,-11.449654003671796,-3.816551334557268,1,0,0.9450532137494596,0,1,7081,1,28.671796688809568,28.12636700822383,1789.0,26.0,1.0168055359412511,4,2,106.75,0.0,107.0,True,False,91.0,77.0,0,2.4472101803943507,28.604,41.396,6.849,0.8,0,4,2.4960145434205008,0.56,0.8235294117647056,1.0,0.9788840721577402,1.0,0.913298839323172
2025-4,Tags 1,5,86.58250000000001,1.024374999999999,28.37,28.41875,28.9833333333333,-0.2458333333333512,0,0,0,0,0,0,5,1,1,30.481250000000003,30.481250000000003,23.46,2.231657778641739,0,0,0,0,94.8,0.0299999999999889,31.0,-0.3000000000000034,80.1,1.8699999999999888,0.0699999999999999,0.0,0.0,1.0,0.0,60.0,28.0,0.6416666666667012,-0.6416666666667012,7.24,0.6054809698587756,1,84.94973807164095,21.23743451791024,1.0025484921421497,1.512105337675209,4,1,84.94973807164095,-15.050261928359047,-3.7625654820897614,1,0,0.8648045383063561,0,1,7063,1,28.671796688809568,27.16741145513379,1789.0,26.0,1.0193968568596914,4,3,106.75,0.0,125.0,True,False,107.0,91.0,0,2.4611942385680328,35.754999999999995,52.245000000000005,10.849,0.6363636363636364,1,5,2.4960145434205008,1.2857142857142856,0.7200000000000001,1.0588235294117645,1.2305971192840164,1.0,0.913298839323172
2025-4,Tags 1,6,87.65277777777779,1.502738095238097,28.114236111111115,27.3583333333333,28.41875,-0.3597023809523839,0,0,0,0,0,0,6,1,1,33.004166666666706,33.004166666666706,20.816666666666663,3.2950272051088456,0,0,0,0,95.3,0.2828571428571409,29.3,-0.7428571428571445,87.7,3.6,-0.097142857142855,0.0,0.0,1.0,0.0,60.0,28.0,1.1645833333333009,-1.1645833333333009,6.733333333333334,0.8281163958323063,1,106.6704593941118,21.33409187882236,1.0045512729341488,1.5136538188024464,5,1,69.98485166597811,-28.32954060588821,-13.66590812117764,1,0,0.7997495458863034,0,2,7031,1,28.671796688809568,26.69842073475004,1789.0,26.0,1.0240364101834731,4,4,106.75,0.0,145.0,True,False,125.0,107.0,0,2.7968116347364007,42.90599999999999,77.09400000000001,24.849,0.4666666666666667,1,6,3.4748986155782413,1.7777777777777777,2.2857142857142856,1.28,1.6780869808418402,1.0,0.913298839323172
2025-4,Tags 1,7,88.06011904761907,1.2447172619047655,28.00505952380953,26.8354166666667,27.3583333333333,-0.3066964285714325,0,0,0,0,0,0,7,1,1,30.504166666666706,30.504166666666706,21.428571428571427,3.195177398228588,0,0,0,0,96.4,0.4607142857142928,32.9,-0.4357142857142856,71.3,2.075000000000004,-0.1464285714285685,0.0,0.0,1.0,0.0,60.0,28.0,0.6499999999999986,-0.6499999999999986,6.885714285714286,0.8092696262941806,1,128.8290867449184,21.4715144574864,1.0064414543372455,1.0135986258230747,6,1,68.56449994827591,-41.17091325508159,-13.5284855425136,1,0,0.7465609365615029,0,3,6986,1,28.671796688809568,27.159580303782835,967.3455089820358,26.0,1.030632693959347,4,5,90.3,-76.7,90.3,False,False,145.0,125.0,1,3.2962422837964724,50.05699999999999,114.943,37.849,0.3393939393939394,1,7,5.2928261781569015,1.4062500000000004,2.5000000000000004,3.0,2.3073695986575307,1.0,0.913298839323172
2025-4,Tags 1,8,88.34348958333335,1.018725198412703,27.944791666666674,27.35,26.8354166666667,-0.2446428571428537,0,0,0,0,0,0,8,1,1,35.327083333333306,35.327083333333306,22.25,3.064816187112805,0,0,0,0,97.1,0.5547619047619083,33.5,-0.2214285714285702,69.1,1.0833333333333346,-0.138095238095236,0.0,0.0,1.0,0.0,55.0,28.0,0.4770833333333009,-0.4770833333333009,7.05,0.7683849468770804,1,158.02327251831633,28.73150409423933,1.33812191734904,1.352870756117416,7,1,64.64588421203851,-61.97672748168367,-21.268495905760663,1,0,0.6912257788812887,0,4,6961,1,28.671796688809568,27.328380578845582,969.0498044032024,26.0,1.034334147392616,4,6,90.3,-87.99912663755458,104.00087336244542,False,True,90.3,145.0,1,3.321213816249476,57.208,132.79199999999997,17.849,0.2947368421052631,1,8,5.2928261781569015,0.5555555555555554,0.78125,1.3888888888888888,2.6569710529995803,1.0,0.913298839323172
2025-4,Tags 1,9,88.0363425925926,0.528819444444445,28.014120370370375,27.5229166666667,27.35,-0.1296527777777763,0,0,0,1,1,1,9,1,1,30.57916666666669,30.57916666666669,22.61111111111111,3.0113144046213303,0,0,0,0,96.0,0.4883333333333358,32.8,-0.1533333333333321,70.5,0.641666666666673,-0.0983333333333323,0.0,0.1111111111111111,1.0,0.0,55.0,25.0,3.5687500000000014,3.5687500000000014,7.055555555555555,0.7482457622192086,0,187.3198847262248,28.818443804034583,1.0030259365994236,1.3508165225744475,8,1,63.50731134592806,-82.68011527377521,-21.181556195965417,1,0,0.6572941342833809,1,4,6940,1,28.671796688809568,28.26904889877774,970.4987653830884,26.0,1.037463976945245,5,7,90.3,-100.65414847161573,119.34585152838427,False,True,104.00087336244542,90.3,1,3.27848474960767,64.359,146.64099999999996,13.849,0.2654028436018957,1,9,5.2928261781569015,0.8400000000000001,0.4666666666666665,0.65625,2.950636274646903,1.0,0.913298839323172
2025-4,Tags 1,10,88.07604166666667,0.4062499999999955,27.96666666666667,28.56875,27.5229166666667,-0.1201767676767693,0,0,0,1,1,0,10,1,1,33.433333333333294,33.433333333333294,21.94,2.841868654233802,0,0,0,0,93.6,0.2969696969696957,30.1,-0.2575757575757577,77.7,0.7745454545454573,-0.116363636363637,0.0,0.1,1.0,0.0,55.0,25.0,2.539583333333301,2.539583333333301,6.87,0.7212366405464044,1,216.6377816291161,28.885037550548816,1.002310803004044,1.3452724821875603,9,1,56.89477093289919,-113.36221837088388,-31.114962449451184,1,0,0.6277010289146647,1,4,6924,1,28.671796688809568,27.30475496252309,971.655939040003,26.0,1.0398613518197577,5,8,90.3,-113.76113537117902,135.23886462882098,False,True,119.34585152838427,104.00087336244542,1,3.174381205425815,71.50999999999999,155.48999999999995,8.849,0.2466960352422907,1,10,5.2928261781569015,0.7619047619047619,0.64,0.3555555555555554,3.1743812054258145,1.0,0.913298839323172
2025-4,Tags 1,11,88.24630480335269,0.389819068343005,27.89948420373952,27.5395833333333,28.56875,-0.123723807221148,0,0,0,1,1,0,11,1,1,34.948936170212804,34.948936170212804,21.727272727272727,2.7545381819791013,0,0,0,0,95.0,0.242727272727277,31.5,-0.2390909090909098,75.4,0.7072727272727308,-0.1072727272727264,0.0,0.0909090909090909,1.0,0.0,55.0,25.0,2.227659574468099,2.227659574468099,6.818181818181818,0.719591814207557,1,245.9846621328317,28.93937201562726,1.0018810591810157,1.0072348430039069,10,1,55.652638491590885,-144.01533786716828,-31.06062798437274,1,0,0.6016449284494012,1,4,6911,1,28.671796688809568,27.02576691073312,972.68321719471,26.0,1.041817392562581,5,8,90.3,-128.6759825327511,153.3240174672489,False,True,135.23886462882098,119.34585152838427,1,3.051067237894256,78.66099999999999,161.33899999999994,5.849,0.2333333333333333,1,11,5.2928261781569015,0.8125,0.6190476190476191,0.52,3.3561739616836803,1.0,0.913298839323172
2025-4,Tags 1,12,88.20182106973998,0.279329867827209,27.89171468676123,27.2276595744681,27.5395833333333,-0.0987580903139416,0,0,0,1,1,0,12,1,1,32.712500000000006,32.712500000000006,22.09166666666667,2.630865877117891,0,0,0,0,95.5,0.2213286713286721,34.0,-0.1230769230769231,69.4,0.4104895104895114,-0.1286713286713281,0.0,0.0833333333333333,1.0,0.0,55.0,25.0,2.8062499999999986,2.8062499999999986,7.05,0.6866315687181129,1,282.60869565217394,36.231884057971016,1.2519927536231883,1.2572463768115942,11,1,56.59825366819696,-177.39130434782606,-33.768115942028984,1,0,0.573651444806868,1,4,6900,1,28.671796688809568,27.555248412766225,973.5390368217322,26.0,1.0434782608695652,5,8,90.3,-144.4947598253275,172.5052401746725,False,True,153.3240174672489,135.23886462882098,1,2.924998834661819,85.81199999999998,165.18799999999993,3.849,0.2231075697211155,1,12,5.2928261781569015,0.846153846153846,0.6875,0.5238095238095237,3.5099986015941824,1.0,0.913298839323172
2025-4,Tags 1,13,88.25680919258049,0.2430398059387398,27.840428941625756,27.80625,27.2276595744681,-0.0995752474475874,0,0,0,1,1,0,13,1,1,33.9166666666667,33.9166666666667,22.46153846153846,2.526652992055661,0,0,0,0,94.8,0.1780219780219807,33.5,-0.0653846153846152,67.9,0.1681318681318703,-0.1241758241758233,0.0,0.0769230769230769,1.0,0.0,55.0,25.0,2.2250000000000014,2.2250000000000014,7.176923076923076,0.6829108980925618,1,319.25700188651865,36.279204759831664,1.001306051371354,1.255986068785372,12,1,52.23533648290578,-220.7429981134813,-43.720795240168336,1,0,0.5538953365821115,1,4,6891,1,28.671796688809568,27.001286607240445,974.2771425056892,26.0,1.044841097083152,5,8,90.3,-161.66943231441047,193.3305676855896,False,True,172.5052401746725,153.3240174672489,1,2.7968116347364007,92.96299999999998,167.03699999999992,1.849,0.2153846153846154,1,13,5.2928261781569015,0.8181818181818182,0.6923076923076923,0.5625,3.635855125157321,1.0,0.913298839323172
2025-4,Tags 1,14,88.01599544072951,0.0981063440105977,27.82489235055725,27.225,27.80625,-0.0858748343854731,0,0,0,1,1,0,14,1,1,29.8854166666667,29.8854166666667,22.75714285714286,2.58935860766011,0,0,0,0,94.9,0.1485714285714256,33.6,-0.0243956043956049,68.3,0.02241758241758,-0.1349450549450561,0.0,0.0714285714285714,1.0,0.0,55.0,25.0,2.6229166666667005,2.6229166666667005,7.335714285714286,0.6586898258777107,1,356.1564180840238,36.34249164122692,1.001744439598779,1.2558147986625965,13,1,48.456655521635895,-273.8435819159762,-53.65750835877308,1,0,0.535964085805423,1,4,6879,1,28.671796688809568,27.31198095995679,974.9146464646464,26.0,1.0466637592673351,5,8,90.3,-180.2,215.8,False,False,193.3305676855896,172.5052401746725,1,2.716902730886789,100.11399999999998,171.8859999999999,4.849,0.2058823529411764,1,14,5.2928261781569015,1.3333333333333333,1.090909090909091,0.923076923076923,3.803663823241505,1.0,0.913298839323172
2025-4,Tags 2,1,77.42010416666665,0.0,28.15472074468085,28.15472074468085,28.15472074468085,0.0,0,0,0,0,0,0,1,1,1,17.420104166666647,17.420104166666647,22.5,0.0,0,0,0,0,86.8,0.0,32.6,0.0,64.3,0.0,0.0,0.0,0.0,1.0,0.0,60.0,30.0,1.8452792553191488,-1.8452792553191488,7.100000000000001,0.0,1,14.05678942929435,14.05678942929435,3.0,3.0,0,0,140.5678942929435,4.05678942929435,4.05678942929435,1,1,0.0,0,0,7114,1,27.67854880516591,27.67854880516591,1789.0,26.0,1.012088838909193,0,0,106.75,0.0,64.0,True,False,669.9717991631799,637.6489644351465,0,1.403705783267827,7.1240000000000006,2.8759999999999994,2.8759999999999994,3.8,0,1,0.403705783267827,3.0,3.0,3.0,0.1403705783267827,1.0,0.933043234138125
2025-4,Tags 2,2,77.42010416666665,-1.1658284442341368e-14,28.15472074468085,28.15472074468085,28.15472074468085,-6.783381100595097e-15,0,0,0,0,0,0,2,1,1,17.420104166666647,17.420104166666647,22.5,0.0,0,0,0,0,86.8,-1.7209744916952118e-14,32.6,-6.772789795300852e-15,64.3,-2.231677083022784e-14,-4.066460168369259e-15,0.0,0.0,1.0,0.0,60.0,30.0,1.8452792553191488,-1.8452792553191488,7.100000000000001,0.0,1,28.17298211015636,14.08649105507818,1.0021129736582617,3.0,1,1,82.17119782128938,-1.8270178898436384,-5.913508944921819,1,0,1.4127194643708696,0,0,7099,1,27.67854880516591,27.67854880516591,1789.0,26.0,1.014227355965629,0,1,106.75,0.0,77.0,True,False,64.0,637.6489644351465,0,1.7546322290847838,14.248,10.752,7.875999999999999,1.52,0,2,1.1055586749017403,1.4999999999999996,3.0,3.0,0.3509264458169567,1.0,0.933043234138125
2025-4,Tags 2,3,77.42010416666665,1.136476922109094e-14,28.15472074468085,28.15472074468085,28.15472074468085,-1.2895420286198469e-15,0,0,0,0,0,0,3,1,1,17.420104166666647,17.420104166666647,22.5,0.0,0,0,0,0,86.8,1.802190973325158e-15,32.6,2.30148056710964e-15,64.3,-3.313032514863088e-15,2.3936246954295856e-15,0.0,0.0,1.0,0.0,60.0,30.0,1.8452792553191488,-1.8452792553191488,7.100000000000001,4.3511678576336575e-15,1,42.33700254022016,14.112334180073384,1.0018346034434096,3.0,2,1,77.61783799040361,-7.662997459779845,-5.887665819926616,1,0,1.153560979424926,0,0,7086,1,27.67854880516591,27.67854880516591,1789.0,26.0,1.0160880609652836,0,1,106.75,0.0,91.0,True,False,77.0,64.0,0,1.778027325472581,21.372,16.628,5.876,1.0,0,3,1.1055586749017403,0.8666666666666668,1.2999999999999998,3.0,0.5334081976417743,1.0,0.933043234138125
2025-4,Tags 2,4,77.42010416666665,-1.0656246691081632e-14,28.15472074468085,28.15472074468085,28.15472074468085,-4.860576503336004e-15,0,0,0,0,0,0,4,1,1,17.420104166666647,17.420104166666647,22.5,0.0,0,0,0,0,86.8,-1.1688067064152732e-14,32.6,-2.2267158016781103e-15,64.3,-8.691606854378891e-15,-3.4693771706650844e-15,0.0,0.0,1.0,0.0,60.0,30.0,1.8452792553191488,-1.8452792553191488,7.100000000000001,0.0,1,63.59525155455059,21.1984171848502,1.502119841718485,1.508055398530243,3,1,84.7936687394008,-11.404748445449409,-3.801582815149804,1,0,0.9455225519885624,0,0,7076,1,27.67854880516591,27.67854880516591,1789.0,26.0,1.0175240248728097,0,1,106.75,0.0,107.0,True,False,91.0,77.0,0,1.6844469399213924,28.496,19.504,2.8759999999999994,0.7916666666666666,0,4,1.1055586749017403,0.7692307692307694,0.6666666666666669,1.0,0.673778775968557,1.0,0.933043234138125
2025-4,Tags 2,5,77.42010416666665,-4.822292063407377e-15,28.15472074468085,28.15472074468085,28.15472074468085,-3.371434273386755e-15,0,0,0,0,0,0,5,1,1,17.420104166666647,17.420104166666647,22.5,0.0,0,0,0,0,86.8,-3.627382670784715e-15,32.6,-3.764398267022435e-15,64.3,-3.145486211302101e-15,-4.80122207299609e-16,0.0,0.0,1.0,0.0,60.0,28.0,0.1547207446808514,0.1547207446808514,7.100000000000001,0.0,1,84.88964346349745,21.22241086587436,1.0011318619128466,1.506578947368421,4,1,84.88964346349745,-15.11035653650255,-3.7775891341256376,1,0,0.8652924072711843,0,0,7068,1,27.67854880516591,27.67854880516591,1789.0,26.0,1.0186757215619695,0,1,106.75,0.0,125.0,True,False,107.0,91.0,0,1.5721504772599662,35.620000000000005,20.379999999999995,0.8759999999999994,0.6785714285714286,1,5,1.1055586749017403,0.7999999999999995,0.6153846153846151,0.5333333333333332,0.7860752386299831,1.0,0.933043234138125
2025-4,Tags 2,6,77.42010416666665,-3.280471822643205e-15,28.154720744680848,28.15472074468085,28.15472074468085,-1.3488542533772617e-15,0,0,0,0,0,0,6,1,1,17.420104166666647,17.420104166666647,22.5,0.0,0,0,0,0,86.8,-5.226196707538049e-15,32.6,-3.003278291787231e-16,64.3,-1.2637676618891284e-15,-6.929659921216828e-16,0.0,0.0,1.0,0.0,60.0,28.0,0.1547207446808514,0.1547207446808514,7.100000000000001,3.891802844472395e-15,1,113.45908381789818,28.364770954474544,1.3365480073748406,2.0099276698340662,5,1,82.5429842590529,-21.540916182101824,-6.635229045525456,1,0,0.7768631241710624,0,0,7051,1,27.67854880516591,27.67854880516591,1789.0,26.0,1.0211317543610836,0,2,106.75,0.0,145.0,True,False,125.0,107.0,0,1.7078420363091895,42.74400000000001,30.255999999999997,9.876,0.5205479452054794,1,6,1.3862998315553057,2.1250000000000013,1.7,1.307692307692308,1.0247052217855137,1.0,0.933043234138125
2025-4,Tags 2,7,77.42010416666665,2.54453727244602e-15,28.154720744680848,28.15472074468085,28.15472074468085,-3.895921039444663e-16,0,0,0,0,0,0,7,1,1,17.420104166666647,17.420104166666647,22.5,0.0,0,0,0,0,86.8,2.981360072665549e-15,32.6,1.656277457553702e-15,64.3,-1.585001016368459e-15,1.2138620989631208e-15,0.0,0.0,1.0,0.0,60.0,28.0,0.1547207446808514,0.1547207446808514,7.100000000000001,3.837369354665453e-15,1,142.28799089356858,28.45759817871372,1.003272623790552,1.3424397647505215,6,1,82.50312077022043,-27.712009106431424,-6.542401821286283,1,0,0.7311494318227558,0,1,7028,1,27.67854880516591,27.67854880516591,1002.697005988024,26.0,1.0244735344336935,0,3,93.6,-73.4,93.6,False,False,145.0,125.0,1,1.92508221705302,49.86800000000001,46.13199999999999,15.876,0.3958333333333333,1,7,2.228523301516002,1.352941176470588,2.8750000000000018,2.3,1.347557551937114,1.0,0.933043234138125
2025-4,Tags 2,8,77.42010416666665,6.19100399074924e-15,28.15472074468085,28.15472074468085,28.15472074468085,2.560235073882277e-15,0,0,0,0,0,0,8,1,1,22.420104166666647,22.420104166666647,22.5,0.0,0,0,0,0,86.8,3.730138838203249e-15,32.6,2.821334018596945e-15,64.3,1.0375528248368057e-15,1.5927353798953544e-15,0.0,0.0,1.0,0.0,55.0,28.0,0.1547207446808514,0.1547207446808514,7.100000000000001,0.0,1,171.11079423926992,28.518465706544987,1.0021388849279909,1.3437901040924,7,1,67.40728257910632,-48.88920576073008,-21.481534293455013,1,0,0.6918608511995332,0,1,7013,1,27.67854880516591,27.67854880516591,1036.8249431404658,26.0,1.0266647654356196,0,4,93.6,-80.72532751091703,111.27467248908296,False,True,93.6,145.0,1,1.94764177428411,56.992,54.008,7.875999999999999,0.3423423423423423,1,8,2.228523301516002,0.6521739130434782,0.8823529411764703,1.8750000000000009,1.558113419427288,1.0,0.933043234138125
2025-4,Tags 2,9,77.42010416666665,2.917569773198844e-15,28.15472074468085,28.15472074468085,28.15472074468085,1.0383261863092424e-15,0,0,0,1,1,1,9,1,1,22.420104166666647,22.420104166666647,22.5,0.0,0,0,0,0,86.8,-6.967445516541837e-16,32.6,1.926709849426818e-15,64.3,2.4487606206954734e-15,5.833989137158367e-16,0.0,0.1111111111111111,1.0,0.0,55.0,25.0,3.1547207446808514,3.1547207446808514,7.100000000000001,0.0,0,207.1428571428572,35.714285714285715,1.2523214285714286,1.2591071428571428,8,1,74.07407407407408,-62.85714285714286,-14.285714285714285,1,0,0.6481012328724652,1,1,7000,1,27.67854880516591,27.67854880516591,1065.8398947995236,26.0,1.0285714285714285,0,4,93.6,-88.9296943231441,131.0703056768559,False,True,111.27467248908296,93.6,1,1.9339946347245616,64.116,59.88399999999999,5.876,0.3064516129032258,1,9,2.228523301516002,0.8666666666666668,0.5652173913043478,0.764705882352941,1.7405951712521055,1.0,0.933043234138125
2025-4,Tags 2,10,77.42010416666665,5.929324924733543e-15,28.15472074468085,28.15472074468085,28.15472074468085,1.0489235393749254e-15,0,0,0,2,1,1,10,1,1,22.420104166666647,22.420104166666647,22.5,0.0,0,0,0,0,86.8,3.621045517473897e-15,32.6,4.151382088140757e-16,64.3,2.5895147748354027e-15,-1.8871550300651995e-16,0.0,0.2,1.0,0.0,55.0,25.0,3.1547207446808514,3.1547207446808514,7.100000000000001,0.0,0,243.20457796852648,35.7653791130186,1.0014306151645207,1.2567954220314734,9,1,66.65366107426193,-86.79542203147352,-24.234620886981403,1,0,0.6205979083537635,2,1,6990,1,27.67854880516591,27.67854880516591,1089.0119043861032,26.0,1.0300429184549356,0,4,93.6,-97.42707423580788,151.57292576419212,False,True,131.0703056768559,111.27467248908296,1,1.8809657495788883,71.24,62.75999999999999,2.8759999999999994,0.2835820895522388,1,10,2.228523301516002,0.7692307692307694,0.6666666666666669,0.4347826086956522,1.8809657495788883,1.0,0.933043234138125
2025-4,Tags 2,11,77.42010416666665,1.130364682040006e-15,28.154720744680848,28.15472074468085,28.15472074468085,1.302138512516356e-15,0,0,0,3,1,1,11,1,1,22.420104166666647,22.420104166666647,22.5,0.0,0,0,0,0,86.8,-4.780300776693633e-15,32.6,9.227997508175206e-16,64.3,2.586988526354164e-15,9.90452133024727e-16,0.0,0.2727272727272727,1.0,0.0,55.0,25.0,3.1547207446808514,3.1547207446808514,7.100000000000002,3.726117541341096e-15,0,279.2896018332856,35.80635920939559,1.0011458034947007,1.2555499856774563,10,1,65.64499188389192,-110.7103981667144,-24.19364079060441,1,0,0.5960837545359807,3,1,6982,1,27.67854880516591,27.67854880516591,1109.5828006441825,26.0,1.0312231452305929,0,4,93.6,-107.09650655021836,174.90349344978165,False,True,151.57292576419212,131.0703056768559,1,1.812056556582104,78.36399999999999,63.63599999999999,0.8759999999999994,0.2676056338028169,1,11,2.228523301516002,0.7999999999999995,0.6153846153846151,0.5333333333333332,1.9932622122403143,1.0,0.933043234138125
2025-4,Tags 2,12,77.42010416666665,-2.675605527985585e-16,28.154720744680848,28.15472074468085,28.15472074468085,1.3229991297389886e-15,0,0,0,4,1,1,12,1,1,22.420104166666647,22.420104166666647,22.5,0.0,0,0,0,0,86.8,5.750770099106333e-16,32.6,1.2743436555537021e-15,64.3,2.500081457902131e-15,6.067178005271581e-16,0.0,0.3333333333333333,1.0,0.0,55.0,25.0,3.1547207446808514,3.1547207446808514,7.100000000000001,3.710688416924011e-15,0,322.71944922547334,43.029259896729776,1.2017211703958692,1.2048192771084336,11,1,65.8133866432901,-137.28055077452666,-26.970740103270224,1,0,0.5688180414204713,4,1,6972,1,27.67854880516591,27.67854880516591,1126.720298100368,26.0,1.032702237521515,0,4,93.6,-117.35196506550218,199.64803493449784,False,True,174.90349344978165,151.57292576419212,1,1.7780273254725811,85.48799999999999,66.51199999999999,2.8759999999999994,0.25,1,12,2.228523301516002,1.2500000000000009,1.0,0.7692307692307694,2.133632790567097,1.0,0.933043234138125
2025-4,Tags 2,13,77.42010416666665,4.691331236161485e-16,28.154720744680848,28.15472074468085,28.15472074468085,1.3814364750221513e-15,0,0,0,5,1,1,13,1,1,22.420104166666647,22.420104166666647,22.5,0.0,0,0,0,0,86.8,1.1752006107247913e-15,32.6,8.805487397987455e-16,64.3,3.751150414171871e-16,6.915014398866307e-16,0.0,0.3846153846153846,1.0,0.0,55.0,25.0,3.1547207446808514,3.1547207446808514,7.1000000000000005,3.697781635498623e-15,0,366.1688684663986,43.0786904078116,1.0011487650775417,1.2044801838024124,12,1,60.82870636288212,-173.83113153360136,-36.9213095921884,1,0,0.5498911208004793,5,1,6964,1,27.67854880516591,27.67854880516591,1141.5006138138876,26.0,1.0338885697874785,0,4,93.6,-128.48646288209608,226.51353711790392,False,True,199.64803493449784,174.90349344978165,1,1.7276378870988642,92.61199999999998,67.38799999999999,0.8759999999999994,0.2375,1,13,2.228523301516002,0.7999999999999995,1.0,0.7999999999999995,2.245929253228524,1.0,0.933043234138125
2025-4,Tags 2,14,77.42010416666665,-1.1536256484809613e-15,28.154720744680848,28.15472074468085,28.15472074468085,-1.1784087075527521e-15,0,0,0,6,1,1,14,1,1,22.420104166666647,22.420104166666647,22.5,0.0,0,0,0,0,86.8,-3.163651978215829e-15,32.6,-2.0809458693257514e-16,64.3,-3.2683870908612468e-15,-5.592533086358858e-16,0.0,0.4285714285714285,1.0,0.0,55.0,25.0,3.1547207446808514,3.1547207446808514,7.1000000000000005,3.6868252213847854e-15,0,409.8360655737705,43.14063848144953,1.0014380212827152,1.2048317515099225,13,1,56.49369324951724,-220.1639344262295,-46.85936151855047,1,0,0.5326257252708523,6,1,6954,1,27.67854880516591,27.67854880516591,1154.266414141414,26.0,1.035375323554789,0,4,93.6,-140.5,255.5,False,False,226.51353711790392,199.64803493449784,1,1.7044998796823616,99.73599999999998,70.264,2.8759999999999994,0.2235294117647059,1,14,2.228523301516002,1.2500000000000009,1.0,1.2500000000000009,2.386299831555306,1.0,0.933043234138125
2025-4,Tags 3,1,84.2702127659574,0.0,27.8659574468085,28.15472074468085,28.15472074468085,0.0,1,1,1,0,0,0,1,1,1,24.2702127659574,24.2702127659574,27.4,0.0,0,0,0,0,93.5,0.0,33.5,0.0,66.1,0.0,0.0,1.0,0.0,1.0,0.0,60.0,30.0,2.134042553191499,-2.134042553191499,9.0,0.0,0,14.011489421325487,14.011489421325487,3.0,3.0,0,0,140.11489421325487,4.011489421325488,4.011489421325488,1,1,0.0,0,0,7137,1,27.54075986121832,27.54075986121832,1789.0,26.0,1.008827238335435,0,0,106.75,0.0,64.0,True,False,669.9717991631799,637.6489644351465,0,1.9577681443154804,7.151,6.849,6.849,2.857142857142857,0,1,0.9577681443154804,3.0,3.0,3.0,0.195776814431548,1.0,0.94546217312264
2025-4,Tags 3,2,85.0226063829787,1.504787234042592,27.796520390070903,27.8659574468085,28.15472074468085,-0.1388741134752014,2,1,1,0,0,0,2,1,1,25.77500000000001,25.77500000000001,22.65,1.0640452574344776,0,0,0,0,90.5,-3.0000000000000115,32.0,-1.5000000000000024,72.6,6.499999999999998,1.299999999999999,1.0,0.0,1.0,0.0,60.0,30.0,2.272916666666699,-2.272916666666699,7.6,0.0981988273695842,0,28.08988764044944,14.044943820224718,1.002387640449438,3.0,1,1,81.92883895131085,-1.910112359550564,-5.955056179775282,1,0,1.4125252456202622,0,0,7120,1,27.54075986121832,27.43482438675893,1789.0,26.0,1.0112359550561798,0,1,106.75,0.0,77.0,True,False,64.0,637.6489644351465,0,2.16752901692071,14.302,16.698,9.849,1.2903225806451613,0,2,1.377289889525941,1.2142857142857146,3.0,3.0,0.4335058033841422,1.0,0.94546217312264
2025-4,Tags 3,3,84.88670212765956,0.1723404255319637,27.9764036643026,27.7270833333333,27.8659574468085,0.2351063829787524,2,1,0,0,0,0,3,1,1,24.61489361702129,24.61489361702129,24.666666666666668,0.7883565530747797,0,0,0,0,90.5,-1.499999999999991,33.9,0.2000000000000036,61.8,-2.149999999999991,0.700000000000003,0.6666666666666666,0.0,1.0,0.0,60.0,30.0,1.6638297872340004,-1.6638297872340004,7.733333333333333,0.3192107170715468,1,49.219519054985234,21.09407959499368,1.5018984671635496,3.0,1,0,101.9547180424694,-0.7804809450147658,1.0940795949936728,2,1,1.0395731822660603,0,0,7111,1,28.016426988755864,28.016426988755864,1789.0,26.0,1.0125158205596962,1,1,106.75,0.0,91.0,True,False,77.0,64.0,0,1.8645410898242671,21.453,18.547,1.849,1.0,0,3,1.377289889525941,0.5294117647058821,0.6428571428571428,3.0,0.55936232694728,1.0,0.94546217312264
2025-4,Tags 3,4,84.52127659574467,-0.3695744680851068,28.019281914893625,28.336170212766,27.7270833333333,0.1454964539007262,2,1,0,0,0,0,4,1,1,23.425,23.425,25.325,0.9738997111365004,0,0,0,0,91.3,-0.6600000000000282,34.6,0.519999999999995,64.0,-1.7100000000000084,0.2199999999999972,0.5,0.0,1.0,0.0,60.0,30.0,1.8520833333333009,-1.8520833333333009,8.15,0.2743802083919457,1,70.38288288288288,21.114864864864863,1.0009853603603602,1.5069679054054053,2,1,89.15165165165165,-4.617117117117118,-3.885135135135137,2,0,0.945658934472456,0,0,7104,1,28.016426988755864,27.80315534281887,1789.0,26.0,1.0135135135135136,2,1,106.75,0.0,107.0,True,False,91.0,77.0,0,1.6431268354076354,28.604,18.396,-0.1509999999999998,0.851063829787234,0,3,1.377289889525941,0.7777777777777778,0.4117647058823528,0.5,0.6572507341630541,0.75,0.94546217312264
2025-4,Tags 3,5,85.16638297872339,0.460319148936171,27.835,28.1479166666667,28.336170212766,-0.1115336879432654,2,1,0,0,0,0,5,1,1,27.746808510638303,27.746808510638303,22.7,1.6709792674696151,0,0,0,0,91.8,-0.260000000000012,30.8,-0.280000000000003,79.6,1.8399999999999967,0.1599999999999982,0.4,0.0,1.0,0.0,60.0,28.0,0.9021276595745,-0.9021276595745,7.56,0.475670573876724,1,91.6267268113899,21.144629264166905,1.0014096419509446,1.5054976036086836,3,1,88.10262193402875,-8.3732731886101,-3.855370735833098,2,0,0.8653352952502356,0,0,7094,1,28.016426988755864,26.849769454320864,1789.0,26.0,1.0149422046800112,2,1,106.75,0.0,125.0,True,False,107.0,91.0,0,1.5941826317997485,35.754999999999995,21.245,2.849,0.7017543859649122,0,4,1.377289889525941,1.4285714285714286,1.1111111111111112,0.5882352941176469,0.797091315899874,0.8,0.94546217312264
2025-4,Tags 3,6,85.98518026004727,0.9648657548125712,27.61666666666667,27.0978723404255,28.1479166666667,-0.2508763931104348,2,1,0,0,0,0,6,1,1,30.07916666666669,30.07916666666669,20.1,2.5012619409551893,0,0,0,0,92.3,-0.037142857142858,28.8,-0.7542857142857134,85.2,3.391428571428571,0.0485714285714294,0.3333333333333333,0.0,1.0,0.0,60.0,28.0,1.4750000000000014,-1.4750000000000014,6.916666666666668,0.6833934902736761,1,119.95484053062376,28.22466836014677,1.334838648979208,1.3380374447266912,4,1,84.74867351525552,-15.04515946937623,-6.775331639853231,2,0,0.7769584151468115,0,0,7086,1,28.016426988755864,26.32742192904372,1789.0,26.0,1.0160880609652836,2,1,106.75,0.0,145.0,True,False,125.0,107.0,0,1.514939635482217,42.90599999999999,22.094,0.8490000000000002,0.6153846153846154,0,5,1.377289889525941,0.7999999999999999,1.1428571428571428,0.8888888888888888,0.9089637812893302,0.8333333333333334,0.94546217312264
2025-4,Tags 3,7,86.30932117527861,0.8461467831813648,27.54196428571429,26.525,27.0978723404255,-0.212824531408307,2,1,0,0,0,0,7,1,1,28.254166666666706,28.254166666666706,19.928571428571427,2.4390703307233417,0,0,0,0,92.7,0.089285714285715,32.5,-0.4464285714285701,73.8,2.3607142857142907,-0.0178571428571432,0.2857142857142857,0.0,1.0,0.0,60.0,28.0,0.90625,-0.90625,7.014285714285715,0.6544096618301974,1,148.3050847457627,28.24858757062147,1.000847457627119,1.337853107344633,5,1,83.97426767317097,-21.694915254237287,-6.751412429378529,2,0,0.7314230615885374,0,0,7080,1,28.016426988755864,26.85638733114996,967.3455089820358,26.0,1.0169491525423728,2,1,90.3,-76.7,90.3,False,False,145.0,125.0,1,1.4183830433306033,50.05699999999999,20.943,-1.1509999999999998,0.5633802816901409,0,5,1.377289889525941,0.75,0.6,0.8571428571428571,0.992868130331422,0.7142857142857143,0.94546217312264
2025-4,Tags 3,8,86.4753435283688,0.674779424181031,27.5140625,27.09375,26.525,-0.160484211415059,2,1,0,0,0,0,8,1,1,32.6375,32.6375,19.7625,2.306448602317384,0,0,0,0,91.9,0.0678571428571512,33.0,-0.2392857142857111,73.3,1.6928571428571482,-0.0023809523809521,0.25,0.0,1.0,0.0,55.0,28.0,0.6812499999999986,-0.6812499999999986,7.0875,0.6109838170827266,1,176.92852087756546,28.30856334041048,1.0021231422505306,1.3388063222458126,6,1,68.51959081258444,-43.07147912243454,-21.691436659589527,2,0,0.6920613310777045,0,0,7065,1,28.016426988755864,27.06765107829592,1008.1516284570598,26.0,1.019108280254777,2,2,90.3,-83.80262008733625,108.19737991266376,False,True,90.3,145.0,1,1.5032862536708156,57.208,28.792,7.849,0.4651162790697674,0,6,1.377289889525941,2.5,1.875,1.4999999999999998,1.2026290029366522,0.75,0.94546217312264
2025-4,Tags 3,9,86.14309495665879,0.2729964539007098,27.608953900709224,27.31875,27.09375,-0.0554041075650084,2,1,0,1,1,1,9,1,1,28.4851063829787,28.4851063829787,20.022222222222226,2.376603465319871,0,0,0,0,91.8,0.0466666666666683,32.4,-0.1666666666666645,69.7,1.028333333333337,0.0249999999999996,0.2222222222222222,0.1111111111111111,1.0,0.0,55.0,25.0,3.368085106382999,3.368085106382999,7.044444444444444,0.6384966507366189,0,205.5571307059824,28.352707683583784,1.0015593989225973,1.0045364332293734,7,1,66.41884299950645,-64.44286929401758,-21.647292316416216,2,0,0.6580307168916332,1,0,7054,1,28.0236084459214,28.0236084459214,1042.8442493052798,26.0,1.0206974766090162,3,2,90.3,-91.75755458515285,128.24244541484717,False,True,108.19737991266376,90.3,1,1.507170714274616,64.359,32.641000000000005,3.849,0.4123711340206185,0,7,1.377289889525941,0.7333333333333333,1.8333333333333333,1.375,1.3564536428471543,0.7777777777777778,0.94546217312264
2025-4,Tags 3,10,86.20607712765958,0.2328967870191289,27.576183510638305,28.368085106383,27.31875,-0.0581686546314191,2,1,0,1,1,0,10,1,1,31.772916666666703,31.772916666666703,19.33,2.2495174815630747,0,0,0,0,90.9,-0.0157575757575749,29.9,-0.256969696969697,77.8,1.0757575757575784,-0.0169696969696972,0.2,0.1,1.0,0.0,55.0,25.0,2.28125,2.28125,6.859999999999999,0.6108350064461919,1,241.23740598836383,35.47608911593586,1.2512416631190575,1.2558535547041292,8,1,66.11452971606226,-88.76259401163617,-24.523910884064144,2,0,0.6207375780672133,1,0,7047,1,28.0236084459214,27.01190381718132,1070.5505764542888,26.0,1.0217113665389528,3,2,90.3,-99.99659388646288,149.00340611353712,False,True,128.24244541484717,108.19737991266376,1,1.4543420500629285,71.50999999999999,32.49000000000001,-0.1509999999999998,0.3846153846153846,0,7,1.377289889525941,0.6363636363636365,0.4666666666666667,1.1666666666666667,1.4543420500629285,0.7,0.94546217312264
2025-4,Tags 3,11,86.31945116054159,0.2313596067053551,27.53289410058028,27.28125,28.368085106383,-0.0652711960025768,2,1,0,1,1,0,11,1,1,32.4531914893617,32.4531914893617,19.18181818181818,2.166953251577739,0,0,0,0,91.2,-0.0354545454545418,31.2,-0.2354545454545454,73.5,0.8572727272727294,-0.0254545454545455,0.1818181818181818,0.0909090909090909,1.0,0.0,55.0,25.0,2.1000000000000014,2.1000000000000014,6.8,0.5970101907379803,1,277.0673486786019,35.52145495879511,1.0012787723785166,1.2547953964194374,9,1,65.1226674244577,-112.93265132139813,-24.47854504120489,2,0,0.5961819067072041,1,0,7038,1,28.0236084459214,26.845677711815046,1095.1468023165785,26.0,1.0230179028132993,3,2,90.3,-109.37205240174674,172.62794759825326,False,True,149.00340611353712,128.24244541484717,1,1.4365441578418787,78.66099999999999,34.339000000000006,1.849,0.3539823008849557,0,8,1.377289889525941,1.2857142857142856,0.8181818181818182,0.6000000000000001,1.5801985736260664,0.7272727272727273,0.94546217312264
2025-4,Tags 3,12,86.20324689716313,0.1243361912909827,27.53032653664303,27.1,27.28125,-0.0513936418191752,2,1,0,1,1,0,12,1,1,29.925,29.925,19.541666666666664,2.1049577152833776,0,0,0,0,92.4,0.0006993006993025,33.3,-0.1332167832167823,68.9,0.5213286713286717,-0.0601398601398598,0.1666666666666666,0.0833333333333333,1.0,0.0,55.0,25.0,2.5020833333332995,2.5020833333332995,6.991666666666666,0.5692963657975664,1,312.9000142227279,35.55681979803726,1.0009955909543449,1.254089034276774,10,1,59.40859953833555,-147.09998577727208,-34.44318020196274,2,0,0.5741833175943954,1,0,7031,1,28.0236084459214,27.19249135177406,1115.637779124709,26.0,1.0240364101834731,3,2,90.3,-119.31572052401748,197.6842794759825,False,True,172.62794759825326,149.00340611353712,1,1.3984058173682004,85.81199999999998,34.188,-0.1509999999999998,0.3333333333333333,0,8,1.377289889525941,0.7777777777777778,1.0,0.6363636363636365,1.6780869808418402,0.6666666666666666,0.94546217312264
2025-4,Tags 3,13,86.21134410801966,0.101162954952849,27.492969176213855,27.5020833333333,27.1,-0.0563910158989955,2,1,0,1,1,0,13,1,1,31.308510638297903,31.308510638297903,19.846153846153847,2.0155550295748013,0,0,0,0,91.4,-0.0104395604395599,32.6,-0.0901098901098897,67.9,0.2681318681318713,-0.0626373626373618,0.1538461538461538,0.0769230769230769,1.0,0.0,55.0,25.0,2.0446808510637986,2.0446808510637986,7.061538461538461,0.5614557836715003,1,348.9531405782652,35.607463324312775,1.0014242985329729,1.003703176185729,11,1,54.56514055716448,-191.0468594217348,-44.392536675687225,2,0,0.5543358863797827,1,0,7021,1,28.0236084459214,26.76630640425721,1133.310318961806,26.0,1.025494943740208,3,2,90.3,-130.11170305676853,224.88829694323147,False,True,197.6842794759825,172.62794759825326,1,1.3984058173682004,92.96299999999998,37.037000000000006,2.849,0.3076923076923077,0,9,1.377289889525941,1.4285714285714286,1.1111111111111112,1.4285714285714286,1.8179275625786604,0.6923076923076923,0.94546217312264
2025-4,Tags 3,14,85.95681357649445,-0.0208818486478022,27.48484042553192,27.0446808510638,27.5020833333333,-0.0483643129919727,2,1,0,1,1,0,14,1,1,27.647916666666703,27.647916666666703,20.15,2.1580004807873467,0,0,0,0,91.7,-0.008571428571433,33.2,-0.0432967032967046,67.6,0.0927472527472502,-0.0767032967032971,0.1428571428571428,0.0714285714285714,1.0,0.0,55.0,25.0,2.3791666666666984,2.3791666666666984,7.2,0.5402860426997682,1,384.99928703835735,35.648082133181234,1.0011407386282618,1.0035648082133182,12,1,50.359989045287776,-245.00071296164265,-54.351917866818766,2,0,0.5363545822825185,1,0,7013,1,28.0236084459214,27.02132367625883,1148.5741414141414,26.0,1.0266647654356196,3,2,90.3,-141.76,254.24,False,False,224.88829694323147,197.6842794759825,1,1.3784285914057974,100.11399999999998,37.88600000000001,0.8490000000000002,0.2898550724637681,0,10,1.377289889525941,0.7999999999999999,1.1428571428571428,0.8888888888888888,1.929800027968116,0.7142857142857143,0.94546217312264
2025-5,Lags 1,1,77.42010416666665,0.0,28.15472074468085,28.15472074468085,28.15472074468085,0.0,0,0,0,0,0,0,0,0,0,7.420104166666647,7.420104166666647,22.5,0.0,1,0,0,0,86.8,0.0,32.6,0.0,64.3,0.0,0.0,0.0,0.0,0.0,0.0,70.0,30.0,1.8452792553191488,-1.8452792553191488,7.100000000000001,0.0,1,8.92458723784025,8.92458723784025,3.0,3.0,1,1,89.2458723784025,-1.0754127621597505,-1.0754127621597505,0,0,0.0,0,0,11205,0,27.67854880516591,27.67854880516591,1789.0,27.0,0.642570281124498,0,0,106.75,0.0,64.0,True,False,669.9717991631799,637.6489644351465,0,0.8916629514043691,11.215,-1.215,-1.215,6.2,0,0,0.0,3.0,3.0,3.0,0.0891662951404369,0.0,0.922603655818101
2025-5,Lags 1,2,77.42010416666665,-1.1658284442341368e-14,28.15472074468085,28.15472074468085,28.15472074468085,-6.783381100595097e-15,0,0,0,0,0,0,0,0,0,7.420104166666647,7.420104166666647,22.5,0.0,1,0,0,0,86.8,-1.7209744916952118e-14,32.6,-6.772789795300852e-15,64.3,-2.231677083022784e-14,-4.066460168369259e-15,0.0,0.0,0.0,0.0,70.0,30.0,1.8452792553191488,-1.8452792553191488,7.100000000000001,0.0,1,17.881090746535538,8.940545373267769,1.0017881090746534,3.0,2,1,52.153181344061984,-12.118909253464462,-11.059454626732231,0,0,1.4129491783209065,0,0,11185,0,27.67854880516591,27.67854880516591,1789.0,27.0,0.6437192668752794,0,0,106.75,0.0,77.0,True,False,64.0,637.6489644351465,0,1.337494427106554,22.43,7.57,8.785,2.066666666666667,0,1,0.7833259028087383,2.0,3.0,3.0,0.2674988854213107,0.5,0.922603655818101
2025-5,Lags 1,3,77.42010416666665,1.136476922109094e-14,28.15472074468085,28.15472074468085,28.15472074468085,-1.2895420286198469e-15,0,0,0,0,0,0,0,0,0,7.420104166666647,7.420104166666647,22.5,0.0,1,0,0,0,86.8,1.802190973325158e-15,32.6,2.30148056710964e-15,64.3,-3.313032514863088e-15,2.3936246954295856e-15,0.0,0.0,0.0,0.0,70.0,30.0,1.8452792553191488,-1.8452792553191488,7.100000000000001,4.3511678576336575e-15,1,31.381691024836368,13.4492961535013,1.5043037747691206,3.0,3,1,65.00493140858961,-18.618308975163632,-6.550703846498699,0,0,1.0394293268803565,0,0,11153,0,27.67854880516591,27.67854880516591,1789.0,27.0,0.6455662153680624,0,1,106.75,0.0,91.0,True,False,77.0,64.0,0,1.8427700995690293,33.645,28.355,20.785,1.0,0,2,1.8533214444939807,1.6,3.0,3.0,0.5528310298707089,0.6666666666666666,0.922603655818101
2025-5,Lags 1,4,77.42010416666665,-1.0656246691081632e-14,28.15472074468085,28.15472074468085,28.15472074468085,-4.860576503336004e-15,0,0,0,0,0,0,0,0,0,7.420104166666647,7.420104166666647,22.5,0.0,1,0,0,0,86.8,-1.1688067064152732e-14,32.6,-2.2267158016781103e-15,64.3,-8.691606854378891e-15,-3.4693771706650844e-15,0.0,0.0,0.0,0.0,70.0,30.0,1.8452792553191488,-1.8452792553191488,7.100000000000001,0.0,1,44.93170381020848,13.479511143062544,1.0022465851905105,1.5103792235801583,4,1,56.913491492930746,-30.06829618979152,-11.520488856937456,0,0,0.9454082139330344,0,0,11128,0,27.67854880516591,27.67854880516591,1789.0,27.0,0.6470165348670022,0,2,106.75,0.0,107.0,True,False,91.0,77.0,0,1.939366919304503,44.86,42.14,13.785,0.7126436781609196,0,3,1.8533214444939807,0.7812500000000002,1.2500000000000002,2.5000000000000004,0.7757467677218011,0.75,0.922603655818101
2025-5,Lags 1,5,77.42010416666665,-4.822292063407377e-15,28.15472074468085,28.15472074468085,28.15472074468085,-3.371434273386755e-15,0,0,0,0,0,0,0,0,0,7.420104166666647,7.420104166666647,22.5,0.0,1,0,0,0,86.8,-3.627382670784715e-15,32.6,-3.764398267022435e-15,64.3,-3.145486211302101e-15,-4.80122207299609e-16,0.0,0.0,0.0,0.0,70.0,28.0,0.1547207446808514,0.1547207446808514,7.100000000000001,0.0,1,67.48852695041843,22.49617565013948,1.6689162842316807,2.5161972464681006,5,1,78.73661477548816,-32.51147304958157,-2.5038243498605226,0,0,0.8189612297913665,0,0,11113,0,27.67854880516591,27.67854880516591,1789.0,27.0,0.6478898587240169,0,2,106.75,0.0,125.0,True,False,107.0,91.0,0,1.818992420864913,56.075,45.925,3.785,0.6078431372549019,0,4,1.8533214444939807,0.5999999999999996,0.4687499999999998,0.7499999999999998,0.9094962104324564,0.8,0.922603655818101
2025-5,Lags 1,6,77.42010416666665,-3.280471822643205e-15,28.154720744680848,28.15472074468085,28.15472074468085,-1.3488542533772617e-15,0,0,0,0,0,0,0,0,0,7.420104166666647,7.420104166666647,22.5,0.0,1,0,0,0,86.8,-5.226196707538049e-15,32.6,-3.003278291787231e-16,64.3,-1.2637676618891284e-15,-6.929659921216828e-16,0.0,0.0,0.0,0.0,70.0,28.0,0.1547207446808514,0.1547207446808514,7.100000000000001,3.891802844472395e-15,1,90.0657479960371,22.51643699900928,1.0009006574799604,1.6741721456663363,6,1,65.52402301298996,-44.9342520039629,-12.483563000990724,0,0,0.7769601078233142,0,0,11103,0,27.67854880516591,27.67854880516591,1789.0,27.0,0.6484733855714672,0,2,106.75,0.0,145.0,True,False,125.0,107.0,0,1.6644375092881558,67.29,44.71,-1.215,0.5535714285714286,0,4,1.8533214444939807,0.666666666666667,0.3999999999999999,0.3125,0.9986625055728936,0.6666666666666666,0.922603655818101
2025-5,Lags 1,7,77.42010416666665,2.54453727244602e-15,28.154720744680848,28.15472074468085,28.15472074468085,-3.895921039444663e-16,0,0,0,0,0,0,0,0,0,7.420104166666647,7.420104166666647,22.5,0.0,1,0,0,0,86.8,2.981360072665549e-15,32.6,1.656277457553702e-15,64.3,-1.585001016368459e-15,1.2138620989631208e-15,0.0,0.0,0.0,0.0,70.0,28.0,0.1547207446808514,0.1547207446808514,7.100000000000001,3.837369354665453e-15,1,117.16989634970707,27.0392068499324,1.2008652546191978,2.005948625506985,7,1,73.08917257754837,-52.830103650292926,-7.960793150067598,0,0,0.7200712553061914,0,0,11095,0,27.67854880516591,27.67854880516591,1017.6946107784432,27.0,0.6489409643983777,0,2,95.0,-72.0,95.0,False,False,145.0,125.0,1,1.528565059550347,78.50500000000001,41.49499999999999,-3.215,0.5166666666666667,0,4,1.8533214444939807,0.7999999999999997,0.5333333333333333,0.3199999999999998,1.0699955416852427,0.5714285714285714,0.922603655818101
2025-5,Lags 1,8,78.05509114583332,0.4233246527777849,27.989547318262407,28.15472074468085,28.15472074468085,-0.1101156176122931,0,0,0,0,0,0,1,1,1,17.5,17.5,20.375,1.796014395735651,0,0,0,0,83.5,-0.2749999999999926,27.2,-0.4499999999999978,78.0,1.14166666666667,0.0583333333333346,0.0,0.0,0.125,0.0,65.0,28.0,1.1666666666666998,-1.1666666666666998,6.337500000000001,0.4671809995691957,1,144.33919711321604,27.06359945872801,1.0009021199819577,1.2030311231393775,8,1,59.86796243900439,-75.66080288678396,-22.93640054127199,0,0,0.6880763307106715,0,0,11085,0,27.67854880516591,26.47505201607236,995.0417348981076,27.0,0.6495263870094723,0,2,95.0,-85.20960698689956,106.79039301310044,False,True,95.0,145.0,1,1.4489522960321,89.72,40.28,-1.215,0.4769230769230769,0,4,1.8533214444939807,1.2500000000000004,1.0,0.666666666666667,1.15916183682568,0.5,0.922603655818101
2025-5,Lags 1,9,78.45390817901233,0.5356174768518549,27.97811613475177,26.8333333333333,28.15472074468085,-0.0839396424349851,0,0,0,0,0,0,2,1,1,16.644444444444403,16.644444444444403,19.33333333333333,2.062511691981854,0,0,0,0,85.5,-0.2516666666666646,31.4,-0.3499999999999986,74.5,1.365000000000001,0.0883333333333339,0.0,0.0,0.2222222222222222,0.0,65.0,25.0,2.8866666666666987,2.8866666666666987,6.200000000000001,0.4383513125014546,1,171.63504968383018,27.100271002710027,1.0013550135501357,1.2035772357723578,9,1,58.884539462678575,-98.36495031616982,-22.899728997289973,0,0,0.6587670415697954,0,0,11070,0,27.67854880516591,27.504552316631568,975.7826716951172,27.0,0.6504065040650406,0,2,95.0,-100.00436681222708,119.99563318777292,False,True,106.79039301310044,95.0,1,1.436568088373706,100.935,44.065,3.785,0.4275862068965517,0,5,1.8533214444939807,1.4999999999999996,1.875,1.4999999999999996,1.2929112795363351,0.5555555555555556,0.922603655818101
2025-5,Lags 1,10,78.35052777777776,0.3331506734006736,27.99577659574468,27.8866666666667,26.8333333333333,-0.0514140339565855,0,0,0,1,1,1,3,1,1,12.420104166666649,12.420104166666649,19.65,1.9718437930819583,0,0,0,0,86.8,-0.1551515151515148,32.6,-0.2145454545454545,64.3,0.8478787878787857,0.0551515151515159,0.0,0.1,0.3,0.0,65.0,25.0,3.1547207446808514,3.1547207446808514,6.290000000000001,0.4170378686239103,0,203.47259902333155,31.651293181407127,1.167932718393923,1.1705703261590403,10,1,57.20525932137436,-126.52740097666847,-28.34870681859288,0,0,0.6245568844226251,1,0,11058,0,27.67854880516591,27.67854880516591,960.4019396362744,27.0,0.6511123168746609,0,2,95.0,-115.32751091703057,133.67248908296943,False,True,119.99563318777292,106.79039301310044,1,1.3999108337048596,112.15,44.85,0.7850000000000001,0.3949044585987261,0,6,1.8533214444939807,0.7999999999999997,1.199999999999999,1.4999999999999996,1.3999108337048596,0.6,0.922603655818101
2025-5,Lags 1,11,78.26594381313129,0.2075710227272728,28.010226063829784,28.15472074468085,27.8866666666667,-0.0313357914248877,0,0,0,2,1,1,4,1,1,12.420104166666649,12.420104166666649,19.90909090909091,1.891573437039313,0,0,0,0,86.8,-0.0954545454545413,32.6,-0.1309090909090894,64.3,0.5272727272727273,0.0345454545454551,0.0,0.1818181818181818,0.3636363636363636,0.0,65.0,25.0,3.1547207446808514,3.1547207446808514,6.363636363636365,0.3985287742272873,0,235.42194856935893,31.69141615356755,1.0012676566461427,1.1709978268743209,11,1,56.59181455994205,-154.57805143064107,-28.30858384643245,0,0,0.6020251136760073,2,0,11044,0,27.67854880516591,27.67854880516591,946.7477314255628,27.0,0.6519377037305324,0,2,95.0,-132.764192139738,149.235807860262,False,True,133.67248908296943,119.99563318777292,1,1.3861305880922468,123.365,47.63499999999999,2.785,0.3625730994152046,0,7,1.8533214444939807,1.166666666666667,0.9333333333333332,1.3999999999999992,1.5247436469014712,0.6363636363636364,0.922603655818101
2025-5,Lags 1,12,78.19545717592591,0.1271377233877257,28.02226728723404,28.15472074468085,28.15472074468085,-0.0185469672171789,0,0,0,3,1,1,5,1,1,12.420104166666649,12.420104166666649,20.125,1.8199981266814624,0,0,0,0,86.8,-0.0573426573426548,32.6,-0.0776223776223768,64.3,0.3220279720279729,0.0213286713286718,0.0,0.25,0.4166666666666667,0.0,65.0,25.0,3.1547207446808514,3.1547207446808514,6.425000000000002,0.3822648604558265,0,267.40391588107326,31.725888324873097,1.001087744742567,1.1706852791878173,12,1,51.72699183403222,-192.5960841189268,-38.2741116751269,0,0,0.5814714092169013,3,0,11032,0,27.67854880516591,27.67854880516591,935.3724877054262,27.0,0.6526468455402465,0,2,95.0,-151.25764192139738,165.74235807860262,False,True,149.235807860262,133.67248908296943,1,1.3597860008916631,134.58,48.41999999999999,0.7850000000000001,0.3387978142076502,0,8,1.8533214444939807,0.857142857142857,1.0,0.7999999999999997,1.6317432010699957,0.6666666666666666,0.922603655818101
2025-5,Lags 1,13,78.13581463675212,0.0743328373015907,28.03245601472995,28.15472074468085,28.15472074468085,-0.0102060196009655,0,0,0,4,1,1,6,1,1,12.420104166666649,12.420104166666649,20.307692307692307,1.7557347288980256,0,0,0,0,86.8,-0.0324175824175811,32.6,-0.0428571428571426,64.3,0.18736263736264,0.0126373626373642,0.0,0.3076923076923077,0.4615384615384615,0.0,65.0,25.0,3.1547207446808514,3.1547207446808514,6.476923076923078,0.3678297891165417,0,303.8548752834467,36.281179138322,1.1435827664399092,1.1462779397473275,13,1,50.81044763584445,-236.1451247165533,-43.718820861678005,0,0,0.558318370324572,4,0,11025,0,27.67854880516591,27.67854880516591,925.5618549726304,27.0,0.6530612244897959,0,2,95.0,-171.33624454148472,183.66375545851528,False,True,165.74235807860262,149.235807860262,1,1.3031996982063858,145.79500000000002,44.204999999999984,-4.215,0.3263157894736842,0,8,1.8533214444939807,0.5833333333333335,0.5,0.5833333333333335,1.6941596076683014,0.6153846153846154,0.922603655818101
2025-5,Lags 1,14,78.08469246031744,0.0390173992673988,28.04118920972644,28.15472074468085,28.15472074468085,-0.0046715376821772,0,0,0,5,1,1,7,1,1,12.420104166666649,12.420104166666649,20.464285714285715,1.6976659556163842,0,0,0,0,86.8,-0.0158241758241811,32.6,-0.0197802197802205,64.3,0.0973626373626339,0.0068131868131858,0.0,0.3571428571428571,0.5,0.0,65.0,25.0,3.1547207446808514,3.1547207446808514,6.521428571428572,0.3549069160303593,0,340.4448479346346,36.31411711302769,1.0009078529278257,1.145866026846508,14,1,47.19394188300225,-289.5551520653654,-53.68588288697231,0,0,0.5417334726002826,5,0,11015,0,27.67854880516591,27.67854880516591,917.0883838383838,27.0,0.6536541080344984,0,2,95.0,-193.0,203.0,False,False,183.66375545851528,165.74235807860262,1,1.2738042162919565,157.01000000000002,42.98999999999998,-1.215,0.31,0,8,1.8533214444939807,1.4285714285714293,0.8333333333333339,0.7142857142857146,1.7833259028087385,0.5714285714285714,0.922603655818101
2025-5,Lags 2,1,82.5,0.0,27.6166666666667,28.15472074468085,28.15472074468085,0.0,1,1,1,0,0,0,1,1,1,12.5,12.5,5.5,0.0,0,0,0,0,83.5,0.0,28.1,0.0,78.0,0.0,0.0,1.0,0.0,1.0,0.0,70.0,30.0,2.383333333333301,-2.383333333333301,1.5,0.0,0,9.116601331023794,9.116601331023794,3.0,3.0,1,1,91.16601331023794,-0.8833986689762057,-0.8833986689762057,0,0,0.0,0,0,10969,0,27.25445805303816,27.25445805303816,1789.0,34.0,0.6563952958337131,0,1,106.75,0.0,64.0,True,False,669.9717991631799,637.6489644351465,0,2.8181818181818183,11.0,20.0,20.0,2.4838709677419355,0,1,1.8181818181818183,3.0,3.0,3.0,0.2818181818181818,1.0,0.905545454545454
2025-5,Lags 2,2,82.0722222222222,-0.8555555555555996,28.1827777777778,27.6166666666667,28.15472074468085,1.1322222222221985,1,1,0,0,0,0,2,1,1,11.644444444444405,11.644444444444405,8.25,0.6049691350151866,0,0,0,0,85.5,1.999999999999989,31.5,3.3999999999999915,74.5,-3.5000000000000067,-1.5961066023064364e-15,0.5,0.0,1.0,0.0,70.0,30.0,1.2511111111111006,-1.2511111111111006,3.2,0.8006020111434199,1,22.841480127912288,13.704888076747372,1.5032891731384197,3.0,2,1,72.33135373838891,-7.158519872087712,-6.295111923252627,0,0,1.058334375149148,0,0,10945,0,28.362165241768203,28.362165241768203,1789.0,34.0,0.6578346276838739,1,2,106.75,0.0,77.0,True,False,64.0,637.6489644351465,0,2.5,22.0,33.0,13.0,1.4,0,2,1.8181818181818183,0.7741935483870969,3.0,3.0,0.5,1.0,0.905545454545454
2025-5,Lags 2,3,80.52151620370368,-2.5399479166666694,28.17342543341215,28.7488888888889,27.6166666666667,0.2690270390070767,1,1,0,0,0,0,2,1,0,7.420104166666647,7.420104166666647,13.0,2.71975390334662,1,0,0,0,86.8,1.650000000000008,32.6,2.2500000000000018,64.3,-6.85,-0.5499999999999979,0.3333333333333333,0.0,0.6666666666666666,0.0,70.0,30.0,1.8452792553191488,-1.8452792553191488,4.500000000000001,0.5663428194643642,1,36.61997619701548,13.7324910738808,1.002014098690836,3.0,3,1,70.95120388171748,-13.380023802984525,-6.267508926119199,0,0,1.03950049393425,0,0,10923,0,28.362165241768203,27.67854880516591,1789.0,34.0,0.6591595715462785,1,3,106.75,0.0,91.0,True,False,77.0,64.0,0,2.333333333333333,33.0,44.0,11.0,1.0,0,3,1.8181818181818183,0.9166666666666666,0.7096774193548387,3.0,0.7000000000000001,1.0,0.905545454545454
2025-5,Lags 2,4,79.74616319444442,-1.946402777777794,28.168749261229323,28.15472074468085,28.7488888888889,0.1019994089834363,1,1,0,0,0,0,2,1,0,7.420104166666647,7.420104166666647,15.375,2.7085168178141963,1,0,0,0,86.8,1.119999999999986,32.6,1.459999999999998,64.3,-5.130000000000012,-0.4400000000000048,0.25,0.0,0.5,0.0,70.0,30.0,1.8452792553191488,-1.8452792553191488,5.15,0.4625115412445012,1,55.05597357313268,18.351991191044227,1.3363919985318409,2.0130299137456413,4,1,73.40796476417691,-19.94402642686732,-6.6480088089557725,0,0,0.8846196212063843,0,0,10898,0,28.362165241768203,27.67854880516591,1789.0,34.0,0.6606716828775923,1,4,106.75,0.0,107.0,True,False,91.0,77.0,0,2.3181818181818183,44.0,58.0,14.0,0.7549019607843137,0,4,1.8181818181818183,1.1363636363636365,1.0416666666666667,0.806451612903226,0.9272727272727272,1.0,0.905545454545454
2025-5,Lags 2,5,79.28095138888887,-1.4384131944444498,28.165943557919626,28.15472074468085,28.15472074468085,0.0481940011820202,1,1,0,0,0,0,2,1,0,7.420104166666647,7.420104166666647,16.8,2.565961347025332,1,0,0,0,86.8,0.7899999999999928,32.6,1.009999999999998,64.3,-3.76000000000001,-0.3300000000000035,0.2,0.0,0.4,0.0,70.0,28.0,0.1547207446808514,0.1547207446808514,5.540000000000001,0.4005958739098333,1,73.5361706039158,18.38404265097895,1.001746484051843,1.341422312099764,5,1,73.5361706039158,-26.4638293960842,-6.615957349021048,0,0,0.829070936821285,0,0,10879,0,28.362165241768203,27.67854880516591,1789.0,34.0,0.6618255354352423,1,4,106.75,0.0,125.0,True,False,107.0,91.0,0,2.2,55.0,66.0,8.0,0.6363636363636364,1,5,1.8181818181818183,0.7599999999999998,0.8636363636363634,0.7916666666666665,1.1,1.0,0.905545454545454
2025-5,Lags 2,6,78.97081018518516,-1.087785714285717,28.164073089046497,28.15472074468085,28.15472074468085,0.0259361702127589,1,1,0,0,0,0,2,1,0,7.420104166666647,7.420104166666647,17.75,2.4175300422023995,1,0,0,0,86.8,0.5828571428571413,32.6,0.7371428571428588,64.3,-2.831428571428572,-0.2514285714285718,0.1666666666666666,0.0,0.3333333333333333,0.0,70.0,28.0,0.1547207446808514,0.1547207446808514,5.800000000000001,0.3583331344959583,1,92.03018590097552,18.406037180195103,1.0011963924167129,1.3403276274618074,6,1,60.37959286624849,-42.96981409902448,-16.593962819804897,0,0,0.7768921515323847,0,0,10866,0,28.362165241768203,27.67854880516591,1789.0,34.0,0.6626173384870238,1,4,106.75,0.0,145.0,True,False,125.0,107.0,0,2.0303030303030303,66.0,68.0,2.0,0.5746268656716418,1,6,1.8181818181818183,0.6842105263157896,0.52,0.5909090909090909,1.2181818181818185,1.0,0.905545454545454
2025-5,Lags 2,7,78.74928075396824,-0.8460131448412723,28.162737039851404,28.15472074468085,28.15472074468085,0.0152080694866584,1,1,0,0,0,0,2,1,0,7.420104166666647,7.420104166666647,18.428571428571427,2.283397310236006,1,0,0,0,86.8,0.4464285714285712,32.6,0.5607142857142854,64.3,-2.196428571428569,-0.1964285714285718,0.1428571428571428,0.0,0.2857142857142857,0.0,70.0,28.0,0.1547207446808514,0.1547207446808514,5.985714285714287,0.3271310001465938,1,110.61946902654869,18.436578171091444,1.0016592920353982,1.0046091445427727,7,1,58.87310676482983,-59.38053097345133,-16.563421828908556,0,0,0.7313374393577565,0,0,10848,0,28.362165241768203,27.67854880516591,974.8443113772456,34.0,0.6637168141592921,1,4,91.0,-76.0,91.0,False,False,145.0,125.0,1,1.974025974025974,77.0,75.0,7.0,0.506578947368421,1,7,1.8181818181818183,1.384615384615384,0.9473684210526316,0.7199999999999999,1.3818181818181818,1.0,0.905545454545454
2025-5,Lags 2,8,78.58313368055553,-0.6747734788359743,28.16173500295509,28.15472074468085,28.15472074468085,0.0094706883935578,1,1,0,0,0,0,3,1,1,12.420104166666649,12.420104166666649,18.9375,2.165617406473927,0,0,0,0,86.8,0.3523809523809588,32.6,0.4404761904761917,64.3,-1.7488095238095207,-0.1571428571428559,0.125,0.0,0.375,0.0,65.0,28.0,0.1547207446808514,0.1547207446808514,6.125000000000001,0.302877715990698,1,129.30636372032882,18.472337674332685,1.001939595455805,1.0048028077953264,8,1,47.86014761077105,-90.69363627967118,-31.527662325667315,0,0,0.6920381746747871,0,0,10827,0,28.362165241768203,27.67854880516591,913.0133506186316,34.0,0.6650041562759768,1,4,91.0,-94.01310043668124,97.98689956331876,False,True,91.0,145.0,1,1.9659090909090908,88.0,85.0,10.0,0.4450867052023121,1,8,1.8181818181818183,1.1666666666666667,1.615384615384615,1.105263157894737,1.5727272727272728,1.0,0.905545454545454
2025-5,Lags 2,9,78.45390817901233,-0.5498767361111068,28.16095564092462,28.15472074468085,28.15472074468085,0.0061618646572081,1,1,0,1,1,1,4,1,1,12.420104166666649,12.420104166666649,19.33333333333333,2.062511691981854,0,0,0,0,86.8,0.2850000000000077,32.6,0.3550000000000002,64.3,-1.4233333333333291,-0.1283333333333316,0.1111111111111111,0.1111111111111111,0.4444444444444444,0.0,65.0,25.0,3.1547207446808514,3.1547207446808514,6.233333333333334,0.2833258082752876,0,152.56588072122054,23.11604253351826,1.251386962552011,1.2558945908460473,9,1,51.36898340781836,-117.43411927877946,-26.88395746648174,0,0,0.6482815030661061,1,0,10815,0,28.362165241768203,27.67854880516591,860.4457919809448,34.0,0.665742024965326,1,4,91.0,-114.1877729257642,105.8122270742358,False,True,97.98689956331876,91.0,1,1.8686868686868685,99.0,86.0,1.0,0.4162162162162162,1,9,1.8181818181818183,0.5714285714285715,0.6666666666666669,0.923076923076923,1.681818181818182,1.0,0.905545454545454
2025-5,Lags 2,10,78.35052777777776,-0.4562996632996586,28.16033215130024,28.15472074468085,28.15472074468085,0.0041412708646731,1,1,0,2,1,1,5,1,1,12.420104166666649,12.420104166666649,19.65,1.9718437930819588,0,0,0,0,86.8,0.2351515151515147,32.6,0.2921212121212131,64.3,-1.18,-0.1066666666666657,0.1,0.2,0.5,0.0,65.0,25.0,3.1547207446808514,3.1547207446808514,6.320000000000001,0.2671294100903185,0,175.94221687193257,23.15029169367534,1.0014816186683952,1.2556718214649505,10,1,45.94982139199196,-154.05778312806743,-36.84970830632466,0,0,0.620751034202471,2,0,10799,0,28.362165241768203,27.67854880516591,818.4641272513636,34.0,0.6667284007778498,1,4,91.0,-135.08296943231443,113.9170305676856,False,True,105.8122270742358,97.98689956331876,1,1.827272727272727,110.0,91.0,5.0,0.3830845771144278,1,10,1.8181818181818183,1.3333333333333326,0.7619047619047616,0.8888888888888886,1.8272727272727272,1.0,0.905545454545454
2025-5,Lags 2,11,78.26594381313129,-0.3845167297979789,28.15982202342575,28.15472074468085,28.15472074468085,0.0028508892112601,1,1,0,3,1,1,6,1,1,12.420104166666649,12.420104166666649,19.90909090909091,1.891573437039313,0,0,0,0,86.8,0.197272727272728,32.6,0.2445454545454548,64.3,-0.9936363636363628,-0.089999999999999,0.0909090909090909,0.2727272727272727,0.5454545454545454,0.0,65.0,25.0,3.1547207446808514,3.1547207446808514,6.390909090909092,0.2534268574887299,0,203.9302929180571,27.808676307007783,1.2012235817575083,1.5054226918798663,11,1,49.318806270975344,-186.0697070819429,-32.19132369299221,0,0,0.5898105747038435,3,0,10788,0,28.362165241768203,27.67854880516591,781.1950044906933,34.0,0.6674082313681868,1,4,91.0,-158.86026200873363,123.13973799126636,False,True,113.9170305676856,105.8122270742358,1,1.752066115702479,121.0,91.0,0.0,0.3632075471698113,1,10,1.8181818181818183,0.6875000000000003,0.9166666666666666,0.523809523809524,1.927272727272727,0.9090909090909092,0.905545454545454
2025-5,Lags 2,12,78.19545717592591,-0.32831439393939,28.159396916863678,28.15472074468085,28.15472074468085,0.0019967886723187,1,1,0,4,1,1,7,1,1,12.420104166666649,12.420104166666649,20.125,1.8199981266814624,0,0,0,0,86.8,0.1678321678321682,32.6,0.2076923076923073,64.3,-0.8479020979020946,-0.0769230769230761,0.0833333333333333,0.3333333333333333,0.5833333333333334,0.0,65.0,25.0,3.1547207446808514,3.1547207446808514,6.45,0.2416375150403998,0,232.10472565221428,27.852567078265714,1.001578312134435,1.204902051805775,12,1,45.12346529760439,-227.8952743477857,-42.147432921734286,0,0,0.5689316335662126,4,0,10771,0,28.362165241768203,27.67854880516591,750.1463088727563,34.0,0.6684616098783771,1,4,91.0,-184.0786026200873,132.92139737991266,False,True,123.13973799126636,113.9170305676856,1,1.7348484848484846,132.0,97.0,6.0,0.3362445414847161,1,11,1.8181818181818183,1.545454545454545,1.0625000000000002,1.4166666666666663,2.081818181818182,0.9166666666666666,0.905545454545454
2025-5,Lags 2,13,78.13581463675212,-0.2835223977411477,28.15903721131115,28.15472074468085,28.15472074468085,0.0014147458628839,1,1,0,5,1,1,8,1,1,12.420104166666649,12.420104166666649,20.307692307692307,1.7557347288980256,0,0,0,0,86.8,0.1445054945054986,32.6,0.1785714285714287,64.3,-0.7318681318681285,-0.0664835164835171,0.0769230769230769,0.3846153846153846,0.6153846153846154,0.0,65.0,25.0,3.1547207446808514,3.1547207446808514,6.5,0.2313539423994252,0,269.6169579769431,37.18854592785422,1.335192760629726,1.606396429899591,13,1,48.20737435092214,-270.3830420230569,-42.81145407214578,0,0,0.544963578006414,5,0,10756,0,28.362165241768203,27.67854880516591,723.3682145273388,34.0,0.6693938267013759,1,4,91.0,-211.4585152838428,143.5414847161572,False,True,132.92139737991266,123.13973799126636,1,1.7062937062937062,143.0,101.0,4.0,0.3155737704918033,1,12,1.8181818181818183,0.8823529411764703,1.3636363636363629,0.9375,2.2181818181818183,0.9230769230769232,0.905545454545454
2025-5,Lags 2,14,78.08469246031744,-0.2472667887667904,28.15872889226613,28.15472074468085,28.15472074468085,0.0010084690722973,1,1,0,6,1,1,9,1,1,12.420104166666649,12.420104166666649,20.464285714285715,1.697665955616384,0,0,0,0,86.8,0.1257142857142803,32.6,0.1551648351648338,64.3,-0.6380219780219806,-0.058021978021979,0.0714285714285714,0.4285714285714285,0.6428571428571429,0.0,65.0,25.0,3.1547207446808514,3.1547207446808514,6.542857142857143,0.2222806716744153,0,307.2053621299572,37.23701359150997,1.0013032954757028,1.3390430087506984,14,1,45.06860771988309,-322.79463787004283,-52.76298640849004,0,0,0.5288530159777539,6,0,10742,0,28.362165241768203,27.67854880516591,700.239898989899,34.0,0.6702662446471793,1,4,91.0,-241.0,155.0,False,False,143.5414847161572,132.92139737991266,1,1.675324675324675,154.0,104.0,3.0,0.2984496124031007,1,13,1.8181818181818183,0.933333333333334,0.8235294117647062,1.2727272727272727,2.345454545454545,0.9285714285714286,0.905545454545454
2025-5,Lags 3,1,77.42010416666665,0.0,28.15472074468085,28.15472074468085,28.15472074468085,0.0,0,0,0,0,0,0,0,0,0,7.420104166666647,7.420104166666647,22.5,0.0,1,0,0,0,86.8,0.0,32.6,0.0,64.3,0.0,0.0,0.0,0.0,0.0,0.0,70.0,30.0,1.8452792553191488,-1.8452792553191488,7.100000000000001,0.0,1,9.035056017347308,9.035056017347308,3.0,3.0,1,1,90.35056017347308,-0.9649439826526932,-0.9649439826526932,0,0,0.0,0,0,11068,0,27.67854880516591,27.67854880516591,1789.0,29.5,0.6505240332490061,0,1,106.75,0.0,64.0,True,False,669.9717991631799,637.6489644351465,0,2.882882882882883,11.1,20.9,20.9,2.6875,0,1,1.8828828828828832,3.0,3.0,3.0,0.2882882882882883,1.0,0.921891891891892
2025-5,Lags 3,2,77.42010416666665,-1.1658284442341368e-14,28.15472074468085,28.15472074468085,28.15472074468085,-6.783381100595097e-15,0,0,0,0,0,0,0,0,0,7.420104166666647,7.420104166666647,22.5,0.0,1,0,0,0,86.8,-1.7209744916952118e-14,32.6,-6.772789795300852e-15,64.3,-2.231677083022784e-14,-4.066460168369259e-15,0.0,0.0,0.0,0.0,70.0,30.0,1.8452792553191488,-1.8452792553191488,7.100000000000001,0.0,1,18.117583114412536,9.058791557206268,1.00262704955159,3.0,2,1,52.84295075036989,-11.882416885587464,-10.941208442793732,0,0,1.4123559578206526,0,0,11039,0,27.67854880516591,27.67854880516591,1789.0,29.5,0.6522329921188513,0,2,106.75,0.0,77.0,True,False,64.0,637.6489644351465,0,2.747747747747748,22.2,38.8,17.9,1.4098360655737705,0,2,1.8828828828828832,0.9062499999999998,3.0,3.0,0.5495495495495496,1.0,0.921891891891892
2025-5,Lags 3,3,77.42010416666665,1.136476922109094e-14,28.15472074468085,28.15472074468085,28.15472074468085,-1.2895420286198469e-15,0,0,0,0,0,0,0,0,0,7.420104166666647,7.420104166666647,22.5,0.0,1,0,0,0,86.8,1.802190973325158e-15,32.6,2.30148056710964e-15,64.3,-3.313032514863088e-15,2.3936246954295856e-15,0.0,0.0,0.0,0.0,70.0,30.0,1.8452792553191488,-1.8452792553191488,7.100000000000001,4.3511678576336575e-15,1,31.77773742509533,13.619030325040857,1.5034047575812604,3.0,3,1,65.82531323769747,-18.22226257490467,-6.380969674959143,0,0,1.0392364453187768,0,0,11014,0,27.67854880516591,27.67854880516591,1789.0,29.5,0.6537134556019611,0,3,106.75,0.0,91.0,True,False,77.0,64.0,0,2.582582582582583,33.3,52.7,13.9,1.0,0,3,1.8828828828828832,0.8620689655172414,0.7812499999999999,3.0,0.7747747747747747,1.0,0.921891891891892
2025-5,Lags 3,4,77.42010416666665,-1.0656246691081632e-14,28.15472074468085,28.15472074468085,28.15472074468085,-4.860576503336004e-15,0,0,0,0,0,0,0,0,0,7.420104166666647,7.420104166666647,22.5,0.0,1,0,0,0,86.8,-1.1688067064152732e-14,32.6,-2.2267158016781103e-15,64.3,-8.691606854378891e-15,-3.4693771706650844e-15,0.0,0.0,0.0,0.0,70.0,30.0,1.8452792553191488,-1.8452792553191488,7.100000000000001,0.0,1,45.471080392870135,13.64132411786104,1.0016369588941434,1.50982175336486,4,1,57.59670183096884,-29.528919607129865,-11.35867588213896,0,0,0.9453967898810846,0,0,10996,0,27.67854880516591,27.67854880516591,1789.0,29.5,0.65478355765733,0,3,106.75,0.0,107.0,True,False,91.0,77.0,0,2.3423423423423424,44.4,59.6,6.9,0.8269230769230769,0,4,1.8828828828828832,0.7199999999999998,0.6206896551724137,0.5624999999999998,0.9369369369369368,1.0,0.921891891891892
2025-5,Lags 3,5,77.42010416666665,-4.822292063407377e-15,28.15472074468085,28.15472074468085,28.15472074468085,-3.371434273386755e-15,0,0,0,0,0,0,0,0,0,7.420104166666647,7.420104166666647,22.5,0.0,1,0,0,0,86.8,-3.627382670784715e-15,32.6,-3.764398267022435e-15,64.3,-3.145486211302101e-15,-4.80122207299609e-16,0.0,0.0,0.0,0.0,70.0,28.0,0.1547207446808514,0.1547207446808514,7.100000000000001,0.0,1,68.30601092896175,22.76867030965392,1.6690953248330298,2.513433515482696,5,1,79.69034608378871,-31.69398907103825,-2.231329690346083,0,0,0.8189548929729112,0,0,10980,0,27.67854880516591,27.67854880516591,1789.0,29.5,0.6557377049180327,0,3,106.75,0.0,125.0,True,False,107.0,91.0,0,2.1621621621621623,55.5,64.5,4.9,0.7166666666666667,1,5,1.8828828828828832,0.888888888888889,0.6399999999999998,0.5517241379310344,1.0810810810810811,1.0,0.921891891891892
2025-5,Lags 3,6,77.42010416666665,-3.280471822643205e-15,28.154720744680848,28.15472074468085,28.15472074468085,-1.3488542533772617e-15,0,0,0,0,0,0,0,0,0,7.420104166666647,7.420104166666647,22.5,0.0,1,0,0,0,86.8,-5.226196707538049e-15,32.6,-3.003278291787231e-16,64.3,-1.2637676618891284e-15,-6.929659921216828e-16,0.0,0.0,0.0,0.0,70.0,28.0,0.1547207446808514,0.1547207446808514,7.100000000000001,3.891802844472395e-15,1,91.24087591240875,22.81021897810219,1.001824817518248,1.6748783454987834,6,1,66.3789441161704,-43.759124087591246,-12.189781021897812,0,0,0.7768157104368293,0,0,10960,0,27.67854880516591,27.67854880516591,1789.0,29.5,0.656934306569343,0,3,106.75,0.0,145.0,True,False,125.0,107.0,0,2.102102102102102,66.6,73.4,8.9,0.6142857142857143,1,6,1.8828828828828832,1.2499999999999998,1.1111111111111112,0.7999999999999997,1.2612612612612613,1.0,0.921891891891892
2025-5,Lags 3,7,77.42010416666665,2.54453727244602e-15,28.154720744680848,28.15472074468085,28.15472074468085,-3.895921039444663e-16,0,0,0,0,0,0,0,0,0,7.420104166666647,7.420104166666647,22.5,0.0,1,0,0,0,86.8,2.981360072665549e-15,32.6,1.656277457553702e-15,64.3,-1.585001016368459e-15,1.2138620989631208e-15,0.0,0.0,0.0,0.0,70.0,28.0,0.1547207446808514,0.1547207446808514,7.100000000000001,3.837369354665453e-15,1,109.62908825141604,18.27151470856934,0.80102320482368,1.3394238382361898,7,1,58.34601335509537,-60.37091174858397,-16.72848529143066,0,0,0.7607464804004765,0,0,10946,0,27.67854880516591,27.67854880516591,985.556886227545,29.5,0.6577745295084962,0,3,92.0,-75.0,92.0,False,False,145.0,125.0,1,1.9819819819819815,77.69999999999999,76.30000000000001,2.9000000000000004,0.5584415584415584,1,7,1.8828828828828832,0.7000000000000002,0.8750000000000001,0.7777777777777779,1.3873873873873874,1.0,0.921891891891892
2025-5,Lags 3,8,76.91967447916664,-0.3336197916666576,27.97808898492908,28.15472074468085,28.15472074468085,-0.1177545065011771,0,0,0,0,0,0,0,0,0,8.4166666666667,8.4166666666667,20.0,1.415428902153241,1,0,0,0,74.5,-1.0249999999999946,27.9,-0.3916666666666658,72.0,0.6416666666666722,0.0666666666666679,0.0,0.0,0.0,0.0,65.0,28.0,1.2583333333333009,-1.2583333333333009,6.412500000000001,0.4995900603735559,1,128.04097311139566,18.29156758734224,1.0010974940552404,0.803365648436071,8,1,47.39178874902307,-91.95902688860434,-31.708432412657764,0,0,0.7201321370627589,0,0,10934,0,27.67854880516591,26.189037797974848,934.5376637554584,29.5,0.6584964331443205,0,3,92.0,-91.70305676855897,100.29694323144103,False,True,92.0,145.0,1,1.8693693693693691,88.8,77.19999999999999,0.9000000000000004,0.5180722891566265,1,8,1.8828828828828832,0.8571428571428573,0.6000000000000003,0.7500000000000002,1.4954954954954955,1.0,0.921891891891892
2025-5,Lags 3,9,76.47420138888886,-0.5008177083333317,27.94464391252955,26.7416666666667,28.15472074468085,-0.1024951979905428,0,0,0,0,0,0,0,0,0,7.910416666666606,7.910416666666606,19.37777777777778,1.8812298031803896,1,0,0,0,79.5,-1.1016666666666617,30.2,-0.3949999999999998,65.1,0.4383333333333337,0.0400000000000008,0.0,0.0,0.0,0.0,65.0,25.0,2.6770833333333,2.6770833333333,6.222222222222224,0.4779734361670485,1,146.66788889907417,18.33348611238427,1.002291685764048,0.8037400311669265,9,1,45.49420627887949,-123.33211110092584,-31.66651388761573,0,0,0.6848372435367137,0,0,10909,0,27.67854880516591,27.10507433903456,891.1620484319175,29.5,0.6600055000458337,0,4,92.0,-110.41048034934498,109.58951965065502,False,True,100.29694323144103,92.0,1,1.911911911911912,99.9,91.1,13.9,0.450261780104712,1,9,1.8828828828828832,2.083333333333333,1.785714285714286,1.2500000000000004,1.720720720720721,1.0,0.921891891891892
2025-5,Lags 3,10,76.83719791666665,-0.1662329545454508,27.90726285460993,27.6770833333333,26.7416666666667,-0.0949316301311013,0,0,0,0,0,0,1,1,1,15.1041666666667,15.1041666666667,18.87,2.112691482579572,0,0,0,0,85.6,-0.747878787878789,30.8,-0.3424242424242411,71.3,0.6490909090909083,-0.0030303030303022,0.0,0.0,0.1,0.0,65.0,25.0,2.570833333333301,2.570833333333301,6.1800000000000015,0.4658838386047436,1,170.00551369233597,22.973718066531887,1.2531014519389816,1.25735158978129,10,1,44.90317622094869,-159.99448630766403,-37.02628193346811,0,0,0.6461458627350675,0,0,10882,0,27.67854880516591,27.157105608374497,856.5212816330825,29.5,0.6616430803161184,0,5,92.0,-129.78602620087338,119.21397379912663,False,True,109.58951965065502,100.29694323144103,1,1.963963963963964,111.0,107.0,15.9,0.3944954128440367,1,10,1.8828828828828832,1.0799999999999998,2.25,1.9285714285714288,1.963963963963964,1.0,0.921891891891892
2025-5,Lags 3,11,77.43438446969695,0.1739185606060648,27.87724653449387,27.5708333333333,27.6770833333333,-0.0862068826563531,0,0,0,0,0,0,2,1,1,18.40625,18.40625,18.381818181818183,2.817812687321537,0,0,0,0,88.3,-0.3981818181818161,30.4,-0.3163636363636365,74.8,0.893636363636365,0.0190909090909102,0.0,0.0,0.1818181818181818,0.0,65.0,25.0,2.5770833333332988,2.5770833333332988,6.018181818181819,0.4530493904335237,1,197.86489968709736,27.609055770292656,1.201766979569299,1.5093870789618995,11,1,48.37484130692303,-192.13510031290264,-32.390944229707344,0,0,0.6140876529248368,0,0,10866,0,27.67854880516591,27.23457828303404,825.7690235064572,29.5,0.6626173384870238,0,5,92.0,-151.8340611353712,130.1659388646288,False,True,119.21397379912663,109.58951965065502,1,1.9164619164619163,122.09999999999998,111.9,4.9,0.3675213675213675,1,11,1.8828828828828832,0.5925925925925924,0.6399999999999998,1.3333333333333328,2.108108108108108,1.0,0.921891891891892
2025-5,Lags 3,12,77.78082465277777,0.2936789772727317,27.835739878841608,27.5770833333333,27.5708333333333,-0.0854699046520853,0,0,0,0,0,0,3,1,1,16.591666666666697,16.591666666666697,18.39166666666667,2.942531826785581,0,0,0,0,87.8,-0.2003496503496516,30.9,-0.2699300699300702,69.3,0.7888111888111898,0.0118881118881118,0.0,0.0,0.25,0.0,65.0,25.0,2.3791666666666984,2.3791666666666984,5.966666666666669,0.4552668974344388,1,225.6816507000737,27.63448784082535,1.000921149594694,1.5073231392778186,12,1,44.26953409283357,-234.3183492999263,-42.36551215917465,0,0,0.5923794024199156,0,0,10856,0,27.67854880516591,26.99863006960481,800.1494909977547,29.5,0.6632277081798084,0,5,92.0,-175.2183406113537,141.7816593886463,False,True,130.1659388646288,119.21397379912663,1,1.831831831831832,133.2,110.8,-1.0999999999999996,0.3524590163934426,1,11,1.8828828828828832,0.6249999999999997,0.3703703703703701,0.3999999999999996,2.1981981981981984,0.9166666666666666,0.921891891891892
2025-5,Lags 3,13,78.22387087424985,0.4206247199166087,27.7449382842335,27.3791666666667,27.5770833333333,-0.1060698942015413,0,0,0,0,0,0,4,1,1,18.540425531914806,18.540425531914806,17.961538461538463,3.2386296220826454,0,0,0,0,88.8,-0.04120879120879,29.8,-0.2692307692307691,76.0,0.9203296703296732,-0.0390109890109882,0.0,0.0,0.3076923076923077,0.0,65.0,25.0,1.6553191489362007,1.6553191489362007,5.946153846153848,0.5451419113330268,1,262.7939142461964,36.88335638543107,1.3346857230674656,1.6054587367450437,13,1,47.3848675785052,-277.2060857538036,-43.11664361456893,0,0,0.5673171012631525,0,0,10845,0,27.67854880516591,26.31995245329499,778.0538040469894,29.5,0.6639004149377593,0,5,92.0,-200.6069868995633,154.3930131004367,False,True,141.7816593886463,130.1659388646288,1,1.7671517671517671,144.29999999999998,110.70000000000002,-0.0999999999999996,0.3372549019607843,1,11,1.8828828828828832,1.100000000000001,0.6875000000000002,0.4074074074074075,2.297297297297298,0.8461538461538461,0.921891891891892
2025-5,Lags 3,14,78.42097533561295,0.4153415604785269,27.67803793059777,26.6553191489362,27.3791666666667,-0.111616056815527,0,0,0,0,0,0,5,1,1,15.983333333333306,15.983333333333306,17.992857142857144,3.197780391865772,0,0,0,0,89.0,0.0657142857142816,30.1,-0.2525274725274738,70.6,0.8224175824175812,-0.0556043956043963,0.0,0.0,0.3571428571428571,0.0,65.0,25.0,1.8083333333333016,1.8083333333333016,5.914285714285716,0.5804988619561142,1,300.06462930477335,36.93103129904903,1.001292586095467,1.3376419536515556,14,1,44.33189273000925,-329.93537069522665,-53.068968700950975,0,0,0.5505050851551573,0,0,10831,0,27.67854880516591,26.4179019306078,758.969696969697,29.5,0.6647585633828824,0,5,92.0,-228.0,168.0,False,False,154.3930131004367,141.7816593886463,1,1.7310167310167308,155.39999999999998,113.60000000000002,2.9000000000000004,0.3197026022304832,1,12,1.8828828828828832,1.2727272727272725,1.400000000000001,0.8750000000000001,2.423423423423423,0.8571428571428571,0.921891891891892
2025-5,Tags 1,1,80.2978723404255,0.0,29.5276595744681,28.15472074468085,28.15472074468085,0.0,0,0,0,0,0,0,1,1,1,20.2978723404255,20.2978723404255,29.4,0.0,0,0,0,0,92.7,0.0,34.8,0.0,63.3,0.0,0.0,0.0,0.0,1.0,0.0,60.0,30.0,0.4723404255319003,-0.4723404255319003,9.6,0.0,1,14.098406880022557,14.098406880022557,3.0,3.0,0,0,140.98406880022557,4.098406880022557,4.098406880022557,1,1,0.0,0,0,7093,1,29.10662813458183,29.10662813458183,1789.0,29.0,1.015085295361624,1,0,106.75,0.0,64.0,True,False,669.9717991631799,637.6489644351465,0,1.548423423423423,7.104,3.896,3.896,2.909090909090909,0,1,0.5484234234234233,3.0,3.0,3.0,0.1548423423423423,1.0,0.952702702702703
2025-5,Tags 1,2,80.6885195035461,0.7812943262411776,29.43882978723405,29.5276595744681,28.15472074468085,-0.1776595744681013,0,0,0,0,0,0,2,1,1,21.07916666666669,21.07916666666669,26.5,0.5524585161877237,0,0,0,0,88.5,-4.200000000000028,34.6,-0.1999999999999944,64.9,1.5999999999999932,1.2999999999999974,0.0,0.0,1.0,0.0,60.0,30.0,0.6499999999999986,-0.6499999999999986,8.85,0.1256242898491086,1,28.23662289990117,14.118311449950586,1.001411831144995,3.0,1,1,82.3568167913784,-1.763377100098829,-5.881688550049415,1,0,1.4132152469965786,0,0,7083,1,29.10662813458183,28.947461106758297,1789.0,29.0,1.0165184243964422,2,0,106.75,0.0,77.0,True,False,64.0,637.6489644351465,0,1.4780405405405403,14.208,6.792,2.896,1.5238095238095235,0,2,0.5484234234234233,0.909090909090909,3.0,3.0,0.2956081081081081,1.0,0.952702702702703
2025-5,Tags 1,3,80.6284574468085,0.1052304964539065,29.363849487785668,29.35,29.5276595744681,-0.1568853427895939,0,0,0,0,0,0,3,1,1,20.508333333333297,20.508333333333297,27.3,0.4042617444587388,0,0,0,0,88.9,-1.8999999999999808,34.2,-0.2999999999999916,60.0,-1.649999999999988,0.7000000000000034,0.0,0.0,1.0,0.0,60.0,30.0,0.7861111111111008,-0.7861111111111008,8.433333333333332,0.1573431505218906,1,42.42081447963801,14.14027149321267,1.0015554298642533,3.0,2,1,77.77149321266968,-7.579185520361989,-5.859728506787331,1,0,1.1538439661419306,0,0,7072,1,29.10662813458183,28.7993937046812,1789.0,29.0,1.0180995475113122,3,0,106.75,0.0,91.0,True,False,77.0,64.0,0,1.5015015015015012,21.312,10.688,3.896,1.0,0,3,0.5484234234234233,1.1000000000000003,1.0,3.0,0.4504504504504504,1.0,0.952702702702703
2025-5,Tags 1,4,81.69412086288415,1.3208882978723335,28.997887115839248,29.2138888888889,29.35,-0.501908983451547,1,1,1,0,0,0,4,1,1,24.8911111111111,24.8911111111111,25.075000000000003,2.156734979269201,0,0,0,0,91.8,-0.2300000000000059,31.0,-1.1800000000000028,73.4,2.5399999999999974,0.2499999999999965,0.25,0.0,1.0,0.0,60.0,30.0,2.1000000000000014,-2.1000000000000014,7.574999999999999,0.7431139944405302,0,63.70328425821064,21.234428086070213,1.5016987542468856,1.5061579841449604,3,1,84.93771234428085,-11.296715741789356,-3.7655719139297865,1,0,0.9457568557593368,0,0,7064,1,29.10662813458183,27.58804905364729,1789.0,29.0,1.0192525481313703,3,0,106.75,0.0,107.0,True,False,91.0,77.0,0,1.4076576576576576,28.416,11.584,0.8959999999999999,0.8,0,4,0.5484234234234233,0.7272727272727274,0.8000000000000004,0.7272727272727274,0.5630630630630631,1.0,0.952702702702703
2025-5,Tags 1,5,81.86946335697398,0.8357866430259941,28.85622635933806,27.9,29.2138888888889,-0.392615248226962,1,1,0,0,0,0,5,1,1,22.570833333333297,22.570833333333297,25.1,1.9084952919173523,0,0,0,0,90.7,-0.0700000000000062,32.9,-0.7400000000000024,65.5,1.2899999999999945,0.0699999999999973,0.2,0.0,1.0,0.0,60.0,28.0,0.2895833333333009,0.2895833333333009,7.479999999999999,0.7172884051847396,1,85.04606661941885,21.26151665485472,1.0012756909992913,1.5059532246633591,4,1,85.04606661941885,-14.953933380581148,-3.738483345145287,1,0,0.8654130391032331,0,0,7055,1,29.10662813458183,27.92554626297055,1789.0,29.0,1.020552799433026,4,0,106.75,0.0,125.0,True,False,107.0,91.0,0,1.3795045045045045,35.52,13.48,1.896,0.6530612244897959,1,5,0.5484234234234233,1.1250000000000002,0.8181818181818186,0.9000000000000006,0.6897522522522522,1.0,0.952702702702703
2025-5,Tags 1,6,81.93288613081165,0.5319547450185693,28.86768863278172,28.2895833333333,27.9,-0.2145267646065559,1,1,0,0,0,0,6,1,1,22.25,22.25,25.25,1.7140647924930217,0,0,0,0,91.1,0.0428571428571431,33.6,-0.4085714285714289,65.1,0.6914285714285718,0.0657142857142854,0.1666666666666666,0.0,1.0,0.0,60.0,28.0,0.9250000000000008,0.9250000000000008,7.466666666666666,0.6421763209936634,1,106.48871219650717,21.29774243930144,1.0017038193951442,1.5061763453073975,5,1,69.86561011834333,-28.511287803492834,-13.702257560698566,1,0,0.8004577318814894,0,0,7043,1,29.10662813458183,28.55071398937772,1789.0,29.0,1.0222916370864688,5,0,106.75,0.0,145.0,True,False,125.0,107.0,0,1.4311186186186184,42.624,18.376,4.896,0.5245901639344263,1,6,0.6891891891891893,1.333333333333333,1.4999999999999998,1.090909090909091,0.8586711711711712,1.0,0.952702702702703
2025-5,Tags 1,7,82.1207476359338,0.4733678444782264,28.81456644714623,28.925,28.2895833333333,-0.1739208671057124,1,1,0,0,0,0,7,1,1,23.247916666666697,23.247916666666697,25.2,1.641764917134638,0,0,0,0,91.0,0.067857142857152,32.9,-0.3214285714285714,66.1,0.5107142857142895,0.0571428571428583,0.1428571428571428,0.0,1.0,0.0,60.0,28.0,0.4958333333333016,0.4958333333333016,7.357142857142857,0.6028370058462204,1,127.96815014929618,21.32802502488269,1.0014218683349922,1.0044077918384755,6,1,68.10629839878507,-42.03184985070382,-13.671974975117305,1,0,0.7474809926810481,0,0,7033,1,29.10662813458183,28.14558071595441,1156.9580838323354,29.0,1.0237452011943693,6,0,108.0,-59.0,108.0,False,False,145.0,125.0,0,1.4277670527670527,49.728,21.272,2.896,0.4507042253521127,1,7,0.6891891891891893,0.833333333333333,1.1111111111111105,1.2499999999999996,0.9994369369369368,1.0,0.952702702702703
2025-5,Tags 1,8,82.21997709810873,0.3817315377687798,28.75102689125295,28.4958333333333,28.925,-0.1583069486659926,1,1,0,0,0,0,8,1,1,27.914583333333297,27.914583333333297,25.05,1.5456739391864986,0,0,0,0,90.8,0.0559523809523912,33.4,-0.2166666666666628,66.8,0.4511904761904782,-0.009523809523806,0.125,0.0,1.0,0.0,55.0,28.0,0.3062499999999986,0.3062499999999986,7.425,0.5863399967888281,1,156.60592255125286,28.47380410022779,1.335041761579347,1.3392179195140472,7,1,64.06605922551253,-63.39407744874714,-21.52619589977221,1,0,0.6920823625269213,0,0,7024,1,29.10662813458183,27.94962804499913,1135.499067503639,29.0,1.0250569476082003,7,0,108.0,-70.1353711790393,121.8646288209607,False,True,108.0,145.0,0,1.4076576576576576,56.832,23.168,1.896,0.4,1,8,0.6891891891891893,0.9000000000000006,0.7500000000000002,1.0,1.1261261261261262,1.0,0.952702702702703
2025-5,Tags 1,9,82.68759869038236,0.5477850318023207,28.603135014447066,28.30625,28.4958333333333,-0.1995499901497259,1,1,0,0,0,0,9,1,1,31.4285714285714,31.4285714285714,25.355555555555554,2.014571670986166,0,0,0,0,90.7,0.0400000000000043,33.9,-0.1199999999999993,62.9,0.1333333333333355,-0.0199999999999993,0.1111111111111111,0.0,1.0,0.0,55.0,25.0,2.4200000000000017,2.4200000000000017,7.5,0.7054561169070201,1,185.2643579877441,28.5022089211914,1.0009975773122417,1.3382737162130065,8,1,62.81042336336622,-84.73564201225594,-21.497791078808607,1,0,0.658080826212553,0,0,7017,1,29.10662813458183,27.142842071551048,1117.2550019849148,29.0,1.02607952116289,7,0,108.0,-82.60698689956331,137.3930131004367,False,True,121.8646288209607,108.0,0,1.3607357357357357,63.936,23.064,-0.104,0.367816091954023,1,8,0.6891891891891893,0.7777777777777775,0.7000000000000002,0.5833333333333333,1.224662162162162,0.8888888888888888,0.952702702702703
2025-5,Tags 1,10,82.7423804880108,0.4282700945626493,28.554071513002363,27.42,28.30625,-0.1718891754423678,1,1,0,1,1,1,10,1,1,28.23541666666669,28.23541666666669,25.37,1.9072401882751413,0,0,0,0,92.1,0.1060606060606076,33.6,-0.0806060606060608,66.6,0.1660606060606049,-0.0678787878787878,0.1,0.1,1.0,0.0,55.0,25.0,3.1125000000000007,3.1125000000000007,7.609999999999999,0.682967146494176,0,213.94950791613172,28.52660105548424,1.0008557980316646,1.337517234821471,9,1,56.18875965474168,-116.05049208386822,-31.47339894451576,1,0,0.6284033596309342,1,0,7011,1,29.10662813458183,27.76378780281984,1102.684870486312,29.0,1.0269576379974326,7,0,108.0,-95.52401746724892,153.4759825327511,False,True,137.3930131004367,121.8646288209607,0,1.3091216216216215,71.04,21.96,-1.104,0.3440860215053763,1,8,0.6891891891891893,0.8571428571428569,0.6666666666666662,0.5999999999999999,1.3091216216216215,0.8,0.952702702702703
2025-5,Tags 1,11,82.94477771637345,0.4224011851033157,28.444231678486997,28.1125,27.42,-0.1838367988394607,1,1,0,1,1,0,11,1,1,29.96875,29.96875,25.30909090909091,1.929875550581526,0,0,0,0,93.7,0.2100000000000021,32.2,-0.1190909090909088,69.0,0.2854545454545475,-0.1045454545454545,0.0909090909090909,0.0909090909090909,1.0,0.0,55.0,25.0,2.3458333333332995,2.3458333333332995,7.6,0.7433117734715078,1,242.7531058117949,28.5591889190347,1.0011423675567614,1.0029987148364987,10,1,54.9215171519898,-147.24689418820506,-31.4408110809653,1,0,0.6022506916060256,1,0,7003,1,29.10662813458183,27.03781479002961,1089.7502709901205,29.0,1.0281308010852492,7,0,108.0,-110.2227074235808,171.7772925764192,False,True,153.4759825327511,137.3930131004367,0,1.2924856674856675,78.144,22.856,0.8959999999999999,0.3168316831683168,1,9,0.6891891891891893,1.333333333333334,1.1428571428571432,0.8888888888888887,1.4217342342342345,0.8181818181818182,0.952702702702703
2025-5,Tags 1,12,83.54671999887425,0.6027435035413802,28.31199960598896,27.3458333333333,28.1125,-0.2024431094909835,1,1,0,1,1,0,12,1,1,35.168085106383,35.168085106383,24.425,2.7809800744659467,0,0,0,0,93.9,0.2695804195804188,30.8,-0.1905594405594408,79.2,0.7356643356643355,-0.1139860139860135,0.0833333333333333,0.0833333333333333,1.0,0.0,55.0,25.0,1.8574468085105984,1.8574468085105984,7.458333333333333,0.8438648263918102,1,278.7307032590052,35.7347055460263,1.2512507146941108,1.2537521440823327,11,1,55.82160524736406,-181.26929674099483,-34.2652944539737,1,0,0.574227669620112,1,0,6996,1,29.10662813458183,26.66099593092592,1078.974529224581,29.0,1.0291595197255574,7,0,108.0,-125.8122270742358,191.1877729257642,False,True,171.7772925764192,153.4759825327511,0,1.266891891891892,85.248,22.752,-0.104,0.2962962962962963,1,9,0.6891891891891893,0.8749999999999998,1.166666666666667,1.0,1.5202702702702704,0.75,0.952702702702703
2025-5,Tags 1,13,84.01730197698281,0.6752621719719046,28.224080222378085,26.8574468085106,27.3458333333333,-0.1967421790047187,1,1,0,1,1,0,13,1,1,34.6642857142857,34.6642857142857,23.82307692307692,3.1572422833219624,0,0,0,0,94.8,0.3263736263736275,30.5,-0.2373626373626371,78.2,0.9505494505494508,-0.0928571428571424,0.0769230769230769,0.0769230769230769,1.0,0.0,55.0,25.0,2.1690476190476,2.1690476190476,7.261538461538462,0.8679015836918843,1,314.9155453764672,35.785857429144,1.0014314342971655,1.254473232178643,12,1,51.525007687332334,-225.0844546235328,-44.214142570856,1,0,0.5543741500705818,1,0,6986,1,29.10662813458183,26.96127820163933,1069.6809397871948,29.0,1.030632693959347,7,0,108.0,-142.73799126637556,212.26200873362444,False,True,191.1877729257642,171.7772925764192,0,1.2777200277200278,92.352,25.648000000000003,2.896,0.2711864406779661,1,10,0.6891891891891893,1.4285714285714284,1.2499999999999996,1.666666666666667,1.661036036036036,0.7692307692307693,0.952702702702703
2025-5,Tags 1,14,84.51428040719831,0.7390011096637237,28.11268758744632,27.1690476190476,26.8574468085106,-0.2019507971764842,1,1,0,1,1,0,14,1,1,35.974999999999994,35.974999999999994,23.24285714285714,3.5579800012978127,0,0,0,0,95.0,0.3584615384615383,29.6,-0.2857142857142871,79.3,1.0898901098901084,-0.1054945054945066,0.0714285714285714,0.0714285714285714,1.0,0.0,55.0,25.0,1.6645833333333009,1.6645833333333009,7.1000000000000005,0.9322162173675712,1,351.0531594784353,35.82175096718728,1.0010030090270814,1.2542986101160625,13,1,47.76233462291637,-278.9468405215647,-54.17824903281272,1,0,0.5363925154206788,1,0,6979,1,29.10662813458183,26.48543142154972,1061.6540404040404,29.0,1.0316664278549936,7,0,108.0,-161.0,235.0,False,False,212.26200873362444,191.1877729257642,0,1.2568371943371943,99.456,25.544000000000004,-0.104,0.256,1,10,0.6891891891891893,0.7000000000000002,1.0,0.8749999999999998,1.7595720720720722,0.7142857142857143,0.952702702702703
2025-5,Tags 2,1,77.42010416666665,0.0,28.15472074468085,28.15472074468085,28.15472074468085,0.0,0,0,0,0,0,0,1,1,1,17.420104166666647,17.420104166666647,22.5,0.0,0,0,0,0,86.8,0.0,32.6,0.0,64.3,0.0,0.0,0.0,0.0,1.0,0.0,60.0,30.0,1.8452792553191488,-1.8452792553191488,7.100000000000001,0.0,1,7.063144511936715,7.063144511936715,3.0,3.0,1,1,70.63144511936714,-2.9368554880632853,-2.9368554880632853,0,0,0.0,0,0,7079,1,27.67854880516591,27.67854880516591,1789.0,29.0,1.017092809718887,0,0,106.75,0.0,64.0,True,False,669.9717991631799,637.6489644351465,0,1.5514809590973202,7.09,3.91,3.91,2.272727272727273,0,1,0.5514809590973202,3.0,3.0,3.0,0.155148095909732,1.0,0.954866008462624
2025-5,Tags 2,2,77.42010416666665,-1.1658284442341368e-14,28.15472074468085,28.15472074468085,28.15472074468085,-6.783381100595097e-15,0,0,0,0,0,0,2,1,1,17.420104166666647,17.420104166666647,22.5,0.0,0,0,0,0,86.8,-1.7209744916952118e-14,32.6,-6.772789795300852e-15,64.3,-2.231677083022784e-14,-4.066460168369259e-15,0.0,0.0,1.0,0.0,60.0,30.0,1.8452792553191488,-1.8452792553191488,7.100000000000001,0.0,1,21.21340687314383,14.142271248762553,2.002262763399802,3.0,2,1,70.71135624381276,-8.786593126856172,-5.857728751237449,0,0,0.7055067658423269,0,0,7071,1,27.67854880516591,27.67854880516591,1789.0,29.0,1.0182435299109036,0,0,106.75,0.0,77.0,True,False,64.0,637.6489644351465,0,1.3399153737658676,14.18,4.82,0.91,1.3157894736842106,0,2,0.5514809590973202,0.727272727272727,3.0,3.0,0.2679830747531734,1.0,0.954866008462624
2025-5,Tags 2,3,77.42010416666665,1.136476922109094e-14,28.15472074468085,28.15472074468085,28.15472074468085,-1.2895420286198469e-15,0,0,0,0,0,0,3,1,1,17.420104166666647,17.420104166666647,22.5,0.0,0,0,0,0,86.8,1.802190973325158e-15,32.6,2.30148056710964e-15,64.3,-3.313032514863088e-15,2.3936246954295856e-15,0.0,0.0,1.0,0.0,60.0,30.0,1.8452792553191488,-1.8452792553191488,7.100000000000001,4.3511678576336575e-15,1,35.38570417551309,14.154281670205236,1.0008492569002123,3.0,3,1,70.77140835102618,-14.61429582448691,-5.845718329794764,0,0,0.9995759349123036,0,0,7065,1,27.67854880516591,27.67854880516591,1789.0,29.0,1.019108280254777,0,0,106.75,0.0,91.0,True,False,77.0,64.0,0,1.1753643629525157,21.27,3.73,-1.09,1.0,0,2,0.5514809590973202,0.7500000000000003,0.5454545454545455,3.0,0.3526093088857546,0.6666666666666666,0.954866008462624
2025-5,Tags 2,4,77.42010416666665,-1.0656246691081632e-14,28.15472074468085,28.15472074468085,28.15472074468085,-4.860576503336004e-15,0,0,0,0,0,0,4,1,1,17.420104166666647,17.420104166666647,22.5,0.0,0,0,0,0,86.8,-1.1688067064152732e-14,32.6,-2.2267158016781103e-15,64.3,-8.691606854378891e-15,-3.4693771706650844e-15,0.0,0.0,1.0,0.0,60.0,30.0,1.8452792553191488,-1.8452792553191488,7.100000000000001,0.0,1,49.58911873051856,14.168319637291017,1.0009917823746104,2.005950694247662,4,1,61.39605176159441,-25.41088126948144,-10.831680362708983,0,0,0.9571437435509768,0,0,7058,1,27.67854880516591,27.67854880516591,1789.0,29.0,1.0201190138849532,0,0,106.75,0.0,107.0,True,False,91.0,77.0,0,1.1283497884344147,28.36,3.640000000000001,-0.0899999999999998,0.78125,0,2,0.5514809590973202,1.166666666666666,0.8749999999999998,0.6363636363636359,0.4513399153737658,0.5,0.954866008462624
2025-5,Tags 2,5,77.42010416666665,-4.822292063407377e-15,28.15472074468085,28.15472074468085,28.15472074468085,-3.371434273386755e-15,0,0,0,0,0,0,5,1,1,17.420104166666647,17.420104166666647,22.5,0.0,0,0,0,0,86.8,-3.627382670784715e-15,32.6,-3.764398267022435e-15,64.3,-3.145486211302101e-15,-4.80122207299609e-16,0.0,0.0,1.0,0.0,60.0,28.0,0.1547207446808514,0.1547207446808514,7.100000000000001,0.0,1,70.92198581560284,21.27659574468085,1.5017021276595746,1.504468085106383,5,1,78.01418439716312,-29.07801418439716,-3.723404255319149,0,0,0.8363764601589742,0,0,7050,1,27.67854880516591,27.67854880516591,1789.0,29.0,1.0212765957446808,0,0,106.75,0.0,125.0,True,False,107.0,91.0,0,1.1283497884344147,35.45,4.550000000000001,0.91,0.625,0,3,0.5514809590973202,1.1428571428571432,1.3333333333333326,1.0,0.5641748942172073,0.6,0.954866008462624
2025-5,Tags 2,6,77.42010416666665,-3.280471822643205e-15,28.154720744680848,28.15472074468085,28.15472074468085,-1.3488542533772617e-15,0,0,0,0,0,0,6,1,1,17.420104166666647,17.420104166666647,22.5,0.0,0,0,0,0,86.8,-5.226196707538049e-15,32.6,-3.003278291787231e-16,64.3,-1.2637676618891284e-15,-6.929659921216828e-16,0.0,0.0,1.0,0.0,60.0,28.0,0.1547207446808514,0.1547207446808514,7.100000000000001,3.891802844472395e-15,1,92.29021723697288,21.29774243930144,1.0009938946471677,1.5046855033366464,6,1,64.60690828147878,-42.70978276302712,-13.702257560698566,0,0,0.800828428867323,0,0,7043,1,27.67854880516591,27.67854880516591,1789.0,29.0,1.0222916370864688,0,0,106.75,0.0,145.0,True,False,125.0,107.0,0,1.1048425011753644,42.540000000000006,4.460000000000001,-0.0899999999999998,0.5319148936170213,0,3,0.5514809590973202,0.8749999999999998,1.0,1.166666666666666,0.6629055007052186,0.5,0.954866008462624
2025-5,Tags 2,7,77.42010416666665,2.54453727244602e-15,28.154720744680848,28.15472074468085,28.15472074468085,-3.895921039444663e-16,0,0,0,0,0,0,7,1,1,17.420104166666647,17.420104166666647,22.5,0.0,0,0,0,0,86.8,2.981360072665549e-15,32.6,1.656277457553702e-15,64.3,-1.585001016368459e-15,1.2138620989631208e-15,0.0,0.0,1.0,0.0,60.0,28.0,0.1547207446808514,0.1547207446808514,7.100000000000001,3.837369354665453e-15,1,113.71712864250178,21.32196162046908,1.001137171286425,1.504904051172708,7,1,63.90615947871687,-56.28287135749822,-13.678038379530918,0,0,0.7635764163861997,0,0,7035,1,27.67854880516591,27.67854880516591,1124.820359281437,29.0,1.023454157782516,0,0,105.0,-62.0,105.0,False,False,145.0,125.0,1,1.1082006850695143,49.63000000000001,5.370000000000001,0.91,0.4545454545454545,0,4,0.5514809590973202,1.1428571428571432,1.0,1.1428571428571432,0.7757404795486601,0.5714285714285714,0.954866008462624
2025-5,Tags 2,8,77.42010416666665,6.19100399074924e-15,28.15472074468085,28.15472074468085,28.15472074468085,2.560235073882277e-15,0,0,0,0,0,0,8,1,1,22.420104166666647,22.420104166666647,22.5,0.0,0,0,0,0,86.8,3.730138838203249e-15,32.6,2.821334018596945e-15,64.3,1.0375528248368057e-15,1.5927353798953544e-15,0.0,0.0,1.0,0.0,55.0,28.0,0.1547207446808514,0.1547207446808514,7.100000000000001,0.0,1,135.15436050647318,21.340162185232607,1.0008536064874094,1.002987622705933,8,1,52.05706230034015,-84.84563949352682,-28.6598378147674,0,0,0.7287257910261437,0,0,7029,1,27.67854880516591,27.67854880516591,1139.0796715793306,29.0,1.0243277848911652,0,0,105.0,-69.75109170305677,122.24890829694324,False,True,105.0,145.0,1,1.0754583921015517,56.72,4.280000000000001,-1.09,0.4098360655737705,0,4,0.5514809590973202,0.7500000000000003,0.8571428571428578,0.7500000000000003,0.8603667136812413,0.5,0.954866008462624
2025-5,Tags 2,9,77.42010416666665,2.917569773198844e-15,28.15472074468085,28.15472074468085,28.15472074468085,1.0383261863092424e-15,0,0,0,1,1,1,9,1,1,22.420104166666647,22.420104166666647,22.5,0.0,0,0,0,0,86.8,-6.967445516541837e-16,32.6,1.926709849426818e-15,64.3,2.4487606206954734e-15,5.833989137158367e-16,0.0,0.1111111111111111,1.0,0.0,55.0,25.0,3.1547207446808514,3.1547207446808514,7.100000000000001,0.0,0,163.7243735763098,28.47380410022779,1.3342824601366745,1.336940015186029,9,1,58.79313254028516,-106.2756264236902,-21.52619589977221,0,0,0.6825468622324483,1,0,7024,1,27.67854880516591,27.67854880516591,1151.202679634776,29.0,1.0250569476082003,0,0,105.0,-78.43231441048033,141.56768558951967,False,True,122.24890829694324,105.0,1,1.0343206393982134,63.81,2.1900000000000013,-2.09,0.3787878787878788,0,4,0.5514809590973202,0.8333333333333333,0.6250000000000002,0.7142857142857147,0.930888575458392,0.4444444444444444,0.954866008462624
2025-5,Tags 2,10,77.42010416666665,5.929324924733543e-15,28.15472074468085,28.15472074468085,28.15472074468085,1.0489235393749254e-15,0,0,0,2,1,1,10,1,1,22.420104166666647,22.420104166666647,22.5,0.0,0,0,0,0,86.8,3.621045517473897e-15,32.6,4.151382088140757e-16,64.3,2.5895147748354027e-15,-1.8871550300651995e-16,0.0,0.2,1.0,0.0,55.0,25.0,3.1547207446808514,3.1547207446808514,7.100000000000001,0.0,0,192.36249643773155,28.49814762040468,1.000854944428612,1.3365631233969792,10,1,52.89428914393292,-137.63750356226845,-31.501852379595327,0,0,0.6574705424608069,2,0,7018,1,27.67854880516591,27.67854880516591,1160.8843934690728,29.0,1.0259333143345684,0,0,105.0,-87.4235807860262,161.5764192139738,False,True,141.56768558951967,122.24890829694324,1,1.0155148095909732,70.9,1.1000000000000012,-1.09,0.3472222222222222,0,4,0.5514809590973202,1.2000000000000002,1.0,0.7500000000000003,1.0155148095909732,0.4,0.954866008462624
2025-5,Tags 2,11,77.42010416666665,1.130364682040006e-15,28.154720744680848,28.15472074468085,28.15472074468085,1.302138512516356e-15,0,0,0,3,1,1,11,1,1,22.420104166666647,22.420104166666647,22.5,0.0,0,0,0,0,86.8,-4.780300776693633e-15,32.6,9.227997508175206e-16,64.3,2.586988526354164e-15,9.90452133024727e-16,0.0,0.2727272727272727,1.0,0.0,55.0,25.0,3.1547207446808514,3.1547207446808514,7.100000000000002,3.726117541341096e-15,0,221.11269614835948,28.530670470756064,1.0011412268188302,1.3369472182596291,11,1,52.12334028311204,-168.88730385164052,-31.469329529243936,0,0,0.6343450566259564,3,0,7010,1,27.67854880516591,27.67854880516591,1169.4793118399457,29.0,1.0271041369472182,0,0,105.0,-97.65502183406112,184.34497816593887,False,True,161.5764192139738,141.56768558951967,1,1.025772534940377,77.99000000000001,2.010000000000001,0.91,0.3125,0,5,0.5514809590973202,1.3333333333333326,1.5999999999999994,1.3333333333333326,1.1283497884344147,0.4545454545454545,0.954866008462624
2025-5,Tags 2,12,77.42010416666665,-2.675605527985585e-16,28.154720744680848,28.15472074468085,28.15472074468085,1.3229991297389886e-15,0,0,0,4,1,1,12,1,1,22.420104166666647,22.420104166666647,22.5,0.0,0,0,0,0,86.8,5.750770099106333e-16,32.6,1.2743436555537021e-15,64.3,2.500081457902131e-15,6.067178005271581e-16,0.0,0.3333333333333333,1.0,0.0,55.0,25.0,3.1547207446808514,3.1547207446808514,7.100000000000001,3.710688416924011e-15,0,257.1428571428572,35.714285714285715,1.2517857142857145,1.2542857142857142,12,1,53.46051464063887,-202.85714285714283,-34.285714285714285,0,0,0.6054823914308065,4,0,7000,1,27.67854880516591,27.67854880516591,1176.639689777251,29.0,1.0285714285714285,0,0,105.0,-108.50655021834064,208.49344978165936,False,True,184.34497816593887,161.5764192139738,1,1.0578279266572637,85.08000000000001,4.920000000000002,2.91,0.2777777777777778,0,6,0.5514809590973202,1.2500000000000004,1.6666666666666663,2.0,1.2693935119887163,0.5,0.954866008462624
2025-5,Tags 2,13,77.42010416666665,4.691331236161485e-16,28.154720744680848,28.15472074468085,28.15472074468085,1.3814364750221513e-15,0,0,0,5,1,1,13,1,1,22.420104166666647,22.420104166666647,22.5,0.0,0,0,0,0,86.8,1.1752006107247913e-15,32.6,8.805487397987455e-16,64.3,3.751150414171871e-16,6.915014398866307e-16,0.0,0.3846153846153846,1.0,0.0,55.0,25.0,3.1547207446808514,3.1547207446808514,7.1000000000000005,3.697781635498623e-15,0,293.1502931502931,35.75003575003575,1.0010010010010009,1.2544687544687545,13,1,49.48731800583652,-246.84970684970688,-44.24996424996425,0,0,0.587342841046456,5,0,6993,1,27.67854880516591,27.67854880516591,1182.8151915861984,29.0,1.0296010296010296,0,0,105.0,-120.2882096069869,234.7117903930131,False,True,208.49344978165936,184.34497816593887,1,1.0524031680590211,92.17000000000002,4.830000000000002,-0.0899999999999998,0.2577319587628865,0,6,0.5514809590973202,0.6999999999999995,0.8749999999999998,1.166666666666666,1.368124118476728,0.4615384615384615,0.954866008462624
2025-5,Tags 2,14,77.42010416666665,-1.1536256484809613e-15,28.154720744680848,28.15472074468085,28.15472074468085,-1.1784087075527521e-15,0,0,0,6,1,1,14,1,1,22.420104166666647,22.420104166666647,22.5,0.0,0,0,0,0,86.8,-3.163651978215829e-15,32.6,-2.0809458693257514e-16,64.3,-3.2683870908612468e-15,-5.592533086358858e-16,0.0,0.4285714285714285,1.0,0.0,55.0,25.0,3.1547207446808514,3.1547207446808514,7.1000000000000005,3.6868252213847854e-15,0,336.33891512809504,42.93688278231001,1.2010304851867757,1.5049377415199656,14,1,50.54738846065596,-293.66108487190496,-47.06311721768999,0,0,0.5651253883802915,6,0,6987,1,27.67854880516591,27.67854880516591,1188.1489898989898,29.0,1.03048518677544,0,0,105.0,-133.0,263.0,False,False,234.7117903930131,208.49344978165936,1,1.0376788232923635,99.26000000000002,3.740000000000002,-1.09,0.2427184466019417,0,6,0.5514809590973202,0.8571428571428578,0.6000000000000001,0.7500000000000003,1.4527503526093088,0.4285714285714285,0.954866008462624
2025-5,Tags 3,1,83.7934782608695,0.0,27.7869565217391,28.15472074468085,28.15472074468085,0.0,1,1,1,0,0,0,1,1,1,23.793478260869502,23.793478260869502,24.5,0.0,0,0,0,0,92.3,0.0,32.8,0.0,67.8,0.0,0.0,1.0,0.0,1.0,0.0,60.0,30.0,2.2130434782609,-2.2130434782609,8.3,0.0,0,7.034327518289252,7.034327518289252,3.0,3.0,1,1,70.34327518289251,-2.9656724817107483,-2.9656724817107483,0,0,0.0,0,0,7108,1,27.45182608127976,27.45182608127976,1789.0,29.0,1.0129431626336522,0,0,106.75,0.0,64.0,True,False,669.9717991631799,637.6489644351465,0,1.4048890137679122,7.118,2.882,2.882,2.7,0,1,0.4048890137679122,3.0,3.0,3.0,0.1404889013767912,1.0,0.952936218038775
2025-5,Tags 3,2,83.75090579710141,-0.0851449275362175,27.83410326086955,27.7869565217391,28.15472074468085,0.0942934782608939,2,1,1,0,0,0,2,1,1,23.7083333333333,23.7083333333333,23.75,0.0602065556444882,0,0,0,0,91.8,-0.5000000000000154,33.0,0.2000000000000002,68.8,0.9999999999999798,0.0999999999999987,1.0,0.0,1.0,0.0,60.0,30.0,2.1187499999999986,-2.1187499999999986,8.350000000000001,0.0666755578999497,0,21.12676056338028,14.084507042253522,2.0022535211267605,3.0,2,1,70.42253521126761,-8.87323943661972,-5.915492957746478,0,0,0.7055133011162681,0,0,7100,1,27.543854137643663,27.543854137643663,1789.0,29.0,1.0140845070422535,0,0,106.75,0.0,77.0,True,False,64.0,637.6489644351465,0,1.264400112391121,14.236,3.764,0.8819999999999997,1.5,0,2,0.4048890137679122,0.8000000000000003,3.0,3.0,0.2528800224782242,1.0,0.952936218038775
2025-5,Tags 3,3,82.90487736900776,-1.2903288740244978,27.98341926793013,27.88125,27.7869565217391,0.2475473801561015,2,1,0,0,0,0,3,1,1,21.2128205128205,21.2128205128205,25.03333333333333,1.4659825094792382,0,0,0,0,91.9,-0.199999999999995,32.7,-0.0499999999999944,64.3,-1.749999999999993,0.0500000000000034,0.6666666666666666,0.0,1.0,0.0,60.0,30.0,1.7179487179487012,-1.7179487179487012,8.266666666666667,0.2628851933909225,1,35.255958256945426,14.10238330277817,1.00126921449725,3.0,3,1,70.51191651389085,-14.744041743054574,-5.89761669722183,0,0,0.9993658298423514,0,0,7091,1,27.88838320478787,27.88838320478787,1789.0,29.0,1.0153715978000282,1,0,106.75,0.0,91.0,True,False,77.0,64.0,0,1.264400112391121,21.354,5.646,1.882,1.0,0,3,0.4048890137679122,1.125,0.9000000000000001,3.0,0.3793200337173363,1.0,0.952936218038775
2025-5,Tags 3,4,82.65024893584672,-0.8216856694030659,28.0097235418567,28.2820512820513,27.88125,0.130584080774312,2,1,0,0,0,0,4,1,1,21.8863636363636,21.8863636363636,22.525,1.3007993829291613,0,0,0,0,86.4,-1.7600000000000202,31.1,-0.5400000000000044,71.4,0.6299999999999909,0.5399999999999964,0.5,0.0,1.0,0.0,60.0,30.0,1.9113636363636,-1.9113636363636,7.400000000000001,0.2209979092887621,1,49.43502824858757,14.124293785310735,1.0015536723163845,2.007909604519774,4,1,61.20527306967985,-25.56497175141243,-10.875706214689265,0,0,0.9568864598310692,0,0,7080,1,27.88838320478787,27.71071086470257,1789.0,29.0,1.0169491525423728,1,0,106.75,0.0,107.0,True,False,91.0,77.0,0,1.3346445630795167,28.472,9.528,3.882,0.7105263157894737,0,4,0.5453779151447036,1.222222222222222,1.3749999999999991,1.1,0.5338578252318067,1.0,0.952936218038775
2025-5,Tags 3,5,82.27466723378375,-0.7864245367645085,28.01458734412366,28.0886363636364,28.2820512820513,0.0701558426541153,2,1,0,0,0,0,5,1,1,20.77234042553189,20.77234042553189,22.04,1.4051218276698427,0,0,0,0,87.4,-1.5200000000000091,32.6,-0.230000000000001,67.3,0.1599999999999955,0.4099999999999986,0.4,0.0,1.0,0.0,60.0,28.0,0.0340425531915009,0.0340425531915009,7.300000000000002,0.1916985649267187,1,70.72135785007072,21.21640735502121,1.5021216407355025,1.5063649222065063,5,1,77.7934936350778,-29.278642149929283,-3.783592644978782,0,0,0.8361451215222458,0,0,7070,1,27.88838320478787,27.63214114141783,1789.0,29.0,1.0183875530410185,1,0,106.75,0.0,125.0,True,False,107.0,91.0,0,1.3486934532171957,35.59,12.41,2.882,0.5625,1,5,0.5453779151447036,0.9090909090909092,1.111111111111111,1.2499999999999996,0.674346726608598,1.0,0.952936218038775
2025-5,Tags 3,6,82.10052056716022,-0.5986540209713024,28.09797172293993,28.0340425531915,28.0886363636364,0.1115613776448736,2,1,0,0,0,0,6,1,1,21.229787234042604,21.229787234042604,22.666666666666668,1.3271986473214563,0,0,0,0,90.8,-0.7485714285714306,33.2,-0.0228571428571423,65.0,-0.325714285714284,0.2857142857142852,0.3333333333333333,0.0,1.0,0.0,60.0,28.0,0.5148936170213005,0.5148936170213005,7.366666666666668,0.2666765824354013,1,92.06798866855524,21.246458923512748,1.0014164305949007,1.506586402266289,6,1,64.45133923887465,-42.93201133144476,-13.753541076487252,0,0,0.8006141434040733,0,0,7060,1,28.12031428606596,28.12031428606596,1789.0,29.0,1.019830028328612,2,0,106.75,0.0,145.0,True,False,125.0,107.0,0,1.3580593799756484,42.708000000000006,15.292,2.882,0.4655172413793103,1,6,0.5453779151447036,1.0,0.9090909090909092,1.111111111111111,0.8148356279853891,1.0,0.952936218038775
2025-5,Tags 3,7,81.91473191470877,-0.5135002524456602,28.14453476873113,28.5148936170213,28.0340425531915,0.104648145371443,2,1,0,0,0,0,7,1,1,20.8,20.8,22.342857142857145,1.3074793197350003,0,0,0,0,87.0,-0.799999999999993,32.2,-0.0535714285714266,66.6,-0.2928571428571452,0.3178571428571442,0.2857142857142857,0.0,1.0,0.0,60.0,28.0,0.4239130434783007,0.4239130434783007,7.128571428571431,0.272837840086363,1,113.42691053452432,21.26754572522331,1.0009924854671772,1.5057422373458105,7,1,63.743064218456425,-56.57308946547569,-13.73245427477669,0,0,0.7634379618158865,0,0,7053,1,28.12031428606596,28.02040145711517,1135.5329341317365,29.0,1.020842194810719,3,0,106.0,-61.0,106.0,False,False,145.0,125.0,1,1.3045397984987754,49.82600000000001,15.174,-0.1180000000000003,0.4153846153846154,1,6,0.5453779151447036,0.6999999999999997,0.6999999999999997,0.6363636363636361,0.9131778589491428,0.8571428571428571,0.952936218038775
2025-5,Tags 3,8,81.7727308509021,-0.4370008775015542,28.14561685880995,28.4239130434783,28.5148936170213,0.0704868236335105,2,1,0,0,0,0,8,1,1,25.778723404255302,25.778723404255302,22.175,1.27538307679654,0,0,0,0,88.3,-0.6464285714285708,32.7,-0.020238095238094,67.3,-0.1964285714285655,0.2297619047619068,0.25,0.0,1.0,0.0,55.0,28.0,0.1531914893616992,0.1531914893616992,7.125,0.2526172976088864,1,134.7900113507378,21.282633371169126,1.0007094211123722,1.003121452894438,8,1,51.91672685997317,-85.20998864926221,-28.71736662883088,0,0,0.7286343038269978,0,0,7048,1,28.12031428606596,27.750751852355155,1135.1735580422126,29.0,1.021566401816118,3,0,106.0,-70.17030567685589,121.82969432314412,False,True,106.0,145.0,1,1.2292778870469232,56.944,13.056,-2.1180000000000003,0.3857142857142857,1,6,0.5453779151447036,0.7142857142857146,0.5,0.5,0.9834223096375384,0.75,0.952936218038775
2025-5,Tags 3,9,81.9735385341352,-0.1854160043112334,28.05419911259297,28.1531914893617,28.4239130434783,-0.005509871186732,2,1,0,0,0,0,9,1,1,28.58,28.58,22.066666666666663,1.336484296322124,0,0,0,0,87.4,-0.5916666666666648,33.1,0.0233333333333338,66.2,-0.2116666666666647,0.1733333333333334,0.2222222222222222,0.0,1.0,0.0,55.0,25.0,2.3228571428570994,2.3228571428570994,7.166666666666667,0.3620129839941514,1,163.35227272727272,28.40909090909091,1.334848484848485,1.3371212121212122,9,1,58.659511784511785,-106.64772727272728,-21.59090909090909,0,0,0.682455032362784,0,0,7040,1,28.12031428606596,26.985256808511625,1134.8680230250095,29.0,1.0227272727272727,3,0,106.0,-80.44104803493451,139.5589519650655,False,True,121.82969432314412,106.0,1,1.2175704785988573,64.062,13.938,0.8819999999999997,0.3461538461538461,1,7,0.5453779151447036,1.6000000000000003,1.1428571428571437,0.8000000000000003,1.0958134307389715,0.7777777777777778,0.952936218038775
2025-5,Tags 3,10,81.84525444816354,-0.2048211409381636,28.057848968775527,27.3228571428571,28.1531914893617,-0.002016348399862,2,1,0,1,1,1,10,1,1,25.6906976744186,25.6906976744186,22.06,1.323741951974179,0,0,0,0,88.3,-0.4824242424242444,32.5,0.0115151515151528,66.3,-0.2024242424242404,0.1406060606060601,0.2,0.1,1.0,0.0,55.0,25.0,3.0906976744186,3.0906976744186,7.13,0.3415042109967481,0,191.84311496376296,28.42120221685377,1.0004263180332529,1.3363649282364642,10,1,52.75147381158465,-138.15688503623704,-31.57879778314623,0,0,0.657428687519065,1,0,7037,1,28.12031428606596,27.686691506390208,1134.6240157135092,29.0,1.0231632798067358,3,0,106.0,-91.07860262008734,157.92139737991266,False,True,139.5589519650655,121.82969432314412,1,1.1379601011520089,71.17999999999999,9.82,-4.118,0.3333333333333333,1,7,0.5453779151447036,0.3749999999999994,0.5999999999999992,0.4285714285714281,1.1379601011520093,0.7,0.952936218038775
2025-5,Tags 3,11,81.92909495287596,-0.1116956033474209,27.974180880705024,28.0906976744186,27.3228571428571,-0.0433463053351459,2,1,0,1,1,0,11,1,1,27.7675,27.7675,22.0,1.2862289891032277,0,0,0,0,90.9,-0.2827272727272721,31.7,-0.0318181818181811,69.5,-0.0427272727272696,0.0572727272727275,0.1818181818181818,0.0909090909090909,1.0,0.0,55.0,25.0,2.1375,2.1375,7.145454545454545,0.4265752595858882,1,220.48364153627315,28.44950213371266,1.00099573257468,1.3367472735893788,11,1,51.97505197505198,-169.51635846372687,-31.55049786628734,0,0,0.6343231478672146,1,0,7030,1,28.12031428606596,26.78340973031027,1134.4073988045463,29.0,1.0241820768136558,3,0,106.0,-103.18340611353712,178.81659388646287,False,True,157.92139737991266,139.5589519650655,1,1.1239112110143297,78.29799999999999,9.702,-0.1180000000000003,0.3068181818181818,1,7,0.5453779151447036,2.333333333333336,0.8749999999999993,1.3999999999999997,1.236302332115763,0.6363636363636364,0.952936218038775
2025-5,Tags 3,12,82.27568998131275,0.0740472413189693,27.942018748489406,27.1375,28.0906976744186,-0.048187372818862,2,1,0,1,1,0,12,1,1,31.088235294117595,31.088235294117595,21.058333333333334,1.716252819302288,0,0,0,0,91.1,-0.1489510489510485,30.1,-0.1171328671328654,80.4,0.4702797202797222,0.0223776223776231,0.1666666666666666,0.0833333333333333,1.0,0.0,55.0,25.0,2.588235294117599,2.588235294117599,6.991666666666666,0.421707102547613,1,263.3451957295373,42.70462633451957,1.501067615658363,1.5032028469750889,12,1,59.12778232134568,-196.65480427046265,-27.295373665480422,0,0,0.6063800354154508,1,0,7025,1,28.12031428606596,27.303203848894952,1134.2269364814788,29.0,1.0249110320284698,3,0,106.0,-116.0218340611354,200.9781659388646,False,True,178.81659388646287,157.92139737991266,1,1.088788985670132,85.41599999999998,7.584,-2.1180000000000003,0.2903225806451613,1,7,0.5453779151447036,0.7142857142857146,1.666666666666669,0.6249999999999998,1.3065467828041584,0.5833333333333334,0.952936218038775
2025-5,Tags 3,13,82.18909844428869,0.0210693165974538,28.084940383220992,27.5882352941176,27.1375,0.0233906219558591,2,1,0,2,1,1,13,1,1,26.15000000000001,26.15000000000001,19.446153846153848,1.672584423522646,0,0,0,0,81.2,-0.3895604395604387,29.9,-0.1714285714285707,81.1,0.7879120879120889,0.1620879120879129,0.1538461538461538,0.1538461538461538,1.0,0.0,55.0,25.0,4.800000000000001,4.800000000000001,6.4692307692307685,0.6546471248522923,0,306.2241845890899,42.72895598917533,1.000569719413189,1.5034183164791342,13,1,55.059688658891055,-233.77581541091013,-37.27104401082467,0,0,0.5891696671164973,2,0,7021,1,29.39654835475579,29.39654835475579,1134.071295897657,29.0,1.025494943740208,4,0,106.0,-129.96069868995633,225.03930131004367,False,True,200.9781659388646,178.81659388646287,1,1.0482633410422115,92.53399999999998,4.465999999999999,-3.1180000000000003,0.2783505154639175,1,7,0.5453779151447036,0.8000000000000003,0.5714285714285718,1.3333333333333357,1.362742343354875,0.5384615384615384,0.952936218038775
2025-5,Tags 3,14,82.3648771268395,0.0871669262982835,28.16815892727664,29.8,27.5882352941176,0.0519999151869446,2,1,0,3,1,1,14,1,1,29.65000000000001,29.65000000000001,18.692857142857143,1.7363517518344034,0,0,0,0,89.1,-0.3039560439560494,29.6,-0.2092307692307692,80.2,0.9393406593406556,0.2224175824175815,0.1428571428571428,0.2142857142857142,1.0,0.0,55.0,25.0,4.25,4.25,6.057142857142857,0.7018198126481527,0,349.30139720558884,42.7715996578272,1.000998003992016,1.5034217279726263,14,1,51.48433292145867,-280.6986027944112,-47.2284003421728,0,0,0.5730295107680601,3,0,7014,1,29.39654835475579,28.927185755099032,1133.9368686868686,29.0,1.0265183917878529,5,0,106.0,-145.0,251.0,False,False,225.03930131004367,200.9781659388646,1,1.0436318387990204,99.65199999999996,4.347999999999999,-0.1180000000000003,0.2596153846153846,1,7,0.5453779151447036,1.749999999999999,1.3999999999999997,1.0,1.4610845743186287,0.5,0.952936218038775
2026-1,Lags 1,1,69.8130434782609,0.0,30.0434782608696,28.15472074468085,28.15472074468085,0.0,0,0,0,0,0,0,0,0,0,0.1869565217391056,-0.1869565217391056,29.0,0.0,0,1,1,1,83.9,0.0,34.6,0.0,54.9,0.0,0.0,0.0,0.0,0.0,1.0,70.0,30.0,0.0434782608695982,0.0434782608695982,8.6,0.0,1,8.952551477170994,8.952551477170994,3.0,3.0,1,1,89.52551477170994,-1.047448522829006,-1.047448522829006,0,0,0.0,0,1,11170,0,29.377993293149387,29.377993293149387,1789.0,37.0,0.6445837063563116,1,1,106.75,0.0,64.0,True,False,669.9717991631799,637.6489644351465,0,5.254252382224597,11.229,47.771,47.771,2.169491525423729,0,1,4.254252382224597,3.0,3.0,3.0,0.5254252382224597,1.0,0.9178911746371
2026-1,Lags 1,2,72.5336050724638,5.4411231884058,29.2529891304348,30.0434782608696,28.15472074468085,-1.5809782608696052,0,0,0,0,0,0,0,0,0,5.2541666666667055,5.2541666666667055,30.25,3.8474551037931177,1,1,1,0,88.4,4.4999999999999725,34.9,0.2999999999999881,56.9,1.9999999999999836,-1.9,0.0,0.0,0.0,0.5,70.0,30.0,1.5375000000000014,-1.5375000000000014,9.7,1.1179204491694084,1,22.4517287831163,13.47103726986978,1.5047148630444545,3.0,2,1,71.09714114653497,-7.548271216883698,-6.528962730130219,0,0,1.0573262601487217,0,2,11135,0,29.377993293149387,27.935971011077896,1789.0,37.0,0.6466097889537494,2,2,106.75,0.0,77.0,True,False,64.0,637.6489644351465,0,4.185590880755187,22.458,71.542,23.771,1.3617021276595744,0,2,4.254252382224597,0.5932203389830508,3.0,3.0,0.8371181761510376,1.0,0.9178911746371
2026-1,Lags 1,3,74.55157004830924,4.387228260869614,28.766576086956533,28.4625,30.0434782608696,-1.1248641304347995,1,1,1,0,0,0,0,0,0,8.587500000000105,8.587500000000105,27.5,4.429221525174425,1,1,1,0,87.4,1.7500000000000122,31.5,-1.549999999999998,65.4,5.250000000000008,-0.6999999999999985,0.3333333333333333,0.0,0.0,0.3333333333333333,70.0,30.0,2.2062500000000007,-2.2062500000000007,8.766666666666666,1.1552774610165886,0,36.03278983875327,13.512296189532474,1.003062787136294,3.0,3,1,69.81353031258445,-13.967210161246731,-6.487703810467526,0,0,1.0388527869869242,0,3,11101,0,29.377993293149387,27.345646799330897,1789.0,37.0,0.6485902170975588,2,3,106.75,0.0,91.0,True,False,77.0,64.0,0,3.7996853385579006,33.687,94.313,22.771,1.0,0,3,4.254252382224597,0.9714285714285714,0.576271186440678,3.0,1.13990560156737,1.0,0.9178911746371
2026-1,Lags 1,4,74.28399003623193,1.4337952898550674,28.6139945652174,27.79375,28.4625,-0.6330434782608848,1,1,0,0,0,0,0,0,0,3.481250000000003,3.481250000000003,27.85,3.655826189910037,1,1,1,0,85.4,0.3499999999999897,32.6,-0.9400000000000068,56.5,1.3299999999999956,-0.2800000000000062,0.25,0.0,0.0,0.25,70.0,30.0,1.84375,-1.84375,8.5,0.9914140529534275,1,49.67036936692857,13.5464643727987,1.002528673349589,1.5131400704416147,4,1,60.20650832354978,-25.32963063307143,-11.4535356272013,0,0,0.945047337146458,0,3,11073,0,29.377993293149387,27.59269924523573,1789.0,37.0,0.6502302898943376,2,4,106.75,0.0,107.0,True,False,91.0,77.0,0,3.473149879775581,44.916,111.084,16.771,0.8205128205128205,0,4,4.254252382224597,0.8235294117647058,0.7999999999999999,0.4745762711864407,1.3892599519102324,1.0,0.9178911746371
2026-1,Lags 1,5,73.59655373111318,0.0294613398087769,28.28311054579094,28.15625,27.79375,-0.6474057585569029,1,1,0,0,0,0,0,0,0,0.8468085106381977,0.8468085106381977,28.74,3.519466183400641,1,1,1,0,85.0,-0.0800000000000058,32.4,-0.670000000000004,52.7,-0.4799999999999985,-0.520000000000005,0.2,0.0,0.0,0.2,70.0,28.0,1.0404255319148987,-1.0404255319148987,8.68,1.1334008734133765,1,72.39819004524887,22.62443438914028,1.6701357466063351,1.6794871794871795,5,1,81.44796380090497,-27.601809954751133,-2.375565610859727,0,0,0.8186562823329024,0,3,11050,0,29.377993293149387,26.3487855318841,1789.0,37.0,0.6515837104072398,2,5,106.75,0.0,125.0,True,False,107.0,91.0,0,3.1881734793837384,56.145,122.855,11.771,0.7150837988826816,1,5,4.254252382224597,0.8214285714285713,0.676470588235294,0.657142857142857,1.5940867396918694,1.0,0.9178911746371
2026-1,Lags 1,6,73.16761422037209,-0.350827386458775,27.966481010381333,26.9595744680851,28.15625,-0.6413428923836073,1,1,0,0,0,0,0,0,0,1.0229166666666032,1.0229166666666032,29.28333333333333,3.318621460204433,1,1,1,0,85.2,-0.1628571428571457,33.3,-0.3685714285714289,53.2,-0.85714285714286,-0.7285714285714306,0.1666666666666666,0.0,0.0,0.1666666666666666,70.0,28.0,1.6166666666666991,-1.6166666666666991,9.2,1.27640260421451,1,95.2467343976778,22.677793904209,1.0023584905660377,1.6783079342041605,6,1,67.6734167300205,-39.7532656023222,-12.322206095791003,0,0,0.776591327231305,0,3,11024,0,29.377993293149387,25.782063051385745,1789.0,37.0,0.6531204644412192,2,6,106.75,0.0,145.0,True,False,125.0,107.0,0,3.042716775017069,67.374,137.626,14.771,0.624390243902439,1,6,4.254252382224597,1.130434782608696,0.9285714285714288,0.7647058823529413,1.8256300650102413,1.0,0.9178911746371
2026-1,Lags 1,7,73.14991933174748,-0.2325382830051833,27.711448008898287,26.3833333333333,26.9595744680851,-0.5921140588520367,1,1,0,0,0,0,0,0,0,3.043749999999904,3.043749999999904,28.67142857142857,3.0298347744321905,1,1,1,0,84.7,-0.2285714285714318,31.6,-0.4035714285714268,59.7,-0.2035714285714296,-0.7035714285714267,0.1428571428571428,0.0,0.0,0.1428571428571428,70.0,28.0,1.8187500000000008,-1.8187500000000008,9.3,1.3464629576373368,1,118.10665939856456,22.71281911510857,1.0015444716998274,1.6766603070773145,7,1,67.18413721443878,-51.893340601435455,-12.287180884891434,0,0,0.736575827032607,0,3,11007,0,29.377993293149387,25.62551119871405,1108.751497005988,37.0,0.6541291905151267,2,6,103.5,-63.5,103.5,False,False,145.0,125.0,1,2.824319682454868,78.603,143.397,5.770999999999999,0.5765765765765766,1,7,4.254252382224597,0.6538461538461535,0.7391304347826085,0.6071428571428569,1.977023777718408,1.0,0.9178911746371
2026-1,Lags 1,8,72.74992941527904,-0.4216854663157493,27.46183992445266,26.18125,26.3833333333333,-0.561148095531773,2,1,1,0,0,0,0,0,0,4.949999999999903,4.949999999999903,27.7125,3.0246355347293328,1,1,1,0,80.2,-0.6119047619047581,28.9,-0.6095238095238087,59.2,0.0440476190476236,-0.5595238095238065,0.25,0.0,0.0,0.125,65.0,28.0,2.2854166666666984,-2.2854166666666984,8.925,1.4326204733031431,0,150.19115237575096,31.85872929182596,1.402676133260513,1.4081558346987073,8,1,65.99308210449664,-69.80884762424904,-18.14127070817404,0,0,0.6821866834478925,0,3,10986,0,29.377993293149387,25.0968605593726,1163.7370132823874,37.0,0.6553795740032768,2,6,103.5,-67.10480349344978,124.89519650655022,False,True,103.5,145.0,1,2.705049425594443,89.832,153.168,9.771,0.5267489711934157,1,8,4.254252382224597,1.2352941176470589,0.8076923076923073,0.9130434782608694,2.1640395404755544,1.0,0.9178911746371
2026-1,Lags 1,9,71.53720577654433,-1.0228140096618534,27.129968821735694,25.7145833333333,26.18125,-0.5919263285024182,2,1,0,0,0,0,0,0,0,3.164583333333397,-3.164583333333397,27.188888888888886,4.608812777572732,0,2,1,1,71.2,-1.3499999999999983,29.6,-0.6183333333333336,48.2,-0.576666666666663,-0.6149999999999997,0.2222222222222222,0.0,0.0,0.2222222222222222,65.0,25.0,0.5249999999999986,-0.5249999999999986,8.97777777777778,1.6694601230123949,1,182.4318161087293,31.92556781902764,1.0020979658852505,1.407789838547843,9,1,65.70923746879234,-87.56818389127065,-18.07443218097236,0,0,0.6552372417959659,0,3,10963,0,29.377993293149387,23.698038479518967,1210.4846994839222,37.0,0.6567545379914257,2,7,103.5,-71.14218340611353,148.85781659388647,False,True,124.89519650655022,103.5,1,2.6320736980635457,101.061,164.93900000000002,11.771,0.4812030075187969,1,9,4.254252382224597,1.0952380952380956,1.3529411764705883,0.8846153846153844,2.368866328257192,1.0,0.9178911746371
2026-1,Lags 1,10,71.0047351988899,-1.0343032312019431,26.8155136062288,24.475,25.7145833333333,-0.6020129019146143,2,1,0,0,0,0,0,0,0,1.2125000000001052,1.2125000000001052,27.26,4.660072533958965,1,2,1,0,79.7,-1.1884848484848431,30.2,-0.556363636363634,51.8,-0.6648484848484832,-0.7078787878787869,0.2,0.0,0.0,0.2,65.0,25.0,1.0145833333332988,-1.0145833333332988,9.260000000000002,1.8617842173864247,1,219.4386029075615,36.57310048459358,1.145574001750284,1.6102404681356863,10,1,63.72585690497367,-110.56139709243853,-23.42689951540642,0,0,0.6229315741213272,0,3,10937,0,29.377993293149387,23.30773622651748,1247.818479858298,37.0,0.6583158087226845,2,8,103.5,-75.32375545851528,173.67624454148472,False,True,148.85781659388647,124.89519650655022,1,2.6004096535755634,112.29,179.71000000000004,14.771,0.4383561643835616,1,10,4.254252382224597,1.130434782608696,1.2380952380952388,1.5294117647058831,2.600409653575563,1.0,0.9178911746371
2026-1,Lags 1,11,70.78252442323324,-0.8868328112297876,26.63361085414739,23.9854166666667,24.475,-0.5424610524766648,2,1,0,0,0,0,0,0,0,3.560416666666697,3.560416666666697,27.14545454545454,4.481941804238438,1,2,1,0,80.3,-1.0190909090909055,30.4,-0.4881818181818192,54.3,-0.5690909090909064,-0.6490909090909087,0.1818181818181818,0.0,0.0,0.1818181818181818,65.0,25.0,0.1854166666667005,-0.1854166666667005,9.354545454545455,1.866438091194284,1,261.1324903793293,41.23144584936779,1.1273708081363387,1.2941961831461557,11,1,67.83806261541281,-128.86750962067072,-18.76855415063221,0,0,0.595604930075107,0,3,10914,0,29.377993293149387,24.17678329426352,1280.9614543652635,37.0,0.6597031335898845,2,9,103.5,-80.08209606986901,201.917903930131,False,True,173.67624454148472,148.85781659388647,1,2.550214946688364,123.519,191.48100000000005,11.771,0.4063492063492063,1,11,4.254252382224597,0.8846153846153844,1.0,1.0952380952380956,2.8052364413572,1.0,0.9178911746371
2026-1,Lags 1,12,71.0487376657416,-0.5593114351729075,26.58115717185733,24.8145833333333,23.9854166666667,-0.4414871245005394,2,1,0,0,0,0,0,0,0,8.977083333333397,8.977083333333397,26.50833333333333,4.371735624856767,1,2,1,0,83.3,-0.7667832167832168,31.9,-0.3723776223776213,63.8,-0.1265734265734268,-0.5479020979020974,0.1666666666666666,0.0,0.0,0.1666666666666666,65.0,25.0,1.0041666666666984,1.0041666666666984,9.466666666666669,1.788831380902917,1,302.8912345112437,41.30335016062414,1.001743919229004,1.2937389366026355,12,1,62.425353244835655,-157.10876548875632,-28.69664983937586,0,0,0.5767722957822959,0,3,10895,0,29.377993293149387,25.46995811629441,1308.5726791839431,37.0,0.6608536025699863,2,9,103.5,-85.12882096069868,231.87117903930127,False,True,201.917903930131,173.67624454148472,1,2.4787009825748805,134.748,199.25200000000004,7.770999999999999,0.3832335329341317,1,12,4.254252382224597,0.8260869565217392,0.7307692307692307,0.8260869565217392,2.974441179089857,1.0,0.9178911746371
2026-1,Lags 1,13,71.01037322991532,-0.4559008858471143,26.667702774022157,26.0041666666667,24.8145833333333,-0.3097917683226415,2,1,0,0,0,0,0,0,0,5.550000000000097,5.550000000000097,26.46923076923077,4.187903230139134,1,2,1,0,83.3,-0.5890109890109885,33.0,-0.2538461538461529,57.3,-0.0692307692307693,-0.4225274725274716,0.1538461538461538,0.0,0.0,0.1538461538461538,65.0,25.0,2.7062500000000007,2.7062500000000007,9.53846153846154,1.7408703962378644,1,349.2326072971234,45.95165885488466,1.1125407182754852,1.2564332322396838,13,1,61.05613931181435,-190.76739270287652,-34.04834114511534,0,0,0.555264293791771,0,3,10881,0,29.377993293149387,27.08145382473402,1332.3861105849069,37.0,0.6617038875103392,2,9,103.5,-90.60812227074234,264.39187772925766,False,True,231.87117903930127,201.917903930131,1,2.383937195585605,145.97699999999998,202.023,2.770999999999999,0.367816091954023,1,13,4.254252382224597,0.7368421052631579,0.6086956521739131,0.5384615384615383,3.099118354261288,1.0,0.9178911746371
2026-1,Lags 1,14,70.73774778644112,-0.4737708860673719,26.80344436919079,27.70625,26.0041666666667,-0.1935367765906635,2,1,0,1,1,1,0,0,0,2.193617021276495,2.193617021276495,26.45,4.150898741257844,1,2,1,0,78.3,-0.6032967032967047,34.2,-0.1378021978021982,52.1,-0.1797802197802228,-0.3030769230769233,0.1428571428571428,0.0714285714285714,0.0,0.1428571428571428,65.0,25.0,3.5680851063829984,3.5680851063829984,9.614285714285716,1.7479889305645997,0,400.4050073637703,50.6259204712813,1.1017212812960235,1.227847324496809,14,1,59.90368656053487,-229.59499263622973,-39.3740795287187,0,0,0.5362635796309192,0,3,10864,0,29.377993293149387,27.857833498377182,1352.9538383838385,37.0,0.6627393225331369,3,9,103.5,-96.51999999999998,299.48,False,False,264.39187772925766,231.87117903930127,1,2.3217943335496094,157.20599999999996,207.794,5.770999999999999,0.3506849315068493,1,14,4.254252382224597,1.2142857142857135,0.8947368421052628,0.7391304347826085,3.250512066969454,1.0,0.9178911746371
2026-1,Lags 2,1,81.6833333333333,0.0,24.475,28.15472074468085,28.15472074468085,0.0,1,1,1,0,0,0,1,1,1,11.683333333333294,11.683333333333294,9.5,0.0,0,0,0,0,84.6,0.0,29.6,0.0,75.1,0.0,0.0,1.0,0.0,1.0,0.0,70.0,30.0,5.524999999999999,-5.524999999999999,9.4,0.0,0,8.949346697691068,8.949346697691068,3.0,3.0,1,1,89.49346697691067,-1.0506533023089322,-1.0506533023089322,0,0,0.0,0,0,11174,0,24.11191445192228,24.11191445192228,1789.0,38.0,0.6443529622337569,0,1,106.75,0.0,64.0,True,False,669.9717991631799,637.6489644351465,0,2.143239864261475,11.198,12.802,12.802,3.7083333333333335,0,1,1.1432398642614752,3.0,3.0,3.0,0.2143239864261475,1.0,0.883729237363815
2026-1,Lags 2,2,80.1416666666666,-3.0833333333334125,24.23020833333335,24.475,28.15472074468085,-0.4895833333333038,2,1,1,0,0,0,1,1,0,8.599999999999895,8.599999999999895,12.75,2.1802459086585686,1,0,0,0,85.6,0.9999999999999888,30.2,0.5999999999999939,69.6,-5.500000000000012,-1.8000000000000065,1.0,0.0,0.5,0.0,70.0,30.0,6.014583333333299,-6.014583333333299,10.6,0.3461876949558904,0,22.44769686630152,13.46861811978091,1.504983388704319,3.0,2,1,71.08437340995481,-7.552303133698484,-6.53138188021909,0,0,1.057136383833709,0,1,11137,0,24.11191445192228,23.562559252612097,1789.0,38.0,0.6464936697494837,0,2,106.75,0.0,77.0,True,False,64.0,637.6489644351465,0,2.723700660832291,22.396,38.604,25.802,1.459016393442623,0,2,2.3041614574031075,1.5416666666666663,3.0,3.0,0.5447401321664583,1.0,0.883729237363815
2026-1,Lags 2,3,81.2805555555555,0.9375000000000064,24.425,23.9854166666667,24.475,0.169791666666654,3,1,1,0,0,0,2,1,1,13.558333333333294,13.558333333333294,13.333333333333334,2.503585391955903,0,0,0,0,90.1,2.749999999999997,30.4,0.4000000000000019,75.6,0.2500000000000008,-0.049999999999997,1.0,0.0,0.6666666666666666,0.0,70.0,30.0,5.1854166666667005,-5.1854166666667005,10.500000000000002,0.4168385062320291,0,45.00855162480871,22.504275812404355,1.6708674648183155,3.0,2,0,101.2692411558196,-4.99144837519129,2.504275812404355,1,1,0.8194698988611181,0,1,11109,0,24.48807664104029,24.48807664104029,1789.0,38.0,0.6481231433972455,0,3,106.75,0.0,91.0,True,False,77.0,64.0,0,2.649282609989879,33.594,55.406,16.802,1.0,0,3,2.3041614574031075,0.756756756756757,1.166666666666667,3.0,0.7947847829969639,1.0,0.883729237363815
2026-1,Lags 2,4,83.21197916666662,2.69270833333334,24.819791666666674,24.8145833333333,23.9854166666667,0.541666666666663,4,1,1,0,0,0,3,1,1,19.006249999999994,19.006249999999994,12.0,4.370379297662864,0,0,0,0,91.6,2.5499999999999865,31.9,0.7099999999999932,83.6,3.149999999999989,0.4699999999999952,1.0,0.0,0.75,0.0,70.0,30.0,3.9958333333333016,-3.9958333333333016,10.55,0.8598128093542426,0,67.64679354198611,22.54893118066204,1.0019843059438984,2.5196175701271764,3,1,90.19572472264817,-7.3532064580138865,-2.451068819337962,1,0,0.8525288344104475,0,1,11087,0,25.785527374252883,25.785527374252883,1789.0,38.0,0.6494092180030666,0,3,106.75,0.0,107.0,True,False,91.0,77.0,0,2.4781210930523305,44.792,66.208,10.802,0.8018018018018018,0,4,2.3041614574031075,0.7857142857142854,0.5945945945945945,0.9166666666666664,0.9912484372209324,1.0,0.883729237363815
2026-1,Lags 2,5,83.7895833333333,1.9239583333333488,25.397083333333335,26.0041666666667,24.8145833333333,0.8481249999999995,4,1,0,0,0,0,4,1,1,16.099999999999994,16.099999999999994,12.9,3.9991616960100074,0,0,0,0,93.1,2.3000000000000007,33.0,0.8499999999999976,76.6,1.6999999999999975,0.76,0.8,0.0,0.8,0.0,70.0,28.0,0.2937499999999993,-0.2937499999999993,10.52,1.4902304829660096,1,90.35872413481522,22.589681033703805,1.0018071744826962,1.6772085178157286,4,1,90.35872413481522,-9.64127586518478,-2.4103189662961952,1,0,0.8190014510366146,0,1,11067,0,27.421038790545968,27.421038790545968,1789.0,38.0,0.6505828137706695,0,3,106.75,0.0,125.0,True,False,107.0,91.0,0,2.339703518485444,55.99,75.00999999999999,8.802,0.6793893129770993,1,5,2.3041614574031075,0.9090909090909094,0.7142857142857142,0.5405405405405407,1.1698517592427218,1.0,0.883729237363815
2026-1,Lags 2,6,84.40869533096924,1.6300721884498623,25.92558362884162,27.70625,26.0041666666667,0.9376431104356656,4,1,0,0,0,0,5,1,1,17.504255319148896,17.504255319148896,12.416666666666666,3.885155519457032,0,0,0,0,91.1,1.614285714285716,34.2,0.9400000000000012,81.1,1.6857142857142815,0.8771428571428573,0.6666666666666666,0.0,0.8333333333333334,0.0,70.0,28.0,0.5680851063829984,0.5680851063829984,10.533333333333331,1.8580917329354052,1,122.12773656594898,31.662746517097883,1.401646462818889,1.4069658042337616,5,1,90.46499004885108,-12.87226343405102,-3.337253482902117,1,0,0.7387548382272512,0,1,11054,0,28.31022955241981,28.31022955241981,1789.0,38.0,0.6513479283517278,1,3,106.75,0.0,145.0,True,False,125.0,107.0,0,2.1432398642614747,67.188,76.812,1.802,0.6180555555555556,1,6,2.3041614574031075,0.6499999999999997,0.5909090909090908,0.464285714285714,1.2859439185568853,1.0,0.883729237363815
2026-1,Lags 2,7,84.7529888551165,1.277015260891602,26.10377406281663,28.568085106383,27.70625,0.7196697695035514,4,1,0,0,0,0,6,1,1,16.818749999999994,16.818749999999994,12.142857142857142,3.661756508020116,0,0,0,0,90.1,1.0892857142857195,34.5,0.9035714285714302,79.6,1.3392857142857155,0.5785714285714302,0.5714285714285714,0.0,0.8571428571428571,0.0,70.0,28.0,0.8270833333332988,-0.8270833333332988,10.914285714285716,1.7604971519404693,1,154.0413193185937,31.714389271475174,1.0016310257339616,1.4064697354113809,6,1,90.61254077564335,-15.958680681406292,-3.2856107285248264,1,0,0.7109265149534485,0,1,11036,0,28.31022955241981,26.90491211272398,1151.6017964071857,38.0,0.6524102935846321,1,3,107.5,-59.5,107.5,False,False,145.0,125.0,0,2.0666955833949934,78.386,83.614,6.802,0.5493827160493827,1,7,2.3041614574031075,1.3846153846153848,0.8999999999999998,0.8181818181818182,1.446686908376496,1.0,0.883729237363815
2026-1,Lags 2,8,84.55938608156025,0.7222749915569174,26.252260638297887,27.1729166666667,28.568085106383,0.5787708966565407,4,1,0,0,0,0,7,1,1,18.204166666666595,18.204166666666595,12.625,3.434067938511148,0,0,0,0,88.6,0.6547619047619129,34.5,0.8130952380952402,72.6,0.5000000000000016,0.4226190476190479,0.5,0.0,0.875,0.0,65.0,28.0,0.7083333333333002,-0.7083333333333002,11.175,1.6831434904215687,1,186.1774589047316,31.78639542275906,1.002270456815911,1.407120152574698,7,1,74.09945426474351,-33.82254109526838,-18.21360457724094,1,0,0.6824020191854063,0,1,11011,0,28.31022955241981,26.94616920662579,1273.7592112445416,38.0,0.6538915629824721,1,4,107.5,-55.29694323144105,136.70305676855895,False,True,107.5,145.0,0,2.0874263261296657,89.584,97.416,13.802,0.4759358288770053,1,8,2.3041614574031075,1.388888888888889,1.923076923076924,1.2499999999999998,1.6699410609037328,1.0,0.883729237363815
2026-1,Lags 2,9,83.70857466509058,-0.0048943557919541,26.34043538219071,27.2916666666667,27.1729166666667,0.4580444739952726,4,1,0,0,0,0,8,1,1,11.902083333333294,11.902083333333294,13.38888888888889,4.102881960046795,0,0,0,0,84.1,0.108333333333339,33.6,0.6566666666666671,64.6,-0.4583333333333276,0.3416666666666681,0.4444444444444444,0.0,0.8888888888888888,0.0,65.0,25.0,2.0458333333332988,2.0458333333332988,11.244444444444444,1.5965035475453926,1,218.20165469588144,31.821074643149377,1.0010910082734794,1.0050004545867806,8,1,72.22878847572001,-51.79834530411856,-18.178925356850623,1,0,0.6554923270581055,0,1,10999,0,28.31022955241981,26.566276165693807,1377.6152242953551,38.0,0.6546049640876443,1,4,107.5,-50.589519650655006,169.410480349345,False,True,136.70305676855895,107.5,0,1.9745589490186737,100.782,98.218,0.8019999999999996,0.4472361809045226,1,9,2.3041614574031075,0.4799999999999997,0.6666666666666664,0.9230769230769228,1.7771030541168065,1.0,0.883729237363815
2026-1,Lags 2,10,83.36855053191486,-0.1890272404899954,26.35618351063831,27.0458333333333,27.2916666666667,0.341713142058888,4,1,0,0,0,0,9,1,1,15.308333333333394,15.308333333333394,13.3,4.014897259338446,0,0,0,0,83.8,-0.1921212121212102,34.1,0.5684848484848485,71.3,-0.5557575757575767,0.1999999999999998,0.4,0.0,0.9,0.0,65.0,25.0,1.4979166666667003,1.4979166666667003,11.5,1.506021577905929,1,259.6337797212353,40.99480732440558,1.288291102174677,1.2926248389489712,9,1,73.50079090991909,-70.36622027876467,-19.005192675594422,1,0,0.6189855596431858,0,1,10977,0,28.31022955241981,26.09490975016489,1460.5570316199294,38.0,0.6559169171904892,1,4,107.5,-45.71397379912662,203.28602620087332,False,True,169.410480349345,136.70305676855895,0,1.9735667083407749,111.98000000000002,109.01999999999998,10.802,0.4027149321266968,1,10,2.3041614574031075,1.833333333333334,0.8799999999999998,1.222222222222222,1.9735667083407755,1.0,0.883729237363815
2026-1,Lags 2,11,83.44943987749838,-0.1013257575757438,26.3791062217924,26.4979166666667,27.0458333333333,0.2677462121212114,4,1,0,0,0,0,10,1,1,19.2583333333334,19.2583333333334,12.863636363636363,3.8183024960389447,0,0,0,0,87.8,-0.1654545454545451,35.1,0.5400000000000003,79.3,-0.2199999999999985,0.0727272727272722,0.3636363636363636,0.0,0.9090909090909092,0.0,65.0,25.0,1.6083333333332988,1.6083333333332988,11.88181818181818,1.4307588375962002,1,305.7127212995072,45.628764373060775,1.1130376589401958,1.435480927176492,10,1,77.21790893902593,-84.28727870049278,-14.371235626939225,1,0,0.5930217705700621,0,1,10958,0,28.31022955241981,26.288340864749344,1534.1884233020537,38.0,0.6570542069720752,1,4,107.5,-40.16593886462883,241.8340611353712,False,True,203.28602620087332,169.410480349345,0,1.9483998766013408,123.17800000000004,116.82199999999996,7.802,0.3708333333333333,1,11,2.3041614574031075,0.8636363636363638,1.583333333333334,0.7599999999999999,2.143239864261475,1.0,0.883729237363815
2026-1,Lags 2,12,83.37795877659573,-0.1109341677825622,26.56504875886526,26.6083333333333,26.4979166666667,0.2917782572037899,4,1,0,1,1,1,11,1,1,17.591666666666697,17.591666666666697,12.625,3.64901979142541,0,0,0,0,87.8,-0.1437062937062914,34.9,0.4951048951048969,77.8,-0.0755244755244748,0.0926573426573425,0.3333333333333333,0.0833333333333333,0.9166666666666666,0.0,65.0,25.0,3.610416666666701,3.610416666666701,11.975,1.5085983648251524,0,360.8624154942445,54.81454412570802,1.201315549059017,1.7225862023961789,11,1,78.37742140127764,-99.13758450575553,-15.185455874291982,1,0,0.5673356030822762,1,1,10946,0,28.31022955241981,28.245236803443824,1595.5303197277974,38.0,0.6577745295084962,2,4,107.5,-34.28165938864629,282.7183406113537,False,True,241.8340611353712,203.28602620087332,0,1.8753348812287909,134.37600000000003,117.62399999999997,0.8019999999999996,0.3531746031746032,1,12,2.3041614574031075,0.6315789473684208,0.5454545454545453,1.0,2.250401857474549,1.0,0.883729237363815
2026-1,Lags 2,13,83.51378887070376,-0.0289496629257121,26.783762956901263,28.6104166666667,26.6083333333333,0.322989001246979,4,1,0,2,1,1,12,1,1,20.143750000000097,20.143750000000097,12.153846153846152,3.5278294894188544,0,0,0,0,87.8,-0.125824175824173,35.4,0.4681318681318692,81.3,0.1296703296703317,0.1774725274725272,0.3076923076923077,0.1538461538461538,0.9230769230769232,0.0,65.0,25.0,4.4083333333333,4.4083333333333,11.915384615384614,1.6456244953360248,0,416.24736986552006,54.88976305918946,1.0013722440764798,1.3389442868904948,12,1,72.84752504768971,-123.75263013447994,-25.110236940810537,1,0,0.551676637052437,2,1,10931,0,29.09577810952461,29.09577810952461,1648.4349283473769,38.0,0.6586771567102735,3,4,107.5,-27.89301310043664,327.10698689956337,False,True,282.7183406113537,241.8340611353712,0,1.834118729992993,145.57400000000004,121.42599999999996,3.802,0.3333333333333333,1,13,2.3041614574031075,1.2500000000000009,0.7894736842105264,0.681818181818182,2.3843543489908914,1.0,0.883729237363815
2026-1,Lags 2,14,83.72917299898684,0.0629939209726524,26.92777988855117,29.4083333333333,28.6104166666667,0.3159979736575464,4,1,0,3,1,1,13,1,1,21.529166666666697,21.529166666666697,11.678571428571429,3.483919207878461,0,0,0,0,88.8,-0.0824175824175882,35.3,0.4349450549450546,83.3,0.3120879120879091,0.2028571428571413,0.2857142857142857,0.2142857142857142,0.9285714285714286,0.0,65.0,25.0,3.8000000000000007,3.8000000000000007,11.914285714285713,1.6703707395328309,0,480.9013465237703,64.1201795365027,1.1681628041891852,1.4052578547219934,13,1,73.78909549835629,-149.09865347622974,-25.879820463497296,1,0,0.5316328518457641,3,1,10917,0,29.09577810952461,28.520158861886827,1694.128787878788,38.0,0.6595218466611706,4,4,107.5,-21.0,375.0,False,False,327.10698689956337,282.7183406113537,0,1.7924119102901026,156.77200000000005,124.22799999999998,2.802,0.3167259786476868,1,14,2.3041614574031075,0.9333333333333332,1.1666666666666672,0.736842105263158,2.509376674406144,1.0,0.883729237363815
2026-1,Lags 3,1,77.42010416666665,0.0,28.15472074468085,28.15472074468085,28.15472074468085,0.0,0,0,0,0,0,0,0,0,0,7.420104166666647,7.420104166666647,22.5,0.0,1,0,0,0,86.8,0.0,32.6,0.0,64.3,0.0,0.0,0.0,0.0,0.0,0.0,70.0,30.0,1.8452792553191488,-1.8452792553191488,7.100000000000001,0.0,1,8.949346697691068,8.949346697691068,3.0,3.0,1,1,89.49346697691067,-1.0506533023089322,-1.0506533023089322,0,0,0.0,0,1,11174,0,27.67854880516591,27.67854880516591,1789.0,36.0,0.6443529622337569,0,1,106.75,0.0,64.0,True,False,669.9717991631799,637.6489644351465,0,3.1224908555624946,11.209,23.791,23.791,2.685714285714285,0,1,2.1224908555624946,3.0,3.0,3.0,0.3122490855562494,1.0,0.91872602373093
2026-1,Lags 3,2,77.42010416666665,-1.1658284442341368e-14,28.15472074468085,28.15472074468085,28.15472074468085,-6.783381100595097e-15,0,0,0,0,0,0,0,0,0,7.420104166666647,7.420104166666647,22.5,0.0,1,0,0,0,86.8,-1.7209744916952118e-14,32.6,-6.772789795300852e-15,64.3,-2.231677083022784e-14,-4.066460168369259e-15,0.0,0.0,0.0,0.0,70.0,30.0,1.8452792553191488,-1.8452792553191488,7.100000000000001,0.0,1,17.94848783989949,8.974243919949744,1.0027820156151843,3.0,2,1,52.349756199706846,-12.051512160100511,-11.025756080050256,0,0,1.4122463802662313,0,1,11143,0,27.67854880516591,27.67854880516591,1789.0,36.0,0.6461455622363815,0,2,106.75,0.0,77.0,True,False,64.0,637.6489644351465,0,2.944062806673209,22.418,43.582,19.791,1.4242424242424243,0,2,2.1224908555624946,0.8857142857142856,3.0,3.0,0.5888125613346418,1.0,0.91872602373093
2026-1,Lags 3,3,77.42010416666665,1.136476922109094e-14,28.15472074468085,28.15472074468085,28.15472074468085,-1.2895420286198469e-15,0,0,0,0,0,0,0,0,0,7.420104166666647,7.420104166666647,22.5,0.0,1,0,0,0,86.8,1.802190973325158e-15,32.6,2.30148056710964e-15,64.3,-3.313032514863088e-15,2.3936246954295856e-15,0.0,0.0,0.0,0.0,70.0,30.0,1.8452792553191488,-1.8452792553191488,7.100000000000001,4.3511678576336575e-15,1,26.99055330634278,8.99685110211426,1.002519118308592,3.0,3,1,49.482681061628426,-23.00944669365722,-11.00314889788574,0,0,1.1531702403221469,0,1,11115,0,27.67854880516591,27.67854880516591,1789.0,36.0,0.6477732793522267,0,3,106.75,0.0,91.0,True,False,77.0,64.0,0,2.7953727659321377,33.626999999999995,60.373000000000005,16.791,1.0,0,3,2.1224908555624946,0.9032258064516128,0.7999999999999999,3.0,0.8386118297796414,1.0,0.91872602373093
2026-1,Lags 3,4,77.42010416666665,-1.0656246691081632e-14,28.15472074468085,28.15472074468085,28.15472074468085,-4.860576503336004e-15,0,0,0,0,0,0,0,0,0,7.420104166666647,7.420104166666647,22.5,0.0,1,0,0,0,86.8,-1.1688067064152732e-14,32.6,-2.2267158016781103e-15,64.3,-8.691606854378891e-15,-3.4693771706650844e-15,0.0,0.0,0.0,0.0,70.0,30.0,1.8452792553191488,-1.8452792553191488,7.100000000000001,0.0,1,45.09379509379509,18.03751803751804,2.0048701298701297,2.0155122655122657,4,1,66.13756613756614,-29.906204906204906,-6.962481962481963,0,0,0.9564683831907352,0,1,11088,0,27.67854880516591,27.67854880516591,1789.0,36.0,0.6493506493506493,0,4,106.75,0.0,107.0,True,False,91.0,77.0,0,2.6987242394504416,44.836,76.164,15.791,0.7768595041322314,0,4,2.1224908555624946,0.9642857142857144,0.8709677419354841,0.7714285714285715,1.0794896957801767,1.0,0.91872602373093
2026-1,Lags 3,5,77.42010416666665,-4.822292063407377e-15,28.15472074468085,28.15472074468085,28.15472074468085,-3.371434273386755e-15,0,0,0,0,0,0,0,0,0,7.420104166666647,7.420104166666647,22.5,0.0,1,0,0,0,86.8,-3.627382670784715e-15,32.6,-3.764398267022435e-15,64.3,-3.145486211302101e-15,-4.80122207299609e-16,0.0,0.0,0.0,0.0,70.0,28.0,0.1547207446808514,0.1547207446808514,7.100000000000001,0.0,1,63.25682270016266,18.073377914332188,1.0019880715705765,2.013916500994036,5,1,67.7751671787457,-36.74317729983734,-6.9266220856678125,0,0,0.8937506984021099,0,1,11066,0,27.67854880516591,27.67854880516591,1789.0,36.0,0.6506416049159588,0,4,106.75,0.0,125.0,True,False,107.0,91.0,0,2.551521099116781,56.045,86.955,10.791,0.6573426573426573,1,5,2.1224908555624946,0.8148148148148147,0.7857142857142858,0.7096774193548387,1.2757605495583906,1.0,0.91872602373093
2026-1,Lags 3,6,77.42010416666665,-3.280471822643205e-15,28.154720744680848,28.15472074468085,28.15472074468085,-1.3488542533772617e-15,0,0,0,0,0,0,0,0,0,7.420104166666647,7.420104166666647,22.5,0.0,1,0,0,0,86.8,-5.226196707538049e-15,32.6,-3.003278291787231e-16,64.3,-1.2637676618891284e-15,-6.929659921216828e-16,0.0,0.0,0.0,0.0,70.0,28.0,0.1547207446808514,0.1547207446808514,7.100000000000001,3.891802844472395e-15,1,86.02734764103957,22.638775695010413,1.2526034592049262,2.516299918500408,6,1,64.20308874352159,-48.97265235896043,-12.361224304989587,0,0,0.8120522773857074,0,1,11043,0,27.67854880516591,27.67854880516591,1789.0,36.0,0.6519967400162999,0,5,106.75,0.0,145.0,True,False,125.0,107.0,0,2.468254676301781,67.254,98.746,11.791,0.5662650602409639,1,6,2.1224908555624946,1.0454545454545456,0.8518518518518519,0.8214285714285716,1.4809528057810688,1.0,0.91872602373093
2026-1,Lags 3,7,77.42010416666665,2.54453727244602e-15,28.154720744680848,28.15472074468085,28.15472074468085,-3.895921039444663e-16,0,0,0,0,0,0,0,0,0,7.420104166666647,7.420104166666647,22.5,0.0,1,0,0,0,86.8,2.981360072665549e-15,32.6,1.656277457553702e-15,64.3,-1.585001016368459e-15,1.2138620989631208e-15,0.0,0.0,0.0,0.0,70.0,28.0,0.1547207446808514,0.1547207446808514,7.100000000000001,3.837369354665453e-15,1,108.86328585684478,22.679851220176,1.001814388097614,1.2573709516465572,7,1,64.41840094470157,-61.13671414315522,-12.320148779824006,0,0,0.7691156055625937,0,1,11023,0,27.67854880516591,27.67854880516591,1087.3263473053892,36.0,0.6531797151410687,0,5,101.5,-65.5,101.5,False,False,145.0,125.0,1,2.370544078100506,78.46300000000001,107.537,8.791,0.5053763440860215,1,7,2.1224908555624946,0.8695652173913044,0.9090909090909092,0.7407407407407407,1.659380854670354,1.0,0.91872602373093
2026-1,Lags 3,8,77.42010416666665,6.19100399074924e-15,28.15472074468085,28.15472074468085,28.15472074468085,2.560235073882277e-15,0,0,0,0,0,0,1,1,1,12.420104166666649,12.420104166666649,22.5,0.0,0,0,0,0,86.8,3.730138838203249e-15,32.6,2.821334018596945e-15,64.3,1.0375528248368057e-15,1.5927353798953544e-15,0.0,0.0,0.125,0.0,65.0,28.0,0.1547207446808514,0.1547207446808514,7.100000000000001,0.0,1,131.74632018898782,22.7148827912048,1.001544612029802,1.2568144648373616,8,1,52.65722828870203,-88.25367981101218,-27.285117208795203,0,0,0.730803734959272,0,1,11006,0,27.67854880516591,27.67854880516591,1055.6068390647745,36.0,0.6541886243866981,0,5,101.5,-78.70960698689956,113.29039301310044,False,True,101.5,145.0,1,2.263805870282809,89.672,113.328,5.791,0.4630541871921182,1,8,2.1224908555624946,0.8499999999999994,0.7391304347826083,0.7727272727272724,1.8110446962262468,1.0,0.91872602373093
2026-1,Lags 3,9,77.42010416666665,2.917569773198844e-15,28.15472074468085,28.15472074468085,28.15472074468085,1.0383261863092424e-15,0,0,0,1,1,1,2,1,1,12.420104166666649,12.420104166666649,22.5,0.0,0,0,0,0,86.8,-6.967445516541837e-16,32.6,1.926709849426818e-15,64.3,2.4487606206954734e-15,5.833989137158367e-16,0.0,0.1111111111111111,0.2222222222222222,0.0,65.0,25.0,3.1547207446808514,3.1547207446808514,7.100000000000001,0.0,0,159.2936464591298,27.307482250136538,1.202184598580011,1.2062261059530313,9,1,56.80630566849391,-110.7063535408702,-22.692517749863462,0,0,0.6870553800248554,1,1,10986,0,27.67854880516591,27.67854880516591,1028.6394898769354,36.0,0.6553795740032768,0,5,101.5,-93.50436681222708,126.49563318777292,False,True,113.29039301310044,101.5,1,2.2105252723505915,100.881,122.119,8.791,0.42152466367713,1,9,2.1224908555624946,1.1764705882352948,1.0,0.8695652173913044,1.9894727451155323,1.0,0.91872602373093
2026-1,Lags 3,10,77.42010416666665,5.929324924733543e-15,28.15472074468085,28.15472074468085,28.15472074468085,1.0489235393749254e-15,0,0,0,2,1,1,3,1,1,12.420104166666649,12.420104166666649,22.5,0.0,0,0,0,0,86.8,3.621045517473897e-15,32.6,4.151382088140757e-16,64.3,2.5895147748354027e-15,-1.8871550300651995e-16,0.0,0.2,0.3,0.0,65.0,25.0,3.1547207446808514,3.1547207446808514,7.100000000000001,0.0,0,187.04379562043795,27.37226277372263,1.0023722627737226,1.2068978102189782,10,1,51.15018801150188,-142.95620437956205,-32.627737226277375,0,0,0.6590001463538211,2,1,10960,0,27.67854880516591,27.67854880516591,1007.1027428491258,36.0,0.656934306569343,0,6,101.5,-108.82751091703057,140.17248908296943,False,True,126.49563318777292,113.29039301310044,1,2.221429208671603,112.09,136.91,14.791,0.3775100401606425,1,10,2.1224908555624946,1.2999999999999998,1.5294117647058831,1.2999999999999998,2.221429208671603,1.0,0.91872602373093
2026-1,Lags 3,11,77.42010416666665,1.130364682040006e-15,28.154720744680848,28.15472074468085,28.15472074468085,1.302138512516356e-15,0,0,0,3,1,1,4,1,1,12.420104166666649,12.420104166666649,22.5,0.0,0,0,0,0,86.8,-4.780300776693633e-15,32.6,9.227997508175206e-16,64.3,2.586988526354164e-15,9.90452133024727e-16,0.0,0.2727272727272727,0.3636363636363636,0.0,65.0,25.0,3.1547207446808514,3.1547207446808514,7.100000000000002,3.726117541341096e-15,0,224.5852048767073,36.66697222476854,1.339566718611544,1.6142267852232104,11,1,59.34878517150037,-165.4147951232927,-23.333027775231457,0,0,0.625186744269928,3,2,10909,0,27.67854880516591,27.67854880516591,987.9835470283998,36.0,0.6600055000458337,0,7,101.5,-126.264192139738,155.735807860262,False,True,140.17248908296943,126.49563318777292,1,2.4331097575811644,123.299,176.701,39.791,0.3133333333333333,1,11,3.549915246676778,1.961538461538462,2.5500000000000003,3.0,2.6764207333392807,1.0,0.91872602373093
2026-1,Lags 3,12,77.42010416666665,-2.675605527985585e-16,28.154720744680848,28.15472074468085,28.15472074468085,1.3229991297389886e-15,0,0,0,4,1,1,5,1,1,12.420104166666649,12.420104166666649,22.5,0.0,0,0,0,0,86.8,5.750770099106333e-16,32.6,1.2743436555537021e-15,64.3,2.500081457902131e-15,6.067178005271581e-16,0.0,0.3333333333333333,0.4166666666666667,0.0,65.0,25.0,3.1547207446808514,3.1547207446808514,7.100000000000001,3.710688416924011e-15,0,271.3641799282495,45.99392880139821,1.2543694232361329,1.6842976727072023,12,1,62.34891280065317,-188.6358200717505,-24.006071198601788,0,0,0.5966860608896809,4,3,10871,0,27.67854880516591,27.67854880516591,972.0554530051108,36.0,0.6623125747401343,0,8,101.5,-144.75764192139738,172.24235807860262,False,True,155.735807860262,140.17248908296943,1,2.512861688524103,134.508,203.492,26.791,0.2781065088757396,1,12,3.549915246676778,0.7450980392156862,1.4615384615384617,1.9,3.015434026228923,1.0,0.91872602373093
2026-1,Lags 3,13,77.42010416666665,4.691331236161485e-16,28.154720744680848,28.15472074468085,28.15472074468085,1.3814364750221513e-15,0,0,0,5,1,1,6,1,1,12.420104166666649,12.420104166666649,22.5,0.0,0,0,0,0,86.8,1.1752006107247913e-15,32.6,8.805487397987455e-16,64.3,3.751150414171871e-16,6.915014398866307e-16,0.0,0.3846153846153846,0.4615384615384615,0.0,65.0,25.0,3.1547207446808514,3.1547207446808514,7.1000000000000005,3.697781635498623e-15,0,318.03097345132744,46.091445427728615,1.0021202064896757,1.683874139626352,13,1,58.25446574893478,-221.96902654867256,-33.908554572271385,0,0,0.5788683772284514,5,3,10848,0,27.67854880516591,27.67854880516591,958.3181930007996,36.0,0.6637168141592921,0,9,101.5,-164.83624454148472,190.16375545851528,False,True,172.24235807860262,155.735807860262,1,2.477404832655078,145.717,215.283,11.791,0.260387811634349,1,13,3.549915246676778,0.6052631578947368,0.4509803921568627,0.8846153846153847,3.220626282451602,1.0,0.91872602373093
2026-1,Lags 3,14,77.42010416666665,-1.1536256484809613e-15,28.154720744680848,28.15472074468085,28.15472074468085,-1.1784087075527521e-15,0,0,0,6,1,1,7,1,1,12.420104166666649,12.420104166666649,22.5,0.0,0,0,0,0,86.8,-3.163651978215829e-15,32.6,-2.0809458693257514e-16,64.3,-3.2683870908612468e-15,-5.592533086358858e-16,0.0,0.4285714285714285,0.5,0.0,65.0,25.0,3.1547207446808514,3.1547207446808514,7.1000000000000005,3.6868252213847854e-15,0,369.4126339120798,50.794237162910974,1.1020317694865165,1.3852858330254894,14,1,57.53748365495687,-260.5873660879202,-39.20576283708903,0,0,0.5590089907171075,6,3,10828,0,27.67854880516591,27.67854880516591,946.4532828282828,36.0,0.6649427410417437,0,9,101.5,-186.5,209.5,False,False,190.16375545851528,172.24235807860262,1,2.4278959509577764,156.92600000000002,224.074,8.791,0.2467191601049868,1,14,3.549915246676778,0.8695652173913044,0.5263157894736843,0.392156862745098,3.3990543313408867,1.0,0.91872602373093
2026-1,Tags 1,1,71.9708333333333,0.0,25.525,28.15472074468085,28.15472074468085,0.0,1,1,1,0,0,0,1,1,1,11.970833333333305,11.970833333333305,31.5,0.0,0,0,0,0,85.5,0.0,32.0,0.0,54.0,0.0,0.0,1.0,0.0,1.0,0.0,60.0,30.0,4.475000000000001,-4.475000000000001,10.6,0.0,0,7.033338022225348,7.033338022225348,3.0,3.0,1,1,70.33338022225348,-2.966661977774652,-2.966661977774652,0,0,0.0,0,0,7109,1,24.952326108104703,24.952326108104703,1789.0,32.0,1.01280067520045,0,0,106.75,0.0,64.0,True,False,669.9717991631799,637.6489644351465,0,0.8432888264230499,7.115,-1.1150000000000002,-1.1150000000000002,4.0,0,0,0.0,3.0,3.0,3.0,0.0843288826423049,0.0,0.941110330288124
2026-1,Tags 1,2,70.18854166666665,-3.56458333333332,25.98125,25.525,28.15472074468085,0.912499999999999,2,1,1,0,0,0,1,1,0,8.40625,8.40625,29.95,2.520541047104526,1,0,0,0,81.0,-4.500000000000019,32.5,0.4999999999999934,52.6,-1.4000000000000106,0.5999999999999992,1.0,0.0,0.5,0.0,60.0,30.0,3.5625,-3.5625,10.55,0.6452349378327256,0,14.08252358822701,7.041261794113505,1.0011266018870582,3.0,2,1,41.07402713232878,-15.91747641177299,-12.958738205886494,0,0,1.4134169345390586,0,0,7101,1,25.778575389669072,25.778575389669072,1789.0,32.0,1.0139416983523448,0,0,106.75,0.0,77.0,True,False,64.0,637.6489644351465,0,0.9838369641602248,14.23,-0.2300000000000004,0.8849999999999998,1.7142857142857142,0,1,0.1243851018973998,1.333333333333335,3.0,3.0,0.1967673928320449,0.5,0.941110330288124
2026-1,Tags 1,3,68.51805555555553,-3.3968750000000023,26.27916666666667,26.4375,25.525,0.675000000000003,3,1,1,0,0,0,1,1,0,5.1770833333333,5.1770833333333,31.266666666666666,3.3982547178389706,1,0,0,0,81.2,-2.149999999999994,33.4,0.7000000000000032,47.3,-3.3499999999999983,0.5500000000000034,1.0,0.0,0.3333333333333333,0.0,60.0,30.0,3.125,-3.125,10.666666666666666,0.6887866747646432,0,28.20476660555634,14.10238330277817,2.002820476660556,3.0,3,1,63.46072486250176,-21.79523339444366,-5.89761669722183,0,0,0.9994375486750704,0,0,7091,1,26.139328190281795,26.139328190281795,1789.0,32.0,1.0153715978000282,0,0,106.75,0.0,91.0,True,False,77.0,64.0,0,1.1243851018973998,21.345,2.655,2.885,1.0,0,2,0.4054813773717498,1.249999999999999,1.6666666666666674,3.0,0.3373155305692199,0.6666666666666666,0.941110330288124
2026-1,Tags 1,4,67.26666666666665,-2.860416666666678,26.409375,26.875,26.4375,0.426249999999998,4,1,1,0,0,0,1,1,0,3.512500000000003,3.512500000000003,32.2,3.736663398873576,1,0,0,0,78.0,-2.2300000000000115,33.2,0.4499999999999979,43.0,-3.8300000000000103,0.4699999999999981,1.0,0.0,0.25,0.0,60.0,30.0,3.2,-3.2,10.6,0.6197592778652056,0,49.44899689177734,21.192427239333146,1.5027550155411131,3.0,4,1,75.35085240651784,-25.55100310822266,-3.8075727606668544,0,0,0.8532629311690693,0,0,7078,1,26.139328190281795,26.02787423776929,1789.0,32.0,1.017236507487991,0,0,106.75,0.0,107.0,True,False,91.0,77.0,0,1.3000702740688683,28.46,8.54,5.885,0.6486486486486487,0,3,0.8271257905832747,1.300000000000001,1.6249999999999998,2.166666666666669,0.5200281096275474,0.75,0.941110330288124
2026-1,Tags 1,5,67.9875,-0.709374999999985,26.334166666666658,26.8,26.875,0.1379166666666569,4,1,0,0,0,0,2,1,1,10.870833333333394,10.870833333333394,30.7,3.61524459609352,0,0,0,0,81.1,-1.1800000000000022,31.9,0.0499999999999959,56.4,-0.4800000000000071,0.2200000000000014,0.8,0.0,0.4,0.0,60.0,28.0,1.9666666666667003,-1.9666666666667003,10.44,0.5624567884636958,1,70.76139258420606,21.228417775261818,1.001698273422021,3.0,5,1,77.83753184262667,-29.238607415793936,-3.7715822247381823,0,0,0.8361580352534991,0,0,7066,1,26.139328190281795,25.432215296048508,1789.0,32.0,1.0189640532125672,0,0,106.75,0.0,125.0,True,False,107.0,91.0,0,1.3773717498243148,35.575,13.425,4.885,0.4897959183673469,0,4,0.8271257905832747,0.9230769230769226,1.2000000000000002,1.4999999999999991,0.6886858749121574,0.8,0.941110330288124
2026-1,Tags 1,6,68.10878623188407,-0.3013975155279356,26.22629830917873,26.0333333333333,26.8,-0.0136490683229895,5,1,1,0,0,0,2,1,0,8.715217391304407,8.715217391304407,32.1,3.2471921550679035,1,0,0,0,84.3,-0.2542857142857121,32.6,0.0285714285714287,45.2,-1.0542857142857174,-0.0542857142857141,0.8333333333333334,0.0,0.3333333333333333,0.0,60.0,28.0,2.313043478260901,-2.313043478260901,10.65,0.5682425594708433,0,106.29251700680273,35.430839002267575,1.6690287226001512,2.512400793650793,5,0,89.9830831803621,-28.707482993197274,0.4308390022675752,0,0,0.7480012654096789,0,0,7056,1,26.139328190281795,25.042956050712,1789.0,32.0,1.020408163265306,0,0,106.75,0.0,145.0,True,False,125.0,107.0,0,1.3820566877488871,42.690000000000005,16.31,2.885,0.4067796610169492,1,5,0.8271257905832747,0.8333333333333331,0.7692307692307687,1.0,0.8292340126493323,0.8333333333333334,0.941110330288124
2026-1,Tags 1,7,68.53788819875777,0.1334530279503241,26.380874741200813,25.6869565217391,26.0333333333333,0.107401656314693,5,1,0,0,0,0,3,1,1,11.112499999999995,11.112499999999995,30.17142857142857,3.1742369522615905,0,0,0,0,80.3,-0.3250000000000029,30.3,-0.2285714285714256,61.7,0.6214285714285734,0.2714285714285724,0.7142857142857143,0.0,0.4285714285714285,0.0,60.0,28.0,0.6916666666666984,-0.6916666666666984,9.914285714285716,0.6605604580089942,1,141.9849495953429,35.496237398835724,1.0018458043447394,1.6749491220597283,5,0,92.46918986251325,-28.015050404657103,0.4962373988357242,0,0,0.7315311876819555,0,0,7043,1,26.69997794204448,26.69997794204448,1325.2526347305388,32.0,1.0222916370864688,0,0,123.71,-43.290000000000006,123.71,False,False,145.0,125.0,0,1.4456379881537995,49.80500000000001,22.195,5.885,0.3333333333333333,1,6,0.8271257905832747,1.300000000000001,1.083333333333334,1.0,1.0119465917076598,0.8571428571428571,0.941110330288124
2026-1,Tags 1,8,70.24382925724639,1.22626272429263,26.358525815217373,27.3083333333333,25.6869565217391,0.0567018202208363,5,1,0,0,0,0,4,1,1,27.185416666666697,27.185416666666697,27.725,5.649624962226686,0,0,0,0,86.8,0.2142857142857176,30.1,-0.3333333333333314,76.2,2.4761904761904767,0.3095238095238104,0.625,0.0,0.5,0.0,55.0,28.0,1.7979166666667012,-1.7979166666667012,9.45,0.6148183568800342,1,170.74558907228229,28.45759817871372,0.8017074558907228,1.3405425915386076,6,1,67.2634138769597,-49.254410927717714,-21.542401821286283,0,0,0.7333203236855269,0,0,7028,1,26.69997794204448,25.84035435955681,1357.4086326419213,32.0,1.0244735344336935,0,1,123.71,-46.319475982532765,145.68052401746723,False,True,123.71,145.0,0,1.528460997891778,56.92,30.08,7.885,0.2758620689655172,1,7,1.1082220660576247,1.1538461538461533,1.5000000000000004,1.25,1.2227687983134223,0.875,0.941110330288124
2026-1,Tags 1,9,70.99729267310789,1.3104619565217457,26.373087761674697,26.2020833333333,27.3083333333333,0.0484284420289815,5,1,0,0,0,0,5,1,1,22.02500000000001,22.02500000000001,26.322222222222223,5.747855557376448,0,0,0,0,84.5,0.2983333333333377,28.2,-0.4866666666666646,69.4,2.7233333333333363,0.4133333333333345,0.5555555555555556,0.0,0.5555555555555556,0.0,55.0,25.0,1.4895833333333002,1.4895833333333002,8.700000000000001,0.5767667318974942,1,206.6704675028506,35.63283922462942,1.2521379703534778,1.0057012542759407,7,1,73.90514802145361,-63.32953249714939,-14.36716077537058,0,0,0.6908217762153488,0,0,7016,1,26.69997794204448,26.016690881728493,1384.7470774116714,32.0,1.026225769669327,0,1,123.71,-49.71248908296943,170.28751091703057,False,True,145.68052401746723,123.71,0,1.546029515108925,64.035,34.965,4.885,0.2424242424242424,1,8,1.1082220660576247,0.7999999999999999,0.9230769230769226,1.2000000000000002,1.3914265635980323,0.8888888888888888,0.941110330288124
2026-1,Tags 1,10,70.68131340579711,0.7807109134826603,26.38286231884056,26.4895833333333,26.2020833333333,0.0405522617479077,5,1,0,0,0,0,6,1,1,12.837500000000006,12.837500000000006,26.12,5.510481011783416,0,0,0,0,79.5,0.0521212121212099,30.3,-0.4236363636363633,55.2,1.926060606060608,0.3781818181818189,0.5,0.0,0.6,0.0,55.0,25.0,1.4708333333332997,1.4708333333332997,8.430000000000001,0.5446586781636436,1,249.7502497502497,42.81432852861424,1.2015413158270298,1.2061652633081204,8,1,73.51955403903456,-80.24975024975026,-17.18567147138576,0,0,0.6568365697428362,0,0,7007,1,26.69997794204448,25.799046850017884,1406.580189930026,32.0,1.0275438846867415,0,1,123.71,-53.22668122270741,195.7733187772926,False,True,170.28751091703057,145.68052401746723,0,1.51791988756149,71.14999999999999,36.85,1.885,0.2222222222222222,1,9,1.1082220660576247,0.7499999999999998,0.5999999999999998,0.6923076923076917,1.51791988756149,0.9,0.941110330288124
2026-1,Tags 1,11,70.99210309617919,0.7409280303030331,26.37741271409748,26.4708333333333,26.4895833333333,0.0276893939393932,5,1,0,0,0,0,7,1,1,19.099999999999994,19.099999999999994,26.10909090909091,5.328353726173658,0,0,0,0,85.9,0.2063636363636367,31.5,-0.3154545454545447,59.9,1.6172727272727287,0.2418181818181826,0.4545454545454545,0.0,0.6363636363636364,0.0,55.0,25.0,1.3229166666666998,1.3229166666666998,8.51818181818182,0.5170246108644,1,293.02458547741566,42.88164665523156,1.001572327044025,1.5068610634648372,9,1,73.30196009441292,-96.97541452258434,-17.118353344768437,0,0,0.6372147867094541,0,0,6996,1,26.69997794204448,25.7886408759159,1425.9624835083157,32.0,1.0291595197255574,0,1,123.71,-57.22558951965064,224.77441048034936,False,True,195.7733187772926,170.28751091703057,0,1.5204753082476203,78.26499999999999,40.73499999999999,3.885,0.2016806722689075,1,10,1.1082220660576247,1.2222222222222223,0.9166666666666666,0.7333333333333332,1.6725228390723823,0.9090909090909092,0.941110330288124
2026-1,Tags 1,12,71.29553894927537,0.7099919555082599,26.43241998792269,26.3229166666667,26.4708333333333,0.0466875063342452,5,1,0,0,0,0,8,1,1,19.633333333333297,19.633333333333297,26.641666666666666,5.187986228243812,0,0,0,0,87.0,0.329720279720282,34.0,-0.1447552447552458,54.5,1.169230769230771,0.1730769230769241,0.4166666666666667,0.0,0.6666666666666666,0.0,55.0,25.0,2.0375000000000014,2.0375000000000014,8.758333333333335,0.5285099212383313,1,350.651209388865,57.24917704308,1.3350508086446256,1.6066409045369971,10,1,79.00653120657975,-109.34879061113496,-12.750822956919995,0,0,0.6078797640034094,0,0,6987,1,26.69997794204448,26.5088031739914,1442.1097627870456,32.0,1.03048518677544,0,1,123.71,-61.46685589519649,255.5331441048035,False,True,224.77441048034936,195.7733187772926,0,1.4991801358632,85.37999999999998,42.61999999999999,1.885,0.1875,1,11,1.1082220660576247,0.818181818181818,1.0,0.7499999999999998,1.79901616303584,0.9166666666666666,0.941110330288124
2026-1,Tags 1,13,71.70389492753624,0.7328605271540081,26.48136845039018,27.0375,26.3229166666667,0.0576609531772576,5,1,0,0,0,0,9,1,1,21.6041666666667,21.6041666666667,26.33076923076923,5.180741022656406,0,0,0,0,86.7,0.3835164835164855,31.2,-0.1291208791208785,64.1,1.1763736263736275,0.1983516483516498,0.3846153846153846,0.0,0.6923076923076923,0.0,55.0,25.0,2.0687500000000014,2.0687500000000014,8.576923076923078,0.5359041125268297,1,393.98280802292265,42.97994269340974,0.7507521489971347,1.0038681948424069,11,1,63.34235381513319,-146.01719197707737,-37.02005730659026,0,0,0.6090245555686181,0,0,6980,1,26.69997794204448,26.582579599706683,1456.036060151301,32.0,1.0315186246418335,0,1,123.71,-66.07165938864625,288.92834061135375,False,True,255.5331441048035,224.77441048034936,0,1.4595383534245097,92.49499999999998,42.50499999999999,-0.1150000000000002,0.1777777777777777,1,11,1.1082220660576247,0.7777777777777777,0.6363636363636361,0.7777777777777777,1.8973998594518624,0.8461538461538461,0.941110330288124
2026-1,Tags 1,14,71.93099767080747,0.6771295190316929,26.562163561076595,27.06875,27.0375,0.0784468068163707,5,1,0,0,0,0,10,1,1,19.8833333333334,19.8833333333334,26.5,5.049506448983664,0,0,0,0,86.4,0.397802197802197,33.4,-0.0527472527472535,57.7,0.9643956043956032,0.1599999999999996,0.3571428571428571,0.0,0.7142857142857143,0.0,55.0,25.0,2.6125000000000007,2.6125000000000007,8.700000000000001,0.5970689496100046,1,451.7424351068407,57.3641187437258,1.3346718294373536,1.3377312491036857,12,1,67.72152907245408,-178.25756489315933,-32.6358812562742,0,0,0.5851424643360623,0,0,6973,1,27.084578863975263,27.084578863975263,1468.0642424242426,32.0,1.0325541373870644,0,1,123.71,-71.03999999999996,324.96000000000004,False,False,288.92834061135375,255.5331441048035,0,1.4255596827627752,99.60999999999996,42.38999999999999,-0.1150000000000002,0.1690140845070422,1,11,1.1082220660576247,1.0,0.7777777777777777,0.6363636363636361,1.9957835558678847,0.7857142857142857,0.941110330288124
2026-1,Tags 2,1,77.42010416666665,0.0,28.15472074468085,28.15472074468085,28.15472074468085,0.0,0,0,0,0,0,0,1,1,1,17.420104166666647,17.420104166666647,22.5,0.0,0,0,0,0,86.8,0.0,32.6,0.0,64.3,0.0,0.0,0.0,0.0,1.0,0.0,60.0,30.0,1.8452792553191488,-1.8452792553191488,7.100000000000001,0.0,1,7.033338022225348,7.033338022225348,3.0,3.0,1,1,70.33338022225348,-2.966661977774652,-2.966661977774652,0,0,0.0,0,0,7109,1,27.67854880516591,27.67854880516591,1789.0,32.0,1.01280067520045,0,0,106.75,0.0,64.0,True,False,669.9717991631799,637.6489644351465,0,1.6851565791321443,7.121,4.879,4.879,2.75,0,1,0.6851565791321443,3.0,3.0,3.0,0.1685156579132144,1.0,0.939755652296026
2026-1,Tags 2,2,77.42010416666665,-1.1658284442341368e-14,28.15472074468085,28.15472074468085,28.15472074468085,-6.783381100595097e-15,0,0,0,0,0,0,2,1,1,17.420104166666647,17.420104166666647,22.5,0.0,0,0,0,0,86.8,-1.7209744916952118e-14,32.6,-6.772789795300852e-15,64.3,-2.231677083022784e-14,-4.066460168369259e-15,0.0,0.0,1.0,0.0,60.0,30.0,1.8452792553191488,-1.8452792553191488,7.100000000000001,0.0,1,14.084507042253522,7.042253521126761,1.0012676056338028,3.0,2,1,41.07981220657277,-15.915492957746478,-12.95774647887324,0,0,1.4133172298335628,0,0,7100,1,27.67854880516591,27.67854880516591,1789.0,32.0,1.0140845070422535,0,0,106.75,0.0,77.0,True,False,64.0,637.6489644351465,0,1.474512006740626,14.242,6.757999999999999,1.879,1.5714285714285714,0,2,0.6851565791321443,0.75,3.0,3.0,0.2949024013481253,1.0,0.939755652296026
2026-1,Tags 2,3,77.42010416666665,1.136476922109094e-14,28.15472074468085,28.15472074468085,28.15472074468085,-1.2895420286198469e-15,0,0,0,0,0,0,3,1,1,17.420104166666647,17.420104166666647,22.5,0.0,0,0,0,0,86.8,1.802190973325158e-15,32.6,2.30148056710964e-15,64.3,-3.313032514863088e-15,2.3936246954295856e-15,0.0,0.0,1.0,0.0,60.0,30.0,1.8452792553191488,-1.8452792553191488,7.100000000000001,4.3511678576336575e-15,1,28.21670428893905,14.108352144469526,2.0033860045146725,3.0,3,1,63.48758465011287,-21.783295711060948,-5.891647855530474,0,0,0.9993674604186406,0,0,7088,1,27.67854880516591,27.67854880516591,1789.0,32.0,1.015801354401806,0,0,106.75,0.0,91.0,True,False,77.0,64.0,0,1.5447268642044654,21.363,11.637,4.879,1.0,0,3,0.6851565791321443,1.3333333333333337,1.0,3.0,0.4634180592613396,1.0,0.939755652296026
2026-1,Tags 2,4,77.42010416666665,-1.0656246691081632e-14,28.15472074468085,28.15472074468085,28.15472074468085,-4.860576503336004e-15,0,0,0,0,0,0,4,1,1,17.420104166666647,17.420104166666647,22.5,0.0,0,0,0,0,86.8,-1.1688067064152732e-14,32.6,-2.2267158016781103e-15,64.3,-8.691606854378891e-15,-3.4693771706650844e-15,0.0,0.0,1.0,0.0,60.0,30.0,1.8452792553191488,-1.8452792553191488,7.100000000000001,0.0,1,49.442011583557,21.189433535810146,1.501907049018223,3.0,4,1,75.34020812732496,-25.557988416443003,-3.810566464189858,0,0,0.8533666372336189,0,0,7079,1,27.67854880516591,27.67854880516591,1789.0,32.0,1.017092809718887,0,0,106.75,0.0,107.0,True,False,91.0,77.0,0,1.474512006740626,28.484,13.515999999999998,1.879,0.7857142857142857,0,4,0.6851565791321443,0.75,1.0,0.75,0.5898048026962506,1.0,0.939755652296026
2026-1,Tags 2,5,77.42010416666665,-4.822292063407377e-15,28.15472074468085,28.15472074468085,28.15472074468085,-3.371434273386755e-15,0,0,0,0,0,0,5,1,1,17.420104166666647,17.420104166666647,22.5,0.0,0,0,0,0,86.8,-3.627382670784715e-15,32.6,-3.764398267022435e-15,64.3,-3.145486211302101e-15,-4.80122207299609e-16,0.0,0.0,1.0,0.0,60.0,28.0,0.1547207446808514,0.1547207446808514,7.100000000000001,0.0,1,70.71135624381276,21.21340687314383,1.001131381699901,3.0,5,1,77.78249186819403,-29.28864375618724,-3.786593126856172,0,0,0.8363486647396101,0,0,7071,1,27.67854880516591,27.67854880516591,1789.0,32.0,1.0182435299109036,0,0,106.75,0.0,125.0,True,False,107.0,91.0,0,1.4042971492767868,35.605000000000004,14.394999999999998,0.8789999999999996,0.66,1,5,0.6851565791321443,0.8888888888888886,0.6666666666666664,0.8888888888888886,0.7021485746383935,1.0,0.939755652296026
2026-1,Tags 2,6,77.42010416666665,-3.280471822643205e-15,28.154720744680848,28.15472074468085,28.15472074468085,-1.3488542533772617e-15,0,0,0,0,0,0,6,1,1,17.420104166666647,17.420104166666647,22.5,0.0,0,0,0,0,86.8,-5.226196707538049e-15,32.6,-3.003278291787231e-16,64.3,-1.2637676618891284e-15,-6.929659921216828e-16,0.0,0.0,1.0,0.0,60.0,28.0,0.1547207446808514,0.1547207446808514,7.100000000000001,3.891802844472395e-15,1,106.20220900594732,35.40073633531578,1.6687907108467857,2.509204191447182,5,0,89.90663196270674,-28.79779099405268,0.4007363353157771,0,0,0.7481724443531816,0,0,7062,1,27.67854880516591,27.67854880516591,1789.0,32.0,1.0195412064570943,0,0,106.75,0.0,145.0,True,False,125.0,107.0,0,1.3808921967888406,42.726000000000006,16.273999999999997,1.879,0.559322033898305,1,6,0.6851565791321443,1.1250000000000002,1.0,0.75,0.8285353180733043,1.0,0.939755652296026
2026-1,Tags 2,7,77.42010416666665,2.54453727244602e-15,28.154720744680848,28.15472074468085,28.15472074468085,-3.895921039444663e-16,0,0,0,0,0,0,7,1,1,17.420104166666647,17.420104166666647,22.5,0.0,0,0,0,0,86.8,2.981360072665549e-15,32.6,1.656277457553702e-15,64.3,-1.585001016368459e-15,1.2138620989631208e-15,0.0,0.0,1.0,0.0,60.0,28.0,0.1547207446808514,0.1547207446808514,7.100000000000001,3.837369354665453e-15,1,141.80374361883153,35.45093590470788,1.0014180374361883,1.6730478351295142,5,0,92.35117756688608,-28.196256381168467,0.4509359047078831,0,0,0.7317136686858242,0,0,7052,1,27.67854880516591,27.67854880516591,1338.964730538922,32.0,1.0209869540555871,0,0,124.99,-42.010000000000005,124.99,False,False,145.0,125.0,0,1.3842357614299756,49.84700000000001,19.153,2.879,0.4782608695652174,1,7,0.6851565791321443,1.1111111111111107,1.2499999999999998,1.1111111111111107,0.9689650330009828,1.0,0.939755652296026
2026-1,Tags 2,8,77.42010416666665,6.19100399074924e-15,28.15472074468085,28.15472074468085,28.15472074468085,2.560235073882277e-15,0,0,0,0,0,0,8,1,1,22.420104166666647,22.420104166666647,22.5,0.0,0,0,0,0,86.8,3.730138838203249e-15,32.6,2.821334018596945e-15,64.3,1.0375528248368057e-15,1.5927353798953544e-15,0.0,0.0,1.0,0.0,55.0,28.0,0.1547207446808514,0.1547207446808514,7.100000000000001,0.0,1,177.45599091425328,35.49119818285065,1.0011357183418512,1.6730550823395796,6,1,75.8221052088173,-42.54400908574672,-14.508801817149347,0,0,0.7094200947647007,0,0,7044,1,27.67854880516591,27.67854880516591,1323.316399199418,32.0,1.0221465076660987,0,0,124.99,-49.9783406113537,142.0216593886463,False,True,124.99,145.0,0,1.3516360061789072,56.968,20.032,0.8789999999999996,0.4285714285714285,1,8,0.6851565791321443,0.8,0.8888888888888886,1.0,1.081308804943126,1.0,0.939755652296026
2026-1,Tags 2,9,77.42010416666665,2.917569773198844e-15,28.15472074468085,28.15472074468085,28.15472074468085,1.0383261863092424e-15,0,0,0,1,1,1,9,1,1,22.420104166666647,22.420104166666647,22.5,0.0,0,0,0,0,86.8,-6.967445516541837e-16,32.6,1.926709849426818e-15,64.3,2.4487606206954734e-15,5.833989137158367e-16,0.0,0.1111111111111111,1.0,0.0,55.0,25.0,3.1547207446808514,3.1547207446808514,7.100000000000001,0.0,0,213.3409187882236,35.55681979803726,1.0018489546294975,1.0044090456549564,7,1,75.064397351412,-56.65908121177642,-14.44318020196274,0,0,0.6859103822816291,1,0,7031,1,27.67854880516591,27.67854880516591,1310.0124724096866,32.0,1.0240364101834731,0,0,124.99,-58.902882096069874,161.09711790393013,False,True,142.0216593886463,124.99,0,1.4042971492767868,64.089,25.910999999999994,5.879,0.3666666666666666,1,9,0.8255862940598229,1.6250000000000009,1.3000000000000007,1.4444444444444449,1.263867434349108,1.0,0.939755652296026
2026-1,Tags 2,10,77.42010416666665,5.929324924733543e-15,28.15472074468085,28.15472074468085,28.15472074468085,1.0489235393749254e-15,0,0,0,2,1,1,10,1,1,22.420104166666647,22.420104166666647,22.5,0.0,0,0,0,0,86.8,3.621045517473897e-15,32.6,4.151382088140757e-16,64.3,2.5895147748354027e-15,-1.8871550300651995e-16,0.0,0.2,1.0,0.0,55.0,25.0,3.1547207446808514,3.1547207446808514,7.100000000000001,0.0,0,256.3007261853909,42.716787697565145,1.2013669372063225,1.2049551473729176,8,1,74.43076644272715,-73.69927381460911,-17.283212302434855,0,0,0.6520156623248404,2,0,7023,1,27.67854880516591,27.67854880516591,1299.3876496378527,32.0,1.0252029047415634,0,0,124.99,-68.14615720524017,180.85384279475983,False,True,161.09711790393013,142.0216593886463,0,1.376211206291251,71.21,26.789999999999992,0.8789999999999996,0.336734693877551,1,10,0.8255862940598229,0.6153846153846151,1.0,0.8,1.3762112062912513,1.0,0.939755652296026
2026-1,Tags 2,11,77.42010416666665,1.130364682040006e-15,28.154720744680848,28.15472074468085,28.15472074468085,1.302138512516356e-15,0,0,0,3,1,1,11,1,1,22.420104166666647,22.420104166666647,22.5,0.0,0,0,0,0,86.8,-4.780300776693633e-15,32.6,9.227997508175206e-16,64.3,2.586988526354164e-15,9.90452133024727e-16,0.0,0.2727272727272727,1.0,0.0,55.0,25.0,3.1547207446808514,3.1547207446808514,7.100000000000002,3.726117541341096e-15,0,299.6147809958625,42.802111570837496,1.0019974318733058,1.2059922956199174,9,1,74.08057771875721,-90.38521900413753,-17.197888429162504,0,0,0.632385562576103,3,0,7009,1,27.67854880516591,27.67854880516591,1289.9554885564742,32.0,1.0272506777000998,0,0,124.99,-78.66436681222709,203.3356331877729,False,True,180.85384279475983,161.09711790393013,0,1.429829824718183,78.33099999999999,33.66899999999999,6.879,0.2946428571428571,1,11,0.9660160089875016,1.7500000000000002,1.0769230769230764,1.7500000000000002,1.5728128071900014,1.0,0.939755652296026
2026-1,Tags 2,12,77.42010416666665,-2.675605527985585e-16,28.154720744680848,28.15472074468085,28.15472074468085,1.3229991297389886e-15,0,0,0,4,1,1,12,1,1,22.420104166666647,22.420104166666647,22.5,0.0,0,0,0,0,86.8,5.750770099106333e-16,32.6,1.2743436555537021e-15,64.3,2.500081457902131e-15,6.067178005271581e-16,0.0,0.3333333333333333,1.0,0.0,55.0,25.0,3.1547207446808514,3.1547207446808514,7.100000000000001,3.710688416924011e-15,0,349.95000714183686,49.99285816311956,1.1679998095510165,1.4059991429795746,10,1,73.74722865677575,-110.04999285816314,-20.007141836880443,0,0,0.6066185425254523,4,0,7001,1,27.67854880516591,27.67854880516591,1282.0976084470954,32.0,1.0284245107841736,0,0,124.99,-89.82004366812228,227.1799563318777,False,True,203.3356331877729,180.85384279475983,0,1.4042971492767868,85.45199999999998,34.54799999999999,0.8789999999999996,0.275,1,12,0.9660160089875016,0.5714285714285714,1.0,0.6153846153846151,1.6851565791321446,1.0,0.939755652296026
2026-1,Tags 2,13,77.42010416666665,4.691331236161485e-16,28.154720744680848,28.15472074468085,28.15472074468085,1.3814364750221513e-15,0,0,0,5,1,1,13,1,1,22.420104166666647,22.420104166666647,22.5,0.0,0,0,0,0,86.8,1.1752006107247913e-15,32.6,8.805487397987455e-16,64.3,3.751150414171871e-16,6.915014398866307e-16,0.0,0.3846153846153846,1.0,0.0,55.0,25.0,3.1547207446808514,3.1547207446808514,7.1000000000000005,3.697781635498623e-15,0,400.4576659038902,50.05720823798627,1.0012871853546912,1.171839244851259,11,1,68.36516865836089,-139.5423340961098,-29.942791762013726,0,0,0.5901826176748608,5,0,6992,1,27.67854880516591,27.67854880516591,1275.3205425917954,32.0,1.0297482837528604,0,0,124.99,-101.93192139737994,253.0680786026201,False,True,227.1799563318777,203.3356331877729,0,1.3934948635131192,92.57299999999998,36.42699999999999,1.879,0.2558139534883721,1,13,0.9660160089875016,1.1250000000000002,0.642857142857143,1.1250000000000002,1.8115433225670552,1.0,0.939755652296026
2026-1,Tags 2,14,77.42010416666665,-1.1536256484809613e-15,28.154720744680848,28.15472074468085,28.15472074468085,-1.1784087075527521e-15,0,0,0,6,1,1,14,1,1,22.420104166666647,22.420104166666647,22.5,0.0,0,0,0,0,86.8,-3.163651978215829e-15,32.6,-2.0809458693257514e-16,64.3,-3.2683870908612468e-15,-5.592533086358858e-16,0.0,0.4285714285714285,1.0,0.0,55.0,25.0,3.1547207446808514,3.1547207446808514,7.1000000000000005,3.6868252213847854e-15,0,450.9663564781675,50.10737294201861,1.0010021474588404,1.1706752565020282,12,1,63.628410085103,-179.03364352183252,-39.892627057981386,0,0,0.5746612518474326,6,0,6985,1,27.67854880516591,27.67854880516591,1269.4671717171718,32.0,1.0307802433786686,0,0,124.99,-115.0,281.0,False,False,253.0680786026201,227.1799563318777,0,1.3641743735831644,99.69399999999996,36.30599999999998,-0.1210000000000004,0.2426470588235294,1,13,0.9660160089875016,0.7777777777777772,0.8749999999999997,0.4999999999999998,1.9098441230164305,0.9285714285714286,0.939755652296026
2026-1,Tags 3,1,69.45625,0.0,25.8770833333333,28.15472074468085,28.15472074468085,0.0,1,1,1,0,0,0,0,0,0,9.456249999999995,9.456249999999995,30.7,0.0,1,0,0,0,85.5,0.0,31.5,0.0,54.8,0.0,0.0,1.0,0.0,0.0,0.0,60.0,30.0,4.1229166666667005,-4.1229166666667005,11.0,0.0,0,7.023458350891979,7.023458350891979,3.0,3.0,1,1,70.23458350891978,-2.9765416491080208,-2.9765416491080208,0,0,0.0,0,0,7119,1,25.24703694540531,25.24703694540531,1789.0,32.0,1.011378002528445,0,0,106.75,0.0,64.0,True,False,669.9717991631799,637.6489644351465,0,1.122491932089238,7.127,0.8730000000000002,0.8730000000000002,3.625,0,1,0.1224919320892381,3.0,3.0,3.0,0.1122491932089238,1.0,0.942331976988915
2026-1,Tags 3,2,67.34895833333334,-4.214583333333308,26.41666666666665,25.8770833333333,28.15472074468085,1.0791666666666984,2,1,1,0,0,0,0,0,0,5.241666666666703,5.241666666666703,27.55,2.9801604548757763,1,0,0,0,76.5,-9.000000000000002,31.7,0.1999999999999969,52.1,-2.700000000000001,2.199999999999999,1.0,0.0,0.0,0.0,60.0,30.0,3.04375,-3.04375,10.0,0.7630860680305069,0,21.102982554867754,14.068655036578503,2.003095104108047,3.0,2,1,70.34327518289251,-8.897017445132246,-5.9313449634214965,0,0,0.7049182120832691,0,0,7108,1,26.22100828687635,26.22100828687635,1789.0,32.0,1.0129431626336522,0,0,106.75,0.0,77.0,True,False,64.0,637.6489644351465,0,1.33295916935597,14.254,4.746,3.873,1.5263157894736843,0,2,0.5434264066227024,1.3749999999999996,3.0,3.0,0.266591833871194,1.0,0.942331976988915
2026-1,Tags 3,3,65.9152777777778,-3.204166666666638,26.684027777777768,26.95625,25.8770833333333,0.6708333333333505,3,1,1,0,0,0,0,0,0,3.047916666666701,3.047916666666701,27.83333333333333,3.256838647298466,1,0,0,0,76.9,-4.29999999999998,32.7,0.6000000000000014,48.5,-3.149999999999995,1.4500000000000004,1.0,0.0,0.0,0.0,60.0,30.0,2.78125,-2.78125,9.766666666666667,0.7110527862366073,0,35.22118906734291,14.088475626937166,1.0014088475626937,3.0,3,1,70.44237813468584,-14.778810932657088,-5.911524373062834,0,0,0.999296529448414,0,0,7098,1,26.430432455202507,26.430432455202507,1789.0,32.0,1.0143702451394758,0,0,106.75,0.0,91.0,True,False,77.0,64.0,0,1.3563444179411626,21.381,7.619000000000001,2.873,1.0,0,3,0.5434264066227024,0.9090909090909092,1.2499999999999996,3.0,0.4069033253823488,1.0,0.942331976988915
2026-1,Tags 3,4,64.92031250000002,-2.4756250000000017,26.73489583333333,27.21875,26.95625,0.3293750000000051,4,1,1,0,0,0,0,0,0,1.935416666666697,1.935416666666697,28.4,3.3213183525459025,1,0,0,0,74.6,-3.2300000000000098,32.3,0.3399999999999942,44.5,-3.450000000000005,0.9699999999999982,1.0,0.0,0.0,0.0,60.0,30.0,3.1125000000000007,-3.1125000000000007,9.525,0.5894185944758685,0,49.400141143260406,14.114326040931546,1.001834862385321,2.0095977417078337,4,1,61.16207951070336,-25.5998588567396,-10.885673959068454,0,0,0.9568501925993012,0,0,7085,1,26.430432455202507,26.0784431033771,1789.0,32.0,1.0162314749470711,0,0,106.75,0.0,107.0,True,False,91.0,77.0,0,1.4732706608671249,28.508,13.492,5.873,0.6904761904761905,0,4,0.8240493896450121,1.3000000000000005,1.181818181818182,1.625,0.58930826434685,1.0,0.942331976988915
2026-1,Tags 3,5,65.98708333333336,-0.1710416666666593,26.53041666666666,26.8875,27.21875,-0.0397916666666628,5,1,1,0,0,0,1,1,1,10.254166666666706,10.254166666666706,27.42,3.736758856746335,0,0,0,0,81.5,-0.99000000000001,30.7,-0.1000000000000037,58.0,-0.1200000000000036,0.2599999999999975,1.0,0.0,0.2,0.0,60.0,28.0,2.2875000000000014,-2.2875000000000014,9.48,0.6852877918355912,0,70.6713780918728,21.20141342756184,1.5021201413427565,1.5069964664310955,5,1,77.73851590106008,-29.328621908127204,-3.798586572438161,0,0,0.8361329032300125,0,0,7075,1,26.430432455202507,25.101328850033624,1789.0,32.0,1.017667844522968,0,0,106.75,0.0,125.0,True,False,107.0,91.0,0,1.4592395117160095,35.635,16.365000000000002,2.873,0.5576923076923077,1,5,0.8240493896450121,0.7692307692307689,1.0,0.9090909090909092,0.7296197558580048,1.0,0.942331976988915
2026-1,Tags 3,6,66.68597524154592,0.5013121118012397,26.26592693236715,25.7125,26.8875,-0.2494435817805314,6,1,1,0,0,0,2,1,1,10.1804347826087,10.1804347826087,29.1,3.755182125938457,0,0,0,0,85.3,0.3342857142857111,31.3,-0.1257142857142856,47.8,-0.6085714285714264,-0.1799999999999992,1.0,0.0,0.3333333333333333,0.0,60.0,28.0,3.0565217391304,-3.0565217391304,9.783333333333331,0.8918656868666226,0,99.06594961788848,28.30455703368242,1.335031606755354,2.009057458250778,6,1,77.12617392775897,-35.93405038211152,-6.695442966317579,0,0,0.7626933857188055,0,0,7066,1,26.430432455202507,24.33855676201715,1789.0,32.0,1.0189640532125672,0,0,106.75,0.0,145.0,True,False,125.0,107.0,0,1.4265001636967398,42.762,18.238000000000003,1.873,0.4754098360655737,1,6,0.8240493896450121,0.9000000000000004,0.6923076923076924,0.9000000000000004,0.855900098218044,1.0,0.942331976988915
2026-1,Tags 3,7,67.29274068322982,0.7683941511387073,26.361270703933744,24.9434782608696,25.7125,-0.0843944099378872,6,1,0,0,0,0,3,1,1,10.933333333333294,10.933333333333294,27.52857142857143,3.7852755215914593,0,0,0,0,79.5,0.1500000000000008,29.6,-0.3035714285714282,61.4,0.7392857142857145,0.1428571428571444,0.8571428571428571,0.0,0.4285714285714285,0.0,60.0,28.0,1.0666666666666984,-1.0666666666666984,9.142857142857142,0.852341899089909,1,127.64146929513544,28.364770954474544,1.0021273578215857,2.009644022124521,7,1,78.06270997975136,-42.35853070486456,-6.635229045525456,0,0,0.7368738046379766,0,0,7051,1,26.430432455202507,26.324704484737424,1285.8303592814373,32.0,1.0211317543610836,0,1,120.03,-46.97,120.03,False,False,145.0,125.0,0,1.5233819078353945,49.889,26.111000000000004,7.873,0.3815789473684211,1,7,1.104672372667321,1.6666666666666663,1.5000000000000002,1.1538461538461535,1.0663673354847762,1.0,0.942331976988915
2026-1,Tags 3,8,69.06838214037928,1.696023738858785,26.284728887218627,26.9333333333333,24.9434782608696,-0.1072908177686687,7,1,1,0,0,0,4,1,1,26.497872340425506,26.497872340425506,25.4125,6.124102375854614,0,0,0,0,85.6,0.569047619047626,29.4,-0.3690476190476178,75.0,2.372619047619047,0.1988095238095247,0.875,0.0,0.5,0.0,55.0,28.0,2.251063829787199,-2.251063829787199,8.7375,0.8182738505278738,0,163.3058790116444,35.50127804600966,1.2515975575120706,1.674476947836789,8,1,72.61625054865611,-56.69412098835559,-14.49872195399034,0,0,0.6902882396196864,0,0,7042,1,26.430432455202507,25.375189468397263,1300.944133915575,32.0,1.022436807725078,0,1,120.03,-52.37938864628819,139.6206113537118,False,True,120.03,145.0,0,1.4908095973060194,57.016,27.984,1.873,0.3411764705882353,1,8,1.104672372667321,0.6000000000000001,1.0,0.9000000000000004,1.1926476778448154,1.0,0.942331976988915
2026-1,Tags 3,9,69.93477939664919,1.707054970963096,26.23488903450167,25.7489361702128,26.9333333333333,-0.105007484068242,7,1,0,0,0,0,5,1,1,21.86595744680849,21.86595744680849,24.311111111111117,6.290655690963613,0,0,0,0,84.2,0.633333333333335,27.7,-0.4883333333333322,68.7,2.5566666666666684,0.2783333333333347,0.7777777777777778,0.0,0.5555555555555556,0.0,55.0,25.0,0.8361702127659996,0.8361702127659996,8.122222222222224,0.7798920956902513,1,199.11819086900869,35.55681979803726,1.0015645000711135,1.2562224434646565,9,1,72.43055884785369,-70.88180913099131,-14.44318020196274,0,0,0.6677591154771056,0,0,7031,1,26.430432455202507,25.364626612141727,1313.7935903136165,32.0,1.0240364101834731,0,1,120.03,-58.437903930131,161.562096069869,False,True,139.6206113537118,120.03,0,1.4966559094523175,64.143,31.857000000000003,3.873,0.3020833333333333,1,9,1.104672372667321,1.2222222222222217,0.7333333333333332,1.2222222222222217,1.3469903185070855,1.0,0.942331976988915
2026-1,Tags 3,10,69.71255145698427,1.120279284519564,26.19181679771817,25.836170212766,25.7489361702128,-0.0998630266588121,7,1,0,0,0,0,6,1,1,12.712500000000006,12.712500000000006,23.74,5.972375902837231,0,0,0,0,76.9,0.2333333333333349,29.4,-0.4296969696969687,58.3,1.943636363636365,0.2709090909090919,0.7,0.0,0.6,0.0,55.0,25.0,0.8041666666666991,0.8041666666666991,7.860000000000001,0.7477984747613848,1,242.13075060532688,42.72895598917533,1.2017091582395671,1.5064093433983765,10,1,72.29394068875624,-87.86924939467312,-17.271044010824667,0,0,0.6346609034566354,0,0,7021,1,26.430432455202507,25.137186019489096,1324.0554625488855,32.0,1.025494943740208,0,1,120.03,-64.71279475982533,184.28720524017467,False,True,161.562096069869,139.6206113537118,0,1.4873018100182405,71.27,34.730000000000004,2.873,0.2735849056603773,1,10,1.104672372667321,0.9090909090909092,1.1111111111111107,0.6666666666666665,1.4873018100182405,1.0,0.942331976988915
2026-1,Tags 3,11,69.57033297436281,0.7691002220789387,26.331954664592278,25.8041666666667,25.836170212766,-0.0048283365570578,7,1,0,0,0,0,7,1,1,13.148148148148096,13.148148148148096,23.25454545454545,5.685493258909242,0,0,0,0,79.9,0.1409090909090929,30.4,-0.3327272727272721,61.5,1.6663636363636374,0.2272727272727269,0.6363636363636364,0.0,0.6363636363636364,0.0,55.0,25.0,2.7333333333332988,2.7333333333332988,7.790909090909091,0.8481197686778496,1,285.2253280091272,42.783799201369085,1.0012835139760412,1.2051340559041643,11,1,72.22051574590081,-104.77467199087278,-17.216200798630915,0,0,0.6158146817925385,0,0,7012,1,27.05432594631847,27.05432594631847,1333.1654151568646,32.0,1.026811180832858,0,1,120.03,-71.85318777292576,210.14681222707424,False,True,184.28720524017467,161.562096069869,0,1.466892865798436,78.39699999999999,36.603,1.873,0.2521739130434782,1,11,1.104672372667321,0.9000000000000004,0.8181818181818185,1.0,1.6135821523782796,1.0,0.942331976988915
2026-1,Tags 3,12,69.06692287355806,0.359272431996995,26.65919373666057,27.7333333333333,25.8041666666667,0.1473193128337839,7,1,0,1,1,1,7,1,0,8.529411764705898,8.529411764705898,22.675,5.69449498341241,1,0,0,0,73.2,-0.1755244755244752,32.8,-0.1716783216783214,56.9,1.2653846153846176,0.3625874125874129,0.5833333333333334,0.0833333333333333,0.5833333333333334,0.0,55.0,25.0,5.258823529411799,5.258823529411799,7.566666666666666,1.3924584399952242,0,328.3369022127052,42.82655246252676,1.0009992862241257,1.2044539614561027,12,1,66.27918833486285,-131.66309778729482,-27.17344753747324,0,0,0.5978562430059107,0,0,7005,1,29.4407961266942,29.4407961266942,1340.7548652073892,32.0,1.0278372591006424,1,1,120.03,-79.42633187772924,237.5736681222708,False,True,210.14681222707424,184.28720524017467,0,1.4265001636967405,85.52399999999999,36.476,-0.1269999999999997,0.2377049180327868,1,11,1.104672372667321,0.7777777777777775,0.7000000000000001,0.6363636363636364,1.711800196436088,0.9166666666666666,0.942331976988915
2026-1,Tags 3,13,68.9233134217459,0.2207385743638568,26.91617883384053,30.2588235294118,27.7333333333333,0.2258873588750977,7,1,0,2,1,1,8,1,1,12.200000000000005,12.200000000000005,20.930769230769236,5.476596399852796,0,0,0,0,67.2,-0.558791208791209,30.0,-0.1609890109890106,67.2,1.3208791208791226,0.5082417582417587,0.5384615384615384,0.1538461538461538,0.6153846153846154,0.0,55.0,25.0,5.0,5.0,6.984615384615385,1.623545365477909,0,378.625517931133,50.00714387769681,1.1676668095442206,1.1703338572176978,13,1,66.31238325051727,-161.374482068867,-29.992856122303188,0,0,0.5748471972815001,1,0,6999,1,29.4407961266942,29.27331648303086,1347.3004222891936,32.0,1.0287183883411917,2,1,120.03,-87.64860262008733,267.35139737991267,False,True,237.5736681222708,210.14681222707424,0,1.3815285318021393,92.65099999999998,35.349,-1.1269999999999998,0.2265625,1,11,1.104672372667321,0.8571428571428569,0.6666666666666662,0.5999999999999999,1.795987091342781,0.8461538461538461,0.942331976988915
2026-1,Tags 3,14,68.98879103447834,0.2027819045840587,27.0527374885662,30.0,30.2588235294118,0.2353333489903477,7,1,0,3,1,1,9,1,1,14.840000000000003,14.840000000000003,21.214285714285715,5.267444201132305,0,0,0,0,83.7,-0.3123076923076912,32.4,-0.0810989010989027,58.8,1.0780219780219773,0.4538461538461538,0.5,0.2142857142857142,0.6428571428571429,0.0,55.0,25.0,3.828,3.828,6.985714285714286,1.641406036346844,0,429.1231583464455,50.06436847375197,1.0011443284222572,1.1701711724598292,14,1,61.87093156053248,-200.8768416535545,-39.93563152624803,0,0,0.5598398623316376,2,0,6991,1,29.4407961266942,28.17571803761213,1352.9538383838385,32.0,1.029895580031469,3,1,120.03,-96.51999999999998,299.48,False,False,267.35139737991267,237.5736681222708,0,1.363025917536932,99.77799999999998,36.222,0.8730000000000002,0.213235294117647,1,12,1.104672372667321,1.333333333333334,1.1428571428571432,0.8888888888888888,1.908236284551705,0.8571428571428571,0.942331976988915
2026-2,Lags 1,1,80.30689076,0.0,32.48764706,28.15472074468085,28.15472074468085,0.0,0,0,0,1,1,1,1,1,1,10.306890760000002,10.306890760000002,31.7,0.0,0,0,0,0,94.1,0.0,35.4,0.0,62.4,0.0,0.0,0.0,1.0,1.0,0.0,70.0,30.0,2.4876470600000005,2.4876470600000005,5.3,0.0,0,8.949346697691068,8.949346697691068,3.0,3.0,1,1,89.49346697691067,-1.0506533023089322,-1.0506533023089322,0,0,0.0,1,0,11174,0,32.049433839358315,32.049433839358315,1789.0,40.0,0.6443529622337569,1,0,106.75,0.0,64.0,True,False,669.9717991631799,637.6489644351465,0,1.4298480786416443,11.19,4.8100000000000005,4.8100000000000005,3.1875,0,1,0.4298480786416443,3.0,3.0,3.0,0.1429848078641644,1.0,0.922162645218946
2026-2,Lags 1,2,82.905342545,5.196903569999993,32.188539840000004,32.48764706,28.15472074468085,-0.5982144400000006,0,0,0,1,1,0,2,1,1,15.503794330000003,15.503794330000003,29.05,3.67476575551958,0,0,0,0,95.4,1.2999999999999967,37.1,1.69999999999999,69.0,6.59999999999998,-0.9000000000000024,0.0,0.5,1.0,0.0,70.0,30.0,1.889432620000001,1.889432620000001,6.6,0.4230014871277127,1,17.921146953405017,8.960573476702509,1.0012544802867385,3.0,2,1,52.2700119474313,-12.078853046594984,-11.039426523297491,0,0,1.4133265108554771,1,0,11160,0,32.049433839358315,31.575215566139548,1789.0,40.0,0.6451612903225806,2,0,106.75,0.0,77.0,True,False,64.0,637.6489644351465,0,1.3404825737265416,22.38,7.620000000000001,2.8100000000000005,1.7,0,2,0.4298480786416443,0.8749999999999998,3.0,3.0,0.2680965147453083,1.0,0.922162645218946
2026-2,Lags 1,3,82.54000845666667,0.7512247600000045,32.194894616666666,31.88943262,32.48764706,-0.1400214449999993,0,0,0,2,1,1,3,1,1,11.80934028,11.80934028,30.466666666666665,2.674389400828672,0,0,0,0,95.7,0.8000000000000188,36.5,0.5500000000000013,62.4,7.178875080403445e-15,-0.4500000000000041,0.0,0.6666666666666666,1.0,0.0,70.0,30.0,2.207604170000004,2.207604170000004,6.833333333333333,0.299309670100346,0,31.42113295627973,13.466199838405602,1.5028279019660653,3.0,3,1,65.08663255229374,-18.578867043720265,-6.533800161594398,0,0,1.0398785058073112,2,0,11139,0,32.049433839358315,31.806245386952728,1277.857142857143,40.0,0.6463775922434689,3,0,106.75,-26.0,65.0,False,False,77.0,64.0,0,1.5192135835567473,33.57,17.43,9.81,1.0,0,3,0.8766756032171583,1.5000000000000009,1.3125000000000002,3.0,0.4557640750670241,1.0,0.922162645218946
2026-2,Lags 1,4,82.48741085750001,0.2373727849999911,32.122316795,32.20760417,31.88943262,-0.143101964000004,0,0,0,2,1,0,4,1,1,12.32961806,12.32961806,28.9,2.1861621946374923,0,0,0,0,90.9,-0.9300000000000171,36.0,0.119999999999994,66.7,0.6299999999999962,0.0299999999999936,0.0,0.5,1.0,0.0,70.0,30.0,1.9045833300000008,1.9045833300000008,6.575,0.2842434634872586,1,58.41646445582816,26.961445133459154,2.002156915610677,3.0,3,0,92.8671999041371,-16.583535544171838,1.9614451334591545,1,1,0.8531759202634476,2,0,11127,0,32.049433839358315,31.51691835555101,1170.3738317757009,40.0,0.6470746832030196,4,0,106.75,-37.0,70.0,False,False,65.0,77.0,0,1.407506702412869,44.76,18.24,0.8100000000000005,0.8095238095238095,0,4,0.8766756032171583,0.5714285714285713,0.8571428571428574,0.75,0.5630026809651474,1.0,0.922162645218946
2026-2,Lags 1,5,82.303275908,-0.0654485570000126,32.139520102000006,31.90458333,32.20760417,-0.054347675000001,0,0,0,3,1,1,5,1,1,11.566736109999994,11.566736109999994,29.24,1.9375260653946065,0,0,0,0,92.6,-0.7500000000000114,35.2,-0.1500000000000025,62.0,-0.3100000000000049,0.0399999999999969,0.0,0.6,1.0,0.0,70.0,28.0,4.208333330000002,4.208333330000002,6.340000000000001,0.2491496111979821,0,85.52394670507742,27.00756211739287,1.0017104789341014,3.0,3,0,96.77709758732443,-14.47605329492258,2.007562117392869,2,1,0.8360646737325458,3,0,11108,0,32.049433839358315,31.80129646785204,1252.3000000000004,40.0,0.6481814908174289,5,0,106.75,-37.49999999999997,87.50000000000003,False,False,70.0,65.0,0,1.4655942806076854,55.95,26.05,7.81,0.6219512195121951,1,5,0.8766756032171583,1.583333333333333,0.9047619047619044,1.3571428571428572,0.7327971403038427,1.0,0.922162645218946
2026-2,Lags 1,6,81.069622285,-1.094816566571431,32.42388828000001,32.20833333,31.90458333,0.2126883382857129,0,0,0,4,1,1,5,1,0,4.901354170000005,4.901354170000005,31.28333333333333,3.483477195635555,1,0,0,0,92.6,-0.5914285714285685,39.0,0.3371428571428571,51.1,-2.0914285714285694,0.1371428571428558,0.0,0.6666666666666666,0.8333333333333334,0.0,70.0,28.0,5.845729169999999,5.845729169999999,6.7,0.7313357552877617,0,117.26501894281076,31.571351253833665,1.1689818990919478,2.344488544109688,4,1,88.53341885995684,-17.734981057189245,-3.428648746166335,2,0,0.7787694574547246,3,0,11086,0,33.26771645080347,33.26771645080347,1209.1172413793104,40.0,0.6494677972217211,6,0,106.75,-47.0,98.0,False,False,87.50000000000003,70.0,0,1.5490020851951147,67.14,36.86,10.81,0.4903846153846153,1,6,0.9660411081322612,1.1578947368421058,1.8333333333333337,1.0476190476190477,0.9294012511170688,1.0,0.922162645218946
2026-2,Lags 1,7,80.10449767285715,-1.4081038132142805,32.68658182,33.84572917,32.20833333,0.3299503664285718,0,0,0,5,1,1,5,1,0,4.313749999999999,4.313749999999999,32.528571428571425,4.078288419076655,1,0,0,0,92.5,-0.4821428571428555,38.4,0.4107142857142863,52.5,-2.353571428571424,0.1785714285714305,0.0,0.7142857142857143,0.7142857142857143,0.0,70.0,28.0,6.262743059999998,6.262743059999998,6.842857142857143,0.9637246810367508,0,149.0649561839371,31.619839190532115,1.0015358207606828,1.1727798355768362,5,1,89.01383301536352,-20.935043816062887,-3.3801608094678848,2,0,0.7475179522701229,3,0,11069,0,33.66674562890851,33.66674562890851,1087.3263473053892,40.0,0.6504652633480893,7,0,101.5,-65.5,101.5,False,False,98.0,87.50000000000003,1,1.5447465849610622,78.33,42.67,5.8100000000000005,0.4214876033057851,1,7,0.9660411081322612,0.7727272727272726,0.8947368421052634,1.4166666666666667,1.0813226094727435,1.0,0.922162645218946
2026-2,Lags 1,8,79.19561081124999,-1.5446604498809486,32.86691360625,34.26274306,33.84572917,0.3401881017857165,0,0,0,6,1,1,5,1,0,7.83340278,7.83340278,33.825,4.56781968774671,1,0,0,0,91.3,-0.4964285714285697,38.5,0.4154761904761915,48.4,-2.6083333333333294,0.2226190476190475,0.0,0.75,0.625,0.0,65.0,28.0,6.129236110000001,6.129236110000001,6.9,1.0277358290669003,0,180.99547511312213,31.67420814479638,1.0017194570135748,1.172790346907994,6,1,72.8095433977787,-39.00452488687782,-18.32579185520362,2,0,0.716414393023617,3,0,11050,0,33.66674562890851,33.497474146529214,1034.265625,40.0,0.6515837104072398,8,0,101.5,-81.0,111.0,False,False,101.5,98.0,1,1.5638963360142986,89.52,50.48,7.81,0.3642857142857142,1,8,0.9660411081322612,1.117647058823529,0.8636363636363633,1.0,1.2511170688114388,1.0,0.922162645218946
2026-2,Lags 1,9,78.42568569,-1.5432173876666646,33.04066317444445,34.12923611,34.26274306,0.3423814121666677,0,0,0,7,1,1,5,1,0,7.266284720000002,7.266284720000002,35.06666666666667,4.857151103608172,1,0,0,0,91.6,-0.4499999999999944,39.3,0.4433333333333349,46.6,-2.6733333333333293,0.1950000000000002,0.0,0.7777777777777778,0.5555555555555556,0.0,65.0,25.0,9.43065972,9.43065972,7.088888888888889,1.0935771712980085,0,212.9587675577708,31.717263253285,1.0013593112822836,1.0046216583597642,7,1,71.15407206027957,-57.04123244222927,-18.282736746715,2,0,0.6873631726846212,3,0,11035,0,33.781916647979024,33.781916647979024,975.818181818182,40.0,0.6524694154961486,9,0,101.5,-100.0,120.0,False,False,111.0,101.5,1,1.5390725846489923,100.71,54.290000000000006,3.810000000000001,0.3290322580645161,1,9,0.9660411081322612,0.7894736842105263,0.8823529411764703,0.6818181818181815,1.3851653261840928,1.0,0.922162645218946
2026-2,Lags 1,10,77.83759904,-1.4431144546666668,33.205063477,34.43065972,34.12923611,0.3386775556969703,0,0,0,8,1,1,5,1,0,7.544819189999998,7.544819189999998,35.45,4.942575424681581,1,0,0,0,89.1,-0.5381818181818212,40.5,0.4987878787878788,50.2,-2.364242424242423,0.1703030303030297,0.0,0.8,0.5,0.0,65.0,25.0,9.684666200000002,9.684666200000002,7.359999999999999,1.1546889715852524,0,249.54627949183305,36.29764065335753,1.144412756028001,1.147938812548613,8,1,68.05807622504537,-80.45372050816698,-23.702359346642467,2,0,0.6534336426628613,3,0,11020,0,34.04061819514669,34.04061819514669,919.6465863453816,40.0,0.6533575317604355,10,0,101.5,-121.0,128.0,False,False,120.0,111.0,1,1.519213583556747,111.9,58.10000000000001,3.810000000000001,0.3,1,10,0.9660411081322612,1.0,0.7894736842105263,0.8823529411764703,1.5192135835567473,1.0,0.922162645218946
2026-2,Lags 1,11,77.07416831909092,-1.4640512014545437,33.43479571181818,34.6846662,34.43065972,0.368874284181818,0,0,0,9,1,1,5,1,0,4.439861109999995,4.439861109999995,35.33636363636364,5.328905869660788,1,0,0,0,84.3,-0.7799999999999992,41.8,0.5654545454545447,50.1,-2.092727272727272,0.1990909090909092,0.0,0.8181818181818182,0.4545454545454545,0.0,65.0,25.0,10.732118059999998,10.732118059999998,7.6,1.3343619658288617,0,286.25954198473283,36.350418029807344,1.0014540167211925,1.1476346263696318,9,1,66.99195630493341,-103.74045801526717,-23.649581970192656,2,0,0.630463526296207,3,0,11004,0,34.99797953597436,34.99797953597436,926.2198581560284,40.0,0.6543075245365322,11,0,101.5,-136.0,146.0,False,False,128.0,120.0,1,1.5110894467462834,123.09,62.91000000000001,4.8100000000000005,0.2741935483870967,1,11,0.9660411081322612,1.0666666666666669,1.0666666666666669,0.8421052631578949,1.6621983914209115,1.0,0.922162645218946
2026-2,Lags 1,12,76.3968417925,-1.4388054749300667,33.6318902825,35.73211806,34.6846662,0.3747161743007001,0,0,0,10,1,1,5,1,0,3.9462500000000063,3.9462500000000063,35.275,5.596510107325661,1,0,0,0,83.5,-0.9202797202797194,41.5,0.5706293706293711,48.9,-1.9017482517482471,0.1849650349650345,0.0,0.8333333333333334,0.4166666666666667,0.0,65.0,25.0,10.79993056,10.79993056,7.824999999999999,1.4438876237777354,0,323.138539959949,36.40997633351538,1.001638448935008,1.147954539543835,10,1,61.1308802959837,-136.861460040051,-33.59002366648462,2,0,0.6093795525229867,3,0,10986,0,35.052140145487606,35.052140145487606,965.0441640378548,40.0,0.6553795740032768,12,0,101.5,-146.00000000000003,170.99999999999997,False,False,146.0,128.0,1,1.5192135835567473,134.28,69.72000000000001,6.8100000000000005,0.25,1,12,0.9660411081322612,1.1249999999999996,1.1999999999999995,1.1999999999999995,1.8230563002680964,1.0,0.922162645218946
2026-2,Lags 1,13,75.91667874846154,-1.3362741777472482,33.6744265,35.79993056,35.73211806,0.3126496587362642,0,0,0,11,1,1,5,1,0,5.1547222199999965,5.1547222199999965,35.14615384615385,5.630993109697917,1,0,0,0,83.1,-0.9879120879120848,40.4,0.5186813186813198,49.5,-1.7038461538461538,0.1340659340659342,0.0,0.8461538461538461,0.3846153846153846,0.0,65.0,25.0,9.18486111,9.18486111,8.015384615384615,1.3908984392518866,0,360.0729261622607,36.46308113035551,1.0014585232452142,1.0045578851412944,11,1,56.12951146223708,-179.92707383773927,-43.53691886964449,2,0,0.5900498171526951,3,0,10970,0,35.052140145487606,33.48515785384705,919.6971830985916,40.0,0.6563354603463992,13,0,101.5,-172.49999999999997,182.50000000000003,False,False,170.99999999999997,146.0,1,1.5123393139478931,145.47,74.53000000000002,4.8100000000000005,0.2318181818181818,1,13,0.9660411081322612,0.8888888888888892,1.0,1.0666666666666669,1.9660411081322613,1.0,0.922162645218946
2026-2,Lags 1,14,75.57205564,-1.2068685855824208,33.68301628285714,34.18486111,35.79993056,0.2535556401318671,0,0,0,12,1,1,5,1,0,6.091955229999996,6.091955229999996,35.642857142857146,5.561628473683842,1,0,0,0,88.4,-0.8507692307692308,41.3,0.4969230769230756,46.3,-1.6221978021978023,0.0610989010988991,0.0,0.8571428571428571,0.3571428571428571,0.0,65.0,25.0,8.794683460000002,8.794683460000002,8.335714285714285,1.3367184380764188,0,401.5331264829349,41.0658879357547,1.1262319766380728,1.1297225771126118,12,1,54.68209063755697,-228.46687351706515,-48.9341120642453,2,0,0.5686857635781729,3,0,10958,0,35.052140145487606,33.12248787775496,946.4532828282828,40.0,0.6570542069720752,14,0,101.5,-186.5,209.5,False,False,182.50000000000003,170.99999999999997,1,1.4809140814502746,156.66,75.34000000000002,0.8100000000000005,0.2198275862068965,1,14,0.9660411081322612,0.75,0.6666666666666669,0.75,2.073279714030384,1.0,0.922162645218946
2026-2,Lags 2,1,74.14579861,0.0,34.16107639,28.15472074468085,28.15472074468085,0.0,0,0,0,1,1,1,0,0,0,4.14579861,4.14579861,43.3,0.0,1,0,0,0,91.6,0.0,39.8,0.0,48.3,0.0,0.0,0.0,1.0,0.0,0.0,70.0,30.0,4.161076389999998,4.161076389999998,9.9,0.0,0,8.957362952346829,8.957362952346829,3.0,3.0,1,1,89.57362952346828,-1.0426370476531712,-1.0426370476531712,0,0,0.0,0,0,11164,0,33.56175376963935,33.56175376963935,1313.796875,40.0,0.6449301325689717,1,1,106.75,-17.0,47.0,False,False,669.9717991631799,637.6489644351465,0,2.323503127792672,11.19,14.81,14.81,2.5384615384615383,0,1,1.323503127792672,3.0,3.0,3.0,0.2323503127792672,1.0,0.915996425379804
2026-2,Lags 2,2,74.657628285,1.0236593499999864,34.290162935,34.16107639,28.15472074468085,0.2581730899999931,0,0,0,2,1,1,0,0,0,5.169457960000003,5.169457960000003,41.45,0.7238364680100153,1,0,0,0,92.5,0.8999999999999987,40.7,0.8999999999999971,52.9,4.599999999999996,0.2000000000000009,0.0,1.0,0.0,0.0,70.0,30.0,4.419249479999998,4.419249479999998,10.25,0.1825559426588845,0,22.43158366980709,13.458950201884251,1.502557200538358,3.0,2,1,71.03334828772245,-7.56841633019291,-6.541049798115747,0,0,1.0588519579382945,0,0,11145,0,33.84326112230369,33.84326112230369,1219.7727272727273,40.0,0.6460296096904441,2,1,106.75,-24.5,52.5,False,False,47.0,637.6489644351465,0,2.0107238605898123,22.38,22.62,7.81,1.4666666666666666,0,2,1.323503127792672,0.7307692307692304,3.0,3.0,0.4021447721179624,1.0,0.915996425379804
2026-2,Lags 2,3,74.07440265333334,-0.618923609999998,34.44111556666667,34.41924948,34.16107639,0.2909722200000003,0,0,0,3,1,1,0,0,0,2.907951389999994,2.907951389999994,37.2,1.1324425056088114,1,0,0,0,84.1,-3.749999999999993,40.5,0.3500000000000069,55.4,3.550000000000004,0.6500000000000019,0.0,1.0,0.0,0.0,70.0,30.0,4.743020829999999,4.743020829999999,9.933333333333334,0.2915877691558998,0,44.94786048184106,22.47393024092053,1.6698130169003955,3.0,2,0,101.1326860841424,-5.052139518158938,2.473930240920531,1,1,0.8205391373739259,0,0,11124,0,34.107619551695166,34.107619551695166,1238.5384615384614,40.0,0.6472491909385113,3,1,106.75,-28.0,63.0,False,False,52.5,47.0,0,1.966041108132261,33.57,32.43,9.81,1.0,0,3,1.323503127792672,1.1052631578947372,0.8076923076923076,3.0,0.5898123324396782,1.0,0.915996425379804
2026-2,Lags 2,4,73.61298081,-0.8012756560000093,34.511010285,34.74302083,34.41924948,0.200262549999993,0,0,0,4,1,1,0,0,0,2.228715280000003,2.228715280000003,34.575,1.306365628640605,1,0,0,0,82.1,-3.690000000000015,39.6,-0.0800000000000058,55.4,2.379999999999997,0.4999999999999964,0.0,1.0,0.0,0.0,70.0,30.0,4.720694440000003,4.720694440000003,9.55,0.2760858043274364,0,67.51282743721308,22.504275812404355,1.0013502565487442,2.512377351696822,3,1,90.01710324961743,-7.487172562786924,-2.495724187595645,1,0,0.8530513132012343,0,0,11109,0,34.107619551695166,34.06831769640258,1220.5327102803735,40.0,0.6481231433972455,4,1,106.75,-34.0,73.0,False,False,63.0,52.5,0,1.8096514745308312,44.76,36.24,3.810000000000001,0.8148148148148148,0,4,1.323503127792672,0.7142857142857141,0.7894736842105263,0.5769230769230766,0.7238605898123325,1.0,0.915996425379804
2026-2,Lags 2,5,73.760162426,-0.2534562120000049,34.297072115999995,34.72069444,34.74302083,-0.1138068940000034,0,0,0,5,1,1,0,0,0,4.348888889999998,4.348888889999998,32.88,1.1782425502467768,1,0,0,0,83.3,-2.700000000000006,38.7,-0.3300000000000008,57.2,2.0299999999999985,0.1899999999999989,0.0,1.0,0.0,0.0,70.0,28.0,5.441319440000001,5.441319440000001,9.32,0.5348039166729314,0,90.19572472264817,22.54893118066204,1.0019843059438984,1.6753855867231895,4,1,90.19572472264817,-9.804275277351849,-2.451068819337962,1,0,0.8191762338210814,0,0,11087,0,34.107619551695166,32.85304521451535,1180.7399999999996,40.0,0.6494092180030666,5,1,106.75,-42.50000000000003,82.49999999999997,False,False,73.0,63.0,0,1.8409294012511173,55.95,47.05,10.81,0.6407766990291263,1,5,1.323503127792672,1.4666666666666672,1.0476190476190477,1.1578947368421058,0.9204647006255584,1.0,0.915996425379804
2026-2,Lags 2,6,73.77370420166666,-0.1332248848571411,34.160239354999995,33.44131944,34.72069444,-0.1823177345714287,0,0,0,6,1,1,0,0,0,3.8414130799999953,3.8414130799999953,32.7,1.0543740720915231,1,0,0,0,85.8,-1.6742857142857146,39.6,-0.2257142857142857,54.0,1.182857142857143,0.0028571428571431,0.0,1.0,0.0,0.0,70.0,28.0,5.476075549999997,5.476075549999997,9.4,0.5840816812127098,0,117.43450767841011,27.100271002710027,1.2018428184281842,1.2058536585365855,5,1,82.20893496412918,-17.565492321589886,-7.899728997289973,1,0,0.7537446346836474,0,0,11070,0,34.107619551695166,32.87504120504219,1079.5689655172414,40.0,0.6504065040650406,6,1,106.75,-57.5,87.5,False,False,82.49999999999997,73.0,0,1.7873100983020551,67.14,52.86000000000001,5.8100000000000005,0.55,1,6,1.323503127792672,0.7727272727272726,1.1333333333333335,0.8095238095238095,1.0723860589812333,1.0,0.915996425379804
2026-2,Lags 2,7,73.62678118142857,-0.1934578182142824,34.05315655,33.47607555,33.44131944,-0.194260687857144,0,0,0,7,1,1,0,0,0,2.745243060000007,2.745243060000007,32.728571428571435,1.0380391067040302,1,0,0,0,88.9,-0.7964285714285732,39.3,-0.1964285714285697,56.0,0.9678571428571424,-0.1928571428571423,0.0,1.0,0.0,0.0,70.0,28.0,5.410659719999998,5.410659719999998,9.585714285714287,0.603787985825238,0,140.2207345757192,22.616247512212773,0.8345395332006513,1.004975574452687,6,1,73.55031753971718,-29.7792654242808,-12.383752487787229,1,0,0.741103632169642,0,0,11054,0,34.107619551695166,32.7831868529246,1087.3263473053892,40.0,0.6513479283517278,7,1,101.5,-65.5,101.5,False,False,87.5,82.49999999999997,1,1.7362440954934253,78.33,57.67000000000001,4.8100000000000005,0.4852941176470588,1,7,1.323503127792672,0.9411764705882352,0.7272727272727271,1.0666666666666669,1.2153708668453975,1.0,0.915996425379804
2026-2,Lags 2,8,72.97833370750001,-0.5612701947619014,33.987280209999994,33.41065972,33.47607555,-0.1734246852380906,0,0,0,8,1,1,0,0,0,3.439201389999994,3.439201389999994,33.7375,2.0706197210071053,1,0,0,0,87.6,-0.4726190476190435,39.7,-0.1345238095238085,46.8,0.030952380952384,-0.2833333333333311,0.0,1.0,0.0,0.0,65.0,28.0,5.526145829999997,5.526145829999997,9.8125,0.5892346552437979,0,158.5001358572593,18.11430124082964,0.8009419436645232,0.8033330314283127,7,1,54.13705939020674,-61.49986414274071,-31.885698759170364,1,0,0.7244867889244889,0,0,11041,0,34.107619551695166,32.79002573034508,978.359375,40.0,0.6521148446698669,8,1,101.5,-87.0,105.0,False,False,101.5,87.5,1,1.6644325290437891,89.52,59.48,1.8100000000000005,0.4429530201342282,1,8,1.323503127792672,0.8125000000000002,0.7647058823529413,0.5909090909090909,1.3315460232350311,1.0,0.915996425379804
2026-2,Lags 2,9,72.3906909188889,-0.7454748094999974,33.96311095777777,33.52614583,33.41065972,-0.1358988309999988,0,0,0,9,1,1,0,0,0,2.689548610000003,2.689548610000003,33.855555555555554,2.6190550201275618,1,0,0,0,85.4,-0.4366666666666641,39.6,-0.1033333333333297,50.6,-0.1549999999999952,-0.2933333333333319,0.0,1.0,0.0,0.0,65.0,25.0,8.76975694,8.76975694,9.955555555555556,0.5559273053642672,0,176.9349423827239,18.14717357771527,1.0018147173577714,0.6696307050176935,8,1,50.91290364859007,-93.0650576172761,-31.85282642228473,1,0,0.6891157129574773,0,0,11021,0,34.107619551695166,33.01190593711468,951.4227272727272,40.0,0.6532982487977498,9,1,101.5,-103.0,117.0,False,False,105.0,101.5,1,1.6780855922947078,100.71,68.29,8.81,0.3905325443786982,1,9,1.323503127792672,1.538461538461538,1.25,1.1764705882352942,1.5102770330652369,1.0,0.915996425379804
2026-2,Lags 2,10,72.15275029900002,-0.6719492904848461,33.966001250999994,33.76975694,33.52614583,-0.0972589898787873,0,0,0,10,1,1,0,0,0,5.011284720000006,5.011284720000006,34.09,2.5813650579365697,1,0,0,0,86.3,-0.345454545454548,39.7,-0.0763636363636366,50.1,-0.2684848484848456,-0.2606060606060612,0.0,1.0,0.0,0.0,65.0,25.0,8.992013890000003,8.992013890000003,10.04,0.5242129754147364,0,199.9636429740048,22.72314124704599,1.2521586984184692,1.0047264133793856,9,1,49.23347270193298,-130.03635702599527,-37.27685875295401,1,0,0.6502322279230578,0,0,11002,0,34.107619551695166,33.29065421492051,912.4618473895582,40.0,0.6544264679149245,10,1,101.5,-122.0,127.0,False,False,117.0,105.0,1,1.6800714924039322,111.9,76.10000000000001,7.81,0.351063829787234,1,10,1.323503127792672,0.9499999999999996,1.4615384615384608,1.1874999999999998,1.6800714924039322,1.0,0.915996425379804
2026-2,Lags 2,11,71.7472982518182,-0.7066879914545426,34.03427512727272,33.99201389,33.76975694,-0.0388073042727265,0,0,0,11,1,1,0,0,0,2.69277778,2.69277778,34.42727272727273,2.793815669349981,1,0,0,0,86.8,-0.2572727272727238,40.6,-0.0172727272727253,49.0,-0.3681818181818203,-0.2263636363636351,0.0,1.0,0.0,0.0,65.0,25.0,9.717013889999995,9.717013889999995,10.18181818181818,0.5464374284656881,0,227.5002275002275,27.3000273000273,1.2014196014196017,1.507098007098007,10,1,51.91671858338525,-162.4997724997725,-32.699972699972705,1,0,0.6180198987645287,0,0,10989,0,34.107619551695166,33.94849828141923,869.1241134751771,40.0,0.6552006552006552,11,1,101.5,-145.00000000000003,136.99999999999997,False,False,127.0,117.0,1,1.6329514989032416,123.09,77.91000000000001,1.8100000000000005,0.3283582089552239,1,11,1.323503127792672,0.6842105263157898,0.6500000000000001,1.0,1.7962466487935658,1.0,0.915996425379804
2026-2,Lags 2,12,71.68015360583335,-0.5745959838811148,33.99273541749999,34.71701389,33.99201389,-0.0490239462587412,0,0,0,12,1,1,0,0,0,5.941562500000003,5.941562500000003,34.291666666666664,2.6739342686386234,1,0,0,0,85.5,-0.2465034965034961,40.1,-0.0017482517482511,52.7,-0.2692307692307672,-0.201748251748252,0.0,1.0,0.0,0.0,65.0,25.0,8.53579861,8.53579861,10.266666666666666,0.5405141408206766,0,259.6337797212353,31.88485014120433,1.1679420606723148,1.757014667031065,11,1,50.99595597118085,-200.36622027876467,-38.11514985879566,1,0,0.5907925172975618,0,0,10977,0,34.107619551695166,32.862382337849674,860.6388012618296,40.0,0.6559169171904892,12,1,101.5,-164.5,152.5,False,False,136.99999999999997,127.0,1,1.5862377122430742,134.28,78.72000000000001,0.8100000000000005,0.3098591549295774,1,12,1.323503127792672,0.9230769230769228,0.6315789473684211,0.6,1.9034852546916887,1.0,0.915996425379804
2026-2,Lags 2,13,71.78946172153847,-0.4046219377472498,33.90944348461538,33.53579861,34.71701389,-0.0742153575824167,0,0,0,13,1,1,0,0,0,8.101159109999998,8.101159109999998,34.37692307692308,2.590255753328304,1,0,0,0,88.7,-0.1263736263736199,38.0,-0.0615384615384607,53.3,-0.1807692307692282,-0.1901098901098896,0.0,1.0,0.0,0.0,65.0,25.0,7.9099402900000015,7.9099402900000015,10.2,0.5983287898909537,0,292.024091987589,31.940135061142545,1.0017338930461763,1.4056214637707611,12,1,47.00185218984269,-247.97590801241105,-48.05986493885746,1,0,0.5717801364708213,0,0,10958,0,34.107619551695166,32.29569377746894,818.9084507042254,40.0,0.6570542069720752,13,1,101.5,-192.5,162.5,False,False,152.5,136.99999999999997,1,1.594830549254142,145.47,86.53000000000002,7.81,0.2844827586206896,1,13,1.323503127792672,1.583333333333333,1.4615384615384608,1.0,2.073279714030384,1.0,0.915996425379804
2026-2,Lags 2,14,71.89016981285717,-0.2834143136703324,33.850013989999994,32.90994029,33.53579861,-0.0831440839120888,0,0,0,14,1,1,0,0,0,8.199375000000003,8.199375000000003,34.05714285714286,2.5170031659982537,1,0,0,0,88.6,-0.050109890109895,36.7,-0.1345054945054955,58.7,0.0342857142857132,-0.160219780219781,0.0,1.0,0.0,0.0,65.0,25.0,8.077430560000003,8.077430560000003,10.007142857142856,0.6163644956112947,0,329.2181069958848,36.57978966620942,1.1452609576066366,1.3399176954732512,13,1,46.45052656026593,-300.7818930041152,-53.42021033379058,1,0,0.5505250330026188,0,0,10935,0,34.107619551695166,32.46410299488208,779.2992424242424,40.0,0.6584362139917695,14,2,101.5,-223.5,172.5,False,False,162.5,152.5,1,1.6277288395250864,156.66,98.34000000000002,11.81,0.2588235294117647,1,14,1.323503127792672,1.2105263157894743,1.9166666666666672,1.7692307692307694,2.278820375335121,1.0,0.915996425379804
2026-2,Lags 3,1,66.39177083,0.0,33.38711806,28.15472074468085,28.15472074468085,0.0,0,0,0,1,1,1,0,0,0,3.608229170000001,-3.608229170000001,44.8,0.0,0,1,1,1,86.5,0.0,40.1,0.0,41.7,0.0,0.0,0.0,1.0,0.0,1.0,70.0,30.0,3.387118059999999,3.387118059999999,11.7,0.0,0,8.932559178204556,8.932559178204556,3.0,3.0,1,1,89.32559178204556,-1.0674408217954436,-1.0674408217954436,0,0,0.0,0,0,11195,0,32.60068337963006,32.60068337963006,1257.8906250000005,39.0,0.643144260830728,1,0,106.75,-18.999999999999982,45.000000000000014,False,False,669.9717991631799,637.6489644351465,0,1.9613087278238388,11.217,10.783,10.783,2.4545454545454546,0,1,0.9613087278238388,3.0,3.0,3.0,0.1961308727823838,1.0,0.838994383525007
2026-2,Lags 3,2,64.844791665,-3.0939583300000058,33.413593750000004,33.38711806,28.15472074468085,0.0529513799999949,0,0,0,2,1,1,0,0,0,6.702187500000001,-6.702187500000001,46.7,2.1877589158516058,0,2,1,1,86.5,-1.204699317990144e-14,39.8,-0.3000000000000138,37.9,-3.8000000000000127,-0.1000000000000053,0.0,1.0,0.0,1.0,70.0,30.0,3.440069440000002,3.440069440000002,11.6,0.037442279871188,0,17.88908765652952,8.94454382826476,1.0013416815742398,3.0,2,1,52.176505664877766,-12.11091234347048,-11.05545617173524,0,0,1.413264850233757,0,0,11180,0,32.60068337963006,32.573466619722325,1161.6883116883116,39.0,0.6440071556350626,2,0,106.75,-27.0,50.0,False,False,45.000000000000014,637.6489644351465,0,1.64928233930641,22.434,14.566,3.783,1.4594594594594594,0,2,0.9613087278238388,0.6818181818181821,3.0,3.0,0.329856467861282,1.0,0.838994383525007
2026-2,Lags 3,3,64.76797453666667,-0.8887152749999874,33.497824073333334,33.44006944,33.38711806,0.1395833300000042,0,0,0,3,1,1,0,0,0,5.385659720000007,-5.385659720000007,44.6,1.5526902944760868,0,3,1,1,84.8,-0.8499999999999915,39.2,-0.4499999999999912,44.4,1.3500000000000063,0.1500000000000034,0.0,1.0,0.0,1.0,70.0,30.0,3.66628472,3.66628472,11.233333333333334,0.1482740849490894,0,31.35357878706441,13.437248051599031,1.5022843321687718,3.0,3,1,64.94669891606199,-18.64642121293559,-6.562751948400967,0,0,1.0399303530096222,0,0,11163,0,32.830792410481926,32.830792410481926,1081.263736263736,39.0,0.6449879064767535,3,0,106.75,-36.00000000000001,54.99999999999999,False,False,50.0,45.000000000000014,0,1.6047071409467772,33.651,20.349,5.783,1.0,0,3,0.9613087278238388,1.1333333333333326,0.7727272727272727,3.0,0.4814121422840332,1.0,0.838994383525007
2026-2,Lags 3,4,65.516657985,0.5429340279999793,33.61658854,33.66628472,33.44006944,0.1983506919999932,0,0,0,4,1,1,0,0,0,2.2372916700000047,-2.2372916700000047,43.125,1.9619732559186391,0,4,1,1,84.4,-0.8000000000000128,39.6,-0.2100000000000032,45.7,1.8499999999999903,0.3999999999999948,0.0,1.0,0.0,1.0,70.0,30.0,3.9728819400000006,3.9728819400000006,10.925,0.2666023199738974,0,44.87121959974872,13.461365879924616,1.0017948487839898,1.5069999102575606,4,1,56.83687815968172,-30.12878040025128,-11.538634120075384,0,0,0.9456939510816816,0,0,11143,0,33.21459587468386,33.21459587468386,1036.6168224299065,39.0,0.6461455622363815,4,0,106.75,-45.0,62.0,False,False,54.99999999999999,50.0,0,1.64928233930641,44.868,29.132,8.783,0.7297297297297297,0,4,0.9613087278238388,1.176470588235294,1.3333333333333324,0.909090909090909,0.659712935722564,1.0,0.838994383525007
2026-2,Lags 3,5,65.63648610999999,0.3912951389999907,33.784270832000004,33.97288194,33.66628472,0.2668576379999984,0,0,0,5,1,1,0,0,0,3.884201390000001,-3.884201390000001,41.94,1.7201157491314554,0,5,1,1,83.4,-0.829999999999998,40.2,1.3149277449479335e-16,46.2,1.6799999999999966,0.3500000000000013,0.0,1.0,0.0,1.0,70.0,28.0,6.454999999999998,6.454999999999998,10.88,0.4403343650153413,0,58.45323741007194,13.489208633093526,1.0020683453237411,1.508093525179856,5,1,56.20503597122302,-41.54676258992806,-11.510791366906474,0,0,0.8652742953088087,0,0,11120,0,33.648610865858565,33.648610865858565,1001.84,39.0,0.6474820143884892,5,1,106.75,-55.0,70.0,False,False,62.0,54.99999999999999,0,1.7295176963537489,56.085,40.915,11.783,0.5567010309278351,1,5,1.0504591245431043,1.1500000000000006,1.3529411764705883,1.533333333333333,0.8647588481768744,1.0,0.838994383525007
2026-2,Lags 3,6,66.354421295,0.8389702380000041,33.631163193333336,34.455,33.97288194,0.0212549599999985,0,0,0,6,1,1,0,0,0,0.0559027799999967,-0.0559027799999967,40.6,2.3365838592898758,0,6,1,1,83.6,-0.6914285714285716,39.6,-0.0257142857142835,49.7,1.8914285714285728,0.1285714285714283,0.0,1.0,0.0,1.0,70.0,28.0,4.865625000000001,4.865625000000001,10.933333333333335,0.5438448092234273,0,72.12405337179949,13.523260007212404,1.002524341868013,1.0064010097367473,6,1,46.03155522737202,-62.87594662820051,-21.4767399927876,0,0,0.8002846017502506,0,0,11092,0,33.648610865858565,32.17416355478674,925.3448275862067,39.0,0.6491164803461954,6,2,106.75,-70.0,75.0,False,False,70.0,62.0,0,1.8572999316513623,67.302,57.698,16.783,0.432,1,6,1.496211108139431,1.2173913043478262,1.4000000000000006,1.6470588235294124,1.1143799589908177,1.0,0.838994383525007
2026-2,Lags 3,7,66.89150466857143,0.9271689289285772,33.452229034285715,32.865625,34.455,-0.1209162692857152,0,0,0,7,1,1,0,0,0,0.1140049100000055,0.1140049100000055,39.8,2.562985881235605,1,6,1,0,85.6,-0.353571428571428,38.2,-0.1821428571428549,50.6,1.8607142857142869,0.025,0.0,1.0,0.0,0.8571428571428571,70.0,28.0,4.378624080000002,4.378624080000002,10.785714285714288,0.6859990379132745,0,85.90288452843838,13.563613346595533,1.002983994936251,1.0075956234740937,7,1,44.64214476820659,-84.09711547156162,-21.43638665340447,0,0,0.7472336637503583,0,0,11059,0,33.648610865858565,31.696343671431364,787.3742514970062,39.0,0.6510534406365855,7,3,73.50000000000001,-93.5,73.50000000000001,False,False,75.0,70.0,1,2.012251811663419,78.519,79.481,21.783,0.3417721518987341,1,7,1.941963091735758,1.1785714285714286,1.4347826086956523,1.6500000000000008,1.4085762681643934,1.0,0.838994383525007
2026-2,Lags 3,8,67.40329575125,0.959306674404768,33.36576985000001,32.37862408,32.865625,-0.1382503023809483,0,0,0,8,1,1,0,0,0,5.9858333300000055,5.9858333300000055,38.7,2.779554590572263,1,6,1,0,87.4,-0.0333333333333306,37.0,-0.3321428571428517,56.4,2.176190476190478,-0.0119047619047593,0.0,1.0,0.0,0.75,65.0,28.0,4.76055556,4.76055556,10.5125,0.6805647603025102,0,104.60251046025104,18.19174094960888,1.341216421078164,1.3486143957310048,8,1,41.96503878148411,-115.39748953974896,-31.80825905039112,0,0,0.6918325150594062,0,1,10994,0,33.648610865858565,32.095857183732264,717.4635416666666,39.0,0.6549026741859196,8,4,73.50000000000001,-115.0,77.0,False,False,73.50000000000001,75.0,1,2.4850673085495227,89.736,133.264,53.783,0.242152466367713,1,8,4.7947757867522505,1.9696969696969693,2.321428571428572,2.82608695652174,1.9880538468396185,1.0,0.838994383525007
2026-2,Lags 3,9,68.97670656333334,1.615561159333331,33.12252073111112,32.76055556,32.37862408,-0.2427246829999979,0,0,0,9,1,1,1,1,1,16.56399306,16.56399306,36.05555555555556,5.388949573799288,0,6,1,0,87.7,0.1383333333333377,33.1,-0.6399999999999976,72.8,3.271666666666666,0.0183333333333342,0.0,1.0,0.1111111111111111,0.6666666666666666,65.0,25.0,6.176527780000001,6.176527780000001,9.788888888888888,0.9684025755887364,0,123.77372329696526,18.336847895846702,1.0079765288346931,1.355948779071544,9,1,41.25790776565509,-146.22627670303473,-31.663152104153298,0,0,0.6575113344044267,1,2,10907,0,33.648610865858565,30.77497576157452,699.3363636363637,39.0,0.6601265242504814,9,5,73.50000000000001,-134.0,86.0,False,False,77.0,73.50000000000001,1,3.070735886996919,100.953,209.04700000000005,75.783,0.1741935483870967,1,9,6.75608451457609,1.3384615384615384,2.636363636363636,3.0,2.763662298297227,1.0,0.838994383525007
2026-2,Lags 3,10,69.792942157,1.620172985151517,33.03094226900001,31.17652778,32.76055556,-0.2264789306060606,0,0,0,10,1,1,2,1,1,12.139062499999994,12.139062499999994,35.7,5.698809515687037,0,6,1,0,89.7,0.3272727272727318,37.3,-0.5327272727272709,57.2,2.800000000000001,0.0490909090909076,0.0,1.0,0.2,0.6,65.0,25.0,7.206736110000001,7.206736110000001,9.6,0.9578461783427584,0,143.0549146285187,18.458698661744343,1.006645131518228,1.3608983233348717,10,1,37.057235949714034,-186.9450853714813,-41.54130133825565,0,0,0.6276790377929645,2,3,10835,0,33.648610865858565,31.69536047490519,653.8112449799197,39.0,0.6645131518227965,10,6,73.50000000000001,-158.0,91.0,False,False,86.0,77.0,1,3.405545154675938,112.17,269.83000000000004,60.783,0.1413612565445026,1,10,6.75608451457609,0.8275862068965518,1.1076923076923078,2.181818181818182,3.4055451546759383,1.0,0.838994383525007
2026-2,Lags 3,11,70.78319867818182,1.7102579994545477,32.825237920909096,32.20673611,31.17652778,-0.2727113720000005,0,0,0,11,1,1,3,1,1,15.685763890000004,15.685763890000004,34.845454545454544,6.325778581459431,0,6,1,0,90.8,0.4654545454545455,34.7,-0.5681818181818169,64.5,2.7472727272727284,0.0227272727272718,0.0,1.0,0.2727272727272727,0.5454545454545454,65.0,25.0,5.768194439999999,5.768194439999999,9.290909090909093,1.1363007692894564,0,166.40473329019136,23.111768512526577,1.2520800591661274,1.270453915133586,11,1,40.5937472591813,-223.59526670980864,-36.88823148747342,0,0,0.5955610747438402,3,3,10817,0,33.648610865858565,30.348758405100963,640.7411347517731,39.0,0.6656189331607655,11,6,73.50000000000001,-181.0,101.0,False,False,91.0,86.0,1,3.241832607973287,123.387,276.61300000000006,6.783,0.135,1,11,6.75608451457609,0.2499999999999999,0.2068965517241379,0.2769230769230769,3.566015868770616,1.0,0.838994383525007
2026-2,Lags 3,12,68.72475214500001,0.3655308304195839,32.70010814083334,30.76819444,32.20673611,-0.2675301846503496,0,0,0,12,1,1,3,1,0,18.91815972,-18.91815972,39.583333333333336,9.33938594327718,0,7,1,1,91.7,0.5618881118881136,36.7,-0.4898601398601406,0.0,0.130419580419581,0.0027972027972031,0.0,1.0,0.25,0.5833333333333334,65.0,25.0,6.32368056,6.32368056,9.208333333333334,1.1669143206312296,0,194.480459344323,27.78292276347472,1.2021115021300242,1.515141692906094,12,1,40.98412519456674,-265.519540655677,-42.21707723652528,0,0,0.5683336752105296,3,3,10798,0,33.648610865858565,30.03155449573525,634.897476340694,39.0,0.6667901463233932,12,6,73.50000000000001,-204.5,112.5,False,False,101.0,91.0,1,3.1128346854476834,134.604,284.3960000000001,7.782999999999999,0.1288782816229117,1,12,6.75608451457609,1.0555555555555554,0.2638888888888888,0.218390804597701,3.735401622537221,1.0,0.838994383525007
2026-2,Lags 3,13,66.35078616769232,-0.7302111949450524,32.65515324076924,31.32368056,30.76819444,-0.2294686736813195,0,0,0,13,1,1,3,1,0,27.13680556,-27.13680556,43.4076923076923,12.378196165546411,0,8,1,1,89.3,0.5225274725274723,37.9,-0.3868131868131844,0.0,-1.4554945054945034,-0.0324175824175817,0.0,1.0,0.2307692307692307,0.6153846153846154,65.0,25.0,7.115694439999999,7.115694439999999,9.284615384615384,1.1289318868898952,0,222.5725679310025,27.82157099137532,1.0013910785495688,1.5072336084577576,13,1,37.99705297433202,-317.4274320689975,-52.17842900862469,0,0,0.5494778405408375,3,3,10783,0,33.648610865858565,30.55696484235557,629.9295774647887,39.0,0.6677177037930075,13,6,73.50000000000001,-230.0,125.0,False,False,112.5,101.0,1,2.976251705858552,145.82100000000003,288.1790000000001,3.783,0.1244239631336405,1,13,6.75608451457609,0.7894736842105267,0.8333333333333335,0.2083333333333333,3.869127217616118,1.0,0.838994383525007
2026-2,Lags 3,14,64.68091354428573,-1.2521180053186844,32.598076322857146,32.11569444,31.32368056,-0.2064057061098916,0,0,0,14,1,1,3,1,0,22.02743056,-22.02743056,46.72142857142857,13.433996074890596,0,9,1,1,89.8,0.4971428571428545,37.6,-0.3195604395604403,0.0,-2.4107692307692337,-0.0536263736263741,0.0,1.0,0.2142857142857142,0.6428571428571429,65.0,25.0,6.856076389999998,6.856076389999998,9.328571428571427,1.1054675805864589,0,250.67310370439145,27.852567078265714,1.0011141026831307,1.205124872342401,14,1,35.36833914700408,-379.32689629560855,-62.147432921734286,0,0,0.5322887267280537,3,3,10771,0,33.648610865858565,30.46086452908428,618.921717171717,39.0,0.6684616098783771,14,6,73.50000000000001,-259.0,136.99999999999997,False,False,125.0,112.5,1,2.8400769240565973,157.03800000000004,288.9620000000001,0.7829999999999995,0.1210762331838565,1,14,6.75608451457609,0.7999999999999994,0.6315789473684208,0.6666666666666663,3.976107693679237,1.0,0.838994383525007
2026-2,Tags 1,1,73.78965517,0.0,28.7137931,28.15472074468085,28.15472074468085,0.0,0,0,0,0,0,0,1,1,1,13.789655170000003,13.789655170000003,38.4,0.0,0,0,0,0,86.3,0.0,36.8,0.0,47.9,0.0,0.0,0.0,0.0,1.0,0.0,60.0,30.0,1.2862068999999998,-1.2862068999999998,11.5,0.0,1,6.7631543351819285,6.7631543351819285,3.0,3.0,1,1,67.63154335181929,-3.2368456648180715,-3.2368456648180715,0,0,0.0,0,0,7393,1,28.15233948609013,28.15233948609013,1789.0,30.0,0.9738942242661978,1,0,106.75,0.0,64.0,True,False,669.9717991631799,637.6489644351465,0,1.35080372821829,7.403,2.5969999999999995,2.5969999999999995,3.8,0,1,0.3508037282182898,3.0,3.0,3.0,0.135080372821829,1.0,0.898284479265163
2026-2,Tags 1,2,70.376077585,-6.827155170000018,28.96314655,28.7137931,28.15472074468085,0.4987068999999928,0,0,0,0,0,0,1,1,0,6.962500000000006,6.962500000000006,39.1,4.8275277169197945,1,0,0,0,84.7,-1.6,36.2,-0.5999999999999922,44.9,-3.0000000000000067,-0.1000000000000033,0.0,0.0,0.5,0.0,60.0,30.0,0.7875000000000014,-0.7875000000000014,11.25,0.3526390308145203,1,13.548299688389108,6.774149844194554,1.0016257959626067,3.0,2,1,39.5158740911349,-16.451700311610892,-13.225850155805446,0,0,1.4130639510231102,0,0,7381,1,28.489384737770152,28.489384737770152,1789.0,30.0,0.9754775775640158,2,0,106.75,0.0,77.0,True,False,64.0,637.6489644351465,0,1.485884101040119,14.806,7.194,4.597,1.7272727272727273,0,2,0.6209644738619478,1.1999999999999993,3.0,3.0,0.2971768202080238,1.0,0.898284479265163
2026-2,Tags 1,3,68.29695495,-4.825472744999996,29.257151463333333,29.2125,28.7137931,0.5656840950000014,0,0,0,0,0,0,1,1,0,4.138709680000005,4.138709680000005,38.63333333333333,4.961931551616009,1,0,0,0,82.6,-1.84999999999999,36.5,-0.1499999999999925,44.9,-1.4999999999999971,-0.5499999999999954,0.0,0.0,0.3333333333333333,0.0,60.0,30.0,0.1548387099999999,-0.1548387099999999,11.6,0.5670042418001165,1,27.155465037338764,13.577732518669382,2.004344874405974,3.0,3,1,61.09979633401223,-22.84453496266124,-6.422267481330618,0,0,0.9991891828509468,0,0,7365,1,29.0473212138834,29.0473212138834,1789.0,30.0,0.9775967413441956,3,1,106.75,0.0,91.0,True,False,77.0,64.0,0,1.711018055743167,22.209,15.791,8.597,1.0,0,3,1.1612859651492635,1.3333333333333337,1.5999999999999992,3.0,0.5133054167229502,1.0,0.898284479265163
2026-2,Tags 1,4,68.26785510250001,-1.9651089150000127,29.020641375,29.84516129,29.2125,-0.0575384680000068,0,0,0,0,0,0,1,1,0,8.180555560000002,8.180555560000002,40.025,4.05181815400359,1,0,0,0,82.3,-1.4100000000000166,36.7,-5.047320635469346e-15,38.1,-2.9400000000000137,-0.4300000000000032,0.0,0.0,0.25,0.0,60.0,30.0,1.6888888900000012,-1.6888888900000012,11.825,0.6618740774094785,1,40.83299305839118,13.610997686130393,1.0024499795835031,2.01252211787124,4,1,54.44399074452158,-34.16700694160882,-11.389002313869607,0,0,0.9567424889685998,0,0,7347,1,29.0473212138834,27.62641407996632,1789.0,30.0,0.9799918334013884,3,2,106.75,0.0,107.0,True,False,91.0,77.0,0,1.8911252195056056,29.612,26.388,10.597,0.6785714285714286,0,4,1.4314467107929216,1.1250000000000004,1.5000000000000009,1.8,0.7564500878022422,1.0,0.898284479265163
2026-2,Tags 1,5,69.98666503400001,0.7362554739999903,28.499370242,28.31111111,29.84516129,-0.5500403670000057,0,0,0,0,0,0,2,1,1,16.86190476,16.86190476,37.2,5.204273308344784,0,0,0,0,83.9,-0.7200000000000093,33.4,-0.6300000000000044,58.0,1.339999999999996,-0.4400000000000015,0.0,0.0,0.4,0.0,60.0,28.0,1.5857142899999983,-1.5857142899999983,11.419999999999998,1.2989133694190318,1,68.17562039814563,27.270248159258248,2.003545132260704,3.0,4,0,88.62830651758931,-31.82437960185437,2.270248159258248,1,1,0.8361588092750271,0,0,7334,1,29.0473212138834,25.93845246449796,1789.0,30.0,0.981728933733297,3,2,106.75,0.0,125.0,True,False,107.0,91.0,0,1.86410914494124,37.015,31.985,5.597,0.5507246376811594,1,5,1.4314467107929216,0.7222222222222222,0.8125000000000003,1.083333333333334,0.93205457247062,1.0,0.898284479265163
2026-2,Tags 1,6,68.95208197333334,-0.4660680668571407,28.76058631333333,26.41428571,28.31111111,-0.0904092914285713,0,0,0,1,1,1,2,1,0,3.779166670000002,3.779166670000002,39.53333333333333,5.29997558398814,1,0,0,0,83.2,-0.5200000000000069,37.4,-0.1485714285714306,32.0,-1.342857142857138,-0.3228571428571433,0.0,0.1666666666666666,0.3333333333333333,0.0,60.0,28.0,2.06666667,2.06666667,11.75,1.326327172511115,0,95.58923938276662,27.311211252219035,1.001502116618872,2.011470708725932,5,1,74.41943806821588,-39.41076061723338,-7.688788747780965,1,0,0.8162313722678324,0,0,7323,1,29.25724999539872,29.25724999539872,1789.0,30.0,0.9832036050798852,4,2,106.75,0.0,145.0,True,False,125.0,107.0,0,1.8010716376243865,44.418,35.582,3.5969999999999995,0.475,1,6,1.4314467107929216,0.8461538461538461,0.611111111111111,0.6875000000000002,1.080642982574632,1.0,0.898284479265163
2026-2,Tags 1,7,68.25654645285715,-0.8129441821428536,29.012050172857137,30.06666667,26.41428571,0.1320920875000014,0,0,0,2,1,1,2,1,0,4.083333330000002,4.083333330000002,39.114285714285714,5.176340916203962,1,0,0,0,81.8,-0.5428571428571435,37.6,0.0607142857142853,45.2,-0.7428571428571433,-0.2142857142857126,0.0,0.2857142857142857,0.2857142857142857,0.0,60.0,28.0,2.5208333299999985,2.5208333299999985,11.971428571428572,1.381517878631101,0,123.08533916849017,27.35229759299781,1.0015043763676148,2.009573304157549,6,1,75.27628119081331,-46.91466083150985,-7.647702407002189,1,0,0.7866561238164776,0,0,7312,1,29.71281014043896,29.71281014043896,1229.1608383233531,30.0,0.9846827133479212,5,2,114.74,-52.260000000000005,114.74,False,False,145.0,125.0,0,1.7560448466837768,51.821,39.179,3.5969999999999995,0.4175824175824176,1,7,1.4314467107929216,1.0,0.8461538461538461,0.611111111111111,1.2292313926786438,1.0,0.898284479265163
2026-2,Tags 1,8,67.79374898,-0.8504944366666628,29.2615855675,30.52083333,30.06666667,0.2544183214285727,0,0,0,3,1,1,2,1,0,9.55416667,9.55416667,38.6625,4.967914131620021,1,0,0,0,80.9,-0.5821428571428526,37.8,0.1595238095238118,45.4,-0.4142857142857105,-0.1011904761904744,0.0,0.375,0.25,0.0,55.0,28.0,3.00833333,3.00833333,12.0875,1.4608487274731763,0,157.5774184708139,34.25596053713346,1.2523979172375994,1.256166072896684,7,1,70.06901018959117,-62.42258152918609,-15.74403946286654,1,0,0.7371008157503003,0,0,7298,1,30.205489813986823,30.205489813986823,1199.3379830786023,30.0,0.9865716634694436,6,2,114.74,-63.28401746724893,128.71598253275107,False,True,114.74,145.0,0,1.7729298932865054,59.224,45.776,6.597,0.3619047619047619,1,8,1.4314467107929216,1.272727272727272,1.272727272727272,1.0769230769230764,1.4183439146292045,1.0,0.898284479265163
2026-2,Tags 1,9,68.04999909333334,-0.4415960376666646,29.312613096666663,31.00833333,30.52083333,0.2087093425000024,0,0,0,4,1,1,3,1,1,15.099999999999994,15.099999999999994,38.22222222222221,4.710215127996415,0,0,0,0,82.5,-0.4549999999999941,37.7,0.1883333333333357,47.8,-0.073333333333332,0.0050000000000014,0.0,0.4444444444444444,0.3333333333333333,0.0,55.0,25.0,4.720833330000001,4.720833330000001,12.088888888888889,1.3750466928747165,0,192.07024283166416,34.29825764851145,1.0012347372753465,1.2558307038002468,8,1,69.86682113585667,-77.92975716833584,-15.701742351488548,1,0,0.7119494917318144,1,0,7289,1,30.205489813986823,29.065380101389188,1173.9831337832472,30.0,0.98778982027713,7,2,114.74,-75.6309170305677,144.3690829694323,False,True,128.71598253275107,114.74,0,1.7110180557431671,66.627,47.373,1.5969999999999995,0.3333333333333333,1,9,1.4314467107929216,0.6428571428571431,0.8181818181818182,0.8181818181818182,1.5399162501688504,1.0,0.898284479265163
2026-2,Tags 1,10,68.98700960066667,0.1899358856969669,29.196823861468083,29.72083333,31.00833333,0.0886308480735007,0,0,0,5,1,1,4,1,1,22.420104166666647,22.420104166666647,36.64999999999999,5.338622321169741,0,0,0,0,86.8,-0.1309090909090897,32.6,-0.085454545454545,64.3,1.0042424242424244,0.0533333333333342,0.0,0.5,0.4,0.0,55.0,25.0,3.1547207446808514,3.1547207446808514,11.59,1.3471232926166974,0,226.74178919884568,34.35481654527965,1.0016490311941737,1.256012092895424,9,1,62.98383033301268,-103.25821080115432,-25.64518345472036,1,0,0.6876713271604064,2,0,7277,1,30.205489813986823,27.67854880516591,1153.734166359762,30.0,0.989418716504054,7,2,114.74,-88.41877729257644,160.58122270742356,False,True,144.3690829694323,128.71598253275107,0,1.7020126975550454,74.03,51.97,4.597,0.3015873015873015,1,10,1.4314467107929216,1.3333333333333326,0.857142857142857,1.0909090909090904,1.7020126975550454,1.0,0.898284479265163
2026-2,Tags 1,11,69.75365456121212,0.5257743945454533,29.102087214487423,28.15472074468085,29.72083333,0.019104812564797,0,0,0,6,1,1,5,1,1,22.420104166666647,22.420104166666647,35.36363636363636,5.66709704435258,0,0,0,0,86.8,0.051818181818183,32.6,-0.2309090909090909,64.3,1.5463636363636348,0.0772727272727278,0.0,0.5454545454545454,0.4545454545454545,0.0,55.0,25.0,3.1547207446808514,3.1547207446808514,11.181818181818182,1.3160518242272687,0,268.2255845942228,41.26547455295736,1.2011554332874828,1.2046217331499312,10,1,68.77579092159559,-121.77441540577718,-18.734525447042643,1,0,0.6559272823237199,3,0,7270,1,30.205489813986823,27.67854880516591,1135.758193812134,30.0,0.9903713892709766,7,2,114.74,-102.970480349345,179.029519650655,False,True,160.58122270742356,144.3690829694323,0,1.6332445077548414,81.433,51.567,-0.4030000000000004,0.2857142857142857,1,10,1.4314467107929216,0.5833333333333331,0.777777777777777,0.4999999999999998,1.7965689585303253,0.9090909090909092,0.898284479265163
2026-2,Tags 1,12,70.39252536166667,0.6993052883216789,29.02314000867021,28.15472074468085,28.15472074468085,-0.0217411622504097,0,0,0,7,1,1,6,1,1,22.420104166666647,22.420104166666647,34.291666666666664,5.839025976198975,0,0,0,0,86.8,0.1552447552447573,32.6,-0.3059440559440554,64.3,1.7996503496503504,0.0881118881118896,0.0,0.5833333333333334,0.5,0.0,55.0,25.0,3.1547207446808514,3.1547207446808514,10.841666666666669,1.2842626229919871,0,316.49924315398374,48.16292830604101,1.1671482959497272,1.4042383376909318,11,1,68.80418329434428,-143.50075684601626,-21.83707169395899,1,0,0.6292071141619023,4,0,7267,1,30.205489813986823,27.67854880516591,1120.7825126389596,30.0,0.990780239438558,7,2,114.74,-118.40410480349344,198.5958951965065,False,True,179.029519650655,160.58122270742356,0,1.5309108919807286,88.83600000000001,47.164,-4.4030000000000005,0.2794117647058823,1,10,1.4314467107929216,0.4285714285714279,0.2499999999999995,0.3333333333333325,1.8370930703768744,0.8333333333333334,0.898284479265163
2026-2,Tags 1,13,70.93310834666667,0.7811325772527449,28.95633852682488,28.15472074468085,28.15472074468085,-0.0457115482733219,0,0,0,8,1,1,7,1,1,22.420104166666647,22.420104166666647,33.38461538461538,5.920475362324842,0,0,0,0,86.8,0.2126373626373609,32.6,-0.3412087912087915,64.3,1.8934065934065936,0.0917582417582432,0.0,0.6153846153846154,0.5384615384615384,0.0,55.0,25.0,3.1547207446808514,3.1547207446808514,10.553846153846154,1.252955694126464,0,358.02809143486644,41.31093362709997,0.8577330133375299,1.202478656017626,12,1,58.97008272386956,-181.9719085651336,-38.68906637290003,1,0,0.6200168103883673,5,0,7262,1,30.205489813986823,27.67854880516591,1107.8666656005903,30.0,0.9914624070503992,7,2,114.74,-135.1606113537118,219.8393886462882,False,True,198.5958951965065,179.029519650655,0,1.465102505221376,96.23900000000002,44.761,-2.4030000000000005,0.2695035460992908,1,10,1.4314467107929216,1.666666666666671,0.714285714285715,0.4166666666666669,1.9046332567877888,0.7692307692307693,0.898284479265163
2026-2,Tags 1,14,71.39646519095238,0.8102487995164794,28.899080113814588,28.15472074468085,28.15472074468085,-0.0594726038227745,0,0,0,9,1,1,8,1,1,22.420104166666647,22.420104166666647,32.607142857142854,5.946554678308034,0,0,0,0,86.8,0.2426373626373581,32.6,-0.3536263736263741,64.3,1.898241758241757,0.0914285714285702,0.0,0.6428571428571429,0.5714285714285714,0.0,55.0,25.0,3.1547207446808514,3.1547207446808514,10.307142857142855,1.2227166274618002,0,406.44805731606505,48.22265086800772,1.1673096353449068,1.168595572701387,13,1,59.04814392000945,-223.55194268393493,-41.77734913199228,1,0,0.597601361792494,6,0,7258,1,30.205489813986823,27.67854880516591,1096.711212121212,30.0,0.9920088178561588,7,2,114.74,-153.24,242.76,False,False,219.8393886462882,198.5958951965065,0,1.3990467185118,103.64200000000002,41.358,-3.4030000000000005,0.2620689655172414,1,10,1.4314467107929216,0.7999999999999985,1.333333333333334,0.571428571428571,1.9586654059165205,0.7142857142857143,0.898284479265163
2026-2,Tags 2,1,77.42010416666665,0.0,28.15472074468085,28.15472074468085,28.15472074468085,0.0,0,0,0,0,0,0,1,1,1,17.420104166666647,17.420104166666647,22.5,0.0,0,0,0,0,86.8,0.0,32.6,0.0,64.3,0.0,0.0,0.0,0.0,1.0,0.0,60.0,30.0,1.8452792553191488,-1.8452792553191488,7.100000000000001,0.0,1,6.747638326585695,6.747638326585695,3.0,3.0,1,1,67.47638326585694,-3.2523616734143053,-3.2523616734143053,0,0,0.0,0,0,7410,1,27.67854880516591,27.67854880516591,1789.0,30.0,0.97165991902834,0,0,106.75,0.0,64.0,True,False,669.9717991631799,637.6489644351465,0,1.3477088948787062,7.42,2.58,2.58,3.9,0,1,0.3477088948787061,3.0,3.0,3.0,0.1347708894878706,1.0,0.890161725067386
2026-2,Tags 2,2,77.42010416666665,-1.1658284442341368e-14,28.15472074468085,28.15472074468085,28.15472074468085,-6.783381100595097e-15,0,0,0,0,0,0,2,1,1,17.420104166666647,17.420104166666647,22.5,0.0,0,0,0,0,86.8,-1.7209744916952118e-14,32.6,-6.772789795300852e-15,64.3,-2.231677083022784e-14,-4.066460168369259e-15,0.0,0.0,1.0,0.0,60.0,30.0,1.8452792553191488,-1.8452792553191488,7.100000000000001,0.0,1,13.52265043948614,6.761325219743069,1.002028397565923,3.0,2,1,39.44106378183457,-16.47734956051386,-13.23867478025693,0,0,1.4127792686992886,0,0,7395,1,27.67854880516591,27.67854880516591,1789.0,30.0,0.973630831643002,0,1,106.75,0.0,77.0,True,False,64.0,637.6489644351465,0,1.6846361185983827,14.84,10.16,7.58,1.56,0,2,1.0215633423180592,1.5,3.0,3.0,0.3369272237196766,1.0,0.890161725067386
2026-2,Tags 2,3,77.42010416666665,1.136476922109094e-14,28.15472074468085,28.15472074468085,28.15472074468085,-1.2895420286198469e-15,0,0,0,0,0,0,3,1,1,17.420104166666647,17.420104166666647,22.5,0.0,0,0,0,0,86.8,1.802190973325158e-15,32.6,2.30148056710964e-15,64.3,-3.313032514863088e-15,2.3936246954295856e-15,0.0,0.0,1.0,0.0,60.0,30.0,1.8452792553191488,-1.8452792553191488,7.100000000000001,4.3511678576336575e-15,1,27.09659937677821,13.548299688389108,2.003793523912749,3.0,3,1,60.96734859775098,-22.903400623221785,-6.451700311610892,0,0,0.9989870899646172,0,0,7381,1,27.67854880516591,27.67854880516591,1789.0,30.0,0.9754775775640158,0,1,106.75,0.0,91.0,True,False,77.0,64.0,0,1.752021563342318,22.26,16.740000000000002,6.58,1.0,0,3,1.0215633423180592,0.9333333333333332,1.3999999999999997,3.0,0.5256064690026955,1.0,0.890161725067386
2026-2,Tags 2,4,77.42010416666665,-1.0656246691081632e-14,28.15472074468085,28.15472074468085,28.15472074468085,-4.860576503336004e-15,0,0,0,0,0,0,4,1,1,17.420104166666647,17.420104166666647,22.5,0.0,0,0,0,0,86.8,-1.1688067064152732e-14,32.6,-2.2267158016781103e-15,64.3,-8.691606854378891e-15,-3.4693771706650844e-15,0.0,0.0,1.0,0.0,60.0,30.0,1.8452792553191488,-1.8452792553191488,7.100000000000001,0.0,1,40.70556309362279,13.5685210312076,1.001492537313433,2.010854816824966,4,1,54.27408412483039,-34.29443690637721,-11.4314789687924,0,0,0.9568390176685034,0,0,7370,1,27.67854880516591,27.67854880516591,1789.0,30.0,0.9769335142469472,0,1,106.75,0.0,107.0,True,False,91.0,77.0,0,1.6846361185983827,29.68,20.32,3.58,0.78,0,4,1.0215633423180592,0.7857142857142856,0.7333333333333331,1.0999999999999994,0.6738544474393532,1.0,0.890161725067386
2026-2,Tags 2,5,77.42010416666665,-4.822292063407377e-15,28.15472074468085,28.15472074468085,28.15472074468085,-3.371434273386755e-15,0,0,0,0,0,0,5,1,1,17.420104166666647,17.420104166666647,22.5,0.0,0,0,0,0,86.8,-3.627382670784715e-15,32.6,-3.764398267022435e-15,64.3,-3.145486211302101e-15,-4.80122207299609e-16,0.0,0.0,1.0,0.0,60.0,28.0,0.1547207446808514,0.1547207446808514,7.100000000000001,0.0,1,61.16623623759685,20.38874541253228,1.502650536903629,3.0,5,1,71.36060894386299,-38.83376376240315,-4.61125458746772,0,0,0.8361062266185332,0,0,7357,1,27.67854880516591,27.67854880516591,1789.0,30.0,0.9786597798015496,0,1,106.75,0.0,125.0,True,False,107.0,91.0,0,1.69811320754717,37.1,25.9,5.58,0.6190476190476191,1,5,1.0215633423180592,1.1818181818181823,0.9285714285714288,0.8666666666666668,0.8490566037735849,1.0,0.890161725067386
2026-2,Tags 2,6,77.42010416666665,-3.280471822643205e-15,28.154720744680848,28.15472074468085,28.15472074468085,-1.3488542533772617e-15,0,0,0,0,0,0,6,1,1,17.420104166666647,17.420104166666647,22.5,0.0,0,0,0,0,86.8,-5.226196707538049e-15,32.6,-3.003278291787231e-16,64.3,-1.2637676618891284e-15,-6.929659921216828e-16,0.0,0.0,1.0,0.0,60.0,28.0,0.1547207446808514,0.1547207446808514,7.100000000000001,3.891802844472395e-15,1,81.68822328114364,20.42205582028591,1.001633764465623,1.5073519400953028,6,1,59.42926296908598,-53.311776718856365,-14.577944179714091,0,0,0.8006306310346694,0,0,7345,1,27.67854880516591,27.67854880516591,1789.0,30.0,0.9802586793737236,0,1,106.75,0.0,145.0,True,False,125.0,107.0,0,1.684636118598383,44.52,30.48,4.58,0.52,1,6,1.0215633423180592,0.9230769230769228,1.0909090909090913,0.8571428571428572,1.0107816711590296,1.0,0.890161725067386
2026-2,Tags 2,7,77.42010416666665,2.54453727244602e-15,28.154720744680848,28.15472074468085,28.15472074468085,-3.895921039444663e-16,0,0,0,0,0,0,7,1,1,17.420104166666647,17.420104166666647,22.5,0.0,0,0,0,0,86.8,2.981360072665549e-15,32.6,1.656277457553702e-15,64.3,-1.585001016368459e-15,1.2138620989631208e-15,0.0,0.0,1.0,0.0,60.0,28.0,0.1547207446808514,0.1547207446808514,7.100000000000001,3.837369354665453e-15,1,102.24948875255625,20.449897750511248,1.0013633265167008,1.5071574642126788,7,1,59.28751868845697,-67.75051124744377,-14.550102249488752,0,0,0.7634661946116631,0,0,7335,1,27.67854880516591,27.67854880516591,1159.9576047904193,30.0,0.98159509202454,0,1,108.28,-58.72,108.28,False,False,145.0,125.0,0,1.6365036580670005,51.940000000000005,33.059999999999995,2.58,0.4588235294117647,1,7,1.0215633423180592,0.8333333333333335,0.7692307692307692,0.9090909090909096,1.1455525606469004,1.0,0.890161725067386
2026-2,Tags 2,8,77.42010416666665,6.19100399074924e-15,28.15472074468085,28.15472074468085,28.15472074468085,2.560235073882277e-15,0,0,0,0,0,0,8,1,1,22.420104166666647,22.420104166666647,22.5,0.0,0,0,0,0,86.8,3.730138838203249e-15,32.6,2.821334018596945e-15,64.3,1.0375528248368057e-15,1.5927353798953544e-15,0.0,0.0,1.0,0.0,55.0,28.0,0.1547207446808514,0.1547207446808514,7.100000000000001,0.0,1,136.5747063643813,34.14367659109533,1.6696257853045615,1.6746335245379222,8,1,65.18338258300017,-83.42529363561869,-15.856323408904672,0,0,0.7093169148449653,0,0,7322,1,27.67854880516591,27.67854880516591,1139.6948844614265,30.0,0.9833378858235456,0,1,108.28,-69.6850655021834,122.3149344978166,False,True,108.28,145.0,0,1.6509433962264153,59.36,38.64,5.58,0.3979591836734694,1,8,1.0215633423180592,1.3,1.0833333333333337,1.0,1.3207547169811322,1.0,0.890161725067386
2026-2,Tags 2,9,77.42010416666665,2.917569773198844e-15,28.15472074468085,28.15472074468085,28.15472074468085,1.0383261863092424e-15,0,0,0,1,1,1,9,1,1,22.420104166666647,22.420104166666647,22.5,0.0,0,0,0,0,86.8,-6.967445516541837e-16,32.6,1.926709849426818e-15,64.3,2.4487606206954734e-15,5.833989137158367e-16,0.0,0.1111111111111111,1.0,0.0,55.0,25.0,3.1547207446808514,3.1547207446808514,7.100000000000001,0.0,0,170.95185995623632,34.19037199124727,1.00136761487965,1.6741885485047412,9,1,65.84812383499474,-99.04814004376368,-15.809628008752732,0,0,0.6858951003541596,1,0,7312,1,27.67854880516591,27.67854880516591,1122.4678880508138,30.0,0.9846827133479212,0,1,108.28,-81.96593886462881,138.0340611353712,False,True,122.3149344978166,108.28,0,1.6172506738544474,66.78,41.22,2.58,0.3611111111111111,1,9,1.0215633423180592,0.7692307692307692,1.0,0.8333333333333335,1.4555256064690028,1.0,0.890161725067386
2026-2,Tags 2,10,77.42010416666665,5.929324924733543e-15,28.15472074468085,28.15472074468085,28.15472074468085,1.0489235393749254e-15,0,0,0,2,1,1,10,1,1,22.420104166666647,22.420104166666647,22.5,0.0,0,0,0,0,86.8,3.621045517473897e-15,32.6,4.151382088140757e-16,64.3,2.5895147748354027e-15,-1.8871550300651995e-16,0.0,0.2,1.0,0.0,55.0,25.0,3.1547207446808514,3.1547207446808514,7.100000000000001,0.0,0,205.45130803999453,34.24188467333242,1.0015066429256263,1.6744281605259554,10,1,59.663889961109525,-124.54869196000548,-25.75811532666758,0,0,0.6630622041799507,2,0,7301,1,27.67854880516591,27.67854880516591,1108.7100113993092,30.0,0.9861662785919736,0,1,108.28,-94.68541484716155,154.31458515283845,False,True,138.0340611353712,122.3149344978166,0,1.603773584905661,74.2,44.8,3.58,0.3277310924369748,1,10,1.0215633423180592,1.0999999999999994,0.8461538461538457,1.0999999999999994,1.6037735849056605,1.0,0.890161725067386
2026-2,Tags 2,11,77.42010416666665,1.130364682040006e-15,28.154720744680848,28.15472074468085,28.15472074468085,1.302138512516356e-15,0,0,0,3,1,1,11,1,1,22.420104166666647,22.420104166666647,22.5,0.0,0,0,0,0,86.8,-4.780300776693633e-15,32.6,9.227997508175206e-16,64.3,2.586988526354164e-15,9.90452133024727e-16,0.0,0.2727272727272727,1.0,0.0,55.0,25.0,3.1547207446808514,3.1547207446808514,7.100000000000002,3.726117541341096e-15,0,246.84585847504115,41.14097641250686,1.2014810751508502,1.204936917169501,11,1,65.93105194311997,-143.15414152495885,-18.85902358749314,0,0,0.632431598278984,3,0,7292,1,27.67854880516591,27.67854880516591,1096.4964892068506,30.0,0.9873834339001646,0,1,108.28,-109.15930131004367,172.84069868995633,False,True,154.31458515283845,138.0340611353712,0,1.5682430776770402,81.62,46.38,1.58,0.3046875,1,11,1.0215633423180592,0.8181818181818182,0.8999999999999996,0.692307692307692,1.725067385444744,1.0,0.890161725067386
2026-2,Tags 2,12,77.42010416666665,-2.675605527985585e-16,28.154720744680848,28.15472074468085,28.15472074468085,1.3229991297389886e-15,0,0,0,4,1,1,12,1,1,22.420104166666647,22.420104166666647,22.5,0.0,0,0,0,0,86.8,5.750770099106333e-16,32.6,1.2743436555537021e-15,64.3,2.500081457902131e-15,6.067178005271581e-16,0.0,0.3333333333333333,1.0,0.0,55.0,25.0,3.1547207446808514,3.1547207446808514,7.100000000000001,3.710688416924011e-15,0,288.30313014827016,41.18616144975288,1.00109829763866,1.204612850082372,12,1,60.75598350507025,-171.69686985172984,-28.81383855024712,0,0,0.613832435508342,4,0,7284,1,27.67854880516591,27.67854880516591,1086.3214728692851,30.0,0.9884678747940692,0,1,108.28,-124.51039301310044,192.4896069868996,False,True,172.84069868995633,154.31458515283845,0,1.5274034141958672,89.04,46.96,0.5800000000000001,0.2867647058823529,1,12,1.0215633423180592,0.8888888888888894,0.7272727272727277,0.8000000000000002,1.8328840970350404,1.0,0.890161725067386
2026-2,Tags 2,13,77.42010416666665,4.691331236161485e-16,28.154720744680848,28.15472074468085,28.15472074468085,1.3814364750221513e-15,0,0,0,5,1,1,13,1,1,22.420104166666647,22.420104166666647,22.5,0.0,0,0,0,0,86.8,1.1752006107247913e-15,32.6,8.805487397987455e-16,64.3,3.751150414171871e-16,6.915014398866307e-16,0.0,0.3846153846153846,1.0,0.0,55.0,25.0,3.1547207446808514,3.1547207446808514,7.1000000000000005,3.697781635498623e-15,0,329.9422601044817,41.24278251306021,1.001374759417102,1.2044542205114104,13,1,56.32694833959613,-210.0577398955183,-38.75721748693979,0,0,0.5963217402019151,5,0,7274,1,27.67854880516591,27.67854880516591,1077.5459819177072,30.0,0.9898267803134452,0,1,108.28,-141.1772925764192,213.8227074235808,False,True,192.4896069868996,172.84069868995633,0,1.513580758863778,96.46,49.53999999999999,2.58,0.2671232876712329,1,13,1.0215633423180592,1.2499999999999998,1.1111111111111116,0.9090909090909096,1.9676549865229112,1.0,0.890161725067386
2026-2,Tags 2,14,77.42010416666665,-1.1536256484809613e-15,28.154720744680848,28.15472074468085,28.15472074468085,-1.1784087075527521e-15,0,0,0,6,1,1,14,1,1,22.420104166666647,22.420104166666647,22.5,0.0,0,0,0,0,86.8,-3.163651978215829e-15,32.6,-2.0809458693257514e-16,64.3,-3.2683870908612468e-15,-5.592533086358858e-16,0.0,0.4285714285714285,1.0,0.0,55.0,25.0,3.1547207446808514,3.1547207446808514,7.1000000000000005,3.6868252213847854e-15,0,378.4750894577484,48.16955684007707,1.167951188182402,1.1708413615928066,14,1,56.79857042367365,-251.5249105422516,-41.83044315992293,0,0,0.5747196845328624,6,0,7266,1,27.67854880516591,27.67854880516591,1069.9665656565658,30.0,0.990916597853014,0,1,108.28,-159.16,236.84,False,False,213.8227074235808,192.4896069868996,0,1.482479784366577,103.88,50.11999999999999,0.5800000000000001,0.2532467532467532,1,14,1.0215633423180592,0.8000000000000002,1.0,0.8888888888888894,2.0754716981132075,1.0,0.890161725067386
2026-2,Tags 3,1,67.725,0.0,29.725,28.15472074468085,28.15472074468085,0.0,0,0,0,0,0,0,0,0,0,7.724999999999994,7.724999999999994,39.3,0.0,1,0,0,0,86.2,0.0,36.2,0.0,46.9,0.0,0.0,0.0,0.0,0.0,0.0,60.0,30.0,0.2749999999999986,-0.2749999999999986,11.6,0.0,1,6.780580417683754,6.780580417683754,3.0,3.0,1,1,67.80580417683754,-3.219419582316246,-3.219419582316246,0,0,0.0,0,0,7374,1,29.01387557183969,29.01387557183969,1789.0,30.0,0.9764035801464606,1,1,106.75,0.0,64.0,True,False,669.9717991631799,637.6489644351465,0,2.165087956698241,7.390000000000001,8.61,8.61,2.875,0,1,1.1650879566982408,3.0,3.0,3.0,0.2165087956698241,1.0,0.903518267929635
2026-2,Tags 3,2,69.5625,3.6750000000000136,28.84375,29.725,28.15472074468085,-1.762500000000008,1,1,1,0,0,0,1,1,1,11.400000000000006,11.400000000000006,37.9,2.5986174208605703,0,0,0,0,83.6,-2.600000000000025,35.4,-0.8000000000000073,47.1,0.1999999999999972,0.3999999999999921,0.5,0.0,0.5,0.0,60.0,30.0,2.0375000000000014,-2.0375000000000014,11.0,1.246275701841292,0,20.37766607797853,13.585110718652356,2.003532128786849,3.0,2,1,67.9255535932618,-9.622333922021465,-6.414889281347643,0,0,0.7046091889693423,0,0,7361,1,29.01387557183969,27.3541997642372,1789.0,30.0,0.9781279717429696,1,1,106.75,0.0,77.0,True,False,64.0,637.6489644351465,0,1.9621109607577805,14.78,14.22,5.609999999999999,1.5862068965517242,0,2,1.1650879566982408,0.8124999999999996,3.0,3.0,0.3924221921515561,1.0,0.903518267929635
2026-2,Tags 3,3,69.25277777666666,0.4541666650000141,28.50972222333333,27.9625,29.725,-0.9416666650000016,2,1,1,0,0,0,1,1,0,8.63333333,8.63333333,36.73333333333333,1.914207359948146,1,0,0,0,81.7,-2.249999999999987,35.7,-0.2499999999999998,47.3,0.2000000000000059,-0.4999999999999962,0.6666666666666666,0.0,0.3333333333333333,0.0,60.0,30.0,2.1583333300000014,-2.1583333300000014,11.366666666666667,1.0541941136501536,0,34.04139433551198,13.616557734204791,1.0023148148148149,3.0,3,1,68.08278867102396,-15.95860566448802,-6.383442265795207,0,0,0.9988435335648432,0,0,7344,1,29.01387557183969,27.17241449202093,1789.0,30.0,0.9803921568627452,1,2,106.75,0.0,91.0,True,False,77.0,64.0,0,2.0748759585024805,22.17,23.83,9.61,1.0,0,3,1.3004059539918806,1.3076923076923077,1.0624999999999996,3.0,0.6224627875507442,1.0,0.903518267929635
2026-2,Tags 3,4,66.3883928575,-3.255595237000008,29.020386905,27.84166667,27.9625,0.2361309519999945,2,1,0,0,0,0,1,1,0,2.204761900000001,-2.204761900000001,37.725,5.938147612837764,0,1,1,1,80.7,-1.8400000000000067,35.9,-0.0600000000000034,40.0,-2.050000000000011,-0.4100000000000035,0.5,0.0,0.25,0.25,60.0,30.0,0.5523809499999999,0.5523809499999999,11.575,1.3356635633933522,1,47.74897680763984,13.642564802182813,1.0019099590723055,2.012005457025921,4,1,59.11778080945884,-27.251023192360165,-11.357435197817187,0,0,0.9566321730290804,0,0,7330,1,29.58794454200101,29.58794454200101,1789.0,30.0,0.9822646657571624,2,2,106.75,0.0,107.0,True,False,91.0,77.0,0,2.0297699594046006,29.56,30.44,6.609999999999999,0.7666666666666667,0,4,1.3004059539918806,0.823529411764706,1.076923076923077,0.8749999999999997,0.8119079837618404,1.0,0.903518267929635
2026-2,Tags 3,5,68.58626984200001,0.5700793660000021,28.211865080000003,30.55238095,27.84166667,-0.6904563490000044,3,1,1,0,0,0,2,1,1,17.377777780000002,17.377777780000002,31.419999999999995,7.113333536314897,0,1,1,0,80.0,-1.530000000000005,26.7,-1.850000000000004,73.8,4.669999999999996,-0.3300000000000014,0.6,0.0,0.4,0.2,60.0,28.0,3.02222222,-3.02222222,9.88,2.146284131572314,0,68.37139340899768,20.511418022699303,1.503486941063859,1.5098454806508956,5,1,75.20853274989744,-31.628606591002324,-4.488581977300697,0,0,0.835885484621433,0,0,7313,1,29.58794454200101,24.523096227615223,1789.0,30.0,0.9845480650895664,2,3,106.75,0.0,125.0,True,False,107.0,91.0,0,2.0838971583220567,36.95,40.05,9.61,0.5974025974025974,1,5,1.3004059539918806,1.2142857142857142,1.0,1.3076923076923077,1.0419485791610283,1.0,0.903518267929635
2026-2,Tags 3,6,67.65927892166667,-0.4688040082857144,28.448175855,24.97777778,30.55238095,-0.1919943922857142,3,1,0,0,0,0,2,1,0,3.024324319999998,3.024324319999998,33.95,6.755404073582305,1,1,1,0,81.3,-1.0371428571428585,36.7,-0.6685714285714303,34.7,0.3371428571428577,-0.260000000000001,0.5,0.0,0.3333333333333333,0.1666666666666666,60.0,28.0,1.629729730000001,1.629729730000001,10.416666666666666,2.005064875019734,1,89.01670775130101,20.54231717337716,1.0015064365927142,1.5086277732128184,6,1,62.31531840953917,-45.98329224869899,-14.457682826622843,0,0,0.8005020949793217,0,0,7302,1,29.58794454200101,28.80799475569939,1789.0,30.0,0.9860312243221035,3,3,106.75,0.0,145.0,True,False,125.0,107.0,0,1.9846639603067209,44.34,43.66,3.61,0.5227272727272727,1,6,1.3004059539918806,0.6470588235294117,0.7857142857142856,0.6470588235294117,1.1907983761840324,1.0,0.903518267929635
2026-2,Tags 3,7,66.98518550428572,-0.7985725682142812,28.696204304285715,29.62972973,24.97777778,0.0660248417857137,3,1,0,1,1,1,2,1,0,2.940624999999997,2.940624999999997,33.89999999999999,6.419531424642404,1,1,1,0,79.6,-0.9321428571428528,36.8,-0.164285714285715,46.0,-0.0357142857142852,-0.175,0.4285714285714285,0.1428571428571428,0.2857142857142857,0.1428571428571428,60.0,28.0,2.184375,2.184375,10.771428571428572,1.9444444988523373,0,109.70927043335162,20.57048820625343,1.0013713658804169,1.5078167855183764,7,1,61.65384420361672,-60.29072956664838,-14.42951179374657,0,0,0.7633739641362332,0,0,7292,1,29.58794454200101,29.353039673410493,1163.599880239521,30.0,0.9873834339001646,4,3,108.62,-58.38,108.62,False,False,145.0,125.0,0,1.8944519621109608,51.73,46.27,2.6099999999999994,0.4693877551020408,1,7,1.3004059539918806,0.9090909090909092,0.5882352941176471,0.7142857142857142,1.3261163734776724,1.0,0.903518267929635
2026-2,Tags 3,8,66.53153731625001,-0.8348138374999954,28.94367876625,30.184375,29.62972973,0.2089995358333369,3,1,0,2,1,1,2,1,0,8.356000000000002,8.356000000000002,33.5,6.080259819028892,1,1,1,0,78.0,-0.9440476190476172,37.1,0.0845238095238107,47.3,-0.0797619047619033,-0.0749999999999986,0.375,0.25,0.25,0.125,55.0,28.0,2.6759999999999984,2.6759999999999984,11.0,1.9314993649226209,0,137.3437714599643,27.46875429199286,1.3353477086480794,1.3391933342489586,8,1,58.68324780562111,-82.6562285400357,-22.53124570800714,0,0,0.7091992754490131,0,0,7281,1,29.848138600380565,29.848138600380565,1147.145389146652,30.0,0.9888751545117428,5,3,108.62,-68.88545851528384,123.11454148471616,False,True,108.62,145.0,0,1.8437077131258452,59.120000000000005,49.88,3.61,0.4220183486238532,1,8,1.3004059539918806,1.1,1.0,0.6470588235294117,1.4749661705006765,1.0,0.903518267929635
2026-2,Tags 3,9,65.8104405777778,-1.017027729333326,29.342529273333337,30.676,30.184375,0.3856099793333332,3,1,0,3,1,1,2,1,0,5.041666669999998,5.041666669999998,33.31111111111111,6.085079218026055,1,1,1,0,80.0,-0.7533333333333324,36.9,0.1816666666666682,48.2,-0.0349999999999987,0.0300000000000013,0.3333333333333333,0.3333333333333333,0.2222222222222222,0.1111111111111111,55.0,25.0,7.533333329999998,7.533333329999998,11.066666666666666,2.1670461728156867,0,171.98679141441937,34.39735828288387,1.2522358282883872,1.6744634012107869,9,1,66.24676410036895,-98.01320858558064,-15.602641717116128,0,0,0.6677703830885633,0,0,7268,1,31.595195921961743,31.595195921961743,1133.1560799920603,30.0,0.9906439185470556,6,3,108.62,-80.65157205240175,139.34842794759825,False,True,123.11454148471616,108.62,0,1.834310629980454,66.51,55.49,5.609999999999999,0.3770491803278688,1,9,1.3004059539918806,1.181818181818182,1.3,1.181818181818182,1.6508795669824088,1.0,0.903518267929635
2026-2,Tags 3,10,64.89139652000001,-1.240953289212121,29.820276346000004,32.53333333,30.676,0.5410329336969704,3,1,0,4,1,1,2,1,0,1.6199999999999974,1.6199999999999974,32.55,6.431202504884713,1,1,1,0,73.7,-0.958787878787878,35.8,0.1612121212121214,48.0,-0.02121212121212,0.2945454545454554,0.3,0.4,0.2,0.1,55.0,25.0,9.119999999999996,9.119999999999996,10.62,2.5410084789456278,0,220.38567493112947,48.209366391184574,1.401542699724518,2.3436179981634524,10,1,73.56624092161282,-109.61432506887051,-11.790633608815426,0,0,0.6298132332196243,0,0,7260,1,33.064815457338405,33.064815457338405,1121.9838950562073,30.0,0.9917355371900828,7,3,108.62,-92.837903930131,156.162096069869,False,True,139.34842794759825,123.11454148471616,0,1.7591339648173208,73.9,56.1,0.6099999999999994,0.3538461538461538,1,10,1.3004059539918806,0.6153846153846154,0.7272727272727273,0.8,1.7591339648173208,1.0,0.903518267929635
2026-2,Tags 3,11,64.1497544118182,-1.301536020999999,30.26085728454545,34.12,32.53333333,0.6260651695454551,3,1,0,5,1,1,2,1,0,1.733333330000001,1.733333330000001,30.963636363636365,6.578350270080178,1,1,1,0,65.0,-1.422727272727269,36.1,0.1563636363636363,49.9,0.0736363636363632,0.5709090909090909,0.2727272727272727,0.4545454545454545,0.1818181818181818,0.0909090909090909,55.0,25.0,9.666666669999998,9.666666669999998,9.99090909090909,2.8189144858565225,0,269.00262105117946,48.28252172713478,1.0015174506828528,1.7577252034763415,11,1,74.7229502919943,-120.99737894882054,-11.717478272865222,0,0,0.6126253966479925,0,0,7249,1,33.605297628380605,33.605297628380605,1112.0658145188763,30.0,0.9932404469582012,8,3,108.62,-106.70510917030568,175.2948908296943,False,True,156.162096069869,139.34842794759825,0,1.7345306925821131,81.29,59.71,3.61,0.3262411347517731,1,11,1.3004059539918806,1.375,0.8461538461538461,1.0,1.9079837618403248,1.0,0.903518267929635
2026-2,Tags 3,12,63.39838598833335,-1.3479669808391588,30.58078584416667,34.66666667,34.12,0.6292479271678328,3,1,0,6,1,1,2,1,0,0.1333333299999992,0.1333333299999992,30.133333333333336,6.790823472555871,1,1,1,0,68.4,-1.5048951048951047,36.8,0.1744755244755254,47.4,0.0293706293706293,0.5891608391608398,0.25,0.5,0.1666666666666666,0.0833333333333333,55.0,25.0,9.1,9.1,9.783333333333331,2.9072566602806704,0,317.7234424644288,48.34921950545655,1.0013814062715845,1.405608509462633,12,1,69.07031357922365,-142.2765575355712,-21.650780494543447,0,0,0.5958796046519607,0,0,7239,1,33.605297628380605,33.00405856329944,1103.803117655972,30.0,0.9946125155408204,9,3,108.62,-121.41275109170306,195.5872489082969,False,True,175.2948908296943,156.162096069869,0,1.7027514659449705,88.68,62.31999999999999,2.6099999999999994,0.304635761589404,1,12,1.3004059539918806,0.9090909090909092,1.25,0.7692307692307693,2.043301759133965,1.0,0.903518267929635
2026-2,Tags 3,13,64.47697969435899,-0.5968624680769224,30.39416545189853,34.1,34.66666667,0.4144289175169517,3,1,0,7,1,1,3,1,1,22.420104166666647,22.420104166666647,29.54615384615385,7.576020071511608,0,1,1,0,86.8,-0.8983516483516489,32.6,0.0412087912087927,64.3,0.558791208791211,0.4554945054945055,0.2307692307692307,0.5384615384615384,0.2307692307692307,0.0769230769230769,55.0,25.0,3.1547207446808514,3.1547207446808514,9.576923076923077,2.863660140778733,0,366.4776656064168,48.4027105517909,1.0011063476697553,1.0040105103028627,13,1,64.18481128064865,-173.5223343935832,-31.597289448209096,0,0,0.579884632231456,1,0,7231,1,33.605297628380605,27.67854880516591,1096.676915677471,30.0,0.9957129027796984,9,3,108.62,-137.3810480349345,217.6189519650655,False,True,195.5872489082969,175.2948908296943,0,1.6550431976683666,96.07,62.92999999999999,0.6099999999999994,0.2893081761006289,1,13,1.3004059539918806,0.8,0.7272727272727273,1.0,2.151556156968877,1.0,0.903518267929635
2026-2,Tags 3,14,65.40148858523811,-0.1076864181098945,30.234205115668694,28.15472074468085,34.1,0.2675589995216263,3,1,0,8,1,1,4,1,1,22.420104166666647,22.420104166666647,29.042857142857144,8.058972061491023,0,1,1,0,86.8,-0.4914285714285756,32.6,-0.0437362637362649,64.3,0.875604395604394,0.3584615384615379,0.2142857142857142,0.5714285714285714,0.2857142857142857,0.0714285714285714,55.0,25.0,3.1547207446808514,3.1547207446808514,9.4,2.8156633743696804,0,422.1453287197232,55.36332179930796,1.1438062283737025,1.1466534849233811,14,1,64.26099851705389,-207.8546712802768,-34.63667820069204,0,0,0.5597680934721683,2,0,7225,1,33.605297628380605,27.67854880516591,1090.521994949495,30.0,0.9965397923875432,9,3,108.62,-154.61,241.39,False,False,217.6189519650655,195.5872489082969,0,1.594819253817901,103.46,61.53999999999999,-1.3900000000000006,0.2787878787878788,1,13,1.3004059539918806,0.7499999999999999,0.6,0.5454545454545454,2.2327469553450605,0.9285714285714286,0.903518267929635
2026-3,Tags 1,1,69.3574556830031,0.0,33.4825225851286,28.15472074468085,28.15472074468085,0.0,0,0,0,1,1,1,0,0,0,9.357455683003096,9.357455683003096,38.6,0.0,1,0,0,0,85.7,0.0,41.6,0.0,47.1,0.0,0.0,0.0,1.0,0.0,0.0,60.0,30.0,3.4825225851285992,3.4825225851285992,12.9,0.0,0,7.0293828201883874,7.0293828201883874,3.0,3.0,1,1,70.29382820188388,-2.970617179811613,-2.970617179811613,0,0,0.0,0,0,7113,1,32.76999750285903,32.76999750285903,1258.72921875,28.0,1.0122311261071275,1,0,106.75,-18.97,45.03,False,False,669.9717991631799,637.6489644351465,0,1.4039028499227852,7.123,2.877,2.877,3.4,0,1,0.4039028499227852,3.0,3.0,3.0,0.1403902849922785,1.0,0.958023304787309
2026-3,Tags 1,2,69.05959589705711,-0.5957195718920022,33.504212681453254,33.4825225851286,28.15472074468085,0.0433801926492951,0,0,0,2,1,1,0,0,0,8.761736111111105,8.761736111111105,37.55,0.4212373489703735,1,0,0,0,84.0,-1.700000000000009,41.8,0.1999999999999901,47.5,0.3999999999999957,-0.6000000000000075,0.0,1.0,0.0,0.0,60.0,30.0,3.525902777777901,3.525902777777901,13.3,0.0306744283915001,0,14.080540692762602,7.040270346381301,1.001548859476204,3.0,2,1,41.06824368722425,-15.919459307237398,-12.959729653618698,0,0,1.413118353334366,0,0,7102,1,32.797923299273826,32.797923299273826,1186.5484415584413,28.0,1.0137989298789074,2,0,106.75,-25.930000000000007,51.06999999999999,False,False,45.03,637.6489644351465,0,1.4740979924189246,14.246,6.754,3.877,1.619047619047619,0,2,0.5442931349150639,1.1000000000000003,3.0,3.0,0.2948195984837849,1.0,0.958023304787309
2026-3,Tags 1,3,69.08848059803803,-0.1056028415015891,33.48035475059844,33.5259027777779,33.4825225851286,-0.02494184811989,0,0,0,3,1,1,0,0,0,9.146249999999895,9.146249999999895,38.46666666666666,0.3020321670552122,1,0,0,0,84.0,-0.8499999999999939,42.3,0.3499999999999988,43.7,-1.6999999999999895,-0.1500000000000003,0.0,1.0,0.0,0.0,60.0,30.0,3.432638888888804,3.432638888888804,13.5,0.046669721154,0,28.21272393849626,14.10636196924813,2.0036676541120046,3.0,3,1,63.47862886161659,-21.78727606150374,-5.89363803075187,0,0,0.999226966466732,0,0,7089,1,32.797923299273826,32.7153383851486,1237.6537912087915,28.0,1.0156580617858657,3,0,106.75,-28.044999999999987,62.95500000000001,False,False,51.06999999999999,45.03,0,1.591089896579157,21.369,12.631,5.877,1.0,0,3,0.8250737048996208,1.181818181818181,1.2999999999999994,3.0,0.477326968973747,1.0,0.958023304787309
2026-3,Tags 1,4,69.70452885130632,0.6970167673212999,33.44550043794885,33.4326388888888,33.5259027777779,-0.0518019144274598,0,0,0,4,1,1,1,1,1,11.552673611111205,11.552673611111205,37.4,1.2565338918537123,0,0,0,0,84.4,-0.390000000000005,40.0,-0.4300000000000054,50.2,0.5499999999999912,0.179999999999994,0.0,1.0,0.25,0.0,60.0,30.0,3.340937500000102,3.340937500000102,12.825,0.0794439069794592,0,42.366897330885465,14.122299110295156,1.0011297839288236,2.009038271430589,4,1,56.489196441180624,-32.633102669114535,-10.877700889704844,0,0,0.9570480517611616,1,0,7081,1,32.797923299273826,32.684609912890025,1194.9516822429907,28.0,1.0168055359412511,4,0,106.75,-35.53,71.47,False,False,62.95500000000001,51.06999999999999,0,1.4740979924189246,28.492,13.508,0.8769999999999998,0.8095238095238095,0,4,0.8250737048996208,0.6153846153846156,0.7272727272727271,0.7999999999999999,0.5896391969675698,1.0,0.958023304787309
2026-3,Tags 1,5,69.84874113660064,0.492720668954969,33.29598368369242,33.3409375000001,33.4326388888888,-0.1754177114701632,0,0,0,5,1,1,2,1,1,10.4255902777779,10.4255902777779,35.52,1.1349643087700254,0,0,0,0,81.4,-0.8199999999999997,38.6,-0.7800000000000037,53.4,1.5299999999999965,0.2299999999999992,0.0,1.0,0.4,0.0,60.0,28.0,4.6979166666667,4.6979166666667,12.12,0.3413353186882506,0,63.68525332578545,21.228417775261818,1.5031842626662892,3.0,5,1,74.29946221341636,-36.31474667421455,-3.7715822247381823,0,0,0.836239482282286,2,0,7066,1,32.797923299273826,32.02005341646004,1158.5564,28.0,1.0189640532125672,5,1,106.75,-44.05000000000001,80.94999999999999,False,False,71.47,62.95500000000001,0,1.6004492489119753,35.615,21.385,7.877,0.5964912280701754,1,5,1.105854274884178,1.875,1.153846153846154,1.3636363636363626,0.8002246244559876,1.0,0.958023304787309
2026-3,Tags 1,6,69.8338699286487,0.2688079183011591,33.2544713567807,32.6979166666667,33.3409375000001,-0.1358206867644223,0,0,0,6,1,1,2,1,0,9.759513888888904,9.759513888888904,34.666666666666664,1.0157962899622932,1,0,0,0,82.7,-0.6399999999999961,38.4,-0.7971428571428563,52.3,1.4342857142857135,0.2257142857142839,0.0,1.0,0.3333333333333333,0.0,60.0,28.0,5.046909722222097,5.046909722222097,11.6,0.3217879418824781,0,92.1462999716473,28.352707683583784,1.33560154994802,2.0099234476892547,6,1,74.63212736816365,-42.85370002835271,-6.647292316416216,0,0,0.7627583820691116,2,0,7054,1,32.797923299273826,32.34899418393968,1126.329724137931,28.0,1.0206974766090162,6,1,106.75,-53.71,91.29,False,False,80.94999999999999,71.47,0,1.614488277411203,42.738,26.262,4.877,0.4927536231884058,1,6,1.105854274884178,0.8000000000000003,1.5,0.9230769230769236,0.968692966446722,1.0,0.958023304787309
2026-3,Tags 1,7,71.58016728011158,1.4777279625353954,32.84265699628823,33.0469097222221,32.6979166666667,-0.3937486995971204,0,0,0,7,1,1,3,1,1,22.05795138888889,22.05795138888889,33.18571428571429,4.712403791803255,0,0,0,0,92.0,0.4892857142857187,35.0,-1.0821428571428553,67.7,2.896428571428572,0.0392857142857156,0.0,1.0,0.4285714285714285,0.0,60.0,28.0,2.3717708333334,2.3717708333334,10.957142857142856,1.1284622451987028,0,120.652945351313,28.388928317956,1.001277501774308,2.010220014194464,7,1,76.04177228023929,-49.347054648687006,-6.6110716820440025,0,0,0.737069021549764,3,0,7045,1,32.797923299273826,29.9857420984454,1229.1608383233531,28.0,1.022001419446416,7,1,114.74,-52.260000000000005,114.74,False,False,91.29,80.94999999999999,0,1.5643488899139606,49.861,28.139,1.877,0.4358974358974359,1,7,1.105854274884178,0.7499999999999997,0.5999999999999999,1.1249999999999996,1.0950442229397723,1.0,0.958023304787309
2026-3,Tags 1,8,72.63986859231983,1.691619516495777,32.50172157314106,30.3717708333334,33.0469097222221,-0.4897894151628546,0,0,0,8,1,1,4,1,1,25.0577777777777,25.0577777777777,32.4,5.2932118491973394,0,0,0,0,93.4,1.0357142857142945,34.0,-1.1940476190476137,66.5,3.1642857142857155,-0.0749999999999987,0.0,1.0,0.5,0.0,55.0,28.0,2.115173611110901,2.115173611110901,10.4,1.421761088399045,0,149.27495024168326,28.433323855558715,1.0015638328120555,1.339399109089186,8,1,62.359448910486734,-70.72504975831674,-21.566676144441285,0,0,0.7093575424774866,4,0,7034,1,32.797923299273826,29.685247200218303,1014.1859635416666,28.0,1.0235996588001135,8,1,114.74,-83.155,108.845,False,False,114.74,91.29,0,1.5618419205390983,56.984,32.016,3.877,0.3820224719101123,1,8,1.105854274884178,1.2222222222222232,0.916666666666667,0.7333333333333338,1.249473536431279,1.0,0.958023304787309
2026-3,Tags 1,9,73.53121806971637,1.7189433479849692,32.23953183044638,30.1151736111109,30.3717708333334,-0.5001664362308063,0,0,0,9,1,1,5,1,1,25.66201388888869,25.66201388888869,31.988888888888887,5.627287556018306,0,0,0,0,92.5,1.1616666666666675,36.1,-1.026666666666664,63.8,2.898333333333333,-0.1833333333333328,0.0,1.0,0.5555555555555556,0.0,55.0,25.0,5.142013888888901,5.142013888888901,10.3,1.5451278811133005,0,185.0533807829181,35.587188612099645,1.2516014234875446,1.2551601423487544,9,1,69.85633320152893,-84.94661921708186,-14.412811387900357,0,0,0.6679345155157097,5,0,7025,1,32.797923299273826,29.725623492573,968.4182272727272,28.0,1.0249110320284698,9,1,114.74,-100.91,119.09,False,False,108.845,114.74,0,1.528694214360366,64.107,33.893,1.877,0.3469387755102041,1,9,1.105854274884178,0.8181818181818176,1.0,0.7499999999999997,1.3758247929243297,1.0,0.958023304787309
2026-3,Tags 1,10,74.2725893183003,1.6545249341257509,31.96068628629062,30.1420138888889,30.1151736111109,-0.5158549777073659,0,0,0,10,1,1,6,1,1,25.9449305555556,25.9449305555556,32.25,5.800361496831875,0,0,0,0,92.0,1.1351515151515164,37.2,-0.8254545454545448,57.4,2.2557575757575767,-0.2448484848484852,0.0,1.0,0.6,0.0,55.0,25.0,4.451076388888801,4.451076388888801,10.36,1.7028504444850463,0,221.0811581800029,35.6582513193553,1.001996862073884,1.2560619027242903,10,1,63.2123546115844,-108.91884181999714,-24.3417486806447,0,0,0.645858387754113,6,0,7011,1,32.797923299273826,29.044974135420297,940.4104819277107,28.0,1.0269576379974326,10,1,114.74,-118.11,130.89,False,False,119.09,108.845,0,1.5723711919135197,71.23,40.77,6.877,0.3035714285714285,1,10,1.105854274884178,1.5555555555555562,1.2727272727272725,1.5555555555555562,1.5723711919135197,1.0,0.958023304787309
2026-3,Tags 1,11,74.03947513784875,1.1243366103685442,31.962868214809667,29.4510763888888,30.1420138888889,-0.3858002690210028,0,0,0,11,1,1,7,1,1,16.7083333333333,16.7083333333333,32.99090909090909,5.55675611998046,0,0,0,0,90.9,1.0190909090909106,39.8,-0.5599999999999988,50.5,1.48909090909091,-0.2809090909090907,0.0,1.0,0.6363636363636364,0.0,55.0,25.0,6.984687500000099,6.984687500000099,10.672727272727274,1.6154819842967336,0,257.1061276960434,35.70918440222825,1.001428367376089,1.2558920154263675,11,1,62.71997773211885,-132.89387230395658,-24.290815597771747,0,0,0.6249855635561625,7,0,7001,1,32.797923299273826,31.345096315487904,945.822730496454,28.0,1.0284245107841736,11,1,114.74,-132.90999999999997,149.09000000000003,False,False,130.89,119.09,0,1.55705588809618,78.35300000000001,43.647000000000006,2.877,0.2786885245901639,1,11,1.105854274884178,0.7142857142857143,1.1111111111111116,0.9090909090909088,1.712761476905798,1.0,0.958023304787309
2026-3,Tags 1,12,73.57970984858358,0.6526749513918759,32.02529702098294,31.9846875000001,29.4510763888888,-0.2679561425515706,0,0,0,12,1,1,8,1,1,13.522291666666703,13.522291666666703,33.95,5.532368305703924,0,0,0,0,89.4,0.8552447552447543,40.8,-0.3468531468531461,44.9,0.7741258741258735,-0.2409090909090899,0.0,1.0,0.6666666666666666,0.0,55.0,25.0,7.712013888888897,7.712013888888897,10.908333333333331,1.555409077637897,0,300.3432494279176,42.90617848970252,1.2015446224256294,1.2056636155606408,12,1,63.29327572238725,-159.6567505720824,-27.09382151029748,0,0,0.5979523202551961,8,0,6992,1,32.797923299273826,31.98690952717772,918.2310567823343,28.0,1.0297482837528604,12,1,114.74,-154.29500000000002,162.70499999999998,False,False,149.09000000000003,130.89,0,1.5325939444990409,85.47600000000001,45.52400000000001,1.877,0.2595419847328244,1,12,1.105854274884178,0.8999999999999996,0.6428571428571426,1.0,1.8391127333988488,1.0,0.958023304787309
2026-3,Tags 1,13,73.18236304399169,0.342524545554234,32.08489489971074,32.7120138888889,31.9846875000001,-0.1849950211214595,0,0,0,13,1,1,9,1,1,13.414201388888998,13.414201388888998,34.56153846153846,5.487167371362589,0,0,0,0,86.2,0.6225274725274782,40.4,-0.2197802197802177,44.3,0.2967032967032986,-0.2021978021978015,0.0,1.0,0.6923076923076923,0.0,55.0,25.0,7.8000694444443965,7.8000694444443965,11.061538461538465,1.5046142612533442,0,343.8395415472779,42.97994269340974,1.0017191977077362,1.2053295128939827,13,1,58.699458771092,-196.16045845272208,-37.02005730659026,0,0,0.5809946411691007,9,0,6980,1,32.797923299273826,32.07130822582376,914.7585352112676,28.0,1.0315186246418335,13,1,114.74,-173.48,181.52,False,False,162.70499999999998,149.09000000000003,0,1.544293134915064,92.59900000000002,50.40100000000001,4.877,0.2377622377622377,1,13,1.105854274884178,1.333333333333334,1.2,0.8571428571428572,2.007581075389583,1.0,0.958023304787309
2026-3,Tags 1,14,72.89594605387477,0.1594528403966207,32.12184690645248,32.8000694444444,32.7120138888889,-0.1332152142004736,0,0,0,14,1,1,10,1,1,14.172525182354905,14.172525182354905,34.97142857142857,5.379722491567355,0,0,0,0,86.3,0.4613186813186806,38.5,-0.1879120879120907,46.0,0.0367032967032947,-0.1520879120879126,0.0,1.0,0.7142857142857143,0.0,55.0,25.0,7.602222994095101,7.602222994095101,11.007142857142858,1.4521835269692571,0,394.8312993539124,50.25125628140704,1.169179229480737,1.4072361809045226,14,1,59.25318200982235,-235.1687006460876,-39.74874371859296,0,0,0.5598796796623142,10,0,6965,1,32.797923299273826,31.89442709793753,1096.711212121212,28.0,1.033740129217516,14,2,114.74,-153.24,242.76,False,False,181.52,162.70499999999998,0,1.5844046449128577,99.72200000000002,58.27800000000001,7.877,0.2151898734177215,1,14,1.105854274884178,1.2499999999999996,1.666666666666667,1.4999999999999991,2.218166502878001,1.0,0.958023304787309
2026-3,Tags 2,1,69.0617442668521,0.0,34.0680097255992,28.15472074468085,28.15472074468085,0.0,0,0,0,1,1,1,0,0,0,9.061744266852102,9.061744266852102,38.7,0.0,1,0,0,0,86.3,0.0,40.4,0.0,47.6,0.0,0.0,0.0,1.0,0.0,0.0,60.0,30.0,4.068009725599197,4.068009725599197,11.4,0.0,0,7.047216349541931,7.047216349541931,3.0,3.0,1,1,70.47216349541931,-2.952783650458069,-2.952783650458069,0,0,0.0,0,0,7095,1,33.341786034777144,33.341786034777144,1259.00875,28.0,1.014799154334038,1,1,106.75,-18.96,45.04,False,False,669.9717991631799,637.6489644351465,0,2.6707899915659263,7.114,11.886,11.886,2.6842105263157894,0,1,1.6707899915659263,3.0,3.0,3.0,0.2670789991565926,1.0,0.946303064380096
2026-3,Tags 2,2,68.49915973328714,-1.125169067129912,34.12610281347685,34.0680097255992,28.15472074468085,0.1161861757552969,0,0,0,2,1,1,0,0,0,7.936575199722199,7.936575199722199,36.1,0.7956146773488962,1,0,0,0,83.8,-2.500000000000007,40.6,0.2000000000000007,50.3,2.6999999999999877,-0.5000000000000024,0.0,1.0,0.0,0.0,60.0,30.0,4.184195901354499,4.184195901354499,11.75,0.0821560327567065,0,21.192427239333146,14.128284826222096,2.004803616840916,3.0,2,1,70.64142413111048,-8.807572760666854,-5.871715173777904,0,0,0.703710111144114,0,0,7078,1,33.42797740130105,33.42797740130105,1245.5622077922078,28.0,1.017236507487991,2,2,106.75,-23.39,53.61000000000001,False,False,45.04,637.6489644351465,0,2.530222097272983,14.228,21.772,9.886,1.4166666666666667,0,2,1.6707899915659263,0.8947368421052632,3.0,3.0,0.5060444194545966,1.0,0.946303064380096
2026-3,Tags 2,3,68.58531945182106,-0.1520526889815758,34.041163449725296,34.1841959013545,34.0680097255992,-0.0983625016884964,0,0,0,3,1,1,0,0,0,8.757638888888906,8.757638888888906,36.16666666666666,0.5820411056789943,1,0,0,0,82.6,-1.8499999999999976,41.2,0.4000000000000087,46.3,-0.6499999999999987,-0.1499999999999969,0.0,1.0,0.0,0.0,60.0,30.0,3.8712847222222,3.8712847222222,12.0,0.158173617909924,0,35.39572419651706,14.158289678606824,1.0021237434517911,3.0,3,1,70.79144839303412,-14.604275803482942,-5.841710321393176,0,0,0.998940464194575,0,0,7063,1,33.42797740130105,33.13945659025479,1213.3745054945057,28.0,1.0193968568596914,3,3,106.75,-29.28000000000001,61.71999999999999,False,False,53.61000000000001,45.04,0,2.38965420298004,21.342,29.658,7.886,1.0,0,3,1.6707899915659263,0.8823529411764706,0.7894736842105263,3.0,0.7168962608940118,1.0,0.946303064380096
2026-3,Tags 2,4,69.14008333886582,0.6048955888610665,34.044804878960626,33.8712847222222,34.1841959013545,-0.0349752855930144,0,0,0,4,1,1,1,1,1,10.804375000000109,10.804375000000109,34.95,1.2070210356946531,0,0,0,0,83.2,-1.0500000000000125,40.2,-5.6172210175586435e-15,51.9,0.8899999999999914,0.3499999999999966,0.0,1.0,0.25,0.0,60.0,30.0,4.055729166666602,4.055729166666602,11.525,0.1293534007901608,0,49.680624556423,14.194464158978,1.0025550035486162,2.014194464158978,4,1,61.50934468890466,-25.319375443577,-10.805535841022,0,0,0.9566252004099236,1,0,7045,1,33.42797740130105,33.37374023086704,1184.0839252336448,28.0,1.022001419446416,4,4,106.75,-36.18000000000001,70.82,False,False,61.71999999999999,53.61000000000001,0,2.4247961765532757,28.456,40.544,10.886,0.7391304347826086,0,4,1.6707899915659263,1.2000000000000002,1.0588235294117647,0.9473684210526316,0.9699184706213102,1.0,0.946303064380096
2026-3,Tags 2,5,69.0998097266482,0.2621741822129046,33.98341334761297,34.0557291666666,33.8712847222222,-0.07887917414417,0,0,0,5,1,1,1,1,0,8.938715277777703,8.938715277777703,33.38,1.0491828509189058,1,0,0,0,82.2,-0.8800000000000012,38.9,-0.3400000000000032,55.1,1.6599999999999993,0.2799999999999977,0.0,1.0,0.2,0.0,60.0,28.0,5.7378472222223,5.7378472222223,11.080000000000002,0.1771830334090756,0,71.09341674960899,21.32802502488269,1.502559363002986,1.5095976112611973,5,1,78.20275842456988,-28.90658325039101,-3.6719749751173048,0,0,0.8359605017386923,1,0,7033,1,33.42797740130105,33.01204705892132,1154.6921600000005,28.0,1.0237452011943693,5,4,106.75,-44.31999999999998,80.68000000000002,False,False,70.82,61.71999999999999,0,2.2771998875456845,35.57,45.43,4.886,0.6296296296296297,1,5,1.6707899915659263,0.6666666666666663,0.7999999999999996,0.7058823529411762,1.1385999437728422,1.0,0.946303064380096
2026-3,Tags 2,6,68.84967940183644,-0.0645836028598546,34.02051228041819,33.7378472222223,34.0557291666666,-0.0132747285350484,0,0,0,6,1,1,1,1,0,7.599027777777593,7.599027777777593,32.21666666666667,1.1207224456003828,1,0,0,0,79.6,-1.0771428571428563,38.7,-0.4171428571428591,53.2,1.3714285714285743,0.3914285714285724,0.0,1.0,0.1666666666666666,0.0,60.0,28.0,6.206006944444297,6.206006944444297,10.55,0.1826829131422859,0,99.72930616896994,28.49408747684856,1.3359927814978394,2.0125373984898136,6,1,77.64261931522226,-35.27069383103006,-6.505912523151444,0,0,0.7625225871725057,1,0,7019,1,33.4408815174654,33.4408815174654,1094.3744827586208,28.0,1.025787149166548,6,4,106.75,-56.29999999999998,88.70000000000002,False,False,80.68000000000002,70.82,0,2.2256583263049383,42.684,52.316,6.886,0.5368421052631579,1,6,1.6707899915659263,1.1666666666666674,0.7777777777777779,0.9333333333333336,1.3353949957829632,1.0,0.946303064380096
2026-3,Tags 2,7,70.25179365395505,1.011220937301552,33.66928334353303,34.2060069444443,33.7378472222223,-0.2717184079982713,0,0,0,7,1,1,2,1,1,18.66447916666669,18.66447916666669,30.11428571428572,3.8481362976579487,0,0,0,0,85.4,-0.4107142857142827,35.4,-0.7535714285714271,67.9,2.6964285714285747,0.2392857142857138,0.0,1.0,0.2857142857142857,0.0,60.0,28.0,3.561909722222101,3.561909722222101,9.900000000000002,0.9441097579378456,0,128.49800114220446,28.555111364934323,1.00214163335237,2.011707595659623,7,1,78.58654598332765,-41.50199885779554,-6.444888635065677,0,0,0.7368185253285195,2,0,7004,1,33.4408815174654,31.09087267912114,1229.1608383233531,28.0,1.0279840091376355,7,5,114.74,-52.260000000000005,114.74,False,False,88.70000000000002,80.68000000000002,0,2.2089240531748264,49.798,60.202000000000005,7.886,0.4636363636363636,1,7,1.6707899915659263,1.0714285714285712,1.2500000000000009,0.8333333333333333,1.5462468372223783,1.0,0.946303064380096
2026-3,Tags 2,8,71.11567534998845,1.2500684222233112,33.35908212698028,31.5619097222221,34.2060069444443,-0.3879464163673382,0,0,0,8,1,1,3,1,1,22.162847222222297,22.162847222222297,28.7375,4.320073520168756,0,0,0,0,85.8,-0.065476190476185,34.4,-0.91428571428571,66.7,2.923809523809526,0.114285714285717,0.0,1.0,0.375,0.0,55.0,28.0,3.187673611111101,3.187673611111101,9.35,1.2384695576306826,0,157.36766809728184,28.61230329041488,1.0020028612303291,1.3415355269432525,8,1,64.37768240343348,-62.63233190271816,-21.38769670958512,0,0,0.7091440135353558,3,0,6990,1,33.4408815174654,30.6841475079322,949.2229010416668,28.0,1.0300429184549356,8,5,114.74,-90.127,101.873,False,False,114.74,88.70000000000002,0,2.178802361540624,56.912,67.088,6.886,0.4112903225806452,1,8,1.6707899915659263,0.9333333333333336,1.0,1.1666666666666674,1.743041889232499,1.0,0.946303064380096
2026-3,Tags 2,9,71.81770679258233,1.2962667611126375,33.1324287116368,31.1876736111111,31.5619097222221,-0.4075545406632285,0,0,0,9,1,1,4,1,1,22.43395833333329,22.43395833333329,27.95555555555556,4.556949542700605,0,0,0,0,86.5,0.1466666666666695,36.0,-0.8216666666666669,64.8,2.708333333333336,-0.0116666666666658,0.0,1.0,0.4444444444444444,0.0,55.0,25.0,6.319201388888899,6.319201388888899,9.2,1.343289591157656,0,186.37992831541217,28.67383512544803,1.0021505376344086,1.0063082437275983,9,1,63.188636665339175,-83.62007168458783,-21.32616487455197,0,0,0.682317827562169,4,0,6975,1,33.4408815174654,30.82106998472255,924.8967363636364,28.0,1.032258064516129,9,6,114.74,-106.262,113.738,False,False,101.873,114.74,0,2.170993034079905,64.026,74.97399999999999,7.886,0.3669064748201439,1,9,1.6707899915659263,1.0714285714285712,1.0,1.0714285714285712,1.9538937306719144,1.0,0.946303064380096
2026-3,Tags 2,10,72.35628680776854,1.236510380001674,32.89092889602868,31.3192013888889,31.1876736111111,-0.4281304744504146,0,0,0,10,1,1,5,1,1,22.2035069444445,22.2035069444445,27.89,4.621597511514976,0,0,0,0,85.8,0.2084848484848495,37.3,-0.658787878787877,58.5,2.1072727272727265,-0.0751515151515141,0.0,1.0,0.5,0.0,55.0,25.0,5.717430555555602,5.717430555555602,9.21,1.4789038692441572,0,222.60519890851648,35.904064340083295,1.252154243860405,1.257360333189717,10,1,63.64811405742039,-107.39480109148354,-24.095935659916705,0,0,0.645701383311364,5,0,6963,1,33.4408815174654,30.21820620624878,844.49421686747,28.0,1.034037052994399,10,6,114.74,-131.45999999999998,117.54000000000002,False,False,113.738,101.873,0,2.122575203823447,71.14,79.85999999999999,4.886,0.3377483443708609,1,10,1.6707899915659263,0.7999999999999996,0.8571428571428565,0.7999999999999996,2.122575203823447,1.0,0.946303064380096
2026-3,Tags 2,11,72.0581047999916,0.7782917811127865,32.89978384487454,30.7174305555556,31.3192013888889,-0.3166703814148834,0,0,0,11,1,1,6,1,1,14.076284722222198,14.076284722222198,28.34545454545454,4.494583941810191,0,0,0,0,84.3,0.1645454545454569,39.4,-0.4445454545454549,51.4,1.3609090909090926,-0.1290909090909088,0.0,1.0,0.5454545454545454,0.0,55.0,25.0,7.988333333333102,7.988333333333102,9.454545454545457,1.4033187450926805,0,259.1419522027066,35.99193780593147,1.0024474517708033,1.257918226317305,11,1,63.2166087104181,-130.8580477972934,-24.00806219406853,0,0,0.6248081693241582,6,0,6946,1,33.4408815174654,32.27402719330825,869.948829787234,28.0,1.0365678088108263,11,7,114.74,-144.87,137.13,False,False,117.54000000000002,113.738,0,2.1468551128376827,78.254,89.74599999999998,9.886,0.3035714285714285,1,11,1.6707899915659263,1.4166666666666674,1.1333333333333333,1.214285714285714,2.3615406241214507,1.0,0.946303064380096
2026-3,Tags 2,12,71.58451852036268,0.3801077025657172,32.965586001320176,32.9883333333331,30.7174305555556,-0.2132223750365383,0,0,0,12,1,1,7,1,1,11.375069444444506,11.375069444444506,28.933333333333326,4.588704822032083,0,0,0,0,83.0,0.0828671328671338,40.4,-0.2653846153846168,47.6,0.7318181818181814,-0.1244755244755249,0.0,1.0,0.5833333333333334,0.0,55.0,25.0,8.689409722222202,8.689409722222202,9.675,1.3572895766579427,0,295.8152958152958,36.07503607503608,1.0023088023088025,1.258116883116883,12,1,57.92171941240264,-164.18470418470417,-33.924963924963926,0,0,0.6052933294119793,7,0,6930,1,33.4408815174654,32.89892956194329,847.5740220820188,28.0,1.0389610389610389,12,8,114.74,-166.81500000000003,150.18499999999997,False,False,137.13,117.54000000000002,0,2.155374379158467,85.36800000000001,98.63199999999998,8.886,0.2771739130434782,1,12,1.6707899915659263,0.941176470588235,1.3333333333333337,1.0666666666666664,2.58644925499016,1.0,0.946303064380096
2026-3,Tags 2,13,71.19620352734333,0.1322353407219113,33.01211944993656,33.6894097222222,32.9883333333331,-0.1475889595502564,0,0,0,13,1,1,8,1,1,11.536423611111104,11.536423611111104,29.353846153846145,4.611049615276602,0,0,0,0,81.8,-0.0087912087912049,39.1,-0.1912087912087893,47.4,0.3208791208791229,-0.1109890109890099,0.0,1.0,0.6153846153846154,0.0,55.0,25.0,8.570520833333198,8.570520833333198,9.746153846153849,1.31029199643337,0,339.79178716020823,43.37767495662232,1.2024291497975708,1.208155002891845,13,1,58.57324936272305,-200.20821283979177,-36.62232504337768,0,0,0.580826818510351,8,0,6916,1,33.4408815174654,32.785585215559394,841.6363098591548,28.0,1.0410641989589358,13,8,114.74,-187.99,167.01,False,False,150.18499999999997,137.13,0,2.140957159230985,92.482,105.51799999999996,6.886,0.2575757575757575,1,13,1.6707899915659263,0.8750000000000004,0.8235294117647061,1.1666666666666674,2.783244307000281,1.0,0.946303064380096
2026-3,Tags 2,14,70.87460466427912,-0.0228512726481528,33.05751121541729,33.5705208333332,33.6894097222222,-0.0999144614479146,0,0,0,14,1,1,9,1,1,11.6938194444445,11.6938194444445,29.699999999999992,4.590666479870719,0,0,0,0,81.4,-0.0775824175824204,38.9,-0.1448351648351669,47.2,0.047692307692307,-0.0736263736263749,0.0,1.0,0.6428571428571429,0.0,55.0,25.0,8.647604166666802,8.647604166666802,9.728571428571428,1.2702930141378788,0,383.8910618571636,43.4593654932638,1.0018832391713748,1.207475010864841,14,1,54.61163653254049,-246.10893814283645,-46.54063450673621,0,0,0.5649643028884742,9,0,6903,1,33.4408815174654,32.86577340251049,1096.711212121212,28.0,1.0430247718383312,14,8,114.74,-153.24,242.76,False,False,167.01,150.18499999999997,0,2.11855897827222,99.59600000000002,111.40399999999995,5.886,0.2417061611374407,1,14,1.6707899915659263,0.9285714285714284,0.8125000000000002,0.7647058823529411,2.9659825695811075,1.0,0.946303064380096
2026-3,Tags 3,1,68.0401388888888,0.0,34.5112847222222,28.15472074468085,28.15472074468085,0.0,0,0,0,1,1,1,0,0,0,8.040138888888805,8.040138888888805,42.2,0.0,1,0,0,0,85.5,0.0,42.4,0.0,43.3,0.0,0.0,0.0,1.0,0.0,0.0,60.0,30.0,4.5112847222222,4.5112847222222,13.7,0.0,0,7.013606396409034,7.013606396409034,3.0,3.0,1,1,70.13606396409034,-2.986393603590966,-2.986393603590966,0,0,0.0,0,0,7129,1,33.75406248130139,33.75406248130139,1240.699453125,28.0,1.0099593210829008,1,0,106.75,-19.615,44.385,False,False,669.9717991631799,637.6489644351465,0,1.9599608007839844,7.143,6.857,6.857,3.571428571428572,0,1,0.9599608007839844,3.0,3.0,3.0,0.1959960800783984,1.0,0.950020999580008
2026-3,Tags 3,2,67.96201388888875,-0.1562500000001067,34.04347222222225,34.5112847222222,28.15472074468085,-0.9356249999999114,0,0,0,2,1,1,0,0,0,7.8838888888887055,7.8838888888887055,39.75,0.1104854345604683,1,0,0,0,86.6,1.09999999999998,41.3,-1.1000000000000063,49.3,5.999999999999989,-1.4000000000000006,0.0,1.0,0.0,0.0,60.0,30.0,3.575659722222298,3.575659722222298,13.85,0.6615867821475944,0,21.10001406667605,14.066676044450697,2.0056266704177803,3.0,2,1,70.33338022225348,-8.899985933323954,-5.933323955549303,0,0,0.7031281243786333,0,0,7109,1,33.75406248130139,32.82493962205304,1186.316103896104,28.0,1.01280067520045,2,1,106.75,-25.94,51.06,False,False,44.385,637.6489644351465,0,2.379952400951981,14.286,19.714,12.857,1.4705882352941178,0,2,1.799944001119978,1.428571428571429,3.0,3.0,0.4759904801903962,1.0,0.950020999580008
2026-3,Tags 3,3,67.20802083333326,-1.170052083333238,34.23454089774283,33.5756597222223,34.5112847222222,0.0526967632809007,0,0,0,3,1,1,0,0,0,5.7000347222222985,5.7000347222222985,38.53333333333333,1.3082889967827065,1,0,0,0,79.0,-3.2499999999999893,43.0,0.3000000000000089,42.9,-0.199999999999994,0.3499999999999984,0.0,1.0,0.0,0.0,60.0,30.0,4.616678248783998,4.616678248783998,13.766666666666666,0.5730359949006465,0,35.24601720005639,14.098406880022557,1.0022557451008036,3.0,3,1,70.49203440011279,-14.753982799943609,-5.901593119977443,0,0,0.998875504449764,0,0,7093,1,33.79747072459923,33.79747072459923,1202.9550549450548,28.0,1.015085295361624,3,2,106.75,-29.81,61.19,False,False,51.06,44.385,0,2.3332866675999817,21.429,28.571,8.857,1.0,0,3,1.799944001119978,0.7999999999999999,1.142857142857143,3.0,0.6999860002799945,1.0,0.950020999580008
2026-3,Tags 3,4,67.11157118055547,-0.583760416666671,34.248865742751576,34.616678248784,33.5756597222223,0.0382685193228445,0,0,0,4,1,1,0,0,0,6.822222222222095,6.822222222222095,40.125,1.085490768340429,1,0,0,0,85.9,-0.6400000000000146,42.2,0.1099999999999931,41.0,-1.330000000000005,0.3599999999999942,0.0,1.0,0.0,0.0,60.0,30.0,4.291840277777801,4.291840277777801,13.575,0.4687582593469123,0,49.46297343131713,14.132278123233466,1.0024024872809498,2.0149802148106275,4,1,61.239871867345016,-25.53702656868287,-10.867721876766534,0,0,0.956703029781786,0,0,7076,1,33.79747072459923,33.50571147105128,1198.7971962616823,28.0,1.0175240248728097,4,3,106.75,-35.3,71.7,False,False,61.19,51.06,0,2.3449531009379814,28.572,38.428,9.857,0.746268656716418,0,4,1.799944001119978,1.0625,0.85,1.2142857142857146,0.9379812403751926,1.0,0.950020999580008
2026-3,Tags 3,5,65.62406944444436,-1.7793819444444492,34.13205787197906,34.2918402777778,34.616678248784,-0.0976736111110938,0,0,0,5,1,1,0,0,0,0.3259375000001014,-0.3259375000001014,45.5,3.456446836099484,0,1,1,1,86.5,0.1299999999999931,39.9,-0.4100000000000042,19.5,-5.5900000000000025,0.1699999999999976,0.0,1.0,0.0,0.2,60.0,28.0,5.664826388888997,5.664826388888997,13.12,0.4827226146054312,0,70.79144839303412,21.23743451791024,1.5027608664873284,1.5097692198782389,5,1,77.87059323233754,-29.208551606965884,-3.7625654820897614,0,0,0.8360272474681777,0,0,7063,1,33.79747072459923,32.699707809807684,1123.77824,28.0,1.0193968568596914,5,3,106.75,-46.48,78.52,False,False,71.7,61.19,0,2.239955200895982,35.715,44.285,5.857,0.625,1,5,1.799944001119978,0.764705882352941,0.8124999999999999,0.6499999999999998,1.119977600447991,1.0,0.950020999580008
2026-3,Tags 3,6,64.52042824074066,-1.962767857142849,34.24834105072332,33.664826388889,34.2918402777778,0.0438578040030264,0,0,0,6,1,1,0,0,0,0.9977777777777987,-0.9977777777777987,44.95,4.1067947627926245,0,2,1,1,78.7,-0.7828571428571455,40.0,-0.4857142857142871,36.5,-3.5800000000000014,0.4485714285714279,0.0,1.0,0.0,0.3333333333333333,60.0,28.0,6.829756944444597,6.829756944444597,12.416666666666666,0.5172500015219091,0,99.30486593843098,28.37281883955171,1.3359814630916913,2.012484040289402,6,1,77.31217831941339,-35.69513406156902,-6.627181160448291,0,0,0.7625981187668488,0,0,7049,1,33.82833220887478,33.82833220887478,1097.9524827586208,28.0,1.0214214782238615,6,3,106.75,-56.00999999999999,88.99000000000001,False,False,78.52,71.7,0,2.1932894675439827,42.858,51.142,6.857,0.5319148936170213,1,6,1.799944001119978,1.0769230769230769,0.8235294117647057,0.8749999999999999,1.3159736805263895,1.0,0.950020999580008
2026-3,Tags 3,7,63.20399305555549,-2.21405629960315,33.9613806228422,34.8297569444446,33.664826388889,-0.1878091934089462,0,0,0,7,1,1,0,0,0,4.694618055555502,-4.694618055555502,50.1,5.117207623692044,0,3,1,1,81.0,-0.7785714285714268,36.4,-0.8464285714285716,0.0,-6.389285714285713,0.4142857142857152,0.0,1.0,0.0,0.4285714285714285,60.0,28.0,4.239618055555503,4.239618055555503,11.514285714285714,0.8940807086518184,0,127.8772378516624,28.41716396703609,1.001562944018187,2.0107985223074736,7,1,78.20690083364974,-42.1227621483376,-6.582836032963911,0,0,0.7369759258843136,0,0,7038,1,33.82833220887478,31.18162222086133,1229.1608383233531,28.0,1.0230179028132993,7,3,114.74,-52.260000000000005,114.74,False,False,88.99000000000001,78.52,0,2.099958000839983,50.001,54.999,3.857,0.4761904761904761,1,7,1.799944001119978,0.7857142857142856,0.8461538461538459,0.6470588235294115,1.4699706005879882,1.0,0.950020999580008
2026-3,Tags 3,8,62.73364583333327,-1.7896023478835863,33.7142201977647,32.2396180555555,34.8297569444446,-0.289979745657627,0,0,0,8,1,1,0,0,0,4.441215277777701,4.441215277777701,53.8,4.920853115831977,1,3,1,0,79.7,-0.8202380952380846,35.5,-1.0011904761904744,0.0,-7.0273809523809465,0.3154761904761927,0.0,1.0,0.0,0.375,55.0,28.0,3.9840972222222,3.9840972222222,10.8,1.083461735237797,0,156.71748112266704,28.49408747684856,1.0027069383103009,1.341691598993209,8,1,64.11169682290924,-63.28251887733296,-21.505912523151444,0,0,0.7092219410363713,0,0,7019,1,33.82833220887478,31.03884607059345,878.56671875,28.0,1.025787149166548,8,4,114.74,-97.71,94.29,False,False,114.74,88.99000000000001,0,2.169956600867983,57.144,66.856,11.857,0.4032258064516129,1,8,1.799944001119978,1.727272727272728,1.3571428571428574,1.461538461538462,1.7359652806943862,1.0,0.950020999580008
2026-3,Tags 3,9,63.9001041666666,-0.5528466435185134,33.51654449677853,31.9840972222222,32.2396180555555,-0.3215912425520464,0,0,0,9,1,1,1,1,1,18.2317708333332,18.2317708333332,50.71111111111111,5.782177042841991,0,3,1,0,82.8,-0.5783333333333296,37.4,-0.8799999999999994,56.8,-3.069999999999994,0.2016666666666679,0.0,1.0,0.1111111111111111,0.3333333333333333,55.0,25.0,6.9351388888891,6.9351388888891,10.533333333333337,1.1742377570587346,0,185.5552383671139,28.546959748786755,1.0018555523836712,1.006137596345989,9,1,62.90904092788192,-84.4447616328861,-21.453040251213245,0,0,0.6824226438748601,1,0,7006,1,33.82833220887478,31.33268224352876,946.3647363636368,28.0,1.0276905509563232,9,4,114.74,-103.62199999999996,116.37800000000004,False,False,94.29,114.74,0,2.1310684897413164,64.28699999999999,72.713,5.857,0.364963503649635,1,9,1.799944001119978,0.6842105263157894,1.181818181818182,0.9285714285714286,1.917961640767185,1.0,0.950020999580008
2026-3,Tags 3,10,64.90467361111105,0.1458766835016803,33.28162615821179,31.9351388888891,31.9840972222222,-0.3620218156197058,0,0,0,10,1,1,2,1,1,18.945798611111,18.945798611111,48.54,6.309542596753117,0,3,1,0,82.5,-0.4399999999999995,38.1,-0.7321212121212115,53.5,-1.067878787878788,0.1,0.0,1.0,0.2,0.3,55.0,25.0,6.167361111111202,6.167361111111202,10.45,1.3332279459335798,0,221.8088151116199,35.775615340583855,1.2532198053806525,1.258943903835146,10,1,63.4204090128532,-108.19118488838008,-24.224384659416145,0,0,0.6457733468024215,2,0,6988,1,33.82833220887478,30.58854421359514,926.7594779116464,28.0,1.0303377218088152,10,5,114.74,-120.01000000000002,128.98999999999998,False,False,116.37800000000004,94.29,0,2.169956600867983,71.42999999999999,83.57,10.857,0.3225806451612903,1,10,1.799944001119978,1.384615384615385,0.9473684210526316,1.6363636363636374,2.169956600867983,1.0,0.950020999580008
2026-3,Tags 3,11,65.02802714646458,0.171084280303035,33.309559133727895,31.1673611111112,31.9351388888891,-0.2575498739567294,0,0,0,11,1,1,3,1,1,11.261562499999997,11.261562499999997,47.3,5.999722663902412,0,3,1,0,82.1,-0.3627272727272718,40.7,-0.4999999999999984,47.2,-0.2136363636363622,0.0127272727272727,0.0,1.0,0.2727272727272727,0.2727272727272727,55.0,25.0,8.588888888888903,8.588888888888903,10.672727272727274,1.2681994490495017,0,258.1385343467661,35.85257421482862,1.0021511544528898,1.2582460920694103,11,1,62.97182906963489,-131.8614656532339,-24.14742578517138,0,0,0.6249039311841456,3,0,6973,1,33.82833220887478,32.796710618276435,946.647446808511,28.0,1.0325541373870644,11,6,114.74,-132.77999999999997,149.22000000000003,False,False,128.98999999999998,116.37800000000004,0,2.163593091774528,78.573,91.427,7.857,0.2941176470588235,1,11,1.799944001119978,0.833333333333333,1.153846153846154,0.7894736842105262,2.379952400951981,1.0,0.950020999580008
2026-3,Tags 3,12,64.97185474537032,0.1056775689588297,33.39218557165798,33.5888888888889,31.1673611111112,-0.1599800086143638,0,0,0,12,1,1,3,1,0,9.353958333333397,9.353958333333397,46.41666666666666,5.72381964917057,1,3,1,0,80.2,-0.3772727272727268,41.9,-0.3006993006993005,43.5,0.1451048951048959,0.0118881118881127,0.0,1.0,0.25,0.25,55.0,25.0,9.301076388889,9.301076388889,10.85,1.2425955004102074,0,294.6248922104053,35.929864903707966,1.0021557918942228,1.25862316757689,12,1,57.6886340224131,-165.37510778959472,-34.070135096292034,0,0,0.6053984150923333,3,0,6958,1,33.82833220887478,33.45061536565939,926.5834858044165,28.0,1.0347801092267892,12,7,114.74,-152.81500000000003,164.18499999999997,False,False,149.22000000000003,128.98999999999998,0,2.158290167529983,85.716,99.284,7.857,0.2702702702702703,1,12,1.799944001119978,1.0,0.833333333333333,1.153846153846154,2.58994820103598,1.0,0.950020999580008
2026-3,Tags 3,13,64.99138621794864,0.0914030067155075,33.46839298494925,34.301076388889,33.5888888888889,-0.0930382582150309,0,0,0,13,1,1,4,1,1,10.225763888888691,10.225763888888691,45.73076923076923,5.480592545308023,0,3,1,0,80.8,-0.3538461538461511,41.7,-0.1769230769230763,43.3,0.350549450549452,0.0043956043956041,0.0,1.0,0.3076923076923077,0.2307692307692307,55.0,25.0,9.3828819444444,9.3828819444444,11.000000000000002,1.2210125664505431,0,345.4728659853174,50.38145962285879,1.4022167842234057,1.4082625593781488,13,1,63.47664059626057,-194.5271340146826,-29.61854037714121,0,0,0.579859671242451,4,0,6947,1,33.82833220887478,33.554183520679445,946.4061971830986,28.0,1.036418597955952,13,7,114.74,-167.2,187.8,False,False,164.18499999999997,149.22000000000003,0,2.1107270162289065,92.859,103.141,3.857,0.2551020408163265,1,13,1.799944001119978,0.7333333333333332,0.7333333333333332,0.6111111111111107,2.7439451210975783,1.0,0.950020999580008
2026-3,Tags 3,14,65.0105059523809,0.0807702991453073,33.52497106538938,34.3828819444444,34.301076388889,-0.0517993743959728,0,0,0,14,1,1,5,1,1,10.259062500000198,10.259062500000198,45.142857142857146,5.266068950327009,0,3,1,0,81.3,-0.3147252747252764,41.3,-0.1054945054945067,43.8,0.4839560439560432,0.0024175824175813,0.0,1.0,0.3571428571428571,0.2142857142857142,55.0,25.0,9.2604861111111,9.2604861111111,11.092857142857143,1.1920588737741007,0,396.3678293456328,50.446814643989626,1.001297203805131,1.407062554050159,14,1,59.48377236933017,-233.6321706543673,-39.55318535601037,0,0,0.5647336558213993,5,0,6938,1,33.82833220887478,33.43418961122131,1096.711212121212,28.0,1.0377630441049297,14,7,114.74,-153.24,242.76,False,False,187.8,164.18499999999997,0,2.049959000819984,100.002,104.998,1.857,0.2439024390243902,1,14,1.799944001119978,0.8181818181818187,0.6000000000000002,0.6000000000000002,2.869942601147977,1.0,0.950020999580008
