bldg,final_harvest_recovery,harvest_cycle,prediction_day,average_temperature,average_temperature_lag1,average_temperature_lag2,average_temperature_trend,max_temperature,max_temperature_trend,min_temperature_trend,temperature_range,max_thi_cycle,max_thi_day,target_temperature,target_temperature_max,target_temperature_min,temperature_abs_error,temperature_gap,temperature_volatility,temperature_within_target,thi_stress_days,average_humidity,average_humidity_trend,humidity_range,max_humidity,max_humidity_trend,min_humidity,min_humidity_trend,high_humidity_days,high_humidity_flag_cycle,high_humidity_flag_day,humidity_abs_error,humidity_gap,humidity_volatility,humidity_within_target,low_humidity_days,low_humidity_flag_cycle,low_humidity_flag_day,percent_high_humidity_days,percent_low_humidity_days,target_humidity,target_humidity_max,target_humidity_min,feed_cumulative_g_per_bird,feed_daily_g_per_bird,feed_daily_g_per_bird_ratio_lag1,feed_daily_g_per_bird_ratio_lag2,feed_daily_g_per_bird_ratio_lag3,feed_deficit_days,feed_deficit_flag,feed_efficiency_score,feed_gap_cumulative,feed_gap_daily,feed_percent_target_cumulative,feed_percent_target_daily,feed_surplus_days,feed_surplus_flag,feed_volatility_score,feedconsumption_bags_1000,target_feed_cumulative,target_feed_daily,average_daily_mortality_ratio_to_normal_target,cumulative_allowable_mortality_normal,cumulative_mortality_difference_from_normal_target,daily_allowable_mortality,daily_mortality_difference_from_normal_target,daily_mortality_ratio_to_normal_target,early_mortality_concentration,early_mortality_concentration_day1_7,five_day_mortality_concern,high_mortality_days,high_mortality_severity,max_consecutive_high_mortality_days,mortality_dailypercent,mortality_dailypercent_ratio_lag1,mortality_dailypercent_ratio_lag2,mortality_dailypercent_ratio_lag3,mortality_percent_cum,percent_high_mortality_days,bodyweight_at_day7,bodyweight_deficit_g_interpolated,bodyweight_deficit_percent_of_target,bodyweight_g,bodyweight_g_is_extrapolated_fallback,bodyweight_g_is_interpolated,bodyweight_g_lag1,bodyweight_g_lag2,bodyweight_percent_target,day14_to_21_growth_rate,day_7_bodyweight_lower_than_mean,target_weight_interpolated,average_thi,cold_stress_days,cold_stress_flag_cycle,cold_stress_flag_day,compounding_stress_days,critical_days,current_population,current_recoverable_ratio,heat_stress_days,heat_stress_flag_cycle,heat_stress_flag_day,interpolated_daily_weight_gain_g,is_tags,percent_cold_stress_days,percent_heat_stress_days,population_loss_percent,projected_day35_weight_from_day14_21_slope,projected_day35_weight_from_trajectory,resting_days,sqft_per_bird,warning_days,bodyweight_at_day_35
Tags 1,0.887794117647059,2025-2,1,28.15472074468085,28.15472074468085,28.15472074468085,0.0,32.6,0.0,0.0,7.100000000000001,27.67854880516591,27.67854880516591,30.0,32.0,28.0,1.8452792553191488,-1.8452792553191488,0.0,1,0,77.42010416666665,0.0,22.5,86.8,0.0,64.3,0.0,1,1,1,17.420104166666647,17.420104166666647,0.0,0,0,0,0,1.0,0.0,60.0,70.0,60.0,14.79727730097662,14.79727730097662,3.0,3.0,3.0,0,0,147.9727730097662,4.797277300976621,4.797277300976621,147.9727730097662,147.9727730097662,1,1,0.0,0.2941176471,10.0,10.0,6.176470588235294,6.8,35.2,6.8,35.2,6.176470588235294,1.8333333333333333,3.523809523809524,0,1,5.176470588235294,1,0.6176470588,3.0,3.0,3.0,0.6176470588,1.0,106.75,0.0,0.0,64.0,True,False,669.9717991631799,637.6489644351465,100.0,39.36357142857144,0,64.0,27.67854880516591,0,0,0,0,1,6758,0.993823529411765,0,0,0,11.0,1,0.0,0.0,0.0061764705882352,1069.3950000000002,1789.0,29.5,1.0654039656703167,1,1573.0
Tags 1,0.887794117647059,2025-2,2,28.15472074468085,28.15472074468085,28.15472074468085,-6.783381100595097e-15,32.6,-6.772789795300852e-15,-4.066460168369259e-15,7.100000000000001,27.67854880516591,27.67854880516591,30.0,32.0,28.0,1.8452792553191488,-1.8452792553191488,0.0,1,0,77.42010416666665,-1.1658284442341368e-14,22.5,86.8,-1.7209744916952118e-14,64.3,-2.2316770830227838e-14,2,1,1,17.420104166666647,17.420104166666647,0.0,0,0,0,0,1.0,0.0,60.0,70.0,60.0,29.68239833778569,14.841199168892846,1.0029682398337785,3.0,3.0,1,1,86.57366181854161,-0.3176016622143081,-5.158800831107154,98.94132779261898,74.20599584446424,1,0,1.4121146998584422,0.5882352941,30.0,20.0,4.5588235294117645,13.6,48.400000000000006,6.8,13.2,2.9411764705882355,1.2419354838709675,2.3870967741935485,0,2,5.176470588235294,2,0.2941176471,0.4761904762752834,3.0,3.0,0.9117647059,1.0,106.75,0.0,0.0,77.0,True,False,64.0,637.6489644351465,100.0,39.36357142857144,0,77.0,27.67854880516591,0,0,0,0,1,6738,0.990882352941176,0,0,0,13.0,1,0.0,0.0,0.0091176470588235,1069.3950000000002,1789.0,29.5,1.068566340160285,2,1573.0
Tags 1,0.887794117647059,2025-2,3,28.154720744680855,28.15472074468085,28.15472074468085,-1.2895420286198467e-15,32.6,2.30148056710964e-15,2.3936246954295856e-15,7.100000000000001,27.67854880516591,27.67854880516591,30.0,32.0,28.0,1.8452792553191488,-1.8452792553191488,4.351167857633658e-15,1,0,77.42010416666665,1.136476922109094e-14,22.5,86.8,1.802190973325158e-15,64.3,-3.3130325148630877e-15,3,1,1,17.420104166666647,17.420104166666647,0.0,0,0,0,0,1.0,0.0,60.0,70.0,60.0,44.62293618920125,14.874312063067084,1.0022311468094602,1.0052060092220736,3.0,2,1,81.80871634686895,-5.377063810798752,-5.125687936932916,89.2458723784025,74.37156031533542,1,0,1.1531996636313655,0.8823529412,50.0,20.0,3.774509803921569,20.4,56.60000000000001,6.8,8.2,2.2058823529411766,1.0,1.922077922077922,0,3,5.176470588235294,3,0.2205882353,0.749999999915,0.3571428571659863,3.0,1.132352941,1.0,106.75,0.0,0.0,91.0,True,False,77.0,64.0,100.0,39.36357142857144,0,91.0,27.678548805165907,0,0,0,0,1,6723,0.988676470588235,0,0,0,14.0,1,0.0,0.0,0.0113235294117647,1069.3950000000002,1789.0,29.5,1.07095046854083,3,1573.0
Tags 1,0.887794117647059,2025-2,4,28.15472074468085,28.15472074468085,28.15472074468085,-4.860576503336004e-15,32.6,-2.22671580167811e-15,-3.4693771706650844e-15,7.100000000000001,27.67854880516591,27.67854880516591,30.0,32.0,28.0,1.8452792553191488,-1.8452792553191488,0.0,1,0,77.42010416666665,-1.0656246691081632e-14,22.5,86.8,-1.1688067064152732e-14,64.3,-8.691606854378891e-15,4,1,1,17.420104166666647,17.420104166666647,0.0,0,0,0,0,1.0,0.0,60.0,70.0,60.0,67.18423409973126,22.394744699910422,1.5055986861749775,1.5089578978799645,1.5134368468199464,3,1,89.57897879964167,-7.815765900268744,-2.6052553000895777,89.57897879964167,89.57897879964169,1,0,0.9450955999807185,1.323529412,75.0,25.0,3.75,27.2,74.80000000000001,6.8,18.2,3.6764705882352944,0.7549019607843137,1.4509803921568627,0,4,5.176470588235294,4,0.3676470588,1.6666666665155556,1.249999999745,0.5952380952226757,1.5,1.0,106.75,0.0,0.0,107.0,True,False,91.0,77.0,100.0,39.36357142857144,0,107.0,27.67854880516591,0,0,0,0,2,6698,0.985,0,0,0,16.0,1,0.0,0.0,0.015,1069.3950000000002,1789.0,29.5,1.0749477455957002,4,1573.0
Tags 1,0.887794117647059,2025-2,5,28.15472074468085,28.15472074468085,28.15472074468085,-3.371434273386755e-15,32.6,-3.764398267022435e-15,-4.80122207299609e-16,7.100000000000001,27.67854880516591,27.67854880516591,28.0,30.0,26.0,0.1547207446808514,0.1547207446808514,0.0,1,0,77.42010416666665,-4.822292063407377e-15,22.5,86.8,-3.627382670784715e-15,64.3,-3.145486211302101e-15,5,1,1,17.420104166666647,17.420104166666647,0.0,0,0,0,0,1.0,0.0,60.0,70.0,60.0,89.84725965858041,22.461814914645103,1.0029949086552858,1.5101078167115902,1.5134770889487872,4,1,89.84725965858041,-10.152740341419587,-2.538185085354897,89.84725965858041,89.84725965858041,1,0,0.8648441707415309,1.764705882,100.0,25.0,3.588235294117647,34.0,88.00000000000001,6.8,13.2,2.9411764705882355,0.6311475409836066,1.213114754098361,1,5,5.176470588235294,5,0.2941176471,0.8000000001632,1.3333333334844444,1.0,1.794117647,1.0,106.75,0.0,0.0,125.0,True,False,107.0,91.0,100.0,39.36357142857144,0,125.0,27.67854880516591,0,0,0,0,2,6678,0.982058823529412,0,0,0,18.0,1,0.0,0.0,0.0179411764705882,1069.3950000000002,1789.0,29.5,1.0781671159029649,5,1573.0
Tags 1,0.887794117647059,2025-2,6,28.154720744680848,28.15472074468085,28.15472074468085,-1.3488542533772615e-15,32.6,-3.003278291787231e-16,-6.929659921216828e-16,7.100000000000001,27.67854880516591,27.67854880516591,28.0,30.0,26.0,0.1547207446808514,0.1547207446808514,3.891802844472395e-15,1,0,77.42010416666665,-3.2804718226432046e-15,22.5,86.8,-5.226196707538049e-15,64.3,-1.2637676618891283e-15,6,1,1,17.420104166666647,17.420104166666647,0.0,0,0,0,0,1.0,0.0,60.0,70.0,60.0,112.56190904997749,22.512381809995496,1.0022512381809996,1.005252889088999,1.5135074290859971,5,1,73.85014138728681,-22.438090950022517,-12.487618190004504,83.37919188887221,64.32109088570141,1,0,0.800072259853328,2.205882353,135.0,35.0,3.357843137254902,40.8,96.20000000000002,6.8,8.2,2.2058823529411766,0.5620437956204379,1.0802919708029195,1,6,5.176470588235294,6,0.2205882353,0.749999999915,0.6000000000544,1.0,2.014705882,1.0,106.75,0.0,0.0,145.0,True,False,125.0,107.0,100.0,39.36357142857144,0,145.0,27.678548805165914,0,0,0,0,2,6663,0.979852941176471,0,0,0,20.0,1,0.0,0.0,0.0201470588235294,1069.3950000000002,1789.0,29.5,1.080594326879784,6,1573.0
Tags 1,0.887794117647059,2025-2,7,28.154720744680848,28.15472074468085,28.15472074468085,-3.895921039444663e-16,32.6,1.656277457553702e-15,1.2138620989631208e-15,7.100000000000001,27.67854880516591,27.67854880516591,28.0,30.0,26.0,0.1547207446808514,0.1547207446808514,3.837369354665453e-15,1,0,77.42010416666665,2.54453727244602e-15,22.5,86.8,2.9813600726655495e-15,64.3,-1.585001016368459e-15,7,1,1,17.420104166666647,17.420104166666647,0.0,0,0,0,0,1.0,0.0,60.0,70.0,60.0,142.8141912206855,30.06614552014432,1.3355381840048106,1.338544798556825,1.3425536179595108,6,1,84.95581034578593,-27.1858087793145,-4.9338544798556825,84.00834777687382,85.90327291469805,1,0,0.7310492118793457,2.794117647,170.0,35.0,3.1092436974789917,47.599999999999994,100.40000000000002,6.8,4.2,1.6176470588235294,0.5202702702702703,1.0,1,7,5.176470588235294,7,0.1617647059,0.7333333333937778,0.549999999983,0.44000000007616,2.176470588,1.0,149.0,-18.0,-10.778443113772456,149.0,False,False,145.0,125.0,89.22155688622755,39.36357142857144,0,167.0,27.678548805165914,0,0,0,0,2,6652,0.978235294117647,0,0,0,22.0,1,0.0,0.0,0.0217647058823529,1069.3950000000002,1596.1736526946108,29.5,1.0823812387251954,6,1573.0
Tags 1,0.887794117647059,2025-2,8,28.15472074468085,28.15472074468085,28.15472074468085,2.560235073882277e-15,32.6,2.821334018596945e-15,1.5927353798953544e-15,7.100000000000001,27.67854880516591,27.67854880516591,28.0,30.0,26.0,0.1547207446808514,0.1547207446808514,0.0,1,0,77.42010416666665,6.1910039907492395e-15,22.5,86.8,3.730138838203249e-15,64.3,1.0375528248368055e-15,8,1,1,22.420104166666647,22.420104166666647,0.0,0,0,0,0,1.0,0.0,55.0,65.0,55.0,173.14062029509185,30.11141222523336,1.0015055706112617,1.337548931044866,1.3405600722673894,7,1,69.4615532013906,-46.85937970490815,-19.88858777476664,78.70028195231448,60.22282445046672,1,0,0.6918641612679525,3.382352941,220.0,50.0,2.9044117647058822,54.4,103.60000000000001,6.8,3.2,1.4705882352941178,0.4873417721518987,0.9367088607594936,1,8,5.176470588235294,8,0.1470588235,0.9090909088099172,0.6666666665155555,0.49999999983,2.323529412,1.0,149.0,-22.366812227074234,-11.64938136826783,169.63318777292577,False,True,149.0,145.0,88.35061863173217,39.36357142857144,0,192.0,27.67854880516591,0,0,0,0,2,6642,0.976764705882353,0,0,0,25.0,1,0.0,0.0,0.023235294117647,1069.3950000000002,1580.5925673216886,29.5,1.084010840108401,6,1573.0
Tags 1,0.887794117647059,2025-2,9,28.15472074468085,28.15472074468085,28.15472074468085,1.0383261863092424e-15,32.6,1.926709849426818e-15,5.833989137158367e-16,7.100000000000001,27.67854880516591,27.67854880516591,25.0,28.0,23.0,3.1547207446808514,3.1547207446808514,0.0,0,0,77.42010416666665,2.9175697731988434e-15,22.5,86.8,-6.967445516541836e-16,64.3,2.4487606206954734e-15,9,1,1,22.420104166666647,22.420104166666647,0.0,0,0,0,0,1.0,0.0,55.0,65.0,55.0,203.527815468114,30.15226895823911,1.0013568521031209,1.0028644655510328,1.3393637871249813,8,1,67.84260515603799,-66.47218453188603,-19.84773104176089,75.38067239559777,60.30453791647822,1,0,0.6579257733898114,3.970588235,270.0,50.0,2.7287581699346406,61.199999999999996,105.80000000000001,6.8,2.2,1.3235294117647058,0.4610778443113772,0.8862275449101796,1,9,5.176470588235294,9,0.1323529412,0.9000000003399999,0.8181818182380165,0.6000000000906667,2.455882353,1.0,149.0,-27.25764192139738,-12.389837236998808,192.74235807860265,False,True,169.63318777292577,149.0,87.61016276300118,39.36357142857144,0,220.0,27.67854880516591,0,0,0,1,2,6633,0.975441176470588,1,1,1,28.0,1,0.0,0.1111111111111111,0.0245588235294117,1069.3950000000002,1567.3458118300916,29.5,1.0854816824966078,6,1573.0
Tags 1,0.887794117647059,2025-2,10,28.15472074468085,28.15472074468085,28.15472074468085,1.0489235393749254e-15,32.6,4.151382088140757e-16,-1.8871550300651993e-16,7.100000000000001,27.67854880516591,27.67854880516591,25.0,28.0,23.0,3.1547207446808514,3.1547207446808514,0.0,0,0,77.42010416666665,5.929324924733543e-15,22.5,86.8,3.621045517473897e-15,64.3,2.5895147748354023e-15,10,1,1,22.420104166666647,22.420104166666647,0.0,0,0,0,0,1.0,0.0,55.0,65.0,55.0,241.4729852097797,37.73015393902807,1.251320555387866,1.2530184123151222,1.2549049200120737,9,1,68.02861089006576,-88.52701479022033,-22.26984606097193,73.1736318817514,62.88358989838012,1,0,0.6206476902843973,4.705882353,330.0,60.0,2.558823529411765,68.0,106.00000000000001,6.8,0.2000000000000001,1.0294117647058825,0.4425287356321839,0.8505747126436781,1,10,5.176470588235294,10,0.1029411765,0.7777777778617284,0.70000000034,0.636363636476033,2.558823529,1.0,149.0,-32.323144104803475,-12.98118237140702,216.67685589519647,False,True,192.74235807860265,169.63318777292577,87.01881762859298,39.36357142857144,0,249.0,27.67854880516591,0,0,0,2,2,6626,0.974411764705882,2,1,1,29.0,1,0.0,0.2,0.0255882352941176,1069.3950000000002,1556.766647375528,29.5,1.0866284334440084,6,1573.0
Tags 1,0.887794117647059,2025-2,11,28.154720744680848,28.15472074468085,28.15472074468085,1.302138512516356e-15,32.6,9.227997508175206e-16,9.90452133024727e-16,7.100000000000002,27.67854880516591,27.67854880516591,25.0,28.0,23.0,3.1547207446808514,3.1547207446808514,3.7261175413410954e-15,0,0,77.42010416666665,1.130364682040006e-15,22.5,86.8,-4.780300776693633e-15,64.3,2.5869885263541635e-15,11,1,1,22.420104166666647,22.420104166666647,0.0,0,0,0,0,1.0,0.0,55.0,65.0,55.0,279.6674225245654,37.79289493575208,1.0016628873771731,1.2534013605442178,1.2551020408163267,10,1,67.3488768726864,-110.33257747543462,-22.20710506424792,71.70959551911933,62.98815822625347,1,0,0.5961194848699677,5.441176471,390.0,60.0,2.4732620320855614,74.8,110.20000000000002,6.8,4.2,1.6176470588235294,0.4162162162162162,0.8,1,11,5.176470588235294,11,0.1617647059,1.5714285711510203,1.2222222221382717,1.10000000034,2.720588235,1.0,149.0,-38.08733624454149,-13.506147604447335,243.9126637554585,False,True,216.67685589519647,192.74235807860265,86.49385239555266,39.36357142857144,0,282.0,27.678548805165914,0,0,0,3,2,6615,0.972794117647059,3,1,1,33.0,1,0.0,0.2727272727272727,0.0272058823529411,1069.3950000000002,1547.3750193564372,29.5,1.08843537414966,6,1573.0
Tags 1,0.887794117647059,2025-2,12,28.154720744680848,28.15472074468085,28.15472074468085,1.3229991297389886e-15,32.6,1.2743436555537021e-15,6.067178005271581e-16,7.100000000000001,27.67854880516591,27.67854880516591,25.0,28.0,23.0,3.1547207446808514,3.1547207446808514,3.710688416924011e-15,0,0,77.42010416666665,-2.675605527985585e-16,22.5,86.8,5.750770099106333e-16,64.3,2.500081457902131e-15,12,1,1,22.420104166666647,22.420104166666647,0.0,0,0,0,0,1.0,0.0,55.0,65.0,55.0,317.8928247048138,37.84438389343021,1.0013623978201631,1.0030275507114743,1.2551089918256129,11,1,61.58527068371873,-142.1071752951862,-32.15561610656979,69.10713580539431,54.063405562043165,1,0,0.574142274376975,6.176470588,460.0,70.0,2.377450980392157,81.6,112.40000000000002,6.8,2.2,1.3235294117647058,0.3969072164948453,0.7628865979381443,1,12,5.176470588235294,12,0.1323529412,0.8181818182380165,1.2857142855755102,1.0,2.852941176,1.0,149.0,-44.20087336244541,-13.943493174273,272.7991266375546,False,True,243.9126637554585,216.67685589519647,86.056506825727,39.36357142857144,0,317.0,27.678548805165914,0,0,0,4,2,6606,0.971470588235294,4,1,1,35.0,1,0.0,0.3333333333333333,0.0285294117647058,1069.3950000000002,1539.550907112256,29.5,1.0899182561307903,6,1573.0
Tags 1,0.887794117647059,2025-2,13,28.154720744680848,28.15472074468085,28.15472074468085,1.3814364750221513e-15,32.6,8.805487397987455e-16,6.915014398866306e-16,7.1000000000000005,27.67854880516591,27.67854880516591,25.0,28.0,23.0,3.1547207446808514,3.1547207446808514,3.697781635498623e-15,0,0,77.42010416666665,4.691331236161485e-16,22.5,86.8,1.1752006107247913e-15,64.3,3.7511504141718706e-16,13,1,1,22.420104166666647,22.420104166666647,0.0,0,0,0,0,1.0,0.0,55.0,65.0,55.0,363.6914684043037,45.46143355053796,1.2012729201394152,1.2029095317472345,1.204909834823458,12,1,62.08853193244768,-176.3085315956963,-34.53856644946204,67.35027192672291,56.82679193817245,1,0,0.5499330236160452,7.058823529,540.0,80.0,2.2737556561085976,88.39999999999999,112.60000000000002,6.8,0.2000000000000001,1.0294117647058825,0.3830845771144278,0.736318407960199,1,13,5.176470588235294,13,0.1029411765,0.7777777778617284,0.636363636476033,1.0,2.955882353,1.0,149.0,-50.83842794759824,-14.320683928900907,304.16157205240177,False,True,272.7991266375546,243.9126637554585,85.6793160710991,39.36357142857144,0,355.0,27.678548805165914,0,0,0,5,2,6599,0.970441176470588,5,1,1,38.0,1,0.0,0.38461538461538464,0.0295588235294117,1069.3950000000002,1532.8029645119627,29.5,1.091074405212911,6,1573.0
Tags 1,0.887794117647059,2025-2,14,28.154720744680848,28.15472074468085,28.15472074468085,-1.1784087075527521e-15,32.6,-2.0809458693257514e-16,-5.592533086358858e-16,7.1000000000000005,27.67854880516591,27.67854880516591,25.0,28.0,23.0,3.1547207446808514,3.1547207446808514,3.6868252213847854e-15,0,0,77.42010416666665,-1.1536256484809611e-15,22.5,86.8,-3.163651978215829e-15,64.3,-3.2683870908612468e-15,14,1,1,22.420104166666647,22.420104166666647,0.0,0,0,0,0,1.0,0.0,55.0,65.0,55.0,409.4631483166515,45.49590536851683,1.000758265089475,1.2021838034576888,1.2038216560509551,13,1,57.77257824573566,-220.5368516833485,-44.50409463148317,64.99415052645261,50.5510059650187,1,0,0.5326969557082571,7.941176471,630.0,90.0,2.1638655462184877,95.19999999999999,110.80000000000003,6.8,-1.7999999999999998,0.7352941176470589,0.3737864077669903,0.7184466019417476,1,13,5.176470588235294,13,0.07352941176,0.7142857140359183,0.5555555554212346,0.4545454544667768,3.029411765,0.9285714285714286,149.0,-58.0,-14.646464646464649,338.0,False,False,304.16157205240177,272.7991266375546,85.35353535353535,39.36357142857144,0,396.0,27.678548805165914,0,0,0,6,2,6594,0.969705882352941,6,1,1,41.0,1,0.0,0.42857142857142855,0.0302941176470588,1069.3950000000002,1526.9747474747476,29.5,1.091901728844404,6,1573.0
Tags 1,0.887794117647059,2025-2,15,28.154720744680848,28.15472074468085,28.15472074468085,6.749739647783442e-16,32.6,1.0081494731066054e-15,1.8703946384252295e-17,7.1,27.67854880516591,27.67854880516591,25.0,28.0,23.0,3.1547207446808514,3.1547207446808514,3.677408027917051e-15,0,0,77.42010416666666,1.5900097704633351e-15,22.5,86.8,5.515100672047428e-16,64.3,2.6097092304976443e-15,15,1,1,27.420104166666647,27.420104166666647,1.4709632111668204e-14,0,0,0,0,1.0,0.0,50.0,60.0,50.0,470.6954145156392,60.73489219556635,1.3349529304585486,1.335965178661808,1.6048587913756454,14,1,66.4287883389007,-249.3045854843608,-29.265107804433647,65.37436312717212,67.48321355062929,1,0,0.5139488388699064,9.117647059,720.0,90.0,2.0980392156862746,101.99999999999999,112.00000000000003,6.8,1.2000000000000002,1.1764705882352942,0.3598130841121495,0.6915887850467289,1,14,5.176470588235294,13,0.1176470588,1.5999999997824,1.1428571423020408,0.8888888885530865,3.147058824,0.9333333333333333,149.0,-75.3425414364641,-17.16231012220139,363.6574585635359,False,True,338.0,304.16157205240177,82.83768987779861,39.36357142857144,0,439.0,27.678548805165914,0,0,0,7,2,6586,0.968529411764706,7,1,1,43.0,1,0.0,0.4666666666666667,0.0314705882352941,1069.3950000000002,1481.9662719138173,29.5,1.0932280595201944,6,1573.0
Tags 1,0.887794117647059,2025-2,16,28.15472074468085,28.15472074468085,28.15472074468085,1.5813273989799056e-16,32.6,1.5717935348164534e-16,3.228517626001621e-16,7.100000000000001,27.67854880516591,27.67854880516591,22.0,25.0,19.0,6.154720744680851,6.154720744680851,0.0,0,0,77.42010416666665,1.871900716300118e-15,22.5,86.8,2.0567295693817746e-16,64.3,9.139689238489229e-16,16,1,1,27.420104166666647,27.420104166666647,0.0,0,0,0,0,1.0,0.0,50.0,60.0,50.0,540.0060845756009,68.4514755095832,1.1270535442652874,1.5045634317006389,1.5057042896257986,15,1,67.15293803379166,-279.9939154243991,-31.5485244904168,65.85440055800011,68.4514755095832,1,0,0.4973678929547811,10.44117647,820.0,100.0,2.077205882352941,108.8,117.19999999999999,6.8,5.2,1.7647058823529411,0.3407079646017699,0.6548672566371682,1,15,5.176470588235294,13,0.1764705882,1.5,2.3999999996736,1.7142857134530614,3.323529412,0.9375,149.0,-94.29834254143644,-19.40295114021326,391.7016574585636,False,True,363.6574585635359,338.0,80.59704885978674,39.36357142857144,0,486.0,27.67854880516591,0,0,0,8,2,6574,0.966764705882353,8,1,1,47.0,1,0.0,0.5,0.033235294117647,1069.3950000000002,1441.881204101585,29.5,1.0952236081533313,6,1573.0
Tags 1,0.887794117647059,2025-2,17,28.15472074468085,28.15472074468085,28.15472074468085,2.2001058081580336e-16,32.6,1.186892062423421e-15,4.864884510362301e-16,7.100000000000001,27.67854880516591,27.67854880516591,22.0,25.0,19.0,6.154720744680851,6.154720744680851,0.0,0,0,77.42010416666665,6.022236032311191e-16,22.5,86.8,1.263118031787766e-15,64.3,8.71767300245397e-16,17,1,1,27.420104166666647,27.420104166666647,0.0,0,0,0,0,1.0,0.0,50.0,60.0,50.0,609.2916984006093,68.54531607006855,1.0013709063214016,1.1285986290936787,1.506626047220107,16,1,67.38633729593695,-310.70830159939067,-31.45468392993145,66.22735852180536,68.54531607006855,1,0,0.48491928005143264,11.76470588,920.0,100.0,2.032871972318339,115.6,119.39999999999999,6.8,2.2,1.3235294117647058,0.3276595744680851,0.6297872340425532,1,16,5.176470588235294,13,0.1323529412,0.7500000002833332,1.125000000425,1.8000000004352,3.455882353,0.9411764705882353,149.0,-114.060773480663,-21.31977074404916,420.939226519337,False,True,391.7016574585636,363.6574585635359,78.68022925595083,39.36357142857144,0,535.0,27.67854880516591,0,0,0,9,2,6565,0.965441176470588,9,1,1,49.0,1,0.0,0.5294117647058824,0.0345588235294117,1069.3950000000002,1407.5893013889606,29.5,1.0967250571210967,6,1573.0
Tags 1,0.887794117647059,2025-2,18,28.15472074468085,28.15472074468085,28.15472074468085,-1.7647952568228598e-17,32.6,1.1070840286678213e-15,3.542439194105686e-17,7.1000000000000005,27.67854880516591,27.67854880516591,22.0,25.0,19.0,6.154720744680851,6.154720744680851,0.0,0,0,77.42010416666663,1.702138358297548e-15,22.5,86.8,-1.7252547885169917e-16,64.3,1.752434374497493e-15,18,1,1,27.420104166666647,27.420104166666647,1.4622848863937366e-14,0,0,0,0,1.0,0.0,50.0,60.0,50.0,694.5504503129293,83.95664784002443,1.2248342068216895,1.2265133397784902,1.3823462066860022,17,1,71.87815393188322,-335.44954968707066,-26.04335215997557,67.43208255465333,76.32422530911312,1,0,0.4704412731058081,13.38235294,1030.0,110.0,2.034313725490196,122.39999999999999,126.6,6.8,7.2,2.058823529411765,0.3092369477911647,0.5943775100401606,1,17,5.176470588235294,13,0.2058823529,1.5555555549679014,1.1666666666666667,1.7500000000000002,3.661764706,0.9444444444444444,149.0,-134.62983425414365,-22.9743744460996,451.3701657458564,False,True,420.939226519337,391.7016574585636,77.0256255539004,39.36357142857144,0,586.0,27.67854880516591,0,0,0,10,2,6551,0.963382352941176,10,1,1,51.0,1,0.0,0.5555555555555556,0.0366176470588235,1069.3950000000002,1377.9884411592784,29.5,1.0990688444512289,7,1573.0
Tags 1,0.887794117647059,2025-2,19,28.15472074468085,28.15472074468085,28.15472074468085,-5.782140136194443e-17,32.6,-1.7194294039342074e-16,-5.364148713100298e-16,7.1000000000000005,27.67854880516591,27.67854880516591,22.0,25.0,19.0,6.154720744680851,6.154720744680851,0.0,0,0,77.42010416666663,-1.4353930018144514e-15,22.5,86.8,-1.9829105871501126e-15,64.3,-1.3722342670087318e-15,19,1,1,27.420104166666647,27.420104166666647,1.460026530009149e-14,0,0,0,0,1.0,0.0,50.0,60.0,50.0,779.9357699954121,84.11072029362288,1.0018351429882244,1.227081952728076,1.2287641671339484,18,1,72.43985479833549,-360.0642300045879,-25.889279706377124,68.41541842065018,76.4642911760208,1,0,0.45997261747037516,15.0,1140.0,110.0,2.020123839009288,129.2,131.79999999999998,6.8,5.2,1.7647058823529411,0.2950191570881226,0.5670498084291188,1,18,5.176470588235294,13,0.1764705882,0.8571428571428571,1.3333333328296295,1.0,3.838235294,0.9473684210526315,149.0,-156.8121546961326,-24.46367467958387,484.1878453038674,False,True,451.3701657458564,420.939226519337,75.53632532041613,39.36357142857144,0,641.0,27.678548805165907,0,0,0,11,2,6539,0.961617647058824,11,1,1,55.0,1,0.0,0.5789473684210527,0.0383823529411764,1069.3950000000002,1351.3448599822445,29.5,1.1010857929346995,7,1573.0
Tags 1,0.887794117647059,2025-2,20,28.15472074468085,28.15472074468085,28.15472074468085,-5.442263828874997e-16,32.6,-9.691266599549078e-16,-5.813148627227794e-16,7.1,27.67854880516591,27.67854880516591,22.0,25.0,19.0,6.154720744680851,6.154720744680851,0.0,0,0,77.42010416666662,-4.466182372025889e-16,22.5,86.8,-2.1388666837618357e-15,64.3,-2.5265903670384886e-15,20,1,1,27.420104166666647,27.420104166666647,2.9160058604848984e-14,0,0,0,0,1.0,0.0,50.0,60.0,50.0,865.3698881911472,84.23954663807628,1.0015316281206923,1.003369581865523,1.2289613859532682,19,1,69.43988602741857,-394.6301118088528,-35.76045336192372,68.68014985644025,70.1996221983969,1,0,0.4501379644775287,16.61764706,1260.0,120.0,1.9926470588235294,136.0,134.99999999999997,6.8,3.2,1.4705882352941178,0.2841328413284132,0.5461254612546126,1,19,5.176470588235294,13,0.1470588235,0.8333333333333333,0.7142857142857142,1.111111110691358,3.985294118,0.95,149.0,-179.8011049723757,-25.759470626414853,518.1988950276243,False,True,484.1878453038674,451.3701657458564,74.24052937358513,39.36357142857144,0,698.0,27.678548805165907,0,0,0,12,2,6529,0.96014705882353,12,1,1,57.0,1,0.0,0.6,0.0398529411764705,1069.3950000000002,1328.1630704934382,29.5,1.102772246898453,7,1573.0
Tags 1,0.887794117647059,2025-2,21,28.15472074468085,28.15472074468085,28.15472074468085,3.699089913415334e-16,32.6,4.710350753166894e-16,9.018783009343824e-18,7.1,27.67854880516591,27.67854880516591,22.0,25.0,19.0,6.154720744680851,6.154720744680851,0.0,0,0,77.42010416666662,-2.761629654335141e-16,22.5,86.8,5.702983905072954e-16,64.3,2.8944045821345144e-17,21,1,1,27.420104166666647,27.420104166666647,2.912358572177595e-14,0,0,0,0,1.0,0.0,50.0,60.0,50.0,958.4419567550988,92.0104278484895,1.092247424405069,1.0939203412750416,1.0959278415190086,20,1,73.06383612364957,-421.5580432449011,-27.9895721515105,69.45231570689123,76.67535654040792,1,0,0.4393712513499706,18.38235294,1380.0,120.0,1.9537815126050422,142.8,136.19999999999996,6.8,1.2000000000000002,1.1764705882352942,0.2759856630824372,0.5304659498207885,1,20,5.176470588235294,13,0.1176470588,0.8,0.6666666666666666,0.5714285714285714,4.102941176,0.9523809523809523,149.0,-204.0,-26.912928759894463,554.0,False,False,518.1988950276243,484.1878453038674,73.08707124010554,30.857142857142858,0,758.0,27.678548805165903,0,0,0,13,2,6521,0.958970588235294,13,1,1,60.0,1,0.0,0.6190476190476191,0.0410294117647058,986.0,1307.5277044854881,29.5,1.104125134181874,7,1573.0
Tags 2,0.824852941176471,2025-2,1,28.15472074468085,28.15472074468085,28.15472074468085,0.0,32.6,0.0,0.0,7.100000000000001,27.67854880516591,27.67854880516591,30.0,32.0,28.0,1.8452792553191488,-1.8452792553191488,0.0,1,0,77.42010416666665,0.0,22.5,86.8,0.0,64.3,0.0,1,1,1,17.420104166666647,17.420104166666647,0.0,0,0,0,0,1.0,0.0,60.0,70.0,60.0,7.381163271331562,7.381163271331562,3.0,3.0,3.0,1,1,73.81163271331562,-2.6188367286684384,-2.6188367286684384,73.81163271331562,73.81163271331562,0,0,0.0,0.1470588235,10.0,10.0,3.823529411764706,6.8,19.2,6.8,19.2,3.823529411764706,2.3076923076923075,4.346153846153846,0,1,2.823529411764706,1,0.3823529412,3.0,3.0,3.0,0.3823529412,1.0,106.75,0.0,0.0,64.0,True,False,669.9717991631799,637.6489644351465,100.0,39.36357142857144,0,64.0,27.67854880516591,0,0,0,0,1,6774,0.996176470588235,0,0,0,11.0,1,0.0,0.0,0.0038235294117647,1069.3950000000002,1789.0,29.5,1.0628875110717448,1,1599.0
Tags 2,0.824852941176471,2025-2,2,28.15472074468085,28.15472074468085,28.15472074468085,-6.783381100595097e-15,32.6,-6.772789795300852e-15,-4.066460168369259e-15,7.100000000000001,27.67854880516591,27.67854880516591,30.0,32.0,28.0,1.8452792553191488,-1.8452792553191488,0.0,1,0,77.42010416666665,-1.1658284442341368e-14,22.5,86.8,-1.7209744916952118e-14,64.3,-2.2316770830227838e-14,2,1,1,17.420104166666647,17.420104166666647,0.0,0,0,0,0,1.0,0.0,60.0,70.0,60.0,14.801657785671996,7.400828892835998,1.002664298401421,3.0,3.0,2,1,43.171501874876654,-15.198342214328004,-12.599171107164002,49.338859285573314,37.00414446417999,0,0,1.412329618906346,0.2941176471,30.0,20.0,3.235294117647059,13.6,30.4,6.8,11.2,2.647058823529412,1.3636363636363635,2.5681818181818183,0,2,2.823529411764706,2,0.2647058824,0.6923076923881656,3.0,3.0,0.6470588235,1.0,106.75,0.0,0.0,77.0,True,False,64.0,637.6489644351465,100.0,39.36357142857144,0,77.0,27.67854880516591,0,0,0,0,1,6756,0.993529411764706,0,0,0,13.0,1,0.0,0.0,0.0064705882352941,1069.3950000000002,1789.0,29.5,1.0657193605683837,2,1599.0
Tags 2,0.824852941176471,2025-2,3,28.154720744680855,28.15472074468085,28.15472074468085,-1.2895420286198467e-15,32.6,2.30148056710964e-15,2.3936246954295856e-15,7.100000000000001,27.67854880516591,27.67854880516591,30.0,32.0,28.0,1.8452792553191488,-1.8452792553191488,4.351167857633658e-15,1,0,77.42010416666665,1.136476922109094e-14,22.5,86.8,1.802190973325158e-15,64.3,-3.3130325148630877e-15,3,1,1,17.420104166666647,17.420104166666647,0.0,0,0,0,0,1.0,0.0,60.0,70.0,60.0,29.67359050445104,14.83679525222552,2.004747774480712,2.010089020771513,3.0,3,1,66.76557863501483,-20.32640949554896,-5.163204747774481,59.34718100890207,74.1839762611276,0,0,0.998669797807108,0.5882352941,50.0,20.0,2.9411764705882355,20.4,39.599999999999994,6.8,9.2,2.3529411764705883,1.0,1.8833333333333333,0,3,2.823529411764706,3,0.2352941176,0.8888888885530865,0.6153846152236686,3.0,0.8823529412,1.0,106.75,0.0,0.0,91.0,True,False,77.0,64.0,100.0,39.36357142857144,0,91.0,27.678548805165907,0,0,0,0,1,6740,0.991176470588235,0,0,0,14.0,1,0.0,0.0,0.0088235294117647,1069.3950000000002,1789.0,29.5,1.0682492581602374,3,1599.0
Tags 2,0.824852941176471,2025-2,4,28.15472074468085,28.15472074468085,28.15472074468085,-4.860576503336004e-15,32.6,-2.22671580167811e-15,-3.4693771706650844e-15,7.100000000000001,27.67854880516591,27.67854880516591,30.0,32.0,28.0,1.8452792553191488,-1.8452792553191488,0.0,1,0,77.42010416666665,-1.0656246691081632e-14,22.5,86.8,-1.1688067064152732e-14,64.3,-8.691606854378891e-15,4,1,1,17.420104166666647,17.420104166666647,0.0,0,0,0,0,1.0,0.0,60.0,70.0,60.0,52.06009222073479,22.311468094600624,1.503792949576082,3.0,3.0,4,1,79.32966433635778,-22.93990777926521,-2.688531905399376,69.41345629431305,89.2458723784025,0,0,0.852680547336562,1.029411765,75.0,25.0,2.8308823529411766,27.2,49.8,6.8,10.2,2.5,0.7792207792207793,1.4675324675324677,0,4,2.823529411764706,4,0.25,1.0625000002125,0.9444444442765432,0.6538461538059172,1.132352941,1.0,106.75,0.0,0.0,107.0,True,False,91.0,77.0,100.0,39.36357142857144,0,107.0,27.67854880516591,0,0,0,0,1,6723,0.988676470588235,0,0,0,16.0,1,0.0,0.0,0.0113235294117647,1069.3950000000002,1789.0,29.5,1.07095046854083,4,1599.0
Tags 2,0.824852941176471,2025-2,5,28.15472074468085,28.15472074468085,28.15472074468085,-3.371434273386755e-15,32.6,-3.764398267022435e-15,-4.80122207299609e-16,7.100000000000001,27.67854880516591,27.67854880516591,28.0,30.0,26.0,0.1547207446808514,0.1547207446808514,0.0,1,0,77.42010416666665,-4.822292063407377e-15,22.5,86.8,-3.627382670784715e-15,64.3,-3.145486211302101e-15,5,1,1,17.420104166666647,17.420104166666647,0.0,0,0,0,0,1.0,0.0,60.0,70.0,60.0,74.51564828614009,22.35469448584203,1.0019374068554396,1.5067064083457526,3.0,5,1,81.9672131147541,-25.48435171385991,-2.645305514157972,74.51564828614009,89.41877794336811,0,0,0.8358980698430041,1.470588235,100.0,25.0,2.647058823529412,34.0,56.0,6.8,6.2,1.911764705882353,0.6666666666666666,1.2555555555555555,1,5,2.823529411764706,5,0.1911764706,0.7647058824,0.8125000002125,0.7222222221382717,1.323529412,1.0,106.75,0.0,0.0,125.0,True,False,107.0,91.0,100.0,39.36357142857144,0,125.0,27.67854880516591,0,0,0,0,1,6710,0.986764705882353,0,0,0,18.0,1,0.0,0.0,0.013235294117647,1069.3950000000002,1789.0,29.5,1.073025335320417,4,1599.0
Tags 2,0.824852941176471,2025-2,6,28.154720744680848,28.15472074468085,28.15472074468085,-1.3488542533772615e-15,32.6,-3.003278291787231e-16,-6.929659921216828e-16,7.100000000000001,27.67854880516591,27.67854880516591,28.0,30.0,26.0,0.1547207446808514,0.1547207446808514,3.891802844472395e-15,1,0,77.42010416666665,-3.2804718226432046e-15,22.5,86.8,-5.226196707538049e-15,64.3,-1.2637676618891283e-15,6,1,1,17.420104166666647,17.420104166666647,0.0,0,0,0,0,1.0,0.0,60.0,70.0,60.0,104.52441391667912,29.86411826190832,1.335921556916032,1.3385097804987307,2.0128415708526206,6,1,81.37577198350678,-30.47558608332089,-5.135881738091683,77.42549179013267,85.3260521768809,0,0,0.7624911771009075,2.058823529,135.0,35.0,2.524509803921569,40.8,62.2,6.8,6.2,1.911764705882353,0.5825242718446602,1.0970873786407769,1,6,2.823529411764706,6,0.1911764706,1.0,0.7647058824,0.8125000002125,1.514705882,1.0,106.75,0.0,0.0,145.0,True,False,125.0,107.0,100.0,39.36357142857144,0,145.0,27.678548805165914,0,0,0,0,1,6697,0.984852941176471,0,0,0,20.0,1,0.0,0.0,0.0151470588235294,1069.3950000000002,1789.0,29.5,1.0751082574286994,4,1599.0
Tags 2,0.824852941176471,2025-2,7,28.154720744680848,28.15472074468085,28.15472074468085,-3.895921039444663e-16,32.6,1.656277457553702e-15,1.2138620989631208e-15,7.100000000000001,27.67854880516591,27.67854880516591,28.0,30.0,26.0,0.1547207446808514,0.1547207446808514,3.837369354665453e-15,1,0,77.42010416666665,2.54453727244602e-15,22.5,86.8,2.9813600726655495e-15,64.3,-1.585001016368459e-15,7,1,1,17.420104166666647,17.420104166666647,0.0,0,0,0,0,1.0,0.0,60.0,70.0,60.0,134.58950201884252,29.908778226409453,1.0014954389113206,1.337919345994716,1.3405114401076716,7,1,82.31197369032853,-35.41049798115748,-5.091221773590547,79.17029530520149,85.45365207545558,0,0,0.7368928455314991,2.647058824,170.0,35.0,2.3739495798319328,47.599999999999994,65.4,6.8,3.2,1.4705882352941178,0.5309734513274337,1.0,1,7,2.823529411764706,7,0.1470588235,0.7692307690295858,0.7692307690295858,0.588235294,1.661764706,1.0,143.0,-24.0,-14.37125748502994,143.0,False,False,145.0,125.0,85.62874251497006,39.36357142857144,0,167.0,27.678548805165914,0,0,0,0,1,6687,0.983382352941176,0,0,0,22.0,1,0.0,0.0,0.0166176470588235,1069.3950000000002,1531.8982035928143,29.5,1.0767160161507403,4,1599.0
Tags 2,0.824852941176471,2025-2,8,28.15472074468085,28.15472074468085,28.15472074468085,2.560235073882277e-15,32.6,2.821334018596945e-15,1.5927353798953544e-15,7.100000000000001,27.67854880516591,27.67854880516591,28.0,30.0,26.0,0.1547207446808514,0.1547207446808514,0.0,1,0,77.42010416666665,6.1910039907492395e-15,22.5,86.8,3.730138838203249e-15,64.3,1.0375528248368055e-15,8,1,1,22.420104166666647,22.420104166666647,0.0,0,0,0,0,1.0,0.0,55.0,65.0,55.0,164.71997604073076,29.949086552860138,1.0013477088948786,1.0028451632225217,1.3397224717979437,8,1,67.38544474393531,-55.28002395926924,-20.050913447139862,74.87271638215034,59.89817310572028,0,0,0.7092788140378862,3.235294118,220.0,50.0,2.2426470588235294,54.4,67.6,6.8,2.2,1.3235294117647058,0.4918032786885246,0.9262295081967212,1,8,2.823529411764706,8,0.1323529412,0.9000000003399999,0.6923076923881656,0.6923076923881656,1.794117647,1.0,143.0,-27.056768558951973,-14.092066957787486,164.94323144104803,False,True,143.0,145.0,85.90793304221252,39.36357142857144,0,192.0,27.67854880516591,0,0,0,0,1,6678,0.982058823529412,0,0,0,25.0,1,0.0,0.0,0.0179411764705882,1069.3950000000002,1536.892922125182,29.5,1.0781671159029649,4,1599.0
Tags 2,0.824852941176471,2025-2,9,28.15472074468085,28.15472074468085,28.15472074468085,1.0383261863092424e-15,32.6,1.926709849426818e-15,5.833989137158367e-16,7.100000000000001,27.67854880516591,27.67854880516591,25.0,28.0,23.0,3.1547207446808514,3.1547207446808514,0.0,0,0,77.42010416666665,2.9175697731988434e-15,22.5,86.8,-6.967445516541836e-16,64.3,2.4487606206954734e-15,9,1,1,22.420104166666647,22.420104166666647,0.0,0,0,0,0,1.0,0.0,55.0,65.0,55.0,194.9610077984403,29.99400119976005,1.001499700059988,1.0028494301139772,1.004349130173965,9,1,66.09789153280455,-75.0389922015597,-20.00599880023995,72.20778066608901,59.9880023995201,0,0,0.6824885898918542,3.823529412,270.0,50.0,2.1568627450980395,61.199999999999996,70.8,6.8,3.2,1.4705882352941178,0.4545454545454545,0.8560606060606061,1,9,2.823529411764706,9,0.1470588235,1.111111110691358,1.0,0.7692307690295858,1.941176471,1.0,143.0,-30.48034934497815,-13.854704247717342,189.51965065502185,False,True,164.94323144104803,143.0,86.14529575228266,39.36357142857144,0,220.0,27.67854880516591,0,0,0,1,1,6668,0.980588235294118,1,1,1,28.0,1,0.0,0.1111111111111111,0.0194117647058823,1069.3950000000002,1541.1393410083367,29.5,1.0797840431913617,4,1599.0
Tags 2,0.824852941176471,2025-2,10,28.15472074468085,28.15472074468085,28.15472074468085,1.0489235393749254e-15,32.6,4.151382088140757e-16,-1.8871550300651993e-16,7.100000000000001,27.67854880516591,27.67854880516591,25.0,28.0,23.0,3.1547207446808514,3.1547207446808514,0.0,0,0,77.42010416666665,5.929324924733543e-15,22.5,86.8,3.621045517473897e-15,64.3,2.5895147748354023e-15,10,1,1,22.420104166666647,22.420104166666647,0.0,0,0,0,0,1.0,0.0,55.0,65.0,55.0,232.83761454108455,37.55445395823945,1.2520654949677033,1.2539432176656151,1.2556331680937358,10,1,66.57380474415174,-97.16238545891542,-22.44554604176055,70.55685289123775,62.59075659706574,0,0,0.6458614042792784,4.558823529,330.0,60.0,2.1029411764705883,68.0,75.0,6.8,4.2,1.6176470588235294,0.4195804195804196,0.7902097902097902,1,10,2.823529411764706,10,0.1617647059,1.10000000034,1.2222222221382717,1.10000000034,2.102941176,1.0,143.0,-34.02620087336243,-13.66514091299696,214.9737991266376,False,True,189.51965065502185,164.94323144104803,86.33485908700305,39.36357142857144,0,249.0,27.67854880516591,0,0,0,2,1,6657,0.978970588235294,2,1,1,29.0,1,0.0,0.2,0.0210294117647058,1069.3950000000002,1544.5306290664846,29.5,1.081568273997296,4,1599.0
Tags 2,0.824852941176471,2025-2,11,28.154720744680848,28.15472074468085,28.15472074468085,1.302138512516356e-15,32.6,9.227997508175206e-16,9.90452133024727e-16,7.100000000000002,27.67854880516591,27.67854880516591,25.0,28.0,23.0,3.1547207446808514,3.1547207446808514,3.7261175413410954e-15,0,0,77.42010416666665,1.130364682040006e-15,22.5,86.8,-4.780300776693633e-15,64.3,2.5869885263541635e-15,11,1,1,22.420104166666647,22.420104166666647,0.0,0,0,0,0,1.0,0.0,55.0,65.0,55.0,270.7174011129493,37.59963904346518,1.0012031884493908,1.253571965709129,1.2554519476613024,11,1,66.04039165326577,-119.28259888705072,-22.40036095653482,69.41471823408956,62.66606507244197,0,0,0.6250249730832319,5.294117647,390.0,60.0,2.0187165775401072,74.8,76.2,6.8,1.2000000000000002,1.1764705882352942,0.3973509933774834,0.7483443708609272,1,11,2.823529411764706,11,0.1176470588,0.7272727270479339,0.8,0.8888888885530865,2.220588235,1.0,143.0,-38.06113537117904,-13.496856514602497,243.93886462882097,False,True,214.9737991266376,189.51965065502185,86.5031434853975,39.36357142857144,0,282.0,27.678548805165914,0,0,0,3,1,6649,0.977794117647059,3,1,1,33.0,1,0.0,0.2727272727272727,0.0222058823529411,1069.3950000000002,1547.5412369537614,29.5,1.0828696044517974,4,1599.0
Tags 2,0.824852941176471,2025-2,12,28.154720744680848,28.15472074468085,28.15472074468085,1.3229991297389886e-15,32.6,1.2743436555537021e-15,6.067178005271581e-16,7.100000000000001,27.67854880516591,27.67854880516591,25.0,28.0,23.0,3.1547207446808514,3.1547207446808514,3.710688416924011e-15,0,0,77.42010416666665,-2.675605527985585e-16,22.5,86.8,5.750770099106333e-16,64.3,2.500081457902131e-15,12,1,1,22.420104166666647,22.420104166666647,0.0,0,0,0,0,1.0,0.0,55.0,65.0,55.0,308.641975308642,37.6392652815417,1.0010538994278833,1.0022583559168925,1.2548931044866003,12,1,60.43323028123311,-151.35802469135805,-32.360734718458296,67.0960815888352,53.77037897363101,0,0,0.6055504906838599,6.029411765,460.0,70.0,1.9362745098039218,81.6,76.4,6.8,0.2000000000000001,1.0294117647058825,0.379746835443038,0.7151898734177216,1,12,2.823529411764706,12,0.1029411765,0.875000000425,0.636363636476033,0.70000000034,2.323529412,1.0,143.0,-42.34061135371178,-13.356659733032108,274.6593886462882,False,True,243.93886462882097,214.9737991266376,86.6433402669679,39.36357142857144,0,317.0,27.678548805165914,0,0,0,4,1,6642,0.976764705882353,4,1,1,35.0,1,0.0,0.3333333333333333,0.023235294117647,1069.3950000000002,1550.0493573760557,29.5,1.084010840108401,4,1599.0
Tags 2,0.824852941176471,2025-2,13,28.154720744680848,28.15472074468085,28.15472074468085,1.3814364750221513e-15,32.6,8.805487397987455e-16,6.915014398866306e-16,7.1000000000000005,27.67854880516591,27.67854880516591,25.0,28.0,23.0,3.1547207446808514,3.1547207446808514,3.697781635498623e-15,0,0,77.42010416666665,4.691331236161485e-16,22.5,86.8,1.1752006107247913e-15,64.3,3.7511504141718706e-16,13,1,1,22.420104166666647,22.420104166666647,0.0,0,0,0,0,1.0,0.0,55.0,65.0,55.0,354.23575520048234,45.221585770274345,1.2014470907446488,1.2027132951462165,1.2041603858908652,13,1,61.063098069429095,-185.76424479951768,-34.778414229725655,65.59921392601525,56.52698221284294,0,0,0.5810853058716752,6.911764706,540.0,80.0,1.8778280542986427,88.39999999999999,77.60000000000001,6.8,1.2000000000000002,1.1764705882352942,0.3614457831325301,0.6807228915662651,1,13,2.823529411764706,13,0.1176470588,1.1428571423020408,1.0,0.7272727270479339,2.441176471,1.0,143.0,-46.98689956331873,-13.23574635586443,308.01310043668127,False,True,274.6593886462882,243.93886462882097,86.76425364413556,39.36357142857144,0,355.0,27.678548805165914,0,0,0,5,1,6634,0.975588235294118,5,1,1,38.0,1,0.0,0.38461538461538464,0.0244117647058823,1069.3950000000002,1552.2124976935852,29.5,1.0853180584865842,4,1599.0
Tags 2,0.824852941176471,2025-2,14,28.154720744680848,28.15472074468085,28.15472074468085,-1.1784087075527521e-15,32.6,-2.0809458693257514e-16,-5.592533086358858e-16,7.1000000000000005,27.67854880516591,27.67854880516591,25.0,28.0,23.0,3.1547207446808514,3.1547207446808514,3.6868252213847854e-15,0,0,77.42010416666665,-1.1536256484809611e-15,22.5,86.8,-3.163651978215829e-15,64.3,-3.2683870908612468e-15,14,1,1,22.420104166666647,22.420104166666647,0.0,0,0,0,0,1.0,0.0,55.0,65.0,55.0,400.06038647343,45.289855072463766,1.0015096618357486,1.2032608695652174,1.2045289855072463,14,1,56.911854919101295,-229.93961352657004,-44.71014492753624,63.50164864657618,50.32206119162641,0,0,0.5652107741911127,7.794117647,630.0,90.0,1.8487394957983194,95.19999999999999,80.80000000000001,6.8,3.2,1.4705882352941178,0.3409090909090909,0.6420454545454546,1,14,2.823529411764706,14,0.1470588235,1.25,1.428571427877551,1.25,2.588235294,1.0,143.0,-52.0,-13.131313131313131,344.0,False,False,308.01310043668127,274.6593886462882,86.86868686868688,39.36357142857144,0,396.0,27.678548805165914,0,0,0,6,1,6624,0.974117647058824,6,1,1,41.0,1,0.0,0.42857142857142855,0.0258823529411764,1069.3950000000002,1554.080808080808,29.5,1.0869565217391304,4,1599.0
Tags 2,0.824852941176471,2025-2,15,28.154720744680848,28.15472074468085,28.15472074468085,6.749739647783442e-16,32.6,1.0081494731066054e-15,1.8703946384252295e-17,7.1,27.67854880516591,27.67854880516591,25.0,28.0,23.0,3.1547207446808514,3.1547207446808514,3.677408027917051e-15,0,0,77.42010416666666,1.5900097704633351e-15,22.5,86.8,5.515100672047428e-16,64.3,2.6097092304976443e-15,15,1,1,27.420104166666647,27.420104166666647,1.4709632111668204e-14,0,0,0,0,1.0,0.0,50.0,60.0,50.0,453.4461910519952,52.90205562273277,1.1680773881499396,1.1698407900040306,1.405501813784764,15,1,60.87934972457343,-266.5538089480048,-37.09794437726723,62.97863764611045,58.78006180303641,0,0,0.5458460315459811,8.823529412,720.0,90.0,1.803921568627451,101.99999999999999,82.00000000000001,6.8,1.2000000000000002,1.1764705882352942,0.3260869565217391,0.6141304347826086,1,15,2.823529411764706,15,0.1176470588,0.8,1.0,1.1428571423020408,2.705882353,1.0,143.0,-55.91988950276243,-12.738015832064336,383.0801104972376,False,True,344.0,308.01310043668127,87.26198416793567,39.36357142857144,0,439.0,27.678548805165914,0,0,0,7,1,6616,0.972941176470588,7,1,1,43.0,1,0.0,0.4666666666666667,0.0270588235294117,1069.3950000000002,1561.1168967643691,29.5,1.0882708585247884,4,1599.0
Tags 2,0.824852941176471,2025-2,16,28.15472074468085,28.15472074468085,28.15472074468085,1.5813273989799056e-16,32.6,1.5717935348164534e-16,3.228517626001621e-16,7.100000000000001,27.67854880516591,27.67854880516591,22.0,25.0,19.0,6.154720744680851,6.154720744680851,0.0,0,0,77.42010416666665,1.871900716300118e-15,22.5,86.8,2.0567295693817746e-16,64.3,9.139689238489229e-16,16,1,1,27.420104166666647,27.420104166666647,0.0,0,0,0,0,1.0,0.0,50.0,60.0,50.0,522.5689185095425,68.16116328385338,1.28844073224564,1.5049984853074827,1.507270524083611,16,1,65.9445400876305,-297.4310814904575,-31.838836716146616,63.72791689140762,68.16116328385338,0,0,0.5273434631677911,10.14705882,820.0,100.0,1.8198529411764706,108.8,89.19999999999999,6.8,7.2,2.058823529411765,0.303030303030303,0.5707070707070707,1,16,2.823529411764706,16,0.2058823529,1.7500000000000002,1.4,1.7500000000000002,2.911764706,1.0,143.0,-60.20441988950279,-12.38774071800469,425.7955801104972,False,True,383.0801104972376,344.0,87.6122592819953,39.36357142857144,0,486.0,27.67854880516591,0,0,0,8,1,6602,0.970882352941176,8,1,1,47.0,1,0.0,0.5,0.0291176470588235,1069.3950000000002,1567.383318554896,29.5,1.090578612541654,5,1599.0
Tags 2,0.824852941176471,2025-2,17,28.15472074468085,28.15472074468085,28.15472074468085,2.2001058081580336e-16,32.6,1.186892062423421e-15,4.864884510362301e-16,7.100000000000001,27.67854880516591,27.67854880516591,22.0,25.0,19.0,6.154720744680851,6.154720744680851,0.0,0,0,77.42010416666665,6.022236032311191e-16,22.5,86.8,1.263118031787766e-15,64.3,8.71767300245397e-16,17,1,1,27.420104166666647,27.420104166666647,0.0,0,0,0,0,1.0,0.0,50.0,60.0,50.0,591.6262135922331,68.26456310679612,1.0015169902912622,1.2903952843273232,1.5072815533980584,17,1,66.28588011819333,-328.37378640776694,-31.73543689320388,64.30719712959055,68.26456310679612,0,0,0.5156349622511608,11.47058824,920.0,100.0,1.7993079584775085,115.6,92.39999999999999,6.8,3.2,1.4705882352941178,0.2884615384615384,0.5432692307692307,1,17,2.823529411764706,17,0.1470588235,0.7142857142857142,1.25,1.0,3.058823529,1.0,143.0,-64.67127071823205,-12.088087984716273,470.328729281768,False,True,425.7955801104972,383.0801104972376,87.91191201528373,39.36357142857144,0,535.0,27.67854880516591,0,0,0,9,1,6592,0.969411764705882,9,1,1,49.0,1,0.0,0.5294117647058824,0.0305882352941176,1069.3950000000002,1572.7441059534262,29.5,1.0922330097087378,5,1599.0
Tags 2,0.824852941176471,2025-2,18,28.15472074468085,28.15472074468085,28.15472074468085,-1.7647952568228598e-17,32.6,1.1070840286678213e-15,3.542439194105686e-17,7.1000000000000005,27.67854880516591,27.67854880516591,22.0,25.0,19.0,6.154720744680851,6.154720744680851,0.0,0,0,77.42010416666663,1.702138358297548e-15,22.5,86.8,-1.7252547885169917e-16,64.3,1.752434374497493e-15,18,1,1,27.420104166666647,27.420104166666647,1.4622848863937366e-14,0,0,0,0,1.0,0.0,50.0,60.0,50.0,668.3882728239405,75.95321282090232,1.1126301753675292,1.114318024541327,1.4357327314945425,18,1,66.97022030722103,-361.6117271760595,-34.04678717909768,64.89206532271267,69.04837529172939,0,0,0.501802015286573,12.94117647,1030.0,110.0,1.772875816993464,122.39999999999999,94.6,6.8,2.2,1.3235294117647058,0.2764976958525346,0.5207373271889401,1,18,2.823529411764706,18,0.1323529412,0.9000000003399999,0.6428571431,1.125000000425,3.191176471,1.0,143.0,-69.32044198895028,-11.82942696057172,516.6795580110497,False,True,470.328729281768,425.7955801104972,88.17057303942828,39.36357142857144,0,586.0,27.67854880516591,0,0,0,10,1,6583,0.968088235294118,10,1,1,51.0,1,0.0,0.5555555555555556,0.0319117647058823,1069.3950000000002,1577.371551675372,29.5,1.0937262646209935,5,1599.0
Tags 2,0.824852941176471,2025-2,19,28.15472074468085,28.15472074468085,28.15472074468085,-5.782140136194443e-17,32.6,-1.7194294039342074e-16,-5.364148713100298e-16,7.1000000000000005,27.67854880516591,27.67854880516591,22.0,25.0,19.0,6.154720744680851,6.154720744680851,0.0,0,0,77.42010416666663,-1.4353930018144514e-15,22.5,86.8,-1.9829105871501126e-15,64.3,-1.3722342670087318e-15,19,1,1,27.420104166666647,27.420104166666647,1.460026530009149e-14,0,0,0,0,1.0,0.0,50.0,60.0,50.0,745.2471482889733,76.04562737642586,1.0012167300380228,1.1139839459231091,1.1156738487536966,19,1,67.25247269573865,-394.75285171102666,-33.954372623574145,65.3725568674538,69.1323885240235,0,0,0.49158117897618797,14.41176471,1140.0,110.0,1.741486068111455,129.2,95.8,6.8,1.2000000000000002,1.1764705882352942,0.2666666666666666,0.5022222222222222,1,19,2.823529411764706,19,0.1176470588,0.8888888885530865,0.8,0.5714285714285714,3.308823529,1.0,143.0,-74.33425414364638,-11.596607510709262,566.6657458563536,False,True,516.6795580110497,470.328729281768,88.40339248929074,39.36357142857144,0,641.0,27.678548805165907,0,0,0,11,1,6575,0.966911764705882,11,1,1,55.0,1,0.0,0.5789473684210527,0.0330882352941176,1069.3950000000002,1581.5366916334112,29.5,1.0950570342205324,5,1599.0
Tags 2,0.824852941176471,2025-2,20,28.15472074468085,28.15472074468085,28.15472074468085,-5.442263828874997e-16,32.6,-9.691266599549078e-16,-5.813148627227794e-16,7.1,27.67854880516591,27.67854880516591,22.0,25.0,19.0,6.154720744680851,6.154720744680851,0.0,0,0,77.42010416666662,-4.466182372025889e-16,22.5,86.8,-2.1388666837618357e-15,64.3,-2.5265903670384886e-15,20,1,1,27.420104166666647,27.420104166666647,2.9160058604848984e-14,0,0,0,0,1.0,0.0,50.0,60.0,50.0,837.7760853008377,91.3937547600914,1.2018278750952018,1.2032901751713634,1.338816958618939,20,1,71.32581390007132,-422.2239146991623,-28.606245239908603,66.4901655000665,76.16146230007617,0,0,0.47862887406590343,16.17647059,1260.0,120.0,1.727941176470588,136.0,99.0,6.8,3.2,1.4705882352941178,0.2553191489361702,0.4808510638297872,1,20,2.823529411764706,20,0.1470588235,1.25,1.111111110691358,1.0,3.455882353,1.0,143.0,-79.53038674033155,-11.394038214947214,618.4696132596684,False,True,566.6657458563536,516.6795580110497,88.60596178505278,39.36357142857144,0,698.0,27.678548805165907,0,0,0,12,1,6565,0.965441176470588,12,1,1,57.0,1,0.0,0.6,0.0345588235294117,1069.3950000000002,1585.1606563345945,29.5,1.0967250571210967,5,1599.0
Tags 2,0.824852941176471,2025-2,21,28.15472074468085,28.15472074468085,28.15472074468085,3.699089913415334e-16,32.6,4.710350753166894e-16,9.018783009343824e-18,7.1,27.67854880516591,27.67854880516591,22.0,25.0,19.0,6.154720744680851,6.154720744680851,0.0,0,0,77.42010416666662,-2.761629654335141e-16,22.5,86.8,5.702983905072954e-16,64.3,2.8944045821345144e-17,21,1,1,27.420104166666647,27.420104166666647,2.912358572177595e-14,0,0,0,0,1.0,0.0,50.0,60.0,50.0,930.1616346447088,91.49130832570906,1.0010673985971332,1.203110704483074,1.2045745654162854,21,1,71.82288697066532,-449.8383653552912,-28.508691674290944,67.40301700323977,76.24275693809088,0,0,0.46976913487525246,17.94117647,1380.0,120.0,1.6946778711484594,142.8,99.2,6.8,0.2000000000000001,1.0294117647058825,0.2479338842975206,0.4669421487603306,1,21,2.823529411764706,21,0.1029411765,0.70000000034,0.875000000425,0.7777777778617284,3.558823529,1.0,143.0,-85.0,-11.213720316622693,673.0,False,False,618.4696132596684,566.6657458563536,88.78627968337732,47.0,0,758.0,27.678548805165903,0,0,0,13,1,6558,0.964411764705882,13,1,1,60.0,1,0.0,0.6190476190476191,0.0355882352941176,1331.0,1588.3865435356201,29.5,1.0978956999085088,5,1599.0
Tags 3,0.897794117647059,2025-2,1,28.15472074468085,28.15472074468085,28.15472074468085,0.0,32.6,0.0,0.0,7.100000000000001,27.67854880516591,27.67854880516591,30.0,32.0,28.0,1.8452792553191488,-1.8452792553191488,0.0,1,0,77.42010416666665,0.0,22.5,86.8,0.0,64.3,0.0,1,1,1,17.420104166666647,17.420104166666647,0.0,0,0,0,0,1.0,0.0,60.0,70.0,60.0,14.749262536873156,14.749262536873156,3.0,3.0,3.0,0,0,147.49262536873155,4.749262536873156,4.749262536873156,147.49262536873155,147.49262536873155,1,1,0.0,0.2941176471,10.0,10.0,2.9411764705882355,6.8,13.2,6.8,13.2,2.9411764705882355,2.55,4.9,0,1,1.9411764705882355,1,0.2941176471,3.0,3.0,3.0,0.2941176471,1.0,106.75,0.0,0.0,64.0,True,False,669.9717991631799,637.6489644351465,100.0,39.36357142857144,0,64.0,27.67854880516591,0,0,0,0,0,6780,0.997058823529412,0,0,0,11.0,1,0.0,0.0,0.0029411764705882,1069.3950000000002,1789.0,29.5,1.0619469026548674,1,1544.0
Tags 3,0.897794117647059,2025-2,2,28.15472074468085,28.15472074468085,28.15472074468085,-6.783381100595097e-15,32.6,-6.772789795300852e-15,-4.066460168369259e-15,7.100000000000001,27.67854880516591,27.67854880516591,30.0,32.0,28.0,1.8452792553191488,-1.8452792553191488,0.0,1,0,77.42010416666665,-1.1658284442341368e-14,22.5,86.8,-1.7209744916952118e-14,64.3,-2.2316770830227838e-14,2,1,1,17.420104166666647,17.420104166666647,0.0,0,0,0,0,1.0,0.0,60.0,70.0,60.0,36.94945314809341,22.169671888856044,1.50310375406444,3.0,3.0,0,0,117.00660163562912,6.949453148093411,2.169671888856044,123.16484382697804,110.84835944428022,2,1,1.0584654862337204,0.7352941176,30.0,20.0,2.5,13.6,20.4,6.8,7.2,2.058823529411765,1.5,2.8823529411764706,0,2,1.9411764705882355,2,0.2058823529,0.699999999762,3.0,3.0,0.5,1.0,106.75,0.0,0.0,77.0,True,False,64.0,637.6489644351465,100.0,39.36357142857144,0,77.0,27.67854880516591,0,0,0,0,0,6766,0.995,0,0,0,13.0,1,0.0,0.0,0.005,1069.3950000000002,1789.0,29.5,1.0641442506650902,2,1544.0
Tags 3,0.897794117647059,2025-2,3,28.154720744680855,28.15472074468085,28.15472074468085,-1.2895420286198467e-15,32.6,2.30148056710964e-15,2.3936246954295856e-15,7.100000000000001,27.67854880516591,27.67854880516591,30.0,32.0,28.0,1.8452792553191488,-1.8452792553191488,4.351167857633658e-15,1,0,77.42010416666665,1.136476922109094e-14,22.5,86.8,1.802190973325158e-15,64.3,-3.3130325148630877e-15,3,1,1,17.420104166666647,17.420104166666647,0.0,0,0,0,0,1.0,0.0,60.0,70.0,60.0,59.2680397095866,22.225514891094974,1.0025188916876575,1.5068899096162396,3.0,0,0,114.83182693732404,9.268039709586605,2.225514891094978,118.5360794191732,111.1275744554749,3,1,1.0393278560044996,1.176470588,50.0,20.0,2.5,20.4,30.599999999999998,6.8,10.2,2.5,1.0,1.9215686274509804,0,3,1.9411764705882355,3,0.25,1.2142857145285717,0.8499999998810001,3.0,0.75,1.0,106.75,0.0,0.0,91.0,True,False,77.0,64.0,100.0,39.36357142857144,0,91.0,27.678548805165907,0,0,0,0,0,6749,0.9925,0,0,0,14.0,1,0.0,0.0,0.0075,1069.3950000000002,1789.0,29.5,1.066824714772559,3,1544.0
Tags 3,0.897794117647059,2025-2,4,28.15472074468085,28.15472074468085,28.15472074468085,-4.860576503336004e-15,32.6,-2.22671580167811e-15,-3.4693771706650844e-15,7.100000000000001,27.67854880516591,27.67854880516591,30.0,32.0,28.0,1.8452792553191488,-1.8452792553191488,0.0,1,0,77.42010416666665,-1.0656246691081632e-14,22.5,86.8,-1.1688067064152732e-14,64.3,-8.691606854378891e-15,4,1,1,17.420104166666647,17.420104166666647,0.0,0,0,0,0,1.0,0.0,60.0,70.0,60.0,89.0604126465786,29.6868042155262,1.335708277670575,1.339072782148335,2.0127653258126763,0,0,118.7472168621048,14.060412646578598,4.686804215526198,118.7472168621048,118.7472168621048,4,1,0.8845958447724637,1.764705882,75.0,25.0,2.3161764705882355,27.2,35.8,6.8,5.2,1.7647058823529411,0.8095238095238095,1.5555555555555556,0,4,1.9411764705882355,4,0.1764705882,0.7058823528,0.8571428571428571,0.599999999796,0.9264705882,1.0,106.75,0.0,0.0,107.0,True,False,91.0,77.0,100.0,39.36357142857144,0,107.0,27.67854880516591,0,0,0,0,0,6737,0.990735294117647,0,0,0,16.0,1,0.0,0.0,0.0092647058823529,1069.3950000000002,1789.0,29.5,1.0687249517589432,3,1544.0
Tags 3,0.897794117647059,2025-2,5,28.15472074468085,28.15472074468085,28.15472074468085,-3.371434273386755e-15,32.6,-3.764398267022435e-15,-4.80122207299609e-16,7.100000000000001,27.67854880516591,27.67854880516591,28.0,30.0,26.0,0.1547207446808514,0.1547207446808514,0.0,1,0,77.42010416666665,-4.822292063407377e-15,22.5,86.8,-3.627382670784715e-15,64.3,-3.145486211302101e-15,5,1,1,17.420104166666647,17.420104166666647,0.0,0,0,0,0,1.0,0.0,60.0,70.0,60.0,118.90606420927467,29.72651605231867,1.0013376932223543,1.337495045580658,1.340864050733254,0,0,118.90606420927467,18.906064209274675,4.726516052318669,118.90606420927467,118.90606420927467,5,1,0.8291062351226556,2.352941176,100.0,25.0,2.11764705882353,34.0,38.0,6.8,2.2,1.3235294117647058,0.7083333333333334,1.3611111111111112,1,5,1.9411764705882355,5,0.1323529412,0.7500000002833332,0.5294117648,0.6428571431,1.058823529,1.0,106.75,0.0,0.0,125.0,True,False,107.0,91.0,100.0,39.36357142857144,0,125.0,27.67854880516591,0,0,0,0,0,6728,0.989411764705882,0,0,0,18.0,1,0.0,0.0,0.0105882352941176,1069.3950000000002,1789.0,29.5,1.070154577883472,3,1544.0
Tags 3,0.897794117647059,2025-2,6,28.154720744680848,28.15472074468085,28.15472074468085,-1.3488542533772615e-15,32.6,-3.003278291787231e-16,-6.929659921216828e-16,7.100000000000001,27.67854880516591,27.67854880516591,28.0,30.0,26.0,0.1547207446808514,0.1547207446808514,3.891802844472395e-15,1,0,77.42010416666665,-3.2804718226432046e-15,22.5,86.8,-5.226196707538049e-15,64.3,-1.2637676618891283e-15,6,1,1,17.420104166666647,17.420104166666647,0.0,0,0,0,0,1.0,0.0,60.0,70.0,60.0,148.85382554331647,29.77076510866329,1.0014885382554333,1.0028282226853231,1.3394859581224572,1,1,97.66071093847218,13.853825543316477,-5.229234891336706,110.26209299504924,85.05932888189513,5,0,0.7768679164533688,2.941176471,135.0,35.0,2.009803921568628,40.8,41.2,6.8,3.2,1.4705882352941178,0.6219512195121951,1.195121951219512,1,6,1.9411764705882355,6,0.1470588235,1.111111110691358,0.8333333333333333,0.588235294,1.205882353,1.0,106.75,0.0,0.0,145.0,True,False,125.0,107.0,100.0,39.36357142857144,0,145.0,27.678548805165914,0,0,0,0,0,6718,0.987941176470588,0,0,0,20.0,1,0.0,0.0,0.0120588235294117,1069.3950000000002,1789.0,29.5,1.0717475439118784,3,1544.0
Tags 3,0.897794117647059,2025-2,7,28.154720744680848,28.15472074468085,28.15472074468085,-3.895921039444663e-16,32.6,1.656277457553702e-15,1.2138620989631208e-15,7.100000000000001,27.67854880516591,27.67854880516591,28.0,30.0,26.0,0.1547207446808514,0.1547207446808514,3.837369354665453e-15,1,0,77.42010416666665,2.54453727244602e-15,22.5,86.8,2.9813600726655495e-15,64.3,-1.585001016368459e-15,7,1,1,17.420104166666647,17.420104166666647,0.0,0,0,0,0,1.0,0.0,60.0,70.0,60.0,186.51148910772903,37.30229782154581,1.2529841838257236,1.254849298716801,1.2565279021187703,1,0,108.14531721372524,16.511489107729034,2.3022978215458068,109.71264065160533,106.57799377584516,6,1,0.7140843121498744,3.676470588,170.0,35.0,2.058823529411765,47.599999999999994,50.400000000000006,6.8,9.2,2.3529411764705883,0.5204081632653061,1.0,1,7,1.9411764705882355,7,0.2352941176,1.6,1.777777777106173,1.3333333333333333,1.441176471,1.0,148.0,-19.0,-11.377245508982035,148.0,False,False,145.0,125.0,88.62275449101796,39.36357142857144,0,167.0,27.678548805165914,0,0,0,0,0,6702,0.985588235294118,0,0,0,22.0,1,0.0,0.0,0.0144117647058823,1069.3950000000002,1585.4610778443114,29.5,1.0743061772605194,4,1544.0
Tags 3,0.897794117647059,2025-2,8,28.15472074468085,28.15472074468085,28.15472074468085,2.560235073882277e-15,32.6,2.821334018596945e-15,1.5927353798953544e-15,7.100000000000001,27.67854880516591,27.67854880516591,28.0,30.0,26.0,0.1547207446808514,0.1547207446808514,0.0,1,0,77.42010416666665,6.1910039907492395e-15,22.5,86.8,3.730138838203249e-15,64.3,1.0375528248368055e-15,8,1,1,22.420104166666647,22.420104166666647,0.0,0,0,0,0,1.0,0.0,55.0,65.0,55.0,224.2822966507177,37.380382775119614,1.0020933014354063,1.2556070574162677,1.2574760765550237,2,1,88.35363201391908,4.282296650717711,-12.619617224880386,101.94649847759896,74.76076555023923,6,0,0.679198292617804,4.411764706,220.0,50.0,2.058823529411765,54.4,57.599999999999994,6.8,7.2,2.058823529411765,0.4553571428571428,0.875,1,8,1.9411764705882355,8,0.2058823529,0.8750000000000001,1.4,1.5555555549679014,1.647058824,1.0,148.0,-22.60262008733625,-11.772197962154296,169.39737991266375,False,True,148.0,145.0,88.2278020378457,39.36357142857144,0,192.0,27.67854880516591,0,0,0,0,0,6688,0.983529411764706,0,0,0,25.0,1,0.0,0.0,0.0164705882352941,1069.3950000000002,1578.3953784570597,29.5,1.076555023923445,5,1544.0
Tags 3,0.897794117647059,2025-2,9,28.15472074468085,28.15472074468085,28.15472074468085,1.0383261863092424e-15,32.6,1.926709849426818e-15,5.833989137158367e-16,7.100000000000001,27.67854880516591,27.67854880516591,25.0,28.0,23.0,3.1547207446808514,3.1547207446808514,0.0,0,0,77.42010416666665,2.9175697731988434e-15,22.5,86.8,-6.967445516541836e-16,64.3,2.4487606206954734e-15,9,1,1,22.420104166666647,22.420104166666647,0.0,0,0,0,0,1.0,0.0,55.0,65.0,55.0,261.9760479041916,37.4251497005988,1.0011976047904192,1.0032934131736526,1.2571107784431137,3,1,85.93923264581946,-8.023952095808397,-12.5748502994012,97.02816589044131,74.8502994011976,6,0,0.6482433022395014,5.147058824,270.0,50.0,1.9607843137254903,61.199999999999996,58.8,6.8,1.2000000000000002,1.1764705882352942,0.425,0.8166666666666667,1,9,1.9411764705882355,9,0.1176470588,0.5714285714285714,0.5,0.8,1.764705882,1.0,148.0,-26.637554585152827,-12.107979356887649,193.3624454148472,False,True,169.39737991266375,148.0,87.89202064311236,39.36357142857144,0,220.0,27.67854880516591,0,0,0,1,0,6680,0.98235294117647,1,1,1,28.0,1,0.0,0.1111111111111111,0.0176470588235294,1069.3950000000002,1572.3882493052802,29.5,1.0778443113772456,5,1544.0
Tags 3,0.897794117647059,2025-2,10,28.15472074468085,28.15472074468085,28.15472074468085,1.0489235393749254e-15,32.6,4.151382088140757e-16,-1.8871550300651993e-16,7.100000000000001,27.67854880516591,27.67854880516591,25.0,28.0,23.0,3.1547207446808514,3.1547207446808514,0.0,0,0,77.42010416666665,5.929324924733543e-15,22.5,86.8,3.621045517473897e-15,64.3,2.5895147748354023e-15,10,1,1,22.420104166666647,22.420104166666647,0.0,0,0,0,0,1.0,0.0,55.0,65.0,55.0,307.30025483435764,44.9707690001499,1.2016189476840051,1.2030580122920105,1.2055763753560185,4,1,84.03628550533062,-22.699745165642355,-15.0292309998501,93.12128934374472,74.9512816669165,6,0,0.6128373529607383,6.029411765,330.0,60.0,1.897058823529412,68.0,61.0,6.8,2.2,1.3235294117647058,0.3953488372093023,0.7596899224806202,1,10,1.9411764705882355,10,0.1323529412,1.125000000425,0.6428571431,0.5625000002125,1.897058824,1.0,148.0,-30.816593886462897,-12.376142123077468,218.1834061135371,False,True,193.3624454148472,169.39737991266375,87.62385787692253,39.36357142857144,0,249.0,27.67854880516591,0,0,0,2,0,6671,0.981029411764706,2,1,1,29.0,1,0.0,0.2,0.0189705882352941,1069.3950000000002,1567.590817418144,29.5,1.0792984560035976,5,1544.0
Tags 3,0.897794117647059,2025-2,11,28.154720744680848,28.15472074468085,28.15472074468085,1.302138512516356e-15,32.6,9.227997508175206e-16,9.90452133024727e-16,7.100000000000002,27.67854880516591,27.67854880516591,25.0,28.0,23.0,3.1547207446808514,3.1547207446808514,3.7261175413410954e-15,0,0,77.42010416666665,1.130364682040006e-15,22.5,86.8,-4.780300776693633e-15,64.3,2.5869885263541635e-15,11,1,1,22.420104166666647,22.420104166666647,0.0,0,0,0,0,1.0,0.0,55.0,65.0,55.0,352.85285285285283,45.04504504504504,1.0016516516516516,1.2036036036036035,1.2050450450450452,5,1,82.77508277508278,-37.147147147147166,-14.954954954954957,90.47509047509048,75.07507507507508,6,0,0.5897677995156374,6.911764706,390.0,60.0,1.8716577540106953,74.8,65.2,6.8,4.2,1.6176470588235294,0.3642857142857142,0.7,1,11,1.9411764705882355,11,0.1617647059,1.2222222221382717,1.375000000425,0.7857142859571428,2.058823529,1.0,148.0,-35.57205240174673,-12.614202979342812,246.42794759825327,False,True,218.1834061135371,193.3624454148472,87.38579702065718,39.36357142857144,0,282.0,27.678548805165914,0,0,0,3,0,6660,0.979411764705882,3,1,1,33.0,1,0.0,0.2727272727272727,0.0205882352941176,1069.3950000000002,1563.331908699557,29.5,1.0810810810810811,5,1544.0
Tags 3,0.897794117647059,2025-2,12,28.154720744680848,28.15472074468085,28.15472074468085,1.3229991297389886e-15,32.6,1.2743436555537021e-15,6.067178005271581e-16,7.100000000000001,27.67854880516591,27.67854880516591,25.0,28.0,23.0,3.1547207446808514,3.1547207446808514,3.710688416924011e-15,0,0,77.42010416666665,-2.675605527985585e-16,22.5,86.8,5.750770099106333e-16,64.3,2.500081457902131e-15,12,1,1,22.420104166666647,22.420104166666647,0.0,0,0,0,0,1.0,0.0,55.0,65.0,55.0,405.8929645219483,52.61575466025256,1.1680697534576068,1.1699989977951497,1.4058929645219482,6,1,81.70148239169652,-54.10703547805173,-17.384245339747444,88.23760098303224,75.1653638003608,6,0,0.56361634444466,7.941176471,460.0,70.0,1.8137254901960784,81.6,66.4,6.8,1.2000000000000002,1.1764705882352942,0.3445945945945945,0.6621621621621622,1,12,1.9411764705882355,12,0.1176470588,0.7272727270479339,0.8888888885530865,1.0,2.176470588,1.0,148.0,-40.61572052401743,-12.81253013375944,276.38427947598257,False,True,246.42794759825327,218.1834061135371,87.18746986624055,39.36357142857144,0,317.0,27.678548805165914,0,0,0,4,0,6652,0.978235294117647,4,1,1,35.0,1,0.0,0.3333333333333333,0.0217647058823529,1069.3950000000002,1559.7838359070436,29.5,1.0823812387251954,5,1544.0
Tags 3,0.897794117647059,2025-2,13,28.154720744680848,28.15472074468085,28.15472074468085,1.3814364750221513e-15,32.6,8.805487397987455e-16,6.915014398866306e-16,7.1000000000000005,27.67854880516591,27.67854880516591,25.0,28.0,23.0,3.1547207446808514,3.1547207446808514,3.697781635498623e-15,0,0,77.42010416666665,4.691331236161485e-16,22.5,86.8,1.1752006107247913e-15,64.3,3.7511504141718706e-16,13,1,1,22.420104166666647,22.420104166666647,0.0,0,0,0,0,1.0,0.0,55.0,65.0,55.0,459.1990364348088,52.69497139415839,1.0015055706112617,1.1698283649503165,1.171760513901435,7,1,75.45278642086832,-80.80096356519118,-27.305028605841613,85.03685859903867,65.86871424269798,6,0,0.5454936062962051,8.970588235,540.0,80.0,1.7873303167420813,88.39999999999999,69.60000000000001,6.8,3.2,1.4705882352941178,0.3227848101265823,0.620253164556962,1,13,1.9411764705882355,13,0.1470588235,1.25,0.9090909088099172,1.111111110691358,2.323529412,1.0,148.0,-46.09170305676855,-12.983578325850296,308.90829694323145,False,True,276.38427947598257,246.42794759825327,87.0164216741497,39.36357142857144,0,355.0,27.678548805165914,0,0,0,5,0,6642,0.976764705882353,5,1,1,38.0,1,0.0,0.38461538461538464,0.023235294117647,1069.3950000000002,1556.7237837505384,29.5,1.084010840108401,5,1544.0
Tags 3,0.897794117647059,2025-2,14,28.154720744680848,28.15472074468085,28.15472074468085,-1.1784087075527521e-15,32.6,-2.0809458693257514e-16,-5.592533086358858e-16,7.1000000000000005,27.67854880516591,27.67854880516591,25.0,28.0,23.0,3.1547207446808514,3.1547207446808514,3.6868252213847854e-15,0,0,77.42010416666665,-1.1536256484809611e-15,22.5,86.8,-3.163651978215829e-15,64.3,-3.2683870908612468e-15,14,1,1,22.420104166666647,22.420104166666647,0.0,0,0,0,0,1.0,0.0,55.0,65.0,55.0,512.5113053964426,52.75851673198674,1.001205908953874,1.0027132951462163,1.1712390714501055,8,1,69.98578750161506,-117.4886946035574,-37.24148326801326,81.3510008565782,58.620574146651926,6,0,0.5288918855907054,10.0,630.0,90.0,1.7436974789915964,95.19999999999999,70.80000000000001,6.8,1.2000000000000002,1.1764705882352942,0.3072289156626506,0.5903614457831325,1,14,1.9411764705882355,14,0.1176470588,0.8,1.0,0.7272727270479339,2.441176471,1.0,148.0,-52.0,-13.131313131313131,344.0,False,False,308.90829694323145,276.38427947598257,86.86868686868688,39.36357142857144,0,396.0,27.678548805165914,0,0,0,6,0,6634,0.975588235294118,6,1,1,41.0,1,0.0,0.42857142857142855,0.0244117647058823,1069.3950000000002,1554.080808080808,29.5,1.0853180584865842,5,1544.0
Tags 3,0.897794117647059,2025-2,15,28.154720744680848,28.15472074468085,28.15472074468085,6.749739647783442e-16,32.6,1.0081494731066054e-15,1.8703946384252295e-17,7.1,27.67854880516591,27.67854880516591,25.0,28.0,23.0,3.1547207446808514,3.1547207446808514,3.677408027917051e-15,0,0,77.42010416666666,1.5900097704633351e-15,22.5,86.8,5.515100672047428e-16,64.3,2.6097092304976443e-15,15,1,1,27.420104166666647,27.420104166666647,1.4709632111668204e-14,0,0,0,0,1.0,0.0,50.0,60.0,50.0,573.9314302975381,60.41383476816191,1.1451010852913888,1.1464819729432327,1.1482080825080372,9,1,73.41959086408565,-146.0685697024619,-29.586165231838088,79.71269865243585,67.12648307573545,6,0,0.5103474001999284,11.17647059,720.0,90.0,1.7549019607843135,101.99999999999999,77.00000000000001,6.8,6.2,1.911764705882353,0.2849162011173184,0.547486033519553,1,15,1.9411764705882355,15,0.1911764706,1.625000000425,1.30000000034,1.625000000425,2.632352941,1.0,148.0,-54.49447513812152,-12.413320077020847,384.5055248618785,False,True,344.0,308.90829694323145,87.58667992297914,39.36357142857144,0,439.0,27.678548805165914,0,0,0,7,0,6621,0.973676470588235,7,1,1,43.0,1,0.0,0.4666666666666667,0.0263235294117647,1069.3950000000002,1566.9257038220971,29.5,1.0874490258269145,5,1544.0
Tags 3,0.897794117647059,2025-2,16,28.15472074468085,28.15472074468085,28.15472074468085,1.5813273989799056e-16,32.6,1.5717935348164534e-16,3.228517626001621e-16,7.100000000000001,27.67854880516591,27.67854880516591,22.0,25.0,19.0,6.154720744680851,6.154720744680851,0.0,0,0,77.42010416666665,1.871900716300118e-15,22.5,86.8,2.0567295693817746e-16,64.3,9.139689238489229e-16,16,1,1,27.420104166666647,27.420104166666647,0.0,0,0,0,0,1.0,0.0,50.0,60.0,50.0,635.0166313879649,60.47777441790142,1.0010583610523132,1.1463130156810228,1.147695364810575,10,1,68.95941351309492,-184.98336861203504,-39.52222558209858,77.4410526082884,60.47777441790142,6,0,0.49668728687969355,12.35294118,820.0,100.0,1.7095588235294117,108.8,77.19999999999999,6.8,0.2000000000000001,1.0294117647058825,0.2741935483870967,0.5268817204301075,1,16,1.9411764705882355,16,0.1029411765,0.5384615385822484,0.875000000425,0.70000000034,2.735294118,1.0,148.0,-57.22099447513813,-11.773867175954347,428.7790055248619,False,True,384.5055248618785,344.0,88.22613282404565,39.36357142857144,0,486.0,27.67854880516591,0,0,0,8,0,6614,0.972647058823529,8,1,1,47.0,1,0.0,0.5,0.0273529411764705,1069.3950000000002,1578.3655162221767,29.5,1.0885999395222257,5,1544.0
Tags 3,0.897794117647059,2025-2,17,28.15472074468085,28.15472074468085,28.15472074468085,2.2001058081580336e-16,32.6,1.186892062423421e-15,4.864884510362301e-16,7.100000000000001,27.67854880516591,27.67854880516591,22.0,25.0,19.0,6.154720744680851,6.154720744680851,0.0,0,0,77.42010416666665,6.022236032311191e-16,22.5,86.8,1.263118031787766e-15,64.3,8.71767300245397e-16,17,1,1,27.420104166666647,27.420104166666647,0.0,0,0,0,0,1.0,0.0,50.0,60.0,50.0,704.0121120363361,68.13020439061317,1.1265329295987887,1.1277252081756244,1.291359359792365,11,1,72.32663002336832,-215.9878879636639,-31.869795609386827,76.52305565612349,68.13020439061317,6,0,0.4815236266203284,13.67647059,920.0,100.0,1.6868512110726643,115.6,79.39999999999999,6.8,2.2,1.3235294117647058,0.2615384615384615,0.5025641025641026,1,17,1.9411764705882355,17,0.1323529412,1.2857142855755102,0.6923076923881656,1.125000000425,2.867647059,1.0,148.0,-60.06353591160223,-11.226829142355555,474.93646408839777,False,True,428.7790055248619,384.5055248618785,88.77317085764444,39.36357142857144,0,535.0,27.67854880516591,0,0,0,9,0,6605,0.971323529411765,9,1,1,49.0,1,0.0,0.5294117647058824,0.0286764705882352,1069.3950000000002,1588.1520266432592,29.5,1.0900832702498109,5,1544.0
Tags 3,0.897794117647059,2025-2,18,28.15472074468085,28.15472074468085,28.15472074468085,-1.7647952568228598e-17,32.6,1.1070840286678213e-15,3.542439194105686e-17,7.1000000000000005,27.67854880516591,27.67854880516591,22.0,25.0,19.0,6.154720744680851,6.154720744680851,0.0,0,0,77.42010416666663,1.702138358297548e-15,22.5,86.8,-1.7252547885169917e-16,64.3,1.752434374497493e-15,18,1,1,27.420104166666647,27.420104166666647,1.4622848863937366e-14,0,0,0,0,1.0,0.0,50.0,60.0,50.0,772.8443703591453,68.19215032580694,1.0009092286710106,1.1275572056372176,1.1287505682679193,12,1,68.51314897400138,-257.1556296408547,-41.807849674193065,75.033434015451,61.99286393255176,6,0,0.4700030645999274,15.0,1030.0,110.0,1.642156862745098,122.39999999999999,78.6,6.8,-0.7999999999999998,0.8823529411764706,0.2537313432835821,0.4875621890547263,1,17,1.9411764705882355,17,0.08823529412,0.666666666565926,0.8571428569208164,0.4615384615223668,2.955882353,0.9444444444444444,148.0,-63.022099447513824,-10.754624479097922,522.9779005524862,False,True,474.93646408839777,428.7790055248619,89.24537552090209,39.36357142857144,0,586.0,27.67854880516591,0,0,0,10,0,6599,0.970441176470588,10,1,1,51.0,1,0.0,0.5555555555555556,0.0295588235294117,1069.3950000000002,1596.5997680689381,29.5,1.091074405212911,5,1544.0
Tags 3,0.897794117647059,2025-2,19,28.15472074468085,28.15472074468085,28.15472074468085,-5.782140136194443e-17,32.6,-1.7194294039342074e-16,-5.364148713100298e-16,7.1000000000000005,27.67854880516591,27.67854880516591,22.0,25.0,19.0,6.154720744680851,6.154720744680851,0.0,0,0,77.42010416666663,-1.4353930018144514e-15,22.5,86.8,-1.9829105871501126e-15,64.3,-1.3722342670087318e-15,19,1,1,27.420104166666647,27.420104166666647,1.460026530009149e-14,0,0,0,0,1.0,0.0,50.0,60.0,50.0,841.9296116504854,68.26456310679612,1.0010618932038835,1.0019720873786409,1.1287545509708738,13,1,67.95608421981697,-298.0703883495146,-41.73543689320388,73.85347470618294,62.05869373345102,6,0,0.4592268585745717,16.32352941,1140.0,110.0,1.6099071207430342,129.2,78.8,6.8,0.2000000000000001,1.0294117647058825,0.2451923076923076,0.4711538461538461,1,18,1.9411764705882355,17,0.1029411765,1.1666666669688888,0.7777777778617284,1.0,3.058823529,0.9473684210526315,148.0,-66.2127071823204,-10.329595504262151,574.7872928176796,False,True,522.9779005524862,474.93646408839777,89.67040449573784,39.36357142857144,0,641.0,27.678548805165907,0,0,0,11,0,6592,0.969411764705882,11,1,1,55.0,1,0.0,0.5789473684210527,0.0305882352941176,1069.3950000000002,1604.20353642875,29.5,1.0922330097087378,5,1544.0
Tags 3,0.897794117647059,2025-2,20,28.15472074468085,28.15472074468085,28.15472074468085,-5.442263828874997e-16,32.6,-9.691266599549078e-16,-5.813148627227794e-16,7.1,27.67854880516591,27.67854880516591,22.0,25.0,19.0,6.154720744680851,6.154720744680851,0.0,0,0,77.42010416666662,-4.466182372025889e-16,22.5,86.8,-2.1388666837618357e-15,64.3,-2.5265903670384886e-15,20,1,1,27.420104166666647,27.420104166666647,2.9160058604848984e-14,0,0,0,0,1.0,0.0,50.0,60.0,50.0,918.4757856383786,75.90708972218005,1.1119545232191352,1.1131353001703692,1.1141473946999982,14,1,68.07540586195512,-341.5242143616214,-44.09291027781995,72.89490362209354,63.25590810181671,6,0,0.4473860346335727,17.79411765,1260.0,120.0,1.5661764705882353,136.0,77.0,6.8,-1.7999999999999998,0.7352941176470589,0.2394366197183098,0.460093896713615,1,18,1.9411764705882355,17,0.07352941176,0.7142857140359183,0.8333333332577777,0.5555555554212346,3.132352941,0.9,148.0,-69.51933701657458,-9.959790403520714,628.4806629834254,False,True,574.7872928176796,522.9779005524862,90.04020959647929,39.36357142857144,0,698.0,27.678548805165907,0,0,0,12,0,6587,0.968676470588235,12,1,1,57.0,1,0.0,0.6,0.0313235294117647,1069.3950000000002,1610.8193496810145,29.5,1.0930620919993927,5,1544.0
Tags 3,0.897794117647059,2025-2,21,28.15472074468085,28.15472074468085,28.15472074468085,3.699089913415334e-16,32.6,4.710350753166894e-16,9.018783009343824e-18,7.1,27.67854880516591,27.67854880516591,22.0,25.0,19.0,6.154720744680851,6.154720744680851,0.0,0,0,77.42010416666662,-2.761629654335141e-16,22.5,86.8,5.702983905072954e-16,64.3,2.8944045821345144e-17,21,1,1,27.420104166666647,27.420104166666647,2.912358572177595e-14,0,0,0,0,1.0,0.0,50.0,60.0,50.0,995.592035263718,75.99939200486396,1.001215990272078,1.1133066491023629,1.114488861866883,15,1,67.73858852607441,-384.4079647362821,-44.00060799513604,72.14435038142884,63.33282667071997,6,0,0.4380628250448444,19.26470588,1380.0,120.0,1.5476190476190477,142.8,78.2,6.8,1.2000000000000002,1.1764705882352942,0.2307692307692307,0.4434389140271493,1,19,1.9411764705882355,17,0.1176470588,1.5999999997824,1.1428571423020408,1.333333333031111,3.25,0.9047619047619048,148.0,-73.0,-9.630606860158313,685.0,False,False,628.4806629834254,574.7872928176796,90.36939313984168,48.714285714285715,0,758.0,27.678548805165903,0,0,0,13,0,6579,0.9675,13,1,1,60.0,1,0.0,0.6190476190476191,0.0325,1367.0,1616.708443271768,29.5,1.094391244870041,5,1544.0
Lags 1,0.912152530292231,2025-3,1,31.5846153846154,28.15472074468085,28.15472074468085,0.0,32.3,0.0,0.0,1.8,31.051608694507788,31.051608694507788,30.0,32.0,28.0,1.5846153846154003,1.5846153846154003,0.0,1,1,76.0307692307692,0.0,7.8,79.7,0.0,71.9,0.0,0,0,0,6.030769230769195,6.030769230769195,0.0,1,0,0,0,0.0,0.0,70.0,80.0,70.0,8.926180487369455,8.926180487369455,3.0,3.0,3.0,1,1,89.26180487369454,-1.0738195126305443,-1.0738195126305443,89.26180487369454,89.26180487369454,0,0,0.0,0.1781895937277263,10.0,10.0,1.870990734141126,11.224,9.776,11.224,9.776,1.870990734141126,2.8095238095238093,7.285714285714286,0,1,0.870990734141126,1,0.1870990734141126,3.0,3.0,3.0,0.1870990734141126,1.0,106.75,0.0,0.0,64.0,True,False,669.9717991631799,637.6489644351465,100.0,39.36357142857144,0,64.0,31.051608694507788,0,0,0,0,0,11203,0.998129009265859,0,0,0,11.0,0,0.0,0.0,0.0018709907341411,1069.3950000000002,1789.0,29.5,0.6426849950906007,0,1479.9999999999998
Lags 1,0.912152530292231,2025-3,2,32.0641826923077,31.5846153846154,28.15472074468085,0.9591346153845925,34.1,1.8,0.5999999999999955,2.4,31.95185868160943,31.95185868160943,30.0,32.0,28.0,2.543750000000003,2.543750000000003,0.6782105906092035,0,2,74.96017628205125,-2.1411858974358933,8.800000000000004,76.9,-2.8000000000000047,67.1,-4.800000000000031,0,0,0,3.889583333333306,3.889583333333306,1.5140470678579208,1,0,0,0,0.0,0.0,70.0,80.0,70.0,17.881090746535538,8.940545373267769,1.001609298167188,3.0,3.0,2,1,52.153181344061984,-12.118909253464462,-11.059454626732231,59.603635821785126,44.70272686633884,0,0,1.4130756167261254,0.3563791874554526,30.0,20.0,1.7373485388453314,22.448,16.552,11.224,6.776,1.603706343549537,1.5128205128205128,3.923076923076923,0,2,0.870990734141126,2,0.1603706343549537,0.8571428571428573,3.0,3.0,0.3474697077690663,1.0,106.75,0.0,0.0,77.0,True,False,64.0,637.6489644351465,100.0,39.36357142857144,0,77.0,31.501733688058607,0,0,0,0,0,11185,0.996525302922309,1,1,1,13.0,0,0.0,0.5,0.0034746970776906,1069.3950000000002,1789.0,29.5,0.6437192668752794,0,1479.9999999999998
Lags 1,0.912152530292231,2025-3,3,31.915705128205133,32.54375,31.5846153846154,0.017067307692295284,32.8,0.2500000000000044,-0.0999999999999982,2.433333333333333,31.95185868160943,31.10233472286816,30.0,32.0,28.0,1.6187499999999986,1.6187499999999986,0.5441705281736036,1,3,75.5553952991453,0.3575320512821129,9.66666666666667,83.7,2.0000000000000053,72.3,0.20000000000001417,0,0,0,6.745833333333394,6.745833333333394,1.4862793468173459,1,0,0,0,0.0,0.0,70.0,80.0,70.0,31.34796238244514,13.434841021047918,1.5026869682042097,1.505105239587998,3.0,3,1,64.93506493506493,-18.65203761755486,-6.565158978952082,62.69592476489028,67.1742051052396,0,0,1.0397588297106106,0.6236635780470421,50.0,20.0,1.7521976716559753,33.672,25.328,11.224,8.776,1.781895937277263,1.0,2.593220338983051,0,3,0.870990734141126,3,0.1781895937277263,1.111111111111111,0.9523809523809524,3.0,0.5256593014967925,1.0,106.75,0.0,0.0,91.0,True,False,77.0,64.0,100.0,39.36357142857144,0,91.0,31.368600699661794,0,0,0,0,0,11165,0.994743406985032,1,1,0,14.0,0,0.0,0.3333333333333333,0.0052565930149679,1069.3950000000002,1789.0,29.5,0.6448723690103001,0,1479.9999999999998
Lags 1,0.912152530292231,2025-3,4,31.865945512820524,31.61875,32.54375,-0.05288461538461763,34.1,0.40999999999999287,-0.23000000000000492,2.8499999999999996,31.95185868160943,31.21783051176948,30.0,32.0,28.0,1.7166666666667003,1.7166666666667003,0.4553223617556273,1,4,76.04727564102565,0.7332692307692495,11.075000000000003,84.8,2.2099999999999893,69.5,-0.20000000000001625,0,0,0,7.522916666666703,7.522916666666703,1.5622001410715132,1,0,0,0,0.0,0.0,70.0,80.0,70.0,49.36277149524322,17.95009872554299,1.3360856818045832,2.0077185424519834,2.010949560222581,4,1,68.80871178124812,-25.637228504756777,-7.04990127445701,65.8170286603243,71.80039490217196,0,0,0.8848178645868288,0.9800427655024946,75.0,25.0,1.8264433357091945,44.896,37.104,11.224,11.776,2.0491803278688523,0.7195121951219512,1.8658536585365852,0,4,1.0491803278688523,4,0.2049180327868852,1.1499999999999997,1.2777777777777772,1.095238095238095,0.7305773342836779,1.0,106.75,0.0,0.0,107.0,True,False,91.0,77.0,100.0,39.36357142857144,0,107.0,31.330908152688714,0,0,0,0,0,11142,0.992694226657163,1,1,0,16.0,0,0.0,0.25,0.0073057733428367,1069.3950000000002,1789.0,29.5,0.6462035541195477,1,1479.9999999999998
Lags 1,0.912152530292231,2025-3,5,31.862756410256416,31.7166666666667,31.61875,-0.029631410256413082,33.6,0.25999999999999845,-0.25000000000000405,3.04,31.95185868160943,31.346694527587047,28.0,30.0,26.0,3.8500000000000014,3.8500000000000014,0.39438520726805115,0,5,76.31240384615386,0.6317628205128305,12.680000000000003,85.9,2.0299999999999883,66.8,-0.780000000000003,0,0,0,7.372916666666697,7.372916666666697,1.4770974193821547,1,0,0,0,0.0,0.0,70.0,80.0,70.0,67.48245456181392,17.995321216483713,1.0025193449703078,1.3394517425469377,2.0127766780637035,5,1,69.73186971387439,-32.51754543818608,-7.004678783516287,67.48245456181392,71.98128486593485,0,0,0.829041488398122,1.3364219529579473,100.0,25.0,1.9600855310049894,56.120000000000005,53.879999999999995,11.224,16.776,2.4946543121881684,0.5363636363636364,1.3909090909090909,1,5,1.4946543121881684,5,0.2494654312188168,1.2173913043478264,1.4,1.5555555555555554,0.9800427655024946,1.0,106.75,0.0,0.0,125.0,True,False,107.0,91.0,100.0,39.36357142857144,0,125.0,31.334065427668385,0,0,0,0,0,11114,0.990199572344975,2,1,1,18.0,0,0.0,0.4,0.0098004276550249,1069.3950000000002,1789.0,29.5,0.6478315637934137,2,1479.9999999999998
Lags 1,0.912152530292231,2025-3,6,31.960977564102564,31.85,31.7166666666667,0.06725732600731651,33.6,0.18000000000000008,-0.12000000000000045,3.0500000000000003,31.95185868160943,31.90224102573466,28.0,30.0,26.0,4.452083333333299,4.452083333333299,0.42698492215381684,0,6,76.19436431623932,0.2598305860805837,12.200000000000003,81.0,0.9885714285714343,71.2,-0.20571428571428638,0,0,0,5.6041666666666,5.6041666666666,1.3524250118993713,1,0,0,0,0.0,0.0,70.0,80.0,70.0,94.67989179440936,27.051397655545536,1.5032461677186657,1.5070333633904418,2.0135256988277725,6,1,73.71148038415846,-40.32010820559063,-7.948602344454464,70.13325318104397,77.28970758727296,0,0,0.7419968028867449,1.870990734141126,135.0,35.0,1.989783796626277,67.34400000000001,66.65599999999999,11.224,12.776,2.1382751247327154,0.4402985074626865,1.1417910447761197,1,6,1.4946543121881684,6,0.2138275124732716,0.8571428571428574,1.0434782608695656,1.2000000000000002,1.1938702779757662,1.0,106.75,0.0,0.0,145.0,True,False,125.0,107.0,100.0,39.36357142857144,0,145.0,31.42876136067943,0,0,0,0,0,11090,0.988061297220242,3,1,1,20.0,0,0.0,0.5,0.0119387027797576,1069.3950000000002,1789.0,29.5,0.6492335437330928,3,1479.9999999999998
Lags 1,0.912152530292231,2025-3,7,32.008814102564095,32.4520833333333,31.85,0.07791323260072756,33.4,0.11071428571428761,-0.02857142857142811,2.985714285714286,31.95185868160943,31.773170311325703,28.0,30.0,26.0,4.295833333333299,4.295833333333299,0.40981513393983265,0,7,76.26540750915751,0.21567651098902207,11.814285714285717,82.2,0.6392857142857152,72.7,0.18214285714285838,0,0,0,6.6916666666667055,6.6916666666667055,1.2488158888173224,1,0,0,0,0.0,0.0,70.0,80.0,70.0,121.94020413693433,27.097823141540964,1.001716195465631,1.5058260319754315,1.5096197272152472,7,1,74.57594183911483,-48.05979586306567,-7.902176858459036,71.7295318452555,77.42235183297417,0,0,0.7091951082601625,2.405559515324305,170.0,35.0,1.9473577028815803,78.56800000000001,74.43199999999999,11.224,7.776,1.6928011404133998,0.3856209150326797,1.0,1,7,1.4946543121881684,7,0.16928011404134,0.7916666666666665,0.6785714285714286,0.8260869565217394,1.3631503920171062,1.0,101.0,-66.0,-39.52095808383233,101.0,False,False,145.0,125.0,60.47904191616767,39.36357142857144,1,167.0,31.477962639343186,0,0,0,0,0,11071,0.986368496079829,4,1,1,22.0,0,0.0,0.5714285714285714,0.013631503920171,1069.3950000000002,1081.9700598802394,29.5,0.6503477553969831,3,1479.9999999999998
Lags 1,0.912152530292231,2025-3,8,31.940264423076925,32.2958333333333,32.4520833333333,0.006242368742369687,32.5,-0.0023809523809504574,-0.05476190476190254,2.925,31.95185868160943,31.013662696542685,28.0,30.0,26.0,3.460416666666699,3.460416666666699,0.42608482443107604,0,8,76.69212740384617,0.4282642704517819,11.512500000000003,84.7,0.64880952380953,75.3,0.5452380952380994,1,1,1,14.679166666666704,14.679166666666704,1.6713672496436096,0,0,0,0,0.125,0.0,65.0,75.0,65.0,153.8600778350982,31.67707484840257,1.1689896521555494,1.1709958668959484,1.7602950493257308,8,1,66.64527435637943,-66.1399221649018,-18.32292515159743,69.93639901595373,63.35414969680514,0,0,0.6656298536473213,3.029223093371347,220.0,50.0,1.9489486813970063,89.792,85.208,11.224,10.776,1.9600855310049887,0.3371428571428571,0.8742857142857143,1,8,1.4946543121881684,8,0.1960085531004989,1.1578947368421049,0.9166666666666664,0.7857142857142856,1.559158945117605,1.0,101.0,-74.13318777292577,-38.61103529839884,117.86681222707423,False,True,101.0,145.0,61.38896470160117,39.36357142857144,1,192.0,31.41992514649312,0,0,0,1,0,11049,0.984408410548824,5,1,1,25.0,0,0.0,0.625,0.015591589451176,1069.3950000000002,1098.2485785116448,29.5,0.65164268259571,3,1479.9999999999998
Lags 1,0.912152530292231,2025-3,9,31.8389245014245,31.4604166666667,32.2958333333333,-0.05643429487179747,32.6,-0.04833333333333053,-0.1299999999999986,3.0,31.95185868160943,30.614268294418416,25.0,28.0,23.0,6.0282051282051015,6.0282051282051015,0.5012811191276106,0,9,77.16964031339033,0.5862927350427435,11.111111111111112,85.1,0.6366666666666729,77.2,0.8050000000000043,2,1,1,15.989743589743597,15.989743589743597,2.1204839381177933,0,0,0,0,0.2222222222222222,0.0,65.0,75.0,65.0,190.35532994923855,36.25815808556926,1.1446182533927278,1.3380468938844574,1.3403432438965437,9,1,71.50914511320603,-79.64467005076142,-13.741841914430744,70.50197405527355,72.51631617113851,0,0,0.630356168360183,3.741981468282252,270.0,50.0,1.9006889997624137,101.016,90.984,11.224,5.776,1.5146115466856735,0.3072916666666667,0.796875,1,9,1.4946543121881684,9,0.1514611546685673,0.7727272727272726,0.8947368421052627,0.7083333333333329,1.710620099786173,1.0,101.0,-83.24235807860262,-37.83743549027392,136.75764192139738,False,True,117.86681222707423,101.0,62.16256450972608,39.36357142857144,1,220.0,31.33040771848482,0,0,0,2,0,11032,0.982893799002138,6,1,1,28.0,0,0.0,0.6666666666666666,0.0171062009978617,1069.3950000000002,1112.0882790789997,29.5,0.6526468455402465,3,1479.9999999999998
Lags 1,0.912152530292231,2025-3,10,31.72351031215161,31.0282051282051,31.4604166666667,-0.10399631769197545,32.6,-0.0690909090909083,-0.19939393939393968,3.13,31.95185868160943,30.25899003290254,25.0,28.0,23.0,5.684782608695599,5.684782608695599,0.5971321499790387,0,10,77.49137193422521,0.6018846913955628,11.180000000000001,86.7,0.6830303030303067,74.9,0.7678787878787905,3,1,1,15.386956521739094,15.386956521739094,2.2432027767997185,0,0,0,0,0.3,0.0,65.0,75.0,65.0,235.9774913777455,45.3802868034126,1.251588310038119,1.432590825402588,1.6746838506686028,10,1,73.57107102977497,-94.02250862225448,-14.619713196587403,71.50833072052895,75.633811339021,0,0,0.5963296277585279,4.632929436920883,330.0,60.0,1.8353528153955807,112.24000000000001,93.75999999999999,11.224,2.776,1.2473271560940842,0.2864077669902912,0.7427184466019418,1,10,1.4946543121881684,10,0.1247327156094084,0.8235294117647062,0.6363636363636365,0.7368421052631579,1.8353528153955807,1.0,101.0,-92.6768558951965,-37.21962084144438,156.3231441048035,False,True,136.75764192139738,117.86681222707423,62.78037915855562,39.36357142857144,1,249.0,31.223265949926592,0,0,0,3,0,11018,0.981646471846044,7,1,1,29.0,0,0.0,0.7,0.0183535281539558,1069.3950000000002,1123.14098314656,29.5,0.6534761299691414,3,1479.9999999999998
Lags 1,0.912152530292231,2025-3,11,31.575539677713582,30.6847826086956,31.0282051282051,-0.15198255548799616,31.9,-0.10909090909090902,-0.19181818181818225,3.1,31.95185868160943,29.77926232913717,25.0,28.0,23.0,5.0958333333333,5.0958333333333,0.7495055165244943,0,11,78.18192903111382,0.7966920669909836,11.190909090909091,87.6,0.7181818181818173,76.3,0.776363636363639,4,1,1,20.08750000000001,20.08750000000001,3.126391365896691,0,0,0,0,0.36363636363636365,0.0,65.0,75.0,65.0,281.8950622897154,45.46694553059925,1.0019096117122852,1.2539783577339274,1.4353265176216892,11,1,74.02951387674494,-108.10493771028462,-14.533054469400746,72.28078520249113,75.77824255099875,0,0,0.5777825073792896,5.523877405559516,390.0,60.0,1.8385926261906305,123.46400000000001,103.53599999999999,11.224,9.776,1.870990734141126,0.2599118942731278,0.6740088105726872,1,11,1.4946543121881684,11,0.1870990734141126,1.5,1.235294117647059,0.9545454545454548,2.0224518888096936,1.0,101.0,-103.41266375545854,-36.67115736009168,178.58733624454146,False,True,156.3231441048035,136.75764192139738,63.32884263990832,39.36357142857144,1,282.0,31.09199289349119,0,0,0,4,0,10997,0.979775481111903,8,1,1,33.0,0,0.0,0.7272727272727273,0.0202245188880969,1069.3950000000002,1132.9529948279599,29.5,0.6547240156406292,3,1479.9999999999998
Lags 1,0.912152530292231,2025-3,12,31.39859253065774,30.0958333333333,30.6847826086956,-0.19857757209346083,29.8,-0.20874125874125732,-0.17622377622377652,2.891666666666667,31.95185868160943,29.19479555098081,25.0,28.0,23.0,4.452173913043499,4.452173913043499,0.9414951286199009,0,12,78.97111610460796,0.9770802392980501,10.450000000000001,88.6,0.7493006993007006,86.3,1.136013986013985,5,1,1,22.652173913043494,22.652173913043494,4.044693189933134,0,0,0,0,0.4166666666666667,0.0,65.0,75.0,65.0,341.8725499133923,59.25790865165466,1.3033184428844926,1.3058072750478622,1.6343331206126357,12,1,79.48713738151957,-118.12745008660772,-10.74209134834534,74.32011954638963,84.65415521664951,0,0,0.5511031322198178,6.682109764789736,460.0,70.0,1.8932644333570918,134.68800000000002,120.31199999999998,11.224,16.776,2.4946543121881684,0.2313725490196078,0.6,1,12,1.4946543121881684,12,0.2494654312188168,1.3333333333333333,2.0,1.6470588235294124,2.2719173200285105,1.0,101.0,-114.7991266375546,-36.21423553235161,202.2008733624454,False,True,178.58733624454146,156.3231441048035,63.7857644676484,39.36357142857144,1,317.0,30.93389311494866,0,0,0,5,0,10969,0.977280826799715,9,1,1,35.0,0,0.0,0.75,0.0227191732002851,1069.3950000000002,1141.1273263262296,29.5,0.6563952958337131,4,1479.9999999999998
Lags 1,0.912152530292231,2025-3,13,31.228324365451662,29.4521739130435,30.0958333333333,-0.22899730601889623,30.7,-0.23241758241758237,-0.21703296703296632,2.9153846153846157,31.95185868160943,28.918314018555115,25.0,28.0,23.0,4.185106382978699,4.185106382978699,1.0906106298101104,0,13,79.60296151063648,1.0384967906035503,10.084615384615384,89.2,0.763186813186811,83.5,1.2236263736263766,6,1,1,22.185106382978702,22.185106382978702,4.492907719193141,0,0,0,0,0.46153846153846156,0.0,65.0,75.0,65.0,402.0100502512563,59.38784833257195,1.0021927820922796,1.3061763362265877,1.3086706258565557,13,1,74.34055800889972,-137.9899497487437,-20.61215166742805,74.44630560208451,74.23481041571493,0,0,0.5364626797859865,7.840342124019957,540.0,80.0,1.912111409616755,145.912,133.088,11.224,12.776,2.1382751247327154,0.2114695340501792,0.5483870967741935,1,13,1.4946543121881684,13,0.2138275124732716,0.8571428571428574,1.1428571428571432,1.7142857142857149,2.4857448325017817,1.0,101.0,-127.16157205240174,-35.820161141521616,227.83842794759823,False,True,202.2008733624454,178.58733624454146,64.17983885847839,39.36357142857144,1,355.0,30.778848569072235,0,0,0,6,0,10945,0.975142551674982,10,1,1,38.0,0,0.0,0.7692307692307693,0.0248574483250178,1069.3950000000002,1148.177317178178,29.5,0.6578346276838739,5,1479.9999999999998
Lags 1,0.912152530292231,2025-3,14,31.054575006014634,29.1851063829787,29.4521739130435,-0.25269758858992847,29.4,-0.27780219780219806,-0.22791208791208914,2.821428571428572,31.95185868160943,28.55249403573694,25.0,28.0,23.0,3.7958333333332983,3.7958333333332983,1.2331182304325718,0,14,80.21733330749578,1.076546151226556,9.528571428571428,89.4,0.7558241758241735,87.1,1.3465934065934038,7,1,1,23.20416666666669,23.20416666666669,4.890579873967116,0,0,0,0,0.5,0.0,65.0,75.0,65.0,466.9046965119473,64.08495834477708,1.0790921062824388,1.081458320129015,1.409484573835027,14,1,72.65868293058625,-163.0953034880527,-25.91504165522292,74.11185658919798,71.20550927197453,0,0,0.5195781713264995,9.08766928011404,630.0,90.0,1.9155381325730576,157.136,143.864,11.224,10.776,1.9600855310049887,0.1960132890365448,0.5083056478405316,1,14,1.4946543121881684,14,0.1960085531004989,0.9166666666666664,0.7857142857142856,1.0476190476190474,2.681753385602281,1.0,101.0,-140.5,-35.47979797979798,255.5,False,False,227.83842794759823,202.2008733624454,64.52020202020202,39.36357142857144,1,396.0,30.619823245262573,0,0,0,7,0,10923,0.973182466143977,11,1,1,41.0,0,0.0,0.7857142857142857,0.0268175338560228,1069.3950000000002,1154.266414141414,29.5,0.6591595715462785,5,1479.9999999999998
Lags 1,0.912152530292231,2025-3,15,30.933899635243286,28.7958333333333,29.1851063829787,-0.25057005476857097,29.8,-0.2903571428571426,-0.2242857142857137,2.7533333333333334,31.95185868160943,28.979736906846043,25.0,28.0,23.0,4.244444444444401,4.244444444444401,1.2768734663285826,0,15,80.68877034625532,1.0514826374064083,9.080000000000002,88.8,0.7171428571428593,86.0,1.3653571428571432,8,1,1,27.288888888888906,27.288888888888906,5.054023394891126,0,0,0,0,0.5333333333333333,0.0,60.0,70.0,60.0,531.9636797211776,64.2025130697973,1.0018343575162798,1.0810715469983565,1.0834421013270872,15,1,72.60998501941361,-188.0363202788224,-25.79748693020269,73.88384440571912,71.33612563310811,0,0,0.506844641027143,10.334996436208126,720.0,90.0,1.9066286528866712,168.35999999999999,152.64000000000001,11.224,8.776,1.781895937277263,0.1838006230529595,0.4766355140186916,1,15,1.4946543121881684,15,0.1781895937277263,0.9090909090909092,0.8333333333333331,0.7142857142857143,2.859942979330007,1.0,101.0,-159.08977900552486,-36.23912961401478,279.91022099447514,False,True,255.5,227.83842794759823,63.76087038598522,39.36357142857144,1,439.0,30.510484156034803,0,0,0,8,0,10903,0.9714005702067,12,1,1,43.0,0,0.0,0.8,0.0285994297933,1069.3950000000002,1140.6819712052757,29.5,0.6603687058607722,5,1479.9999999999998
Lags 1,0.912152530292231,2025-3,16,30.857041324707247,29.2444444444444,28.7958333333333,-0.23347827235154167,31.2,-0.26147058823529284,-0.21691176470588275,2.78125,31.95185868160943,29.39653377796718,22.0,25.0,19.0,7.704166666666701,7.704166666666701,1.2713092952234848,0,16,80.98439407461436,0.9702646643437624,8.912500000000001,87.8,0.6533823529411771,81.4,1.2463235294117672,9,1,1,25.418750000000003,25.418750000000003,5.023800340844448,0,0,0,0,0.5625,0.0,60.0,70.0,60.0,597.3715651135007,64.33232239683852,1.0020218729896149,1.00385993934381,1.0832573363590732,16,1,68.59125663216929,-222.62843488649932,-35.66767760316148,72.85019086750007,64.33232239683852,0,0,0.49480566425119304,11.58232359230221,820.0,100.0,1.9099697077690663,179.584,163.416,11.224,10.776,1.9600855310049887,0.1720116618075801,0.446064139941691,1,16,1.4946543121881684,16,0.1960085531004989,1.0999999999999996,1.0,0.9166666666666664,3.055951532430506,1.0,101.0,-179.40883977900552,-36.915399131482616,306.5911602209945,False,True,279.91022099447514,255.5,63.08460086851738,39.36357142857144,1,486.0,30.44086225740557,0,0,0,9,0,10881,0.969440484675695,13,1,1,47.0,0,0.0,0.8125,0.030559515324305,1069.3950000000002,1128.583509537776,29.5,0.6617038875103392,5,1479.9999999999998
Lags 1,0.912152530292231,2025-3,17,30.761445652290178,29.7041666666667,29.2444444444444,-0.2264304510986433,31.7,-0.2267156862745096,-0.21348039215686243,2.8529411764705883,31.95185868160943,28.93494537372689,22.0,25.0,19.0,7.231914893616999,7.231914893616999,1.2925046113290517,0,17,81.26879141941176,0.903353001885602,9.041176470588237,88.2,0.6046568627450984,77.1,1.0558823529411767,10,1,1,25.819148936170198,25.819148936170198,5.003613763421374,0,0,0,0,0.5882352941176471,0.0,60.0,70.0,60.0,671.8203570771213,73.62414872078041,1.144434803186874,1.1467487050038123,1.1488522521101203,17,1,73.32405028849462,-248.17964292287863,-26.37585127921959,73.02395185620884,73.62414872078041,0,0,0.48004459872841193,13.00784034212402,920.0,100.0,1.8762316045448828,190.808,167.192,11.224,3.776,1.3364219529579473,0.164804469273743,0.4273743016759777,1,17,1.4946543121881684,17,0.1336421952957947,0.6818181818181819,0.7499999999999999,0.6818181818181819,3.189593727726301,1.0,101.0,-200.5925414364641,-37.49393297877834,334.4074585635359,False,True,306.5911602209945,279.91022099447514,62.50606702122167,39.36357142857144,1,535.0,30.352278911306826,0,0,0,10,0,10866,0.968104062722737,14,1,1,49.0,0,0.0,0.8235294117647058,0.031895937277263,1069.3950000000002,1118.2335390096557,29.5,0.6626173384870238,5,1479.9999999999998
Lags 1,0.912152530292231,2025-3,18,30.666596819755537,29.231914893617,29.7041666666667,-0.2206305375150586,31.6,-0.200103199174407,-0.20381836945304407,2.9000000000000004,31.95185868160943,28.750447033450826,22.0,25.0,19.0,7.054166666666699,7.054166666666699,1.3169027576111179,0,18,81.50281689611111,0.8346210994929335,9.200000000000001,89.1,0.5756449948400431,77.2,0.9054695562435492,11,1,1,25.481250000000003,25.481250000000003,4.954720837163458,0,0,0,0,0.6111111111111112,0.0,60.0,70.0,60.0,751.4983863531581,78.37713231904104,1.064557399723375,1.2183165382335508,1.2207798195350064,18,1,72.10647342782863,-278.50161364684186,-31.62286768095896,72.96100838380177,71.2519384718555,0,0,0.46802264914890335,14.522451888809693,1030.0,110.0,1.8759404450780073,202.03199999999998,176.96800000000002,11.224,9.776,1.870990734141126,0.1556728232189973,0.4036939313984168,1,18,1.4946543121881684,18,0.1870990734141126,1.4,0.9545454545454548,1.05,3.376692801140414,1.0,101.0,-222.64088397790056,-37.99332491090453,363.3591160220994,False,True,334.4074585635359,306.5911602209945,62.00667508909547,39.36357142857144,1,586.0,30.263288251425934,0,0,0,11,0,10845,0.966233071988596,15,1,1,51.0,0,0.0,0.8333333333333334,0.0337669280114041,1069.3950000000002,1109.2994173439179,29.5,0.6639004149377593,5,1479.9999999999998
Lags 1,0.912152530292231,2025-3,19,30.579910945946896,29.0541666666667,29.231914893617,-0.2135417190303946,31.3,-0.18263157894736928,-0.21105263157894769,2.9842105263157896,31.95185868160943,28.634405879282383,22.0,25.0,19.0,7.0195652173913,7.0195652173913,1.3344140946208303,0,19,81.51742836382151,0.7138113748821123,9.747368421052633,90.3,0.5647368421052591,70.7,0.680877192982454,12,1,1,21.78043478260869,21.78043478260869,4.81554433895466,0,0,0,0,0.631578947368421,0.0,60.0,70.0,60.0,840.5690005542214,87.75170884906706,1.1196085676095673,1.191887585442453,1.3640376342667124,19,1,76.75420181375631,-299.43099944577864,-22.248291150932943,73.73412285563346,79.77428077187915,0,0,0.45582930694959345,16.215253029223092,1140.0,110.0,1.866301534306186,213.25599999999997,184.74400000000003,11.224,7.776,1.6928011404133998,0.1482412060301507,0.3844221105527638,1,19,1.4946543121881684,19,0.16928011404134,0.9047619047619048,1.2666666666666668,0.8636363636363639,3.5459729151817534,1.0,101.0,-246.4185082872928,-38.44282500581791,394.5814917127072,False,True,363.3591160220994,334.4074585635359,61.55717499418208,39.36357142857144,1,641.0,30.177557600260485,0,0,0,12,0,10826,0.964540270848182,16,1,1,55.0,0,0.0,0.8421052631578947,0.0354597291518175,1069.3950000000002,1101.2578606459176,29.5,0.6650655828560872,5,1479.9999999999998
Lags 1,0.912152530292231,2025-3,20,30.570394565316217,29.0195652173913,29.0541666666667,-0.1857547250633895,32.4,-0.15157894736842115,-0.18187969924812078,3.005,31.95185868160943,29.86829099073381,22.0,25.0,19.0,8.389583333333299,8.389583333333299,1.2995203758295268,0,20,81.24874444563042,0.5350714875586456,10.135000000000002,82.7,0.4401503759398488,65.2,0.4289473684210507,13,1,1,16.143749999999997,16.143749999999997,4.838676467838146,0,0,0,0,0.65,0.0,60.0,70.0,60.0,930.124942156409,87.92225821378992,1.0019435446552525,1.1217845768571195,1.1942040721888016,20,1,73.54399418258743,-329.875057843591,-32.07774178621008,73.81943985368325,73.26854851149159,0,0,0.44695532151265954,17.908054169636493,1260.0,120.0,1.866535994297933,224.47999999999996,194.52000000000004,11.224,9.776,1.870990734141126,0.1408114558472553,0.3651551312649164,1,20,1.4946543121881684,20,0.1870990734141126,1.1052631578947367,1.0,1.4,3.7330719885958654,1.0,101.0,-271.060773480663,-38.83392170210072,426.939226519337,False,True,394.5814917127072,363.3591160220994,61.16607829789928,39.36357142857144,1,698.0,30.162094269784156,0,0,0,13,0,10805,0.962669280114041,17,1,1,57.0,0,0.0,0.85,0.0373307198859586,1069.3950000000002,1094.2611407494182,29.5,0.6663581675150393,5,1479.9999999999998
Lags 1,0.912152530292231,2025-3,21,30.538967046332907,30.3895833333333,29.0195652173913,-0.16899567682292033,32.9,-0.12012987012986955,-0.1735064935064924,3.104761904761905,31.95185868160943,29.3665932676831,22.0,25.0,19.0,7.910416666666698,7.910416666666698,1.274777241236555,0,21,80.9512843926639,0.38098172480977655,10.580952380952382,84.1,0.3603896103896108,64.6,0.22909090909091123,14,1,1,15.002083333333305,15.002083333333305,4.90920386699493,0,0,0,0,0.6666666666666666,0.0,60.0,70.0,60.0,1024.3811995921017,92.70418095856122,1.054388079218162,1.0564373295340883,1.1827962852889369,21,1,75.74200292085348,-355.61880040789833,-27.295819041438776,74.23052170957259,77.25348413213436,0,0,0.4373530654213526,19.68995010691376,1380.0,120.0,1.8540202966432475,235.70399999999995,201.29600000000005,11.224,6.776,1.603706343549537,0.1350114416475972,0.3501144164759725,1,21,1.4946543121881684,21,0.1603706343549537,0.8571428571428573,0.9473684210526316,0.8571428571428573,3.89344262295082,1.0,101.0,-297.0,-39.1820580474934,461.0,False,False,426.939226519337,394.5814917127072,60.817941952506594,29.357142857142858,1,758.0,30.124213269684105,0,0,0,14,0,10787,0.961065573770492,18,1,1,60.0,0,0.0,0.8571428571428571,0.0389344262295082,872.0,1088.032981530343,29.5,0.6674701029016409,5,1479.9999999999998
Lags 2,0.918454545454546,2025-3,1,28.15472074468085,28.15472074468085,28.15472074468085,0.0,32.6,0.0,0.0,7.100000000000001,27.67854880516591,27.67854880516591,30.0,32.0,28.0,1.8452792553191488,-1.8452792553191488,0.0,1,0,77.42010416666665,0.0,22.5,86.8,0.0,64.3,0.0,0,0,0,7.420104166666647,7.420104166666647,0.0,1,0,0,0,0.0,0.0,70.0,80.0,70.0,9.11743253099927,9.11743253099927,3.0,3.0,3.0,1,1,91.1743253099927,-0.8825674690007297,-0.8825674690007297,91.1743253099927,91.1743253099927,0,0,0.0,0.1818181818181818,10.0,10.0,2.909090909090909,11.0,21.0,11.0,21.0,2.909090909090909,3.5625,7.0,0,1,1.9090909090909087,1,0.2909090909090909,3.0,3.0,3.0,0.2909090909090909,1.0,106.75,0.0,0.0,64.0,True,False,669.9717991631799,637.6489644351465,100.0,39.36357142857144,0,64.0,27.67854880516591,0,0,0,0,0,10968,0.997090909090909,0,0,0,11.0,0,0.0,0.0,0.0029090909090909,1069.3950000000002,1789.0,29.5,0.6564551422319475,1,1554.0
Lags 2,0.918454545454546,2025-3,2,28.850087645067724,28.15472074468085,28.15472074468085,1.3907338007737415,30.5,-2.100000000000004,3.199999999999992,4.450000000000001,29.213732917936863,29.213732917936863,30.0,32.0,28.0,0.4545454545453999,-0.4545454545453999,0.9833973013524587,1,1,80.86232481060608,6.884441287878852,15.75,87.4,0.5999999999999956,78.4,14.100000000000001,1,1,1,14.304545454545504,14.304545454545504,4.868035119339789,0,0,0,0,0.5,0.0,70.0,80.0,70.0,18.29993595022417,9.149967975112087,1.0035684875102937,3.0,3.0,2,1,53.37481318815384,-11.700064049775824,-10.850032024887913,60.99978650074724,45.74983987556044,0,0,1.411690260655987,0.3636363636363637,30.0,20.0,3.2272727272727275,22.0,49.0,11.0,28.0,3.5454545454545454,1.6056338028169015,3.1549295774647885,0,2,2.5454545454545454,2,0.3545454545454545,1.21875,3.0,3.0,0.6454545454545454,1.0,106.75,0.0,0.0,77.0,True,False,64.0,637.6489644351465,100.0,39.36357142857144,0,77.0,28.446140861551385,0,0,0,0,1,10929,0.993545454545454,0,0,0,13.0,0,0.0,0.0,0.0064545454545454,1069.3950000000002,1789.0,29.5,0.6587976942080702,2,1554.0
Lags 2,0.918454545454546,2025-3,3,28.973543278530016,29.5454545454546,28.15472074468085,0.5328669003868801,30.2,-1.1999999999999944,1.400000000000004,3.600000000000001,29.213732917936863,28.904030762185872,30.0,32.0,28.0,0.7795454545453993,-0.7795454545453993,0.727501894467895,1,2,82.21958017676772,3.756993371212186,11.833333333333334,86.9,0.05000000000001454,82.9,9.300000000000011,2,1,1,14.934090909090996,14.934090909090996,4.168370106946657,0,0,0,0,0.6666666666666666,0.0,70.0,80.0,70.0,36.74444240308653,18.372221201543265,2.0079000551166635,2.0150652213852656,3.0,3,1,82.6749954069447,-13.25555759691347,-1.627778798456735,73.48888480617306,91.86110600771632,0,0,0.9982220012260236,0.7272727272727274,50.0,20.0,3.4545454545454546,33.0,81.0,11.0,32.0,3.909090909090909,1.0,1.9649122807017545,0,3,2.909090909090909,3,0.3909090909090909,1.1025641025641026,1.34375,3.0,1.0363636363636364,1.0,106.75,0.0,0.0,91.0,True,False,77.0,64.0,100.0,39.36357142857144,0,91.0,28.598770828429547,0,0,0,0,2,10886,0.989636363636364,0,0,0,14.0,0,0.0,0.0,0.0103636363636363,1069.3950000000002,1789.0,29.5,0.6613999632555576,3,1554.0
Lags 2,0.918454545454546,2025-3,4,29.09578245889751,29.2204545454546,29.5454545454546,0.35983377659574217,31.5,-0.36000000000000787,0.5899999999999952,3.6750000000000007,29.213732917936863,29.111984281842616,30.0,32.0,28.0,0.5375000000000014,-0.5375000000000014,0.6423464847758716,1,3,82.52510179924249,1.869423295454584,10.625,86.8,-0.050000000000010036,79.8,5.099999999999998,3,1,1,13.441666666666803,13.441666666666803,3.457877009503971,0,0,0,0,0.75,0.0,70.0,80.0,70.0,55.25879535826119,18.41959845275373,1.0025787437833855,2.013077914901455,2.020261558298029,4,1,73.67839381101491,-19.74120464173881,-6.580401547246272,73.67839381101491,73.67839381101491,0,0,0.9565147923490079,1.0909090909090908,75.0,25.0,3.227272727272727,44.0,98.0,11.0,17.0,2.5454545454545454,0.8028169014084507,1.5774647887323945,0,4,2.909090909090909,4,0.2545454545454546,0.6511627906976746,0.7179487179487182,0.8750000000000001,1.2909090909090908,1.0,106.75,0.0,0.0,107.0,True,False,91.0,77.0,100.0,39.36357142857144,0,107.0,28.727074191782812,0,0,0,0,2,10858,0.987090909090909,0,0,0,16.0,0,0.0,0.0,0.0129090909090909,1069.3950000000002,1789.0,29.5,0.6631055442991343,4,1554.0
Lags 2,0.918454545454546,2025-3,5,29.17495930045135,29.4625,29.2204545454546,0.2590937298517086,31.9,-0.04000000000000516,0.40999999999999737,3.7000000000000006,29.213732917936863,29.18237460051159,28.0,30.0,26.0,1.4916666666666991,1.4916666666666991,0.5837821649126895,1,4,83.08133143939398,1.4909412878787747,10.34,87.3,0.03999999999998344,78.1,2.8999999999999897,4,1,1,15.306249999999906,15.306249999999906,3.2426288906622256,0,0,0,0,0.8,0.0,70.0,80.0,70.0,83.1331978570109,27.711065952336966,1.504433770552374,1.5083133197857013,3.0,4,0,96.98873083317936,-16.8668021429891,2.7110659523369662,83.1331978570109,110.84426380934786,1,1,0.8358219822963762,1.6363636363636365,100.0,25.0,3.163636363636363,55.0,119.0,11.0,21.0,2.909090909090909,0.6551724137931034,1.2873563218390804,1,5,2.909090909090909,5,0.2909090909090909,1.1428571428571426,0.7441860465116279,0.8205128205128206,1.5818181818181818,1.0,106.75,0.0,0.0,125.0,True,False,107.0,91.0,100.0,39.36357142857144,0,125.0,28.818134273528567,0,0,0,0,2,10826,0.984181818181818,0,0,0,18.0,0,0.0,0.0,0.0158181818181818,1069.3950000000002,1789.0,29.5,0.6650655828560872,5,1554.0
Lags 2,0.918454545454546,2025-3,6,29.25537388512789,29.4916666666667,29.4625,0.2169803467808677,31.2,-0.042857142857145536,0.38571428571428473,3.5000000000000004,29.35519736133393,29.35519736133393,28.0,30.0,26.0,1.6574468085105991,1.6574468085105991,0.5580683877701023,1,5,83.50997478105525,1.219375028783244,9.366666666666667,87.6,0.10285714285714158,83.1,2.5714285714285614,5,1,1,15.653191489361603,15.653191489361603,3.0844974281313835,0,0,0,0,0.8333333333333334,0.0,70.0,80.0,70.0,111.05969458583988,27.764923646459973,1.0019435446552525,1.507357704766312,1.5112447940768163,5,1,80.7973968547777,-23.940305414160107,-7.235076353540027,82.26644043395548,79.32835327559992,1,0,0.8005965545042177,2.1818181818181817,135.0,35.0,2.9545454545454546,66.0,129.0,11.0,10.0,1.9090909090909087,0.5846153846153846,1.1487179487179486,1,6,2.909090909090909,6,0.1909090909090909,0.65625,0.7499999999999999,0.4883720930232558,1.7727272727272727,1.0,106.75,0.0,0.0,145.0,True,False,125.0,107.0,100.0,39.36357142857144,0,145.0,28.907644788162795,0,0,0,0,2,10805,0.982272727272727,0,0,0,20.0,0,0.0,0.0,0.0177272727272727,1069.3950000000002,1789.0,29.5,0.6663581675150393,5,1554.0
Lags 2,0.918454545454546,2025-3,7,29.268594282490575,29.6574468085106,29.4916666666667,0.14552801476005905,31.3,-0.028571428571426808,0.2607142857142864,3.471428571428572,29.35519736133393,29.052569664336115,28.0,30.0,26.0,1.3479166666666984,1.3479166666666984,0.5106437670907111,1,6,83.85319266947593,1.019522809305042,8.528571428571428,87.6,0.11428571428570977,84.1,2.285714285714283,6,1,1,15.912499999999994,15.912499999999994,2.9585514393558516,0,0,0,0,0.8571428571428571,0.0,70.0,80.0,70.0,134.55827765404604,23.19970304380104,0.8355759712942341,0.8371999505073002,1.2595118782479586,6,1,72.71839693561166,-35.44172234595396,-11.80029695619896,79.15192803179178,66.28486583943155,1,0,0.7840505444513596,2.636363636363636,170.0,35.0,2.909090909090909,77.0,147.0,11.0,18.0,2.636363636363636,0.5089285714285714,1.0,1,7,2.909090909090909,7,0.2636363636363636,1.380952380952381,0.90625,1.0357142857142856,2.0363636363636366,1.0,98.0,-69.0,-41.31736526946108,98.0,False,False,145.0,125.0,58.68263473053892,39.36357142857144,1,167.0,28.92834834190184,0,0,0,0,2,10776,0.979636363636364,0,0,0,22.0,0,0.0,0.0,0.0203636363636363,1069.3950000000002,1049.8323353293413,29.5,0.6681514476614699,6,1554.0
Lags 2,0.918454545454546,2025-3,8,29.286061663845917,29.3479166666667,29.6574468085106,0.10866359741026571,30.5,-0.08690476190476024,0.18690476190476268,3.3500000000000005,29.35519736133393,29.08236418739424,28.0,30.0,26.0,1.4083333333332997,1.4083333333332997,0.47533874661741055,1,7,83.93873108579142,0.7367074837470282,8.15,87.6,0.10952380952380726,82.1,1.8095238095238115,7,1,1,19.53749999999989,19.53749999999989,2.7497506815078507,0,0,0,0,0.875,0.0,65.0,75.0,65.0,158.21312238250349,23.26663564448581,1.0028850628199162,0.8379866604622305,0.8396153249573445,7,1,59.22416345869114,-61.78687761749652,-26.733364355514198,71.91505562841067,46.53327128897161,1,0,0.7451863244401804,3.090909090909091,220.0,50.0,2.897727272727273,88.0,167.0,11.0,20.0,2.8181818181818183,0.4470588235294118,0.8784313725490196,1,8,2.909090909090909,8,0.2818181818181818,1.0689655172413794,1.4761904761904765,0.96875,2.3181818181818183,1.0,98.0,-81.77292576419214,-42.59006550218341,110.22707423580786,False,True,98.0,145.0,57.40993449781659,39.36357142857144,1,192.0,28.947600322588393,0,0,0,0,2,10745,0.976818181818182,0,0,0,25.0,0,0.0,0.0,0.0231818181818181,1069.3950000000002,1027.063728165939,29.5,0.6700791065611913,7,1554.0
Lags 2,0.918454545454546,2025-3,9,29.212669469517877,29.4083333333333,29.3479166666667,0.032029201590365014,29.2,-0.1949999999999994,0.13333333333333378,3.1222222222222227,29.35519736133393,28.37303890539069,25.0,28.0,23.0,3.6255319148936,3.6255319148936,0.4961665912028857,0,8,84.36326923937959,0.7704181307758216,7.300000000000001,88.1,0.13333333333333602,87.6,1.833333333333335,8,1,1,22.75957446808501,22.75957446808501,2.8702058295207333,0,0,0,0,0.8888888888888888,0.0,65.0,75.0,65.0,181.88601809532693,23.318720268631655,1.0022385971457888,1.0051301184590988,0.8398625750085502,8,1,57.001316212210725,-88.11398190467307,-26.681279731368345,67.36519188715813,46.63744053726332,1,0,0.7108224233096124,3.5454545454545454,270.0,50.0,2.8181818181818183,99.0,180.0,11.0,13.0,2.1818181818181817,0.4086021505376344,0.8028673835125448,1,9,2.909090909090909,9,0.2181818181818182,0.7741935483870969,0.8275862068965518,1.142857142857143,2.536363636363636,1.0,98.0,-96.07860262008732,-43.67209210003969,123.92139737991268,False,True,110.22707423580786,98.0,56.32790789996032,39.36357142857144,1,220.0,28.88376016512198,0,0,0,1,2,10721,0.974636363636364,1,1,1,28.0,0,0.0,0.1111111111111111,0.0253636363636363,1069.3950000000002,1007.7062723302898,29.5,0.6715791437365918,8,1554.0
Lags 2,0.918454545454546,2025-3,10,29.182860855899424,28.6255319148936,29.4083333333333,0.00703472100110798,29.8,-0.20666666666666836,0.04424242424242558,3.1000000000000005,29.35519736133393,28.6240425918351,25.0,28.0,23.0,3.914583333333301,3.914583333333301,0.47719319403897154,0,9,84.53277564877496,0.6527621365980725,7.12,88.1,0.13818181818181427,82.6,1.4727272727272727,9,1,1,21.05833333333329,21.05833333333329,2.7586343256697057,0,0,0,0,0.9,0.0,65.0,75.0,65.0,210.221433243016,28.02952443240213,1.202018125759133,1.2047089601046437,1.2081846211342613,9,1,55.20966933654965,-119.77856675698402,-31.97047556759787,63.70346461909576,46.71587405400356,1,0,0.6723590875773539,4.090909090909091,330.0,60.0,2.7,110.0,187.0,11.0,7.0,1.6363636363636365,0.3838383838383838,0.7542087542087542,1,10,2.909090909090909,10,0.1636363636363636,0.7499999999999998,0.5806451612903225,0.6206896551724137,2.7,1.0,98.0,-110.89519650655018,-44.536223496606496,138.10480349344982,False,True,123.92139737991268,110.22707423580786,55.463776503393504,39.36357142857144,1,249.0,28.857788407793294,0,0,0,2,2,10703,0.973,2,1,1,29.0,0,0.0,0.2,0.027,1069.3950000000002,992.2469616457098,29.5,0.6727085863776511,8,1554.0
Lags 2,0.918454545454546,2025-3,11,29.07911592960554,28.9145833333333,28.6255319148936,-0.0465964223961107,30.9,-0.15363636363636302,-0.00636363636363667,3.1818181818181817,29.35519736133393,27.768247789771397,25.0,28.0,23.0,3.0416666666667,3.0416666666667,0.5686256387486954,0,9,84.73017483221966,0.5882711941709005,7.336363636363637,88.1,0.13454545454545516,78.6,1.0272727272727278,10,1,1,21.704166666666595,21.704166666666595,2.6977190035950347,0,0,0,0,0.9090909090909091,0.0,65.0,75.0,65.0,243.3545488581056,32.75926619243729,1.1687414201921875,1.4048483713964806,1.407993260950955,10,1,58.4986896293523,-146.64545114189443,-27.240733807562712,62.39860227130912,54.59877698739548,1,0,0.6403581606763425,4.727272727272728,390.0,60.0,2.6115702479338845,121.0,195.0,11.0,8.0,1.7272727272727273,0.360759493670886,0.7088607594936709,1,11,2.909090909090909,11,0.1727272727272727,1.0555555555555556,0.7916666666666665,0.6129032258064515,2.872727272727273,1.0,98.0,-127.7554585152838,-45.30335408343397,154.2445414847162,False,True,138.10480349344982,123.92139737991268,54.69664591656602,39.36357142857144,1,282.0,28.758739260700395,0,0,0,3,2,10684,0.971272727272727,3,1,1,33.0,0,0.0,0.2727272727272727,0.0287272727272727,1069.3950000000002,978.5229954473662,29.5,0.6739049045301385,8,1554.0
Lags 2,0.918454545454546,2025-3,12,29.039536824360635,28.0416666666667,28.9145833333333,-0.05411068118696456,31.4,-0.0979020979020965,-0.03531468531468481,3.2916666666666665,29.35519736133393,28.29097375035328,25.0,28.0,23.0,3.6041666666667,3.6041666666667,0.5592307952508534,0,10,84.74988248509024,0.4616121429948086,7.641666666666667,88.1,0.12727272727272756,77.1,0.6730769230769199,11,1,1,19.9666666666666,19.9666666666666,2.5730799710632946,0,0,0,0,0.9166666666666666,0.0,65.0,75.0,65.0,285.92856473235213,42.18618168182244,1.2877633288245456,1.5050623418018183,1.8091122152432733,11,1,61.21217873432138,-174.07143526764787,-27.81381831817756,62.15838363746785,60.26597383117491,1,0,0.6107385140825149,5.545454545454546,460.0,70.0,2.522727272727273,132.0,201.0,11.0,6.0,1.5454545454545454,0.3423423423423423,0.6726726726726727,1,12,2.909090909090909,12,0.1545454545454545,0.894736842105263,0.9444444444444444,0.7083333333333331,3.027272727272728,1.0,98.0,-145.63755458515277,-45.94244624137311,171.36244541484723,False,True,154.2445414847162,138.10480349344982,54.05755375862689,39.36357142857144,1,317.0,28.7197588015048,0,0,0,4,2,10667,0.969727272727273,4,1,1,35.0,0,0.0,0.3333333333333333,0.0302727272727272,1069.3950000000002,967.089636741835,29.5,0.6749789069091591,8,1554.0
Lags 2,0.918454545454546,2025-3,13,29.020790401973922,28.6041666666667,28.0416666666667,-0.050549716241204884,31.2,-0.06758241758241716,-0.061538461538460425,3.3923076923076922,29.35519736133393,28.396701881440965,25.0,28.0,23.0,3.7958333333333982,3.7958333333333982,0.5396721789571944,0,11,84.4686415246987,0.24216341504239794,8.523076923076925,88.0,0.1153846153846169,68.9,0.16648351648351767,12,1,1,16.09375,16.09375,2.6640695131299985,0,0,0,0,0.9230769230769231,0.0,65.0,75.0,65.0,333.48990136214184,46.97040864255519,1.1134074422003029,1.4338052741058849,1.6757476123375608,12,1,60.23519997216568,-206.51009863785816,-33.02959135744481,61.757389141137374,58.71301080319399,1,0,0.5879576881322762,6.454545454545454,540.0,80.0,2.482517482517483,143.0,212.0,11.0,11.0,2.0,0.3211267605633803,0.6309859154929578,1,13,2.909090909090909,13,0.2,1.2941176470588238,1.1578947368421055,1.2222222222222223,3.227272727272727,1.0,98.0,-165.0524017467248,-46.49363429485206,189.9475982532752,False,True,171.36244541484723,154.2445414847162,53.50636570514794,39.36357142857144,1,355.0,28.694908269192197,0,0,0,5,2,10645,0.967727272727273,5,1,1,38.0,0,0.0,0.38461538461538464,0.0322727272727272,1069.3950000000002,957.2288824650967,29.5,0.6763738844527948,9,1554.0
Lags 2,0.918454545454546,2025-3,14,29.093710135166265,28.7958333333334,28.6041666666667,-0.011271879716028495,32.3,-0.015164835164836434,-0.016263736263737276,3.4071428571428575,29.51617607466274,29.51617607466274,25.0,28.0,23.0,5.0416666666667,5.0416666666667,0.5859048919836045,0,12,83.85272665388688,-0.05263521629081126,9.185714285714287,82.9,-0.04109890109890412,65.1,-0.2652747252747294,13,1,1,10.845833333333305,10.845833333333305,3.4441600713417504,0,0,0,0,0.9285714285714286,0.0,65.0,75.0,65.0,381.39184480647896,47.08541293907148,1.0024484414728316,1.1161335551579454,1.4373158624029705,13,1,56.42775677618883,-248.60815519352104,-42.914587060928525,60.53838806452047,52.3171254878572,1,0,0.5711492291721082,7.363636363636363,630.0,90.0,2.4740259740259747,154.0,227.0,11.0,15.0,2.363636363636364,0.2992125984251969,0.5879265091863517,1,14,2.909090909090909,14,0.2363636363636364,1.181818181818182,1.529411764705883,1.3684210526315792,3.463636363636364,1.0,98.0,-185.99999999999991,-46.96969696969695,210.00000000000009,False,False,189.9475982532752,171.36244541484723,53.03030303030305,39.36357142857144,1,396.0,28.753570255297234,0,0,0,6,2,10619,0.965363636363636,6,1,1,41.0,0,0.0,0.42857142857142855,0.0346363636363636,1069.3950000000002,948.7121212121217,29.5,0.6780299463226293,10,1554.0
Lags 2,0.918454545454546,2025-3,15,29.16662945948851,30.0416666666667,28.7958333333334,0.018186344351571335,33.1,0.03928571428571468,-0.001428571428571341,3.5133333333333336,29.588679150782124,29.588679150782124,25.0,28.0,23.0,5.1875,5.1875,0.6312864927145058,0,13,83.11087821029442,-0.32095927958345727,9.833333333333336,81.1,-0.18678571428571297,62.2,-0.6117857142857132,14,1,1,12.724999999999897,12.724999999999897,4.38976338075333,0,0,0,0,0.9333333333333333,0.0,60.0,70.0,60.0,438.47241867043846,56.57708628005658,1.2015841584158415,1.2045261669024043,1.3411283985541411,14,1,61.88118811881188,-281.52758132956154,-33.42291371994342,60.8989470375609,62.86342920006286,1,0,0.5509058892729526,8.454545454545455,720.0,90.0,2.393939393939395,165.0,230.0,11.0,3.0,1.2727272727272727,0.2886075949367088,0.5670886075949367,1,15,2.909090909090909,15,0.1272727272727273,0.5384615384615384,0.6363636363636364,0.8235294117647062,3.590909090909092,1.0,98.0,-203.1049723756905,-46.26536956166071,235.89502762430948,False,True,210.00000000000009,189.9475982532752,53.734630438339295,39.36357142857144,1,439.0,28.809244181662894,0,0,0,7,2,10605,0.964090909090909,7,1,1,43.0,0,0.0,0.4666666666666667,0.0359090909090909,1069.3950000000002,961.3125385418899,29.5,0.6789250353606789,10,1554.0
Lags 2,0.918454545454546,2025-3,16,29.248142201603816,30.1875,30.0416666666667,0.04374619256551684,33.8,0.09029411764705936,-0.002499999999999067,3.6812500000000004,29.82099843731044,29.82099843731044,22.0,25.0,19.0,8.4708333333333,8.4708333333333,0.6915661170073908,0,14,82.332854572151,-0.5389159848840415,10.68125,81.2,-0.27794117647058675,57.8,-0.9272058823529422,15,1,1,10.662500000000094,10.662500000000094,5.260274410512647,0,0,0,0,0.9375,0.0,60.0,70.0,60.0,496.031746031746,56.68934240362812,1.001984126984127,1.203968253968254,1.2069160997732429,15,1,58.5905093744815,-323.968253968254,-43.31065759637188,60.49167634533488,56.68934240362812,1,0,0.5370454085016517,9.545454545454543,820.0,100.0,2.3636363636363638,176.0,240.0,11.0,10.0,1.9090909090909087,0.2740384615384615,0.5384615384615384,1,16,2.909090909090909,16,0.1909090909090909,1.4999999999999998,0.8076923076923075,0.9545454545454544,3.781818181818182,1.0,98.0,-221.8011049723756,-45.63808744287564,264.1988950276244,False,True,235.89502762430948,210.00000000000009,54.36191255712437,39.36357142857144,1,486.0,28.87247882264087,0,0,0,8,2,10584,0.962181818181818,8,1,1,47.0,0,0.0,0.5,0.0378181818181818,1069.3950000000002,972.534615646955,29.5,0.6802721088435374,10,1554.0
Lags 2,0.918454545454546,2025-3,17,29.29727109170555,30.4708333333333,30.1875,0.05283145717184225,33.8,0.12352941176470665,-0.016911764705881238,3.870588235294118,29.82099843731044,29.476302961587333,22.0,25.0,19.0,8.0833333333333,8.0833333333333,0.6995743181609217,0,15,81.74452489143626,-0.6452065476416222,11.435294117647059,82.8,-0.30367647058823377,59.3,-1.0960784313725485,16,1,1,12.331250000000097,12.331250000000097,5.641393645974779,0,0,0,0,0.9411764705882353,0.0,60.0,70.0,60.0,563.1803123521061,66.25650733554188,1.1687647893989588,1.1710837671557028,1.4071557027922386,16,1,63.73587933908105,-356.81968764789394,-33.74349266445812,61.21525134262023,66.25650733554188,1,0,0.520585052452013,10.818181818181818,920.0,100.0,2.3262032085561497,187.0,248.0,11.0,8.0,1.7272727272727273,0.2620689655172414,0.5149425287356322,1,17,2.909090909090909,17,0.1727272727272727,0.9047619047619048,1.3571428571428568,0.7307692307692306,3.954545454545455,1.0,98.0,-241.2928176795579,-45.1014612485155,293.7071823204421,False,True,264.1988950276244,235.89502762430948,54.8985387514845,39.36357142857144,1,535.0,28.90799788963772,0,0,0,9,2,10565,0.960454545454546,9,1,1,49.0,0,0.0,0.5294117647058824,0.0395454545454545,1069.3950000000002,982.1348582640577,29.5,0.6814955040227165,10,1554.0
Lags 2,0.918454545454546,2025-3,18,29.363427988727196,30.0833333333333,30.4708333333333,0.06538129983575634,34.8,0.16222910216718278,-0.031991744066047025,4.111111111111112,29.837624743477896,29.837624743477896,22.0,25.0,19.0,8.488095238095202,8.488095238095202,0.7344365004099942,0,16,81.12776557207074,-0.7380979304452101,12.5,83.8,-0.2988648090815244,53.2,-1.3023735810113501,17,1,1,10.642857142857096,10.642857142857096,6.0663252082920875,0,0,0,0,0.9444444444444444,0.0,60.0,70.0,60.0,630.3317535545024,66.35071090047393,1.0014218009478673,1.17042654028436,1.1727488151658767,17,1,60.75804285899533,-399.6682464454976,-43.64928909952607,61.19725762665071,60.31882809133994,1,0,0.508853247305301,12.090909090909092,1030.0,110.0,2.272727272727273,198.0,252.0,11.0,4.0,1.3636363636363635,0.2533333333333333,0.4977777777777777,1,18,2.909090909090909,18,0.1363636363636363,0.7894736842105261,0.714285714285714,1.0714285714285707,4.090909090909091,1.0,98.0,-261.5801104972375,-44.63824411215657,324.4198895027625,False,True,293.7071823204421,264.1988950276244,55.36175588784342,39.36357142857144,1,586.0,28.959643825962175,0,0,0,10,2,10550,0.959090909090909,10,1,1,51.0,0,0.0,0.5555555555555556,0.0409090909090909,1069.3950000000002,990.4218128335189,29.5,0.6824644549763034,10,1554.0
Lags 2,0.918454545454546,2025-3,19,29.387501954232782,30.4880952380952,30.0833333333333,0.06279629451206689,35.3,0.19526315789473658,-0.053333333333333545,4.389473684210527,29.837624743477896,29.24258823037303,22.0,25.0,19.0,7.820833333333301,7.820833333333301,0.721416686191223,0,17,80.72487878757579,-0.7482492762269188,13.868421052631579,87.6,-0.23070175438596635,49.1,-1.4942105263157923,18,1,1,13.472916666666606,13.472916666666606,6.151412666842356,0,0,0,0,0.9473684210526315,0.0,60.0,70.0,60.0,697.8731484998101,66.46410938093429,1.001709077098367,1.0031333080136726,1.1724268894796808,18,1,60.819430234945855,-442.1268515001899,-43.53589061906571,61.21694285086053,60.42191761903118,1,0,0.497799804018005,13.363636363636363,1140.0,110.0,2.2392344497607657,209.0,259.0,11.0,7.0,1.6363636363636365,0.2435897435897435,0.4786324786324786,1,19,2.909090909090909,19,0.1636363636363636,1.2000000000000004,0.9473684210526316,0.8571428571428571,4.254545454545455,1.0,98.0,-283.45856353591154,-44.22130476379275,357.54143646408846,False,True,324.4198895027625,293.7071823204421,55.77869523620724,39.36357142857144,1,641.0,28.974535636720642,0,0,0,11,2,10532,0.957454545454546,11,1,1,55.0,0,0.0,0.5789473684210527,0.0425454545454545,1069.3950000000002,997.8808577757477,29.5,0.6836308393467527,10,1554.0
Lags 2,0.918454545454546,2025-3,20,29.339272689854475,29.8208333333333,30.4880952380952,0.04004560547368505,32.8,0.18082706766917217,-0.07526315789473767,4.540000000000001,29.837624743477896,28.01602452897996,22.0,25.0,19.0,6.422916666666701,6.422916666666701,0.734555367488307,0,18,80.72092651486366,-0.6424857432551091,14.555000000000001,89.1,-0.1563157894736862,61.5,-1.435488721804513,19,1,1,20.6458333333333,20.6458333333333,5.987371517728571,0,0,0,0,0.95,0.0,60.0,70.0,60.0,770.0351744462401,71.29955318946668,1.0727527059878044,1.0745861230698193,1.076113970638165,19,1,60.26509852919207,-489.9648255537599,-48.70044681053332,61.11390273382858,59.416294324555565,1,0,0.4859197976215965,14.727272727272728,1260.0,120.0,2.1863636363636365,220.0,261.0,11.0,2.0,1.181818181818182,0.237006237006237,0.4656964656964657,1,20,2.909090909090909,20,0.1181818181818182,0.7222222222222224,0.8666666666666671,0.6842105263157896,4.372727272727273,1.0,98.0,-306.13259668508283,-43.85853820703192,391.8674033149172,False,True,357.54143646408846,324.4198895027625,56.14146179296807,39.36357142857144,1,698.0,28.92661008133361,0,0,0,12,2,10519,0.956272727272727,12,1,1,57.0,0,0.0,0.6,0.0437272727272727,1069.3950000000002,1004.370751476199,29.5,0.6844757106188801,10,1554.0
Lags 2,0.918454545454546,2025-3,21,29.25803748240109,28.4229166666667,29.8208333333333,0.012429784512713224,31.4,0.14961038961038978,-0.09181818181818198,4.614285714285716,29.837624743477896,27.352268600438254,22.0,25.0,19.0,5.633333333333301,5.633333333333301,0.806954364286164,0,18,80.98570382367969,-0.4826620576795888,14.742857142857144,90.5,-0.08103896103896223,72.0,-1.2370129870129878,20,1,1,26.28125,26.28125,5.960573319344611,0,0,0,0,0.9523809523809523,0.0,60.0,70.0,60.0,842.6163953156241,71.40816909454442,1.001523374274017,1.0743869098624883,1.0762231199249197,20,1,60.28298332981467,-537.3836046843759,-48.59183090545558,61.05915908084233,59.50680757878701,1,0,0.4762145052446794,16.09090909090909,1380.0,120.0,2.1515151515151514,231.0,266.0,11.0,5.0,1.4545454545454546,0.2293762575452716,0.4507042253521127,1,21,2.909090909090909,21,0.1454545454545454,1.2307692307692302,0.8888888888888886,1.0666666666666669,4.5181818181818185,1.0,98.0,-329.99999999999994,-43.53562005277044,428.00000000000006,False,False,391.8674033149172,357.54143646408846,56.46437994722956,31.14285714285714,1,758.0,28.851641439386214,0,0,0,13,2,10503,0.954818181818182,13,1,1,60.0,0,0.0,0.6190476190476191,0.0451818181818181,864.0,1010.1477572559369,29.5,0.6855184233076264,10,1554.0
Tags 1,0.946375791695989,2025-3,1,28.15472074468085,28.15472074468085,28.15472074468085,0.0,32.6,0.0,0.0,7.100000000000001,27.67854880516591,27.67854880516591,30.0,32.0,28.0,1.8452792553191488,-1.8452792553191488,0.0,1,0,77.42010416666665,0.0,22.5,86.8,0.0,64.3,0.0,1,1,1,17.420104166666647,17.420104166666647,0.0,0,0,0,0,1.0,0.0,60.0,70.0,60.0,14.10039481105471,14.10039481105471,3.0,3.0,3.0,0,0,141.00394811054707,4.100394811054709,4.100394811054709,141.00394811054707,141.00394811054707,1,1,0.0,0.2814919071076706,10.0,10.0,1.829697396199859,7.105,5.895,7.105,5.895,1.829697396199859,2.923076923076923,6.384615384615385,0,1,0.829697396199859,1,0.1829697396199859,3.0,3.0,3.0,0.1829697396199859,1.0,106.75,0.0,0.0,64.0,True,False,669.9717991631799,637.6489644351465,100.0,39.36357142857144,0,64.0,27.67854880516591,0,0,0,0,0,7092,0.9981703026038,0,0,0,11.0,1,0.0,0.0,0.0018296973961998,1069.3950000000002,1789.0,29.0,1.015228426395939,0,1477.24
Tags 1,0.946375791695989,2025-3,2,28.15472074468085,28.15472074468085,28.15472074468085,-6.783381100595097e-15,32.6,-6.772789795300852e-15,-4.066460168369259e-15,7.100000000000001,27.67854880516591,27.67854880516591,30.0,32.0,28.0,1.8452792553191488,-1.8452792553191488,0.0,1,0,77.42010416666665,-1.1658284442341368e-14,22.5,86.8,-1.7209744916952118e-14,64.3,-2.2316770830227838e-14,2,1,1,17.420104166666647,17.420104166666647,0.0,0,0,0,0,1.0,0.0,60.0,70.0,60.0,28.244598220590312,14.122299110295156,1.0015534529021324,3.0,3.0,1,1,82.3800781433884,-1.755401779409688,-5.877700889704844,94.14866073530104,70.61149555147578,1,0,1.4131151052917432,0.5629838142153413,30.0,20.0,1.6889514426460237,14.21,9.79,7.105,3.895,1.5482054890921886,1.5833333333333333,3.458333333333333,0,2,0.829697396199859,2,0.1548205489092188,0.846153846153846,3.0,3.0,0.3377902885292048,1.0,106.75,0.0,0.0,77.0,True,False,64.0,637.6489644351465,100.0,39.36357142857144,0,77.0,27.67854880516591,0,0,0,0,0,7081,0.996622097114708,0,0,0,13.0,1,0.0,0.0,0.003377902885292,1069.3950000000002,1789.0,29.0,1.0168055359412511,0,1477.24
Tags 1,0.946375791695989,2025-3,3,28.154720744680855,28.15472074468085,28.15472074468085,-1.2895420286198467e-15,32.6,2.30148056710964e-15,2.3936246954295856e-15,7.100000000000001,27.67854880516591,27.67854880516591,30.0,32.0,28.0,1.8452792553191488,-1.8452792553191488,4.351167857633658e-15,1,0,77.42010416666665,1.136476922109094e-14,22.5,86.8,1.802190973325158e-15,64.3,-3.3130325148630877e-15,3,1,1,17.420104166666647,17.420104166666647,0.0,0,0,0,0,1.0,0.0,60.0,70.0,60.0,42.450827791141926,14.150275930380642,1.0019810386302532,1.0035375689825952,3.0,2,1,77.82651761709353,-7.549172208858074,-5.8497240696193575,84.90165558228385,70.7513796519032,1,0,1.1536802383697997,0.844475721323012,50.0,20.0,1.7827820783485808,21.315,16.685,7.105,6.895,1.9704433497536944,1.0,2.1842105263157894,0,3,0.9704433497536944,3,0.1970443349753694,1.2727272727272727,1.0769230769230769,3.0,0.5348346235045742,1.0,106.75,0.0,0.0,91.0,True,False,77.0,64.0,100.0,39.36357142857144,0,91.0,27.678548805165907,0,0,0,0,0,7067,0.994651653764954,0,0,0,14.0,1,0.0,0.0,0.0053483462350457,1069.3950000000002,1789.0,29.0,1.0188198669874062,0,1477.24
Tags 1,0.946375791695989,2025-3,4,28.15472074468085,28.15472074468085,28.15472074468085,-4.860576503336004e-15,32.6,-2.22671580167811e-15,-3.4693771706650844e-15,7.100000000000001,27.67854880516591,27.67854880516591,30.0,32.0,28.0,1.8452792553191488,-1.8452792553191488,0.0,1,0,77.42010416666665,-1.0656246691081632e-14,22.5,86.8,-1.1688067064152732e-14,64.3,-8.691606854378891e-15,4,1,1,17.420104166666647,17.420104166666647,0.0,0,0,0,0,1.0,0.0,60.0,70.0,60.0,63.784549964564135,21.261516654854717,1.5025513819985823,1.5055279943302622,1.5078667611622962,3,1,85.04606661941885,-11.215450035435865,-3.738483345145287,85.04606661941885,85.04606661941885,1,0,0.9455946326519961,1.266713581984518,75.0,25.0,1.7593244194229416,28.42,21.58,7.105,4.895,1.688951442646024,0.76,1.66,0,4,0.9704433497536944,4,0.1688951442646024,0.8571428571428573,1.0909090909090913,0.9230769230769232,0.7037297677691766,1.0,106.75,0.0,0.0,107.0,True,False,91.0,77.0,100.0,39.36357142857144,0,107.0,27.67854880516591,0,0,0,0,0,7055,0.992962702322308,0,0,0,16.0,1,0.0,0.0,0.0070372976776917,1069.3950000000002,1789.0,29.0,1.020552799433026,0,1477.24
Tags 1,0.946375791695989,2025-3,5,28.15472074468085,28.15472074468085,28.15472074468085,-3.371434273386755e-15,32.6,-3.764398267022435e-15,-4.80122207299609e-16,7.100000000000001,27.67854880516591,27.67854880516591,28.0,30.0,26.0,0.1547207446808514,0.1547207446808514,0.0,1,0,77.42010416666665,-4.822292063407377e-15,22.5,86.8,-3.627382670784715e-15,64.3,-3.145486211302101e-15,5,1,1,17.420104166666647,17.420104166666647,0.0,0,0,0,0,1.0,0.0,60.0,70.0,60.0,85.16678495386799,21.291696238467,1.001419446415898,1.5046841731724627,1.507665010645848,4,1,85.16678495386799,-14.833215046132011,-3.708303761533003,85.16678495386799,85.16678495386799,1,0,0.8653105884875123,1.688951442646024,100.0,25.0,1.6889514426460237,35.525000000000006,24.474999999999998,7.105,2.895,1.4074595355383532,0.6333333333333333,1.3833333333333333,1,5,0.9704433497536944,5,0.1407459535538353,0.8333333333333331,0.7142857142857143,0.9090909090909092,0.844475721323012,1.0,106.75,0.0,0.0,125.0,True,False,107.0,91.0,100.0,39.36357142857144,0,125.0,27.67854880516591,0,0,0,0,0,7045,0.99155524278677,0,0,0,18.0,1,0.0,0.0,0.0084447572132301,1069.3950000000002,1789.0,29.0,1.022001419446416,0,1477.24
Tags 1,0.946375791695989,2025-3,6,28.154720744680848,28.15472074468085,28.15472074468085,-1.3488542533772615e-15,32.6,-3.003278291787231e-16,-6.929659921216828e-16,7.100000000000001,27.67854880516591,27.67854880516591,28.0,30.0,26.0,0.1547207446808514,0.1547207446808514,3.891802844472395e-15,1,0,77.42010416666665,-3.2804718226432046e-15,22.5,86.8,-5.226196707538049e-15,64.3,-1.2637676618891283e-15,6,1,1,17.420104166666647,17.420104166666647,0.0,0,0,0,0,1.0,0.0,60.0,70.0,60.0,106.59465605457646,21.31893121091529,1.001279135872655,1.0027003979533826,1.5066088686753836,5,1,69.93511825802901,-28.40534394542354,-13.681068789084708,78.95900448487146,60.91123203118654,1,0,0.8004458723322179,2.1111893033075297,135.0,35.0,1.6185784658691063,42.63000000000001,26.369999999999997,7.105,1.895,1.266713581984518,0.5507246376811594,1.2028985507246377,1,6,0.9704433497536944,6,0.1266713581984518,0.9000000000000002,0.75,0.642857142857143,0.9711470795214636,1.0,106.75,0.0,0.0,145.0,True,False,125.0,107.0,100.0,39.36357142857144,0,145.0,27.678548805165914,0,0,0,0,0,7036,0.990288529204785,0,0,0,20.0,1,0.0,0.0,0.0097114707952146,1069.3950000000002,1789.0,29.0,1.023308698123934,0,1477.24
Tags 1,0.946375791695989,2025-3,7,28.154720744680848,28.15472074468085,28.15472074468085,-3.895921039444663e-16,32.6,1.656277457553702e-15,1.2138620989631208e-15,7.100000000000001,27.67854880516591,27.67854880516591,28.0,30.0,26.0,0.1547207446808514,0.1547207446808514,3.837369354665453e-15,1,0,77.42010416666665,2.54453727244602e-15,22.5,86.8,2.9813600726655495e-15,64.3,-1.585001016368459e-15,7,1,1,17.420104166666647,17.420104166666647,0.0,0,0,0,0,1.0,0.0,60.0,70.0,60.0,135.28909142694388,28.48191398461977,1.3359916453052312,1.3377005601443084,1.3395993544099496,6,1,80.4793577926756,-34.71090857305612,-6.518086015380234,79.58181848643758,81.37689709891362,1,0,0.7313629936557371,2.674173117522871,170.0,35.0,1.6688448778526188,49.735000000000014,33.265,7.105,6.895,1.9704433497536944,0.4578313253012048,1.0,1,7,0.9704433497536944,7,0.1970443349753694,1.5555555555555551,1.4,1.1666666666666663,1.1681914144968333,1.0,127.0,-40.0,-23.952095808383238,127.0,False,False,145.0,125.0,76.04790419161677,39.36357142857144,0,167.0,27.678548805165914,0,0,0,0,0,7022,0.988318085855032,0,0,0,22.0,1,0.0,0.0,0.0116819141449683,1069.3950000000002,1360.497005988024,29.0,1.0253489034463117,0,1477.24
Tags 1,0.946375791695989,2025-3,8,28.15472074468085,28.15472074468085,28.15472074468085,2.560235073882277e-15,32.6,2.821334018596945e-15,1.5927353798953544e-15,7.100000000000001,27.67854880516591,27.67854880516591,28.0,30.0,26.0,0.1547207446808514,0.1547207446808514,0.0,1,0,77.42010416666665,6.1910039907492395e-15,22.5,86.8,3.730138838203249e-15,64.3,1.0375528248368055e-15,8,1,1,22.420104166666647,22.420104166666647,0.0,0,0,0,0,1.0,0.0,55.0,65.0,55.0,164.0279560690344,28.52660105548424,1.0015689630580515,1.3380877668425808,1.3397993629059095,7,1,65.80568198026478,-55.97204393096561,-21.47339894451576,74.55816184956109,57.053202110968485,1,0,0.6920725291889195,3.2371569317382125,220.0,50.0,1.653764954257565,56.84,37.16,7.105,3.895,1.5482054890921886,0.4042553191489361,0.8829787234042553,1,8,0.9704433497536944,8,0.1548205489092188,0.7857142857142857,1.222222222222222,1.1,1.3230119634060522,1.0,127.0,-48.56113537117904,-25.29225800582241,143.43886462882097,False,True,127.0,145.0,74.7077419941776,39.36357142857144,0,192.0,27.67854880516591,0,0,0,0,0,7011,0.98676988036594,0,0,0,25.0,1,0.0,0.0,0.0132301196340605,1069.3950000000002,1336.521504275837,29.0,1.0269576379974326,0,1477.24
Tags 1,0.946375791695989,2025-3,9,28.15472074468085,28.15472074468085,28.15472074468085,1.0383261863092424e-15,32.6,1.926709849426818e-15,5.833989137158367e-16,7.100000000000001,27.67854880516591,27.67854880516591,25.0,28.0,23.0,3.1547207446808514,3.1547207446808514,0.0,0,0,77.42010416666665,2.9175697731988434e-15,22.5,86.8,-6.967445516541836e-16,64.3,2.4487606206954734e-15,9,1,1,22.420104166666647,22.420104166666647,0.0,0,0,0,0,1.0,0.0,55.0,65.0,55.0,192.77452520348425,28.5591889190347,1.0011423675567614,1.0027131229473083,1.339616354895521,8,1,64.25817506782808,-77.22547479651578,-21.4408110809653,71.39797229758675,57.1183778380694,1,0,0.6580798417029504,3.8001407459535534,270.0,50.0,1.595120806943467,63.94500000000001,38.05499999999999,7.105,0.8949999999999996,1.1259676284306823,0.3725490196078431,0.8137254901960784,1,9,0.9704433497536944,9,0.1125967628430682,0.7272727272727271,0.5714285714285713,0.8888888888888884,1.4356087262491204,1.0,127.0,-58.14960698689956,-26.431639539499795,161.85039301310044,False,True,143.43886462882097,127.0,73.5683604605002,39.36357142857144,0,220.0,27.67854880516591,0,0,0,1,0,7003,0.985643912737509,1,1,1,28.0,1,0.0,0.1111111111111111,0.0143560872624912,1069.3950000000002,1316.1379686383486,29.0,1.0281308010852492,0,1477.24
Tags 1,0.946375791695989,2025-3,10,28.15472074468085,28.15472074468085,28.15472074468085,1.0489235393749254e-15,32.6,4.151382088140757e-16,-1.8871550300651993e-16,7.100000000000001,27.67854880516591,27.67854880516591,25.0,28.0,23.0,3.1547207446808514,3.1547207446808514,0.0,0,0,77.42010416666665,5.929324924733543e-15,22.5,86.8,3.621045517473897e-15,64.3,2.5895147748354023e-15,10,1,1,22.420104166666647,22.420104166666647,0.0,0,0,0,0,1.0,0.0,55.0,65.0,55.0,228.66942975560957,35.72959839931399,1.2510718879519795,1.252501071887952,1.2544661997999142,9,1,64.42154862906614,-101.33057024439046,-24.270401600686007,69.29376659260895,59.54933066552333,1,0,0.620787326242878,4.50387051372273,330.0,60.0,1.5200562983814214,71.05000000000001,36.94999999999999,7.105,-1.1050000000000004,0.844475721323012,0.3518518518518518,0.7685185185185185,1,9,0.9704433497536944,9,0.0844475721323012,0.7500000000000004,0.5454545454545456,0.4285714285714286,1.5200562983814214,0.9,127.0,-68.08052401746727,-27.341575910629423,180.91947598253276,False,True,161.85039301310044,143.43886462882097,72.65842408937058,39.36357142857144,0,249.0,27.67854880516591,0,0,0,2,0,6997,0.984799437016186,2,1,1,29.0,1,0.0,0.2,0.0152005629838142,1069.3950000000002,1299.8592069588399,29.0,1.0290124339002429,0,1477.24
Tags 1,0.946375791695989,2025-3,11,28.154720744680848,28.15472074468085,28.15472074468085,1.302138512516356e-15,32.6,9.227997508175206e-16,9.90452133024727e-16,7.100000000000002,27.67854880516591,27.67854880516591,25.0,28.0,23.0,3.1547207446808514,3.1547207446808514,3.7261175413410954e-15,0,0,77.42010416666665,1.130364682040006e-15,22.5,86.8,-4.780300776693633e-15,64.3,2.5869885263541635e-15,11,1,1,22.420104166666647,22.420104166666647,0.0,0,0,0,0,1.0,0.0,55.0,65.0,55.0,264.73955352032056,35.775615340583855,1.0012879221522608,1.2526831711505435,1.254114195764167,10,1,63.75398118386099,-125.26044647967944,-24.224384659416145,67.8819368000822,59.626025567639765,1,0,0.5962340579517559,5.2076002814919065,390.0,60.0,1.4970251423453391,78.15500000000002,38.84499999999999,7.105,1.895,1.266713581984518,0.3247863247863248,0.7094017094017094,1,10,0.9704433497536944,9,0.1266713581984518,1.5,1.1250000000000009,0.8181818181818185,1.6467276565798734,0.9090909090909091,127.0,-79.3812227074236,-28.149369754405534,202.6187772925764,False,True,180.91947598253276,161.85039301310044,71.85063024559447,39.36357142857144,0,282.0,27.678548805165914,0,0,0,3,0,6988,0.983532723434201,3,1,1,33.0,1,0.0,0.2727272727272727,0.0164672765657987,1069.3950000000002,1285.4077750936851,29.0,1.0303377218088152,0,1477.24
Tags 1,0.946375791695989,2025-3,12,28.154720744680848,28.15472074468085,28.15472074468085,1.3229991297389886e-15,32.6,1.2743436555537021e-15,6.067178005271581e-16,7.100000000000001,27.67854880516591,27.67854880516591,25.0,28.0,23.0,3.1547207446808514,3.1547207446808514,3.710688416924011e-15,0,0,77.42010416666665,-2.675605527985585e-16,22.5,86.8,5.750770099106333e-16,64.3,2.500081457902131e-15,12,1,1,22.420104166666647,22.420104166666647,0.0,0,0,0,0,1.0,0.0,55.0,65.0,55.0,307.97879959891134,42.97378599054576,1.2012032660077354,1.2027503223033948,1.50472711645896,11,1,64.17151789996093,-152.02120040108866,-27.02621400945424,66.95191295628507,61.3911228436368,1,0,0.5689628256982712,6.052076002814919,460.0,70.0,1.4543748533896315,85.26000000000002,38.739999999999995,7.105,-0.1050000000000004,0.9852216748768472,0.3064516129032258,0.6693548387096774,1,10,0.9704433497536944,9,0.0985221674876847,0.7777777777777776,1.1666666666666663,0.8750000000000002,1.745249824067558,0.8333333333333334,127.0,-91.36681222707426,-28.82233824197926,225.6331877729257,False,True,202.6187772925764,180.91947598253276,71.17766175802073,39.36357142857144,0,317.0,27.678548805165914,0,0,0,4,0,6981,0.982547501759324,4,1,1,35.0,1,0.0,0.3333333333333333,0.0174524982406755,1069.3950000000002,1273.368368850991,29.0,1.0313708637730985,0,1477.24
Tags 1,0.946375791695989,2025-3,13,28.154720744680848,28.15472074468085,28.15472074468085,1.3814364750221513e-15,32.6,8.805487397987455e-16,6.915014398866306e-16,7.1000000000000005,27.67854880516591,27.67854880516591,25.0,28.0,23.0,3.1547207446808514,3.1547207446808514,3.697781635498623e-15,0,0,77.42010416666665,4.691331236161485e-16,22.5,86.8,1.1752006107247913e-15,64.3,3.7511504141718706e-16,13,1,1,22.420104166666647,22.420104166666647,0.0,0,0,0,0,1.0,0.0,55.0,65.0,55.0,358.3715596330275,50.17201834862385,1.1675028669724772,1.402408256880734,1.4042144495412845,12,1,64.54006328576283,-181.62844036697248,-29.82798165137615,66.36510363574584,62.71502293577982,1,0,0.5455570384480736,7.0372976776917655,540.0,80.0,1.3966329237265194,92.36500000000002,36.63499999999999,7.105,-2.1050000000000004,0.7037297677691766,0.2945736434108527,0.6434108527131783,1,10,0.9704433497536944,9,0.0703729767769176,0.7142857142857139,0.5555555555555551,0.8333333333333326,1.815622800844476,0.7692307692307693,127.0,-104.37973799126638,-29.40274309613137,250.6202620087336,False,True,225.6331877729257,202.6187772925764,70.59725690386863,39.36357142857144,0,355.0,27.678548805165914,0,0,0,5,0,6976,0.981843771991555,5,1,1,38.0,1,0.0,0.38461538461538464,0.0181562280084447,1069.3950000000002,1262.9849260102094,29.0,1.0321100917431192,0,1477.24
Tags 1,0.946375791695989,2025-3,14,28.154720744680848,28.15472074468085,28.15472074468085,-1.1784087075527521e-15,32.6,-2.0809458693257514e-16,-5.592533086358858e-16,7.1000000000000005,27.67854880516591,27.67854880516591,25.0,28.0,23.0,3.1547207446808514,3.1547207446808514,3.6868252213847854e-15,0,0,77.42010416666665,-1.1536256484809611e-15,22.5,86.8,-3.163651978215829e-15,64.3,-3.2683870908612468e-15,14,1,1,22.420104166666647,22.420104166666647,0.0,0,0,0,0,1.0,0.0,55.0,65.0,55.0,408.95393887214806,50.2224135457024,1.001004448270914,1.1686755632084949,1.4038169034294734,13,1,60.3580026739734,-221.04606112785197,-39.777586454297605,64.91332363049969,55.8026817174471,1,0,0.5289464602587479,8.022519352568613,630.0,90.0,1.3672464059515428,99.47000000000003,36.529999999999994,7.105,-0.1050000000000004,0.9852216748768472,0.2794117647058823,0.6102941176470589,1,10,0.9704433497536944,9,0.0985221674876847,1.4000000000000008,1.0,0.7777777777777776,1.9141449683321603,0.7142857142857143,127.0,-118.42000000000002,-29.90404040404041,277.58,False,False,250.6202620087336,225.6331877729257,70.09595959595958,39.36357142857144,0,396.0,27.678548805165914,0,0,0,6,0,6969,0.980858550316678,6,1,1,41.0,1,0.0,0.42857142857142855,0.0191414496833216,1069.3950000000002,1254.0167171717171,29.0,1.0331467929401636,0,1477.24
Tags 1,0.946375791695989,2025-3,15,28.154720744680848,28.15472074468085,28.15472074468085,6.749739647783442e-16,32.6,1.0081494731066054e-15,1.8703946384252295e-17,7.1,27.67854880516591,27.67854880516591,25.0,28.0,23.0,3.1547207446808514,3.1547207446808514,3.677408027917051e-15,0,0,77.42010416666666,1.5900097704633351e-15,22.5,86.8,5.515100672047428e-16,64.3,2.6097092304976443e-15,15,1,1,27.420104166666647,27.420104166666647,1.4709632111668204e-14,0,0,0,0,1.0,0.0,50.0,60.0,50.0,459.7701149425287,50.28735632183908,1.001293103448276,1.0022988505747126,1.170186781609195,14,1,59.86590038314176,-260.2298850574713,-39.71264367816092,63.85696040868455,55.87484035759898,1,0,0.5136649143838499,9.00774102744546,720.0,90.0,1.3605442176870746,106.57500000000003,38.425,7.105,1.895,1.266713581984518,0.2620689655172414,0.5724137931034483,1,11,0.9704433497536944,9,0.1266713581984518,1.285714285714286,1.8000000000000016,1.285714285714286,2.0408163265306123,0.7333333333333333,127.0,-122.82334254143647,-27.977982355680293,316.1766574585635,False,True,277.58,250.6202620087336,72.0220176443197,39.36357142857144,0,439.0,27.678548805165914,0,0,0,7,0,6960,0.979591836734694,7,1,1,43.0,1,0.0,0.4666666666666667,0.0204081632653061,1069.3950000000002,1288.4738956568794,29.0,1.0344827586206895,0,1477.24
Tags 1,0.946375791695989,2025-3,16,28.15472074468085,28.15472074468085,28.15472074468085,1.5813273989799056e-16,32.6,1.5717935348164534e-16,3.228517626001621e-16,7.100000000000001,27.67854880516591,27.67854880516591,22.0,25.0,19.0,6.154720744680851,6.154720744680851,0.0,0,0,77.42010416666665,1.871900716300118e-15,22.5,86.8,2.0567295693817746e-16,64.3,9.139689238489229e-16,16,1,1,27.420104166666647,27.420104166666647,0.0,0,0,0,0,1.0,0.0,50.0,60.0,50.0,517.6876617773943,57.52085130859937,1.1438432145938615,1.14532232219894,1.146472739225112,15,1,60.32674649438469,-302.3123382226057,-42.47914869140063,63.13264168017003,57.52085130859936,1,0,0.4967298690477419,10.133708655876143,820.0,100.0,1.328289936664321,113.68,37.31999999999999,7.105,-1.1050000000000004,0.844475721323012,0.2516556291390728,0.5496688741721855,1,11,0.9704433497536944,9,0.0844475721323012,0.6666666666666666,0.8571428571428573,1.200000000000001,2.1252638986629133,0.6875,127.0,-127.63629834254148,-26.26261282768343,358.36370165745853,False,True,316.1766574585635,277.58,73.73738717231657,39.36357142857144,0,486.0,27.67854880516591,0,0,0,8,0,6954,0.978747361013371,8,1,1,47.0,1,0.0,0.5,0.0212526389866291,1069.3950000000002,1319.1618565127435,29.0,1.035375323554789,0,1477.24
Tags 1,0.946375791695989,2025-3,17,28.15472074468085,28.15472074468085,28.15472074468085,2.2001058081580336e-16,32.6,1.186892062423421e-15,4.864884510362301e-16,7.100000000000001,27.67854880516591,27.67854880516591,22.0,25.0,19.0,6.154720744680851,6.154720744680851,0.0,0,0,77.42010416666665,6.022236032311191e-16,22.5,86.8,1.263118031787766e-15,64.3,8.71767300245397e-16,17,1,1,27.420104166666647,27.420104166666647,0.0,0,0,0,0,1.0,0.0,50.0,60.0,50.0,583.0693924560899,64.78548805067665,1.1262957097610136,1.288305705236313,1.2899716177861873,16,1,64.08129796316929,-336.9306075439101,-35.21451194932335,63.37710787566194,64.78548805067665,1,0,0.48156316529540505,11.400422237860662,920.0,100.0,1.3163886244152836,120.78500000000001,38.21499999999999,7.105,0.8949999999999996,1.1259676284306823,0.2389937106918239,0.5220125786163522,1,12,0.9704433497536944,9,0.1125967628430682,1.3333333333333326,0.8888888888888884,1.1428571428571426,2.237860661505982,0.7058823529411765,127.0,-132.65406077348064,-24.79515154644498,402.34593922651936,False,True,358.36370165745853,316.1766574585635,75.20484845355502,39.36357142857144,0,535.0,27.67854880516591,0,0,0,9,0,6946,0.97762139338494,9,1,1,49.0,1,0.0,0.5294117647058824,0.0223786066150598,1069.3950000000002,1345.4147388340991,29.0,1.0365678088108263,0,1477.24
Tags 1,0.946375791695989,2025-3,18,28.15472074468085,28.15472074468085,28.15472074468085,-1.7647952568228598e-17,32.6,1.1070840286678213e-15,3.542439194105686e-17,7.1000000000000005,27.67854880516591,27.67854880516591,22.0,25.0,19.0,6.154720744680851,6.154720744680851,0.0,0,0,77.42010416666663,1.702138358297548e-15,22.5,86.8,-1.7252547885169917e-16,64.3,1.752434374497493e-15,18,1,1,27.420104166666647,27.420104166666647,1.4622848863937366e-14,0,0,0,0,1.0,0.0,50.0,60.0,50.0,662.919729067589,79.26214151895086,1.2234551888680725,1.3779723303069606,1.5761842999197089,17,1,68.20881551719071,-367.0802709324111,-30.737858481049145,64.36113874442611,72.05649228995532,1,0,0.4671855792614315,12.94862772695285,1030.0,110.0,1.297990460552037,127.89000000000001,38.10999999999999,7.105,-0.1050000000000004,0.9852216748768472,0.2289156626506024,0.5,1,12,0.9704433497536944,9,0.0985221674876847,0.8750000000000002,1.1666666666666663,0.7777777777777776,2.3363828289936666,0.6666666666666666,127.0,-137.87662983425412,-23.52843512529934,448.1233701657459,False,True,402.34593922651936,358.36370165745853,76.47156487470066,39.36357142857144,0,586.0,27.67854880516591,0,0,0,10,0,6939,0.976636171710063,10,1,1,51.0,1,0.0,0.5555555555555556,0.0233638282899366,1069.3950000000002,1368.0762956083947,29.0,1.0376134889753568,0,1477.24
Tags 1,0.946375791695989,2025-3,19,28.15472074468085,28.15472074468085,28.15472074468085,-5.782140136194443e-17,32.6,-1.7194294039342074e-16,-5.364148713100298e-16,7.1000000000000005,27.67854880516591,27.67854880516591,22.0,25.0,19.0,6.154720744680851,6.154720744680851,0.0,0,0,77.42010416666663,-1.4353930018144514e-15,22.5,86.8,-1.9829105871501126e-15,64.3,-1.3722342670087318e-15,19,1,1,27.420104166666647,27.420104166666647,1.460026530009149e-14,0,0,0,0,1.0,0.0,50.0,60.0,50.0,743.2529946601242,79.37653341030452,1.0014432096983692,1.2252208912621672,1.379961033338144,18,1,68.67905801449793,-396.74700533987584,-30.62346658969548,65.1976311105372,72.16048491845865,1,0,0.45678925042611385,14.496833216045038,1140.0,110.0,1.3037519908144748,134.995,41.004999999999995,7.105,2.895,1.4074595355383532,0.2159090909090909,0.4715909090909091,1,13,0.9704433497536944,9,0.1407459535538353,1.4285714285714286,1.2500000000000004,1.6666666666666663,2.477128782547502,0.6842105263157895,127.0,-143.50881215469616,-22.38827022694168,497.49118784530384,False,True,448.1233701657459,402.34593922651936,77.61172977305833,39.36357142857144,0,641.0,27.678548805165907,0,0,0,11,0,6929,0.975228712174525,11,1,1,55.0,1,0.0,0.5789473684210527,0.024771287825475,1069.3950000000002,1388.4738456400135,29.0,1.0391109828258045,0,1477.24
Tags 1,0.946375791695989,2025-3,20,28.15472074468085,28.15472074468085,28.15472074468085,-5.442263828874997e-16,32.6,-9.691266599549078e-16,-5.813148627227794e-16,7.1,27.67854880516591,27.67854880516591,22.0,25.0,19.0,6.154720744680851,6.154720744680851,0.0,0,0,77.42010416666662,-4.466182372025889e-16,22.5,86.8,-2.1388666837618357e-15,64.3,-2.5265903670384886e-15,20,1,1,27.420104166666647,27.420104166666647,2.9160058604848984e-14,0,0,0,0,1.0,0.0,50.0,60.0,50.0,830.804796994654,86.69267446900737,1.092170075265004,1.0937463057098948,1.338149593026056,19,1,69.09039202060441,-429.195203005346,-33.30732553099263,65.93688865036937,72.24389539083947,1,0,0.4453693124785867,16.185784658691063,1260.0,120.0,1.2948627726952853,142.1,41.89999999999999,7.105,0.8949999999999996,1.1259676284306823,0.2065217391304347,0.4510869565217391,1,14,0.9704433497536944,9,0.1125967628430682,0.7999999999999998,1.1428571428571426,1.0,2.5897255453905696,0.7,127.0,-149.34580110497245,-21.39624657664362,548.6541988950275,False,True,497.49118784530384,448.1233701657459,78.60375342335638,39.36357142857144,0,698.0,27.678548805165907,0,0,0,12,0,6921,0.974102744546094,12,1,1,57.0,1,0.0,0.6,0.0258972554539057,1069.3950000000002,1406.2211487438458,29.0,1.0403120936280883,0,1477.24
Tags 1,0.946375791695989,2025-3,21,28.15472074468085,28.15472074468085,28.15472074468085,3.699089913415334e-16,32.6,4.710350753166894e-16,9.018783009343824e-18,7.1,27.67854880516591,27.67854880516591,22.0,25.0,19.0,6.154720744680851,6.154720744680851,0.0,0,0,77.42010416666662,-2.761629654335141e-16,22.5,86.8,5.702983905072954e-16,64.3,2.8944045821345144e-17,21,1,1,27.420104166666647,27.420104166666647,2.912358572177595e-14,0,0,0,0,1.0,0.0,50.0,60.0,50.0,918.958031837916,86.83068017366136,1.0015918958031838,1.093908696224181,1.095487435863702,20,1,69.47503093605152,-461.0419681620839,-33.16931982633864,66.59116172738523,72.35890014471781,1,0,0.4363094645337342,17.874736101337085,1380.0,120.0,1.3069267115713283,149.20499999999998,45.794999999999995,7.105,3.895,1.5482054890921886,0.1948717948717948,0.4256410256410256,1,15,0.9704433497536944,9,0.1548205489092188,1.3750000000000002,1.1,1.5714285714285714,2.744546094299789,0.7142857142857143,127.0,-155.49,-20.513192612137203,602.51,False,False,548.6541988950275,497.49118784530384,79.4868073878628,46.41857142857143,0,758.0,27.678548805165903,0,0,0,13,0,6910,0.972554539057002,13,1,1,60.0,1,0.0,0.6190476190476191,0.0274454609429978,1252.37,1422.0189841688652,29.0,1.0419681620839365,0,1477.24
Tags 2,0.939177852348993,2025-3,1,28.15472074468085,28.15472074468085,28.15472074468085,0.0,32.6,0.0,0.0,7.100000000000001,27.67854880516591,27.67854880516591,30.0,32.0,28.0,1.8452792553191488,-1.8452792553191488,0.0,1,0,77.42010416666665,0.0,22.5,86.8,0.0,64.3,0.0,1,1,1,17.420104166666647,17.420104166666647,0.0,0,0,0,0,1.0,0.0,60.0,70.0,60.0,7.003782042302843,7.003782042302843,3.0,3.0,3.0,1,1,70.03782042302844,-2.996217957697157,-2.996217957697157,70.03782042302844,70.03782042302844,0,0,0.0,0.139821029082774,10.0,10.0,1.8176733780760623,7.152,5.848,7.152,5.848,1.8176733780760623,4.076923076923077,8.692307692307692,0,1,0.8176733780760626,1,0.1817673378076062,3.0,3.0,3.0,0.1817673378076062,1.0,106.75,0.0,0.0,64.0,True,False,669.9717991631799,637.6489644351465,100.0,39.36357142857144,0,64.0,27.67854880516591,0,0,0,0,0,7139,0.998182326621924,0,0,0,11.0,1,0.0,0.0,0.001817673378076,1069.3950000000002,1789.0,29.0,1.0085446140916094,0,1490.24
Tags 2,0.939177852348993,2025-3,2,28.15472074468085,28.15472074468085,28.15472074468085,-6.783381100595097e-15,32.6,-6.772789795300852e-15,-4.066460168369259e-15,7.100000000000001,27.67854880516591,27.67854880516591,30.0,32.0,28.0,1.8452792553191488,-1.8452792553191488,0.0,1,0,77.42010416666665,-1.1658284442341368e-14,22.5,86.8,-1.7209744916952118e-14,64.3,-2.2316770830227838e-14,2,1,1,17.420104166666647,17.420104166666647,0.0,0,0,0,0,1.0,0.0,60.0,70.0,60.0,21.055586749017404,14.03705783267827,2.0042111173498034,3.0,3.0,2,1,70.18528916339135,-8.944413250982596,-5.96294216732173,70.18528916339135,70.18528916339135,0,0,0.7041290715521292,0.4194630872483221,30.0,20.0,1.9574944071588365,14.304,13.696,7.152,7.848,2.097315436241611,1.8928571428571428,4.035714285714286,0,2,1.0973154362416109,2,0.209731543624161,1.1538461538461535,3.0,3.0,0.3914988814317673,1.0,106.75,0.0,0.0,77.0,True,False,64.0,637.6489644351465,100.0,39.36357142857144,0,77.0,27.67854880516591,0,0,0,0,0,7124,0.996085011185682,0,0,0,13.0,1,0.0,0.0,0.0039149888143176,1069.3950000000002,1789.0,29.0,1.0106681639528354,1,1490.24
Tags 2,0.939177852348993,2025-3,3,28.154720744680855,28.15472074468085,28.15472074468085,-1.2895420286198467e-15,32.6,2.30148056710964e-15,2.3936246954295856e-15,7.100000000000001,27.67854880516591,27.67854880516591,30.0,32.0,28.0,1.8452792553191488,-1.8452792553191488,4.351167857633658e-15,1,0,77.42010416666665,1.136476922109094e-14,22.5,86.8,1.802190973325158e-15,64.3,-3.3130325148630877e-15,3,1,1,17.420104166666647,17.420104166666647,0.0,0,0,0,0,1.0,0.0,60.0,70.0,60.0,42.25947316523454,21.12973658261727,1.5052824341456543,3.0,3.0,2,0,95.08381462177772,-7.740526834765461,1.1297365826172694,84.51894633046908,105.64868291308636,1,1,0.7609978023848134,0.8389261744966443,50.0,20.0,2.4701715137956746,21.456,31.543999999999997,7.152,17.848,3.495525727069351,1.0,2.1320754716981134,0,3,2.495525727069351,3,0.3495525727069351,1.6666666666666674,1.923076923076924,3.0,0.7410514541387024,1.0,106.75,0.0,0.0,91.0,True,False,77.0,64.0,100.0,39.36357142857144,0,91.0,27.678548805165907,0,0,0,0,1,7099,0.992589485458613,0,0,0,14.0,1,0.0,0.0,0.007410514541387,1069.3950000000002,1789.0,29.0,1.014227355965629,2,1490.24
Tags 2,0.939177852348993,2025-3,4,28.15472074468085,28.15472074468085,28.15472074468085,-4.860576503336004e-15,32.6,-2.22671580167811e-15,-3.4693771706650844e-15,7.100000000000001,27.67854880516591,27.67854880516591,30.0,32.0,28.0,1.8452792553191488,-1.8452792553191488,0.0,1,0,77.42010416666665,-1.0656246691081632e-14,22.5,86.8,-1.1688067064152732e-14,64.3,-8.691606854378891e-15,4,1,1,17.420104166666647,17.420104166666647,0.0,0,0,0,0,1.0,0.0,60.0,70.0,60.0,63.54137249364586,21.180457497881957,1.00240045184976,1.5088957921491104,3.0,3,1,84.72182999152781,-11.45862750635414,-3.819542502118047,84.72182999152781,84.72182999152781,1,0,0.8525268707302146,1.2583892617449663,75.0,25.0,2.4468680089485457,28.608,41.391999999999996,7.152,9.848,2.3769574944071588,0.7571428571428571,1.6142857142857143,0,4,2.495525727069351,4,0.2376957494407158,0.6799999999999998,1.1333333333333333,1.3076923076923077,0.9787472035794184,1.0,106.75,0.0,0.0,107.0,True,False,91.0,77.0,100.0,39.36357142857144,0,107.0,27.67854880516591,0,0,0,0,1,7082,0.990212527964206,0,0,0,16.0,1,0.0,0.0,0.0097874720357941,1069.3950000000002,1789.0,29.0,1.0166619598983335,3,1490.24
Tags 2,0.939177852348993,2025-3,5,28.15472074468085,28.15472074468085,28.15472074468085,-3.371434273386755e-15,32.6,-3.764398267022435e-15,-4.80122207299609e-16,7.100000000000001,27.67854880516591,27.67854880516591,28.0,30.0,26.0,0.1547207446808514,0.1547207446808514,0.0,1,0,77.42010416666665,-4.822292063407377e-15,22.5,86.8,-3.627382670784715e-15,64.3,-3.145486211302101e-15,5,1,1,17.420104166666647,17.420104166666647,0.0,0,0,0,0,1.0,0.0,60.0,70.0,60.0,84.88964346349745,21.22241086587436,1.0019807583474816,1.0043859649122806,1.5118845500848896,4,1,84.88964346349745,-15.11035653650255,-3.7775891341256376,84.88964346349745,84.88964346349745,1,0,0.8358075172947458,1.6778523489932886,100.0,25.0,2.348993288590604,35.76,48.239999999999995,7.152,6.848,1.9574944071588367,0.6309523809523809,1.3452380952380951,1,5,2.495525727069351,5,0.1957494407158836,0.8235294117647058,0.5599999999999998,0.9333333333333332,1.174496644295302,1.0,106.75,0.0,0.0,125.0,True,False,107.0,91.0,100.0,39.36357142857144,0,125.0,27.67854880516591,0,0,0,0,1,7068,0.988255033557047,0,0,0,18.0,1,0.0,0.0,0.011744966442953,1069.3950000000002,1789.0,29.0,1.0186757215619695,3,1490.24
Tags 2,0.939177852348993,2025-3,6,28.154720744680848,28.15472074468085,28.15472074468085,-1.3488542533772615e-15,32.6,-3.003278291787231e-16,-6.929659921216828e-16,7.100000000000001,27.67854880516591,27.67854880516591,28.0,30.0,26.0,0.1547207446808514,0.1547207446808514,3.891802844472395e-15,1,0,77.42010416666665,-3.2804718226432046e-15,22.5,86.8,-5.226196707538049e-15,64.3,-1.2637676618891283e-15,6,1,1,17.420104166666647,17.420104166666647,0.0,0,0,0,0,1.0,0.0,60.0,70.0,60.0,113.44299489506524,28.360748723766307,1.3363584798638684,1.3390054830780866,1.34221970126678,5,1,82.5312793548755,-21.55700510493477,-6.6392512762336935,84.03184807041869,81.0307106393323,1,0,0.7623884858280953,2.237136465324385,135.0,35.0,2.3303504847129006,42.912,57.087999999999994,7.152,8.847999999999999,2.237136465324385,0.53,1.13,1,6,2.495525727069351,6,0.2237136465324384,1.1428571428571428,0.9411764705882352,0.6399999999999997,1.3982102908277405,1.0,106.75,0.0,0.0,145.0,True,False,125.0,107.0,100.0,39.36357142857144,0,145.0,27.678548805165914,0,0,0,0,1,7052,0.986017897091723,0,0,0,20.0,1,0.0,0.0,0.0139821029082774,1069.3950000000002,1789.0,29.0,1.0209869540555871,4,1490.24
Tags 2,0.939177852348993,2025-3,7,28.154720744680848,28.15472074468085,28.15472074468085,-3.895921039444663e-16,32.6,1.656277457553702e-15,1.2138620989631208e-15,7.100000000000001,27.67854880516591,27.67854880516591,28.0,30.0,26.0,0.1547207446808514,0.1547207446808514,3.837369354665453e-15,1,0,77.42010416666665,2.54453727244602e-15,22.5,86.8,2.9813600726655495e-15,64.3,-1.585001016368459e-15,7,1,1,17.420104166666647,17.420104166666647,0.0,0,0,0,0,1.0,0.0,60.0,70.0,60.0,142.06563432305725,28.41312686461145,1.0018468532461997,1.3388265378604916,1.3414784297011886,6,1,82.37419133017605,-27.934365676942747,-6.586873135388551,83.56802019003368,81.18036247031843,1,0,0.736784874469761,2.796420581655481,170.0,35.0,2.2571108980504953,50.064,62.93599999999999,7.152,5.848,1.8176733780760623,0.4690265486725664,1.0,1,7,2.495525727069351,7,0.1817673378076062,0.8125000000000001,0.9285714285714286,0.7647058823529411,1.5799776286353466,1.0,126.0,-41.0,-24.55089820359281,126.0,False,False,145.0,125.0,75.44910179640718,39.36357142857144,0,167.0,27.678548805165914,0,0,0,0,1,7039,0.984200223713646,0,0,0,22.0,1,0.0,0.0,0.0157997762863534,1069.3950000000002,1349.7844311377246,29.0,1.0228725671260122,4,1490.24
Tags 2,0.939177852348993,2025-3,8,28.15472074468085,28.15472074468085,28.15472074468085,2.560235073882277e-15,32.6,2.821334018596945e-15,1.5927353798953544e-15,7.100000000000001,27.67854880516591,27.67854880516591,28.0,30.0,26.0,0.1547207446808514,0.1547207446808514,0.0,1,0,77.42010416666665,6.1910039907492395e-15,22.5,86.8,3.730138838203249e-15,64.3,1.0375528248368055e-15,8,1,1,22.420104166666647,22.420104166666647,0.0,0,0,0,0,1.0,0.0,55.0,65.0,55.0,170.74558907228229,28.45759817871372,1.0015651678998294,1.0034149117814457,1.3409220261809904,7,1,67.2634138769597,-49.254410927717714,-21.542401821286283,77.61163139649196,56.91519635742743,1,0,0.7091826435399157,3.355704697986577,220.0,50.0,2.1672259507829974,57.216,66.78399999999999,7.152,3.848,1.5380313199105144,0.4274193548387097,0.9112903225806452,1,8,2.495525727069351,8,0.1538031319910514,0.846153846153846,0.6875,0.7857142857142857,1.7337807606263984,1.0,126.0,-47.4890829694323,-24.73389737991266,144.5109170305677,False,True,126.0,145.0,75.26610262008734,39.36357142857144,0,192.0,27.67854880516591,0,0,0,0,1,7028,0.982662192393736,0,0,0,25.0,1,0.0,0.0,0.0173378076062639,1069.3950000000002,1346.5105758733625,29.0,1.0244735344336935,4,1490.24
Tags 2,0.939177852348993,2025-3,9,28.15472074468085,28.15472074468085,28.15472074468085,1.0383261863092424e-15,32.6,1.926709849426818e-15,5.833989137158367e-16,7.100000000000001,27.67854880516591,27.67854880516591,25.0,28.0,23.0,3.1547207446808514,3.1547207446808514,0.0,0,0,77.42010416666665,2.9175697731988434e-15,22.5,86.8,-6.967445516541836e-16,64.3,2.4487606206954734e-15,9,1,1,22.420104166666647,22.420104166666647,0.0,0,0,0,0,1.0,0.0,55.0,65.0,55.0,206.7293983461648,35.642999714856,1.25249500998004,1.254455374964357,1.2567721699458227,8,1,73.92622163081245,-63.2706016538352,-14.357000285143997,76.56644383191289,71.285999429712,1,0,0.6677649448005394,4.054809843400447,270.0,50.0,2.1439224459358686,64.368,73.63199999999999,7.152,6.848,1.9574944071588367,0.3840579710144927,0.8188405797101449,1,9,2.495525727069351,9,0.1957494407158836,1.2727272727272727,1.0769230769230769,0.875,1.929530201342282,1.0,126.0,-54.75685589519651,-24.88947995236205,165.2431441048035,False,True,144.5109170305677,126.0,75.11052004763795,39.36357142857144,0,220.0,27.67854880516591,0,0,0,1,1,7014,0.980704697986577,1,1,1,28.0,1,0.0,0.1111111111111111,0.0192953020134228,1069.3950000000002,1343.727203652243,29.0,1.0265183917878529,4,1490.24
Tags 2,0.939177852348993,2025-3,10,28.15472074468085,28.15472074468085,28.15472074468085,1.0489235393749254e-15,32.6,4.151382088140757e-16,-1.8871550300651993e-16,7.100000000000001,27.67854880516591,27.67854880516591,25.0,28.0,23.0,3.1547207446808514,3.1547207446808514,0.0,0,0,77.42010416666665,5.929324924733543e-15,22.5,86.8,3.621045517473897e-15,64.3,2.5895147748354023e-15,10,1,1,22.420104166666647,22.420104166666647,0.0,0,0,0,0,1.0,0.0,55.0,65.0,55.0,242.7184466019417,35.6938892061679,1.0014277555682467,1.25428326670474,1.2562464306110794,9,1,66.520429884222,-87.28155339805826,-24.306110793832097,73.55104442483082,59.48981534361317,1,0,0.6457938385783216,4.7539149888143175,330.0,60.0,2.0693512304250556,71.52,76.47999999999999,7.152,2.848,1.3982102908277405,0.3581081081081081,0.7635135135135135,1,10,2.495525727069351,10,0.139821029082774,0.7142857142857143,0.9090909090909092,0.7692307692307692,2.069351230425056,1.0,126.0,-62.284192139738,-25.01373178302731,186.715807860262,False,True,165.2431441048035,144.5109170305677,74.98626821697269,39.36357142857144,0,249.0,27.67854880516591,0,0,0,2,1,7004,0.97930648769575,2,1,1,29.0,1,0.0,0.2,0.0206935123042505,1069.3950000000002,1341.5043384016415,29.0,1.0279840091376355,4,1490.24
Tags 2,0.939177852348993,2025-3,11,28.154720744680848,28.15472074468085,28.15472074468085,1.302138512516356e-15,32.6,9.227997508175206e-16,9.90452133024727e-16,7.100000000000002,27.67854880516591,27.67854880516591,25.0,28.0,23.0,3.1547207446808514,3.1547207446808514,3.7261175413410954e-15,0,0,77.42010416666665,1.130364682040006e-15,22.5,86.8,-4.780300776693633e-15,64.3,2.5869885263541635e-15,11,1,1,22.420104166666647,22.420104166666647,0.0,0,0,0,0,1.0,0.0,55.0,65.0,55.0,278.770550393138,35.7398141529664,1.0012866333095067,1.0027162258756257,1.2558970693352394,10,1,65.52299261377175,-111.22944960686203,-24.2601858470336,71.4796283059328,59.56635692161068,1,0,0.6249696480619737,5.453020134228188,390.0,60.0,1.9956274150905022,78.672,78.32799999999999,7.152,1.848,1.2583892617449663,0.3375796178343949,0.7197452229299363,1,11,2.495525727069351,11,0.1258389261744966,0.9,0.6428571428571429,0.8181818181818182,2.195190156599552,1.0,126.0,-70.84978165938867,-25.124036049428604,211.15021834061133,False,True,186.715807860262,165.2431441048035,74.87596395057139,39.36357142857144,0,282.0,27.678548805165914,0,0,0,3,1,6995,0.978048098434004,3,1,1,33.0,1,0.0,0.2727272727272727,0.0219519015659955,1069.3950000000002,1339.530995075722,29.0,1.0293066476054324,4,1490.24
Tags 2,0.939177852348993,2025-3,12,28.154720744680848,28.15472074468085,28.15472074468085,1.3229991297389886e-15,32.6,1.2743436555537021e-15,6.067178005271581e-16,7.100000000000001,27.67854880516591,27.67854880516591,25.0,28.0,23.0,3.1547207446808514,3.1547207446808514,3.710688416924011e-15,0,0,77.42010416666665,-2.675605527985585e-16,22.5,86.8,5.750770099106333e-16,64.3,2.500081457902131e-15,12,1,1,22.420104166666647,22.420104166666647,0.0,0,0,0,0,1.0,0.0,55.0,65.0,55.0,315.0057273768614,35.79610538373425,1.0015750286368843,1.0028636884306987,1.004295532646048,11,1,59.80839967841312,-144.9942726231386,-34.20389461626575,68.4795059514916,51.13729340533464,1,0,0.6054820342017216,6.152125279642058,460.0,70.0,1.9574944071588367,85.824,82.17599999999999,7.152,3.848,1.5380313199105144,0.3154761904761904,0.6726190476190477,1,12,2.495525727069351,12,0.1538031319910514,1.222222222222222,1.1,0.7857142857142857,2.348993288590604,1.0,126.0,-79.93449781659388,-25.215929910597435,237.06550218340607,False,True,211.15021834061133,186.715807860262,74.78407008940256,39.36357142857144,0,317.0,27.678548805165914,0,0,0,4,1,6984,0.976510067114094,4,1,1,35.0,1,0.0,0.3333333333333333,0.023489932885906,1069.3950000000002,1337.8870138994116,29.0,1.0309278350515465,4,1490.24
Tags 2,0.939177852348993,2025-3,13,28.154720744680848,28.15472074468085,28.15472074468085,1.3814364750221513e-15,32.6,8.805487397987455e-16,6.915014398866306e-16,7.1000000000000005,27.67854880516591,27.67854880516591,25.0,28.0,23.0,3.1547207446808514,3.1547207446808514,3.697781635498623e-15,0,0,77.42010416666665,4.691331236161485e-16,22.5,86.8,1.1752006107247913e-15,64.3,3.7511504141718706e-16,13,1,1,22.420104166666647,22.420104166666647,0.0,0,0,0,0,1.0,0.0,55.0,65.0,55.0,358.3715596330275,43.0045871559633,1.2013761467889907,1.2032683486238531,1.204816513761468,12,1,60.06041879034999,-181.62844036697248,-36.9954128440367,66.36510363574584,53.75573394495412,1,0,0.5810254374742319,6.991051454138702,540.0,80.0,1.8929616245052485,92.976,83.02399999999999,7.152,0.8479999999999999,1.1185682326621924,0.3011363636363636,0.6420454545454546,1,13,2.495525727069351,13,0.1118568232662192,0.7272727272727273,0.8888888888888888,0.7999999999999999,2.460850111856823,1.0,126.0,-89.79790393013099,-25.2951842056707,265.202096069869,False,True,237.06550218340607,211.15021834061133,74.7048157943293,39.36357142857144,0,355.0,27.678548805165914,0,0,0,5,1,6976,0.975391498881432,5,1,1,38.0,1,0.0,0.38461538461538464,0.0246085011185682,1069.3950000000002,1336.4691545605513,29.0,1.0321100917431192,4,1490.24
Tags 2,0.939177852348993,2025-3,14,28.154720744680848,28.15472074468085,28.15472074468085,-1.1784087075527521e-15,32.6,-2.0809458693257514e-16,-5.592533086358858e-16,7.1000000000000005,27.67854880516591,27.67854880516591,25.0,28.0,23.0,3.1547207446808514,3.1547207446808514,3.6868252213847854e-15,0,0,77.42010416666665,-1.1536256484809611e-15,22.5,86.8,-3.163651978215829e-15,64.3,-3.2683870908612468e-15,14,1,1,22.420104166666647,22.420104166666647,0.0,0,0,0,0,1.0,0.0,55.0,65.0,55.0,401.7793083656192,43.04778303917348,1.0010044482709142,1.2025828669823504,1.204476969436074,13,1,55.80268171744711,-228.22069163438084,-46.95221696082652,63.774493391368125,47.83087004352609,1,0,0.5651834939012192,7.829977628635347,630.0,90.0,1.8276605944391178,100.128,82.87199999999999,7.152,-0.1520000000000001,0.9787472035794184,0.2896174863387978,0.6174863387978142,1,13,2.495525727069351,13,0.0978747203579418,0.875,0.6363636363636364,0.7777777777777778,2.5587248322147653,0.9285714285714286,126.0,-100.44,-25.36363636363636,295.56,False,False,265.202096069869,237.06550218340607,74.63636363636364,39.36357142857144,0,396.0,27.678548805165914,0,0,0,6,1,6969,0.974412751677852,6,1,1,41.0,1,0.0,0.42857142857142855,0.0255872483221476,1069.3950000000002,1335.2445454545455,29.0,1.0331467929401636,4,1490.24
Tags 2,0.939177852348993,2025-3,15,28.154720744680848,28.15472074468085,28.15472074468085,6.749739647783442e-16,32.6,1.0081494731066054e-15,1.8703946384252295e-17,7.1,27.67854880516591,27.67854880516591,25.0,28.0,23.0,3.1547207446808514,3.1547207446808514,3.677408027917051e-15,0,0,77.42010416666666,1.5900097704633351e-15,22.5,86.8,5.515100672047428e-16,64.3,2.6097092304976443e-15,15,1,1,27.420104166666647,27.420104166666647,1.4709632111668204e-14,0,0,0,0,1.0,0.0,50.0,60.0,50.0,452.5211894842695,50.28013216491883,1.1680074701910643,1.1691806732749126,1.4046257721591724,14,1,59.35848936136252,-267.4788105157305,-39.71986783508117,62.85016520614855,55.866813516576485,1,0,0.5458235894982639,8.808724832214764,720.0,90.0,1.7803877703206559,107.28,83.71999999999998,7.152,0.8479999999999999,1.1185682326621924,0.2774869109947644,0.5916230366492147,1,14,2.495525727069351,13,0.1118568232662192,1.1428571428571428,1.0,0.7272727272727273,2.6705816554809845,0.9333333333333333,126.0,-109.0982044198895,-24.851527202708315,329.9017955801105,False,True,295.56,265.202096069869,75.14847279729169,39.36357142857144,0,439.0,27.678548805165914,0,0,0,7,1,6961,0.97329418344519,7,1,1,43.0,1,0.0,0.4666666666666667,0.0267058165548098,1069.3950000000002,1344.4061783435482,29.0,1.034334147392616,4,1490.24
Tags 2,0.939177852348993,2025-3,16,28.15472074468085,28.15472074468085,28.15472074468085,1.5813273989799056e-16,32.6,1.5717935348164534e-16,3.228517626001621e-16,7.100000000000001,27.67854880516591,27.67854880516591,22.0,25.0,19.0,6.154720744680851,6.154720744680851,0.0,0,0,77.42010416666665,1.871900716300118e-15,22.5,86.8,2.0567295693817746e-16,64.3,9.139689238489229e-16,16,1,1,27.420104166666647,27.420104166666647,0.0,0,0,0,0,1.0,0.0,50.0,60.0,50.0,503.5971223021583,50.35971223021583,1.0015827338129497,1.1698561151079137,1.171031175059952,15,1,55.88699771889805,-316.40287769784175,-49.64028776978417,61.41428320758028,50.35971223021583,1,0,0.5325223329706807,9.787472035794185,820.0,100.0,1.7652404921700224,114.432,87.56799999999998,7.152,3.848,1.5380313199105144,0.2623762376237624,0.5594059405940595,1,15,2.495525727069351,13,0.1538031319910514,1.375,1.5714285714285714,1.375,2.824384787472036,0.9375,126.0,-118.56182320441992,-24.39543687333743,367.4381767955801,False,True,329.9017955801105,295.56,75.60456312666257,39.36357142857144,0,486.0,27.67854880516591,0,0,0,8,1,6950,0.97175615212528,8,1,1,47.0,1,0.0,0.5,0.0282438478747203,1069.3950000000002,1352.5656343359933,29.0,1.0359712230215827,4,1490.24
Tags 2,0.939177852348993,2025-3,17,28.15472074468085,28.15472074468085,28.15472074468085,2.2001058081580336e-16,32.6,1.186892062423421e-15,4.864884510362301e-16,7.100000000000001,27.67854880516591,27.67854880516591,22.0,25.0,19.0,6.154720744680851,6.154720744680851,0.0,0,0,77.42010416666665,6.022236032311191e-16,22.5,86.8,1.263118031787766e-15,64.3,8.71767300245397e-16,17,1,1,27.420104166666647,27.420104166666647,0.0,0,0,0,0,1.0,0.0,50.0,60.0,50.0,561.6359447004609,57.6036866359447,1.1438446346280446,1.1456550362080316,1.338133640552995,16,1,59.32553596473653,-358.36405529953913,-42.3963133640553,61.04738529352836,57.6036866359447,1,0,0.5166712443512714,10.906040268456376,920.0,100.0,1.7107514146598237,121.584,86.41599999999998,7.152,-1.152,0.8389261744966443,0.2548076923076923,0.5432692307692307,1,15,2.495525727069351,13,0.0838926174496644,0.5454545454545455,0.7500000000000001,0.8571428571428572,2.9082774049217,0.8823529411764706,126.0,-128.42814917127072,-24.00526152734032,406.5718508287293,False,True,367.4381767955801,329.9017955801105,75.99473847265969,39.36357142857144,0,535.0,27.67854880516591,0,0,0,9,1,6944,0.970917225950783,9,1,1,49.0,1,0.0,0.5294117647058824,0.029082774049217,1069.3950000000002,1359.5458712758816,29.0,1.036866359447005,4,1490.24
Tags 2,0.939177852348993,2025-3,18,28.15472074468085,28.15472074468085,28.15472074468085,-1.7647952568228598e-17,32.6,1.1070840286678213e-15,3.542439194105686e-17,7.1000000000000005,27.67854880516591,27.67854880516591,22.0,25.0,19.0,6.154720744680851,6.154720744680851,0.0,0,0,77.42010416666663,1.702138358297548e-15,22.5,86.8,-1.7252547885169917e-16,64.3,1.752434374497493e-15,18,1,1,27.420104166666647,27.420104166666647,1.4622848863937366e-14,0,0,0,0,1.0,0.0,50.0,60.0,50.0,619.8644947383596,57.66181346403344,1.0010090817356203,1.1449988673572356,1.146811095780391,17,1,56.30042466424272,-410.1355052616405,-52.33818653596656,60.18101890663685,52.41983042184859,1,0,0.5053019312250789,12.024608501118568,1030.0,110.0,1.6700845140442455,128.736,86.26399999999998,7.152,-0.1520000000000001,0.9787472035794184,0.2465116279069767,0.5255813953488372,1,15,2.495525727069351,13,0.0978747203579418,1.1666666666666663,0.6363636363636364,0.875,3.006152125279642,0.8333333333333334,126.0,-138.69718232044204,-23.66846114683311,447.302817679558,False,True,406.5718508287293,367.4381767955801,76.33153885316689,39.36357142857144,0,586.0,27.67854880516591,0,0,0,10,1,6937,0.969938478747204,10,1,1,51.0,1,0.0,0.5555555555555556,0.0300615212527964,1069.3950000000002,1365.5712300831558,29.0,1.037912642352602,4,1490.24
Tags 2,0.939177852348993,2025-3,19,28.15472074468085,28.15472074468085,28.15472074468085,-5.782140136194443e-17,32.6,-1.7194294039342074e-16,-5.364148713100298e-16,7.1000000000000005,27.67854880516591,27.67854880516591,22.0,25.0,19.0,6.154720744680851,6.154720744680851,0.0,0,0,77.42010416666663,-1.4353930018144514e-15,22.5,86.8,-1.9829105871501126e-15,64.3,-1.3722342670087318e-15,19,1,1,27.420104166666647,27.420104166666647,1.460026530009149e-14,0,0,0,0,1.0,0.0,50.0,60.0,50.0,685.6235565819861,64.95381062355658,1.12646146073903,1.1275981524249423,1.2897970966677663,18,1,59.59566799636083,-454.3764434180139,-45.04618937644342,60.14241724403387,59.0489187486878,1,0,0.49197851122944664,13.282997762863534,1140.0,110.0,1.6484163428705993,135.88799999999998,88.11199999999998,7.152,1.848,1.2583892617449663,0.2366071428571428,0.5044642857142857,1,16,2.495525727069351,13,0.1258389261744966,1.2857142857142858,1.5,0.8181818181818182,3.131991051454139,0.8421052631578947,126.0,-149.7716298342542,-23.36530886649832,491.2283701657458,False,True,447.302817679558,406.5718508287293,76.63469113350169,39.36357142857144,0,641.0,27.678548805165907,0,0,0,11,1,6928,0.968680089485459,11,1,1,55.0,1,0.0,0.5789473684210527,0.0313199105145413,1069.3950000000002,1370.9946243783452,29.0,1.039260969976905,4,1490.24
Tags 2,0.939177852348993,2025-3,20,28.15472074468085,28.15472074468085,28.15472074468085,-5.442263828874997e-16,32.6,-9.691266599549078e-16,-5.813148627227794e-16,7.1,27.67854880516591,27.67854880516591,22.0,25.0,19.0,6.154720744680851,6.154720744680851,0.0,0,0,77.42010416666662,-4.466182372025889e-16,22.5,86.8,-2.1388666837618357e-15,64.3,-2.5265903670384886e-15,20,1,1,27.420104166666647,27.420104166666647,2.9160058604848984e-14,0,0,0,0,1.0,0.0,50.0,60.0,50.0,758.4513146489454,72.23345853799479,1.1120742238916177,1.2527087546951747,1.2539728402195898,19,1,60.194548781662334,-501.5486853510546,-47.76654146200521,60.19454878166234,60.19454878166233,1,0,0.4798516781742293,14.681208053691275,1260.0,120.0,1.6079418344519016,143.03999999999996,86.95999999999998,7.152,-1.152,0.8389261744966443,0.2304347826086956,0.4913043478260869,1,16,2.495525727069351,13,0.0838926174496644,0.6666666666666667,0.8571428571428572,1.0,3.215883668903804,0.8,126.0,-161.24878453038673,-23.10154506165999,536.7512154696133,False,True,491.2283701657458,447.302817679558,76.89845493834001,39.36357142857144,0,698.0,27.678548805165907,0,0,0,12,1,6922,0.967841163310962,12,1,1,57.0,1,0.0,0.6,0.032158836689038,1069.3950000000002,1375.7133588469028,29.0,1.0401618029471251,4,1490.24
Tags 2,0.939177852348993,2025-3,21,28.15472074468085,28.15472074468085,28.15472074468085,3.699089913415334e-16,32.6,4.710350753166894e-16,9.018783009343824e-18,7.1,27.67854880516591,27.67854880516591,22.0,25.0,19.0,6.154720744680851,6.154720744680851,0.0,0,0,77.42010416666662,-2.761629654335141e-16,22.5,86.8,5.702983905072954e-16,64.3,2.8944045821345144e-17,21,1,1,27.420104166666647,27.420104166666647,2.912358572177595e-14,0,0,0,0,1.0,0.0,50.0,60.0,50.0,839.2417884531906,79.58327304297497,1.1017508320069456,1.225228701426068,1.3801729127477933,20,1,63.567008277079815,-540.7582115468094,-40.41672695702504,60.81462235168048,66.31939420247915,1,0,0.4687202928879404,16.219239373601788,1380.0,120.0,1.6046127623308832,150.19199999999995,90.80799999999998,7.152,3.848,1.5380313199105144,0.2199170124481327,0.4688796680497925,1,17,2.495525727069351,13,0.1538031319910514,1.833333333333333,1.222222222222222,1.5714285714285714,3.3696868008948546,0.8095238095238095,126.0,-173.33000000000004,-22.86675461741425,584.67,False,False,536.7512154696133,491.2283701657458,77.13324538258574,41.301428571428566,0,758.0,27.678548805165903,0,0,0,13,1,6911,0.966303131991051,13,1,1,60.0,1,0.0,0.6190476190476191,0.0336968680089485,1162.8899999999999,1379.913759894459,29.0,1.041817392562581,4,1490.24
Tags 3,0.95145222393714,2025-3,1,28.15472074468085,28.15472074468085,28.15472074468085,0.0,32.6,0.0,0.0,7.100000000000001,27.67854880516591,27.67854880516591,30.0,32.0,28.0,1.8452792553191488,-1.8452792553191488,0.0,1,0,77.42010416666665,0.0,22.5,86.8,0.0,64.3,0.0,1,1,1,17.420104166666647,17.420104166666647,0.0,0,0,0,0,1.0,0.0,60.0,70.0,60.0,21.09704641350211,21.09704641350211,3.0,3.0,3.0,0,0,210.9704641350211,11.09704641350211,11.09704641350211,210.9704641350211,210.9704641350211,1,1,0.0,0.4209344745334643,10.0,10.0,2.3852953556896312,7.127,9.873,7.127,9.873,2.3852953556896312,2.764705882352941,4.529411764705882,0,1,1.3852953556896312,1,0.238529535568963,3.0,3.0,3.0,0.238529535568963,1.0,106.75,0.0,0.0,64.0,True,False,669.9717991631799,637.6489644351465,100.0,39.36357142857144,0,64.0,27.67854880516591,0,0,0,0,0,7110,0.99761470464431,0,0,0,11.0,1,0.0,0.0,0.0023852953556896,1069.3950000000002,1789.0,29.0,1.0126582278481011,1,1582.1
Tags 3,0.95145222393714,2025-3,2,28.15472074468085,28.15472074468085,28.15472074468085,-6.783381100595097e-15,32.6,-6.772789795300852e-15,-4.066460168369259e-15,7.100000000000001,27.67854880516591,27.67854880516591,30.0,32.0,28.0,1.8452792553191488,-1.8452792553191488,0.0,1,0,77.42010416666665,-1.1658284442341368e-14,22.5,86.8,-1.7209744916952118e-14,64.3,-2.2316770830227838e-14,2,1,1,17.420104166666647,17.420104166666647,0.0,0,0,0,0,1.0,0.0,60.0,70.0,60.0,42.31311706629055,21.15655853314528,1.002820874471086,3.0,3.0,0,0,123.41325811001413,12.313117066290552,1.156558533145276,141.04372355430183,105.7827926657264,2,1,1.4122189029057142,0.8418689490669287,30.0,20.0,2.5957625929563632,14.254,22.746,7.127,12.873,2.8062298302230952,1.2702702702702702,2.081081081081081,0,2,1.8062298302230952,2,0.2806229830223095,1.1764705882352944,3.0,3.0,0.5191525185912726,1.0,106.75,0.0,0.0,77.0,True,False,64.0,637.6489644351465,100.0,39.36357142857144,0,77.0,27.67854880516591,0,0,0,0,0,7090,0.994808474814087,0,0,0,13.0,1,0.0,0.0,0.0051915251859127,1069.3950000000002,1789.0,29.0,1.0155148095909732,2,1582.1
Tags 3,0.95145222393714,2025-3,3,28.154720744680855,28.15472074468085,28.15472074468085,-1.2895420286198467e-15,32.6,2.30148056710964e-15,2.3936246954295856e-15,7.100000000000001,27.67854880516591,27.67854880516591,30.0,32.0,28.0,1.8452792553191488,-1.8452792553191488,4.351167857633658e-15,1,0,77.42010416666665,1.136476922109094e-14,22.5,86.8,1.802190973325158e-15,64.3,-3.3130325148630877e-15,3,1,1,17.420104166666647,17.420104166666647,0.0,0,0,0,0,1.0,0.0,60.0,70.0,60.0,63.559322033898304,21.1864406779661,1.001412429378531,1.0042372881355932,3.0,0,0,116.52542372881356,13.559322033898304,1.1864406779661003,127.1186440677966,105.93220338983048,3,1,1.1534787037918992,1.2628034236003929,50.0,20.0,2.1982133670080914,21.381,25.619,7.127,2.873,1.4031149151115476,1.0,1.6382978723404256,0,3,1.8062298302230952,3,0.1403114915111547,0.4999999999999999,0.5882352941176471,3.0,0.6594640101024274,1.0,106.75,0.0,0.0,91.0,True,False,77.0,64.0,100.0,39.36357142857144,0,91.0,27.678548805165907,0,0,0,0,0,7080,0.993405359898976,0,0,0,14.0,1,0.0,0.0,0.0065946401010242,1069.3950000000002,1789.0,29.0,1.0169491525423728,2,1582.1
Tags 3,0.95145222393714,2025-3,4,28.15472074468085,28.15472074468085,28.15472074468085,-4.860576503336004e-15,32.6,-2.22671580167811e-15,-3.4693771706650844e-15,7.100000000000001,27.67854880516591,27.67854880516591,30.0,32.0,28.0,1.8452792553191488,-1.8452792553191488,0.0,1,0,77.42010416666665,-1.0656246691081632e-14,22.5,86.8,-1.1688067064152732e-14,64.3,-8.691606854378891e-15,4,1,1,17.420104166666647,17.420104166666647,0.0,0,0,0,0,1.0,0.0,60.0,70.0,60.0,91.91176470588236,28.28054298642534,1.3348416289592762,1.3367269984917045,1.340497737556561,0,0,117.83559577677224,16.911764705882348,3.2805429864253384,122.54901960784312,113.12217194570135,4,1,0.9564362643776289,1.824049389645012,75.0,25.0,1.929283008278378,28.508,26.492,7.127,0.8730000000000002,1.122491932089238,0.8545454545454545,1.4,0,4,1.8062298302230952,4,0.1122491932089238,0.8000000000000003,0.4,0.4705882352941178,0.7717132033113512,1.0,106.75,0.0,0.0,107.0,True,False,91.0,77.0,100.0,39.36357142857144,0,107.0,27.67854880516591,0,0,0,0,0,7072,0.992282867966886,0,0,0,16.0,1,0.0,0.0,0.0077171320331135,1069.3950000000002,1789.0,29.0,1.0180995475113122,2,1582.1
Tags 3,0.95145222393714,2025-3,5,28.15472074468085,28.15472074468085,28.15472074468085,-3.371434273386755e-15,32.6,-3.764398267022435e-15,-4.80122207299609e-16,7.100000000000001,27.67854880516591,27.67854880516591,28.0,30.0,26.0,0.1547207446808514,0.1547207446808514,0.0,1,0,77.42010416666665,-4.822292063407377e-15,22.5,86.8,-3.627382670784715e-15,64.3,-3.145486211302101e-15,5,1,1,17.420104166666647,17.420104166666647,0.0,0,0,0,0,1.0,0.0,60.0,70.0,60.0,120.2943673931503,28.30455703368242,1.0008491367110104,1.3359750919898103,1.3378620624587223,0,0,116.75629776393998,20.294367393150296,3.3045570336824213,120.2943673931503,113.21822813472969,5,1,0.868487285396722,2.3852953556896312,100.0,25.0,1.7118001964360883,35.635,25.365000000000002,7.127,-1.1269999999999998,0.8418689490669287,0.7704918032786885,1.2622950819672132,0,4,1.8062298302230952,4,0.0841868949066928,0.7499999999999996,0.5999999999999999,0.2999999999999999,0.855900098218044,0.8,106.75,0.0,0.0,125.0,True,False,107.0,91.0,100.0,39.36357142857144,0,125.0,27.67854880516591,0,0,0,0,0,7066,0.99144099901782,0,0,0,18.0,1,0.0,0.0,0.0085590009821804,1069.3950000000002,1789.0,29.0,1.0189640532125672,2,1582.1
Tags 3,0.95145222393714,2025-3,6,28.154720744680848,28.15472074468085,28.15472074468085,-1.3488542533772615e-15,32.6,-3.003278291787231e-16,-6.929659921216828e-16,7.100000000000001,27.67854880516591,27.67854880516591,28.0,30.0,26.0,0.1547207446808514,0.1547207446808514,3.891802844472395e-15,1,0,77.42010416666665,-3.2804718226432046e-15,22.5,86.8,-5.226196707538049e-15,64.3,-1.2637676618891283e-15,6,1,1,17.420104166666647,17.420104166666647,0.0,0,0,0,0,1.0,0.0,60.0,70.0,60.0,148.788437012895,28.340654669122856,1.0012753294601104,1.002125549100184,1.3376789003825988,1,1,95.59347805061282,13.788437012895002,-6.659345330877144,110.21365704658888,80.97329905463673,5,0,0.7998244113938954,2.94654132173425,135.0,35.0,1.6369674009634725,42.762,27.238000000000003,7.127,1.873,1.2628034236003929,0.6714285714285714,1.1,0,5,1.8062298302230952,4,0.1262803423600393,1.500000000000001,1.125,0.9000000000000004,0.9821804405780834,0.8333333333333334,106.75,0.0,0.0,145.0,True,False,125.0,107.0,100.0,39.36357142857144,0,145.0,27.678548805165914,0,0,0,0,0,7057,0.990178195594219,0,0,0,20.0,1,0.0,0.0,0.0098218044057808,1069.3950000000002,1789.0,29.0,1.020263568088423,2,1582.1
Tags 3,0.95145222393714,2025-3,7,28.154720744680848,28.15472074468085,28.15472074468085,-3.895921039444663e-16,32.6,1.656277457553702e-15,1.2138620989631208e-15,7.100000000000001,27.67854880516591,27.67854880516591,28.0,30.0,26.0,0.1547207446808514,0.1547207446808514,3.837369354665453e-15,1,0,77.42010416666665,2.54453727244602e-15,22.5,86.8,2.9813600726655495e-15,64.3,-1.585001016368459e-15,7,1,1,17.420104166666647,17.420104166666647,0.0,0,0,0,0,1.0,0.0,60.0,70.0,60.0,177.3049645390071,28.368794326241133,1.0009929078014184,1.0022695035460991,1.0031205673758865,2,1,92.67536801954824,7.304964539007102,-6.631205673758867,104.2970379641218,81.05369807497466,5,0,0.7448083903966319,3.507787287778869,170.0,35.0,1.5434264066227026,49.889,27.111000000000004,7.127,-0.1269999999999997,0.9821804405780834,0.6103896103896104,1.0,0,5,1.8062298302230952,4,0.0982180440578083,0.7777777777777775,1.1666666666666672,0.8749999999999998,1.0803984846358916,0.7142857142857143,129.0,-38.0,-22.75449101796407,129.0,False,False,145.0,125.0,77.24550898203593,39.36357142857144,0,167.0,27.678548805165914,0,0,0,0,0,7050,0.989196015153641,0,0,0,22.0,1,0.0,0.0,0.0108039848463589,1069.3950000000002,1381.9221556886228,29.0,1.0212765957446808,2,1582.1
Tags 3,0.95145222393714,2025-3,8,28.15472074468085,28.15472074468085,28.15472074468085,2.560235073882277e-15,32.6,2.821334018596945e-15,1.5927353798953544e-15,7.100000000000001,27.67854880516591,27.67854880516591,28.0,30.0,26.0,0.1547207446808514,0.1547207446808514,0.0,1,0,77.42010416666665,6.1910039907492395e-15,22.5,86.8,3.730138838203249e-15,64.3,1.0375528248368055e-15,8,1,1,22.420104166666647,22.420104166666647,0.0,0,0,0,0,1.0,0.0,55.0,65.0,55.0,212.91696238467,35.486160397445,1.2508871540099362,1.2521291696238468,1.253726046841732,3,1,83.87637912123363,-7.083037615330028,-14.513839602555002,96.78043744757726,70.97232079489,5,0,0.6901934438917282,4.209344745334643,220.0,50.0,1.4381927879893364,57.016,24.983999999999998,7.127,-2.127,0.7015574575557738,0.573170731707317,0.9390243902439024,0,5,1.8062298302230952,4,0.0701557457555773,0.7142857142857136,0.5555555555555549,0.8333333333333329,1.150554230391469,0.625,129.0,-42.56004366812226,-22.166689410480345,149.43995633187774,False,True,129.0,145.0,77.83331058951966,39.36357142857144,0,192.0,27.67854880516591,0,0,0,0,0,7045,0.988494457696085,0,0,0,25.0,1,0.0,0.0,0.0115055423039146,1069.3950000000002,1392.4379264465067,29.0,1.022001419446416,2,1582.1
Tags 3,0.95145222393714,2025-3,9,28.15472074468085,28.15472074468085,28.15472074468085,1.0383261863092424e-15,32.6,1.926709849426818e-15,5.833989137158367e-16,7.100000000000001,27.67854880516591,27.67854880516591,25.0,28.0,23.0,3.1547207446808514,3.1547207446808514,0.0,0,0,77.42010416666665,2.9175697731988434e-15,22.5,86.8,-6.967445516541836e-16,64.3,2.4487606206954734e-15,9,1,1,22.420104166666647,22.420104166666647,0.0,0,0,0,0,1.0,0.0,55.0,65.0,55.0,248.6148600653502,35.51640858076431,1.0008523938059384,1.251953402471942,1.2531964767722688,4,1,81.55619748175509,-21.3851399346498,-14.483591419235688,92.07957780198156,71.03281716152863,5,0,0.6545483299419821,4.910902202890417,270.0,50.0,1.3719345836646244,64.143,23.857,7.127,-1.1269999999999998,0.8418689490669287,0.5340909090909091,0.875,0,5,1.8062298302230952,4,0.0841868949066928,1.2000000000000006,0.8571428571428569,0.6666666666666662,1.234741125298162,0.5555555555555556,129.0,-47.667292576419214,-21.666951171099644,172.3327074235808,False,True,149.43995633187774,129.0,78.33304882890036,39.36357142857144,0,220.0,27.67854880516591,0,0,0,1,0,7039,0.987652588747018,1,1,1,28.0,1,0.0,0.1111111111111111,0.0123474112529816,1069.3950000000002,1401.3782435490277,29.0,1.0228725671260122,2,1582.1
Tags 3,0.95145222393714,2025-3,10,28.15472074468085,28.15472074468085,28.15472074468085,1.0489235393749254e-15,32.6,4.151382088140757e-16,-1.8871550300651993e-16,7.100000000000001,27.67854880516591,27.67854880516591,25.0,28.0,23.0,3.1547207446808514,3.1547207446808514,0.0,0,0,77.42010416666665,5.929324924733543e-15,22.5,86.8,3.621045517473897e-15,64.3,2.5895147748354023e-15,10,1,1,22.420104166666647,22.420104166666647,0.0,0,0,0,0,1.0,0.0,55.0,65.0,55.0,284.29282160625445,35.536602700781806,1.0005685856432125,1.0014214641080312,1.2526652452025588,5,1,72.68850552432642,-45.70717839374555,-24.463397299218197,86.14933988068316,59.22767116796968,5,0,0.6237818673764745,5.612459660446191,330.0,60.0,1.2908657219026238,71.27,20.73,7.127,-3.127,0.5612459660446191,0.5108695652173914,0.8369565217391305,0,5,1.8062298302230952,4,0.0561245966044619,0.6666666666666671,0.8000000000000009,0.5714285714285716,1.2908657219026238,0.5,129.0,-52.956943231441045,-21.26784868732572,196.04305676855896,False,True,172.3327074235808,149.43995633187774,78.73215131267428,39.36357142857144,0,249.0,27.67854880516591,0,0,0,2,0,7035,0.987091342780974,2,1,1,29.0,1,0.0,0.2,0.0129086572190262,1069.3950000000002,1408.518186983743,29.0,1.023454157782516,2,1582.1
Tags 3,0.95145222393714,2025-3,11,28.154720744680848,28.15472074468085,28.15472074468085,1.302138512516356e-15,32.6,9.227997508175206e-16,9.90452133024727e-16,7.100000000000002,27.67854880516591,27.67854880516591,25.0,28.0,23.0,3.1547207446808514,3.1547207446808514,3.7261175413410954e-15,0,0,77.42010416666665,1.130364682040006e-15,22.5,86.8,-4.780300776693633e-15,64.3,2.5869885263541635e-15,11,1,1,22.420104166666647,22.420104166666647,0.0,0,0,0,0,1.0,0.0,55.0,65.0,55.0,320.1479795105293,35.571997723392144,1.000996015936255,1.0015651678998292,1.0024188958451905,6,1,70.68794419392029,-69.8520204894707,-24.428002276607856,82.08922551552034,59.28666287232024,5,0,0.596880244080141,6.314017118001964,390.0,60.0,1.2628034236003929,78.39699999999999,20.603,7.127,-0.1269999999999997,0.9821804405780834,0.4747474747474747,0.7777777777777778,0,5,1.8062298302230952,4,0.0982180440578083,1.7499999999999996,1.1666666666666672,1.4000000000000012,1.3890837659604325,0.45454545454545453,129.0,-58.97620087336245,-20.91354640899377,223.0237991266376,False,True,196.04305676855896,172.3327074235808,79.08645359100622,39.36357142857144,0,282.0,27.678548805165914,0,0,0,3,0,7028,0.986109162340396,3,1,1,33.0,1,0.0,0.2727272727272727,0.0138908376596043,1069.3950000000002,1414.8566547431017,29.0,1.0244735344336935,2,1582.1
Tags 3,0.95145222393714,2025-3,12,28.154720744680848,28.15472074468085,28.15472074468085,1.3229991297389886e-15,32.6,1.2743436555537021e-15,6.067178005271581e-16,7.100000000000001,27.67854880516591,27.67854880516591,25.0,28.0,23.0,3.1547207446808514,3.1547207446808514,3.710688416924011e-15,0,0,77.42010416666665,-2.675605527985585e-16,22.5,86.8,5.750770099106333e-16,64.3,2.500081457902131e-15,12,1,1,22.420104166666647,22.420104166666647,0.0,0,0,0,0,1.0,0.0,55.0,65.0,55.0,362.98932384341634,42.70462633451957,1.2005124555160145,1.2017081850533808,1.202391459074733,7,1,69.9586658119847,-97.01067615658366,-27.295373665480422,78.91072257465572,61.00660904931368,5,0,0.5691949418464411,7.155886067068893,460.0,70.0,1.1926476778448156,85.52399999999999,16.476000000000003,7.127,-4.127,0.4209344745334643,0.4607843137254901,0.7549019607843137,0,5,1.8062298302230952,4,0.0420934474533464,0.4285714285714284,0.7499999999999996,0.5,1.4311772134137786,0.4166666666666667,129.0,-65.36026200873363,-20.61837918256581,251.6397379912664,False,True,223.0237991266376,196.04305676855896,79.38162081743418,39.36357142857144,0,317.0,27.678548805165914,0,0,0,4,0,7025,0.985688227865862,4,1,1,35.0,1,0.0,0.3333333333333333,0.0143117721341377,1069.3950000000002,1420.1371964238976,29.0,1.0249110320284698,2,1582.1
Tags 3,0.95145222393714,2025-3,13,28.154720744680848,28.15472074468085,28.15472074468085,1.3814364750221513e-15,32.6,8.805487397987455e-16,6.915014398866306e-16,7.1000000000000005,27.67854880516591,27.67854880516591,25.0,28.0,23.0,3.1547207446808514,3.1547207446808514,3.697781635498623e-15,0,0,77.42010416666665,4.691331236161485e-16,22.5,86.8,1.1752006107247913e-15,64.3,3.7511504141718706e-16,13,1,1,22.420104166666647,22.420104166666647,0.0,0,0,0,0,1.0,0.0,55.0,65.0,55.0,406.1564771269773,42.75331338178709,1.0011400883568475,1.2018811457887986,1.2030782385634886,8,1,64.3279020790778,-133.84352287302266,-37.24668661821291,75.21416243092173,53.44164172723386,5,0,0.5487436960494882,7.997755016135822,540.0,80.0,1.1872510820174633,92.65099999999998,17.349000000000004,7.127,0.8730000000000002,1.122491932089238,0.4272727272727272,0.7,0,6,1.8062298302230952,4,0.1122491932089238,2.6666666666666683,1.1428571428571432,2.0,1.5434264066227024,0.46153846153846156,129.0,-72.29152838427945,-20.363810812473083,282.7084716157205,False,True,251.6397379912664,223.0237991266376,79.63618918752692,39.36357142857144,0,355.0,27.678548805165914,0,0,0,5,0,7017,0.984565735933773,5,1,1,38.0,1,0.0,0.38461538461538464,0.015434264066227,1069.3950000000002,1424.691424564856,29.0,1.02607952116289,2,1582.1
Tags 3,0.95145222393714,2025-3,14,28.154720744680848,28.15472074468085,28.15472074468085,-1.1784087075527521e-15,32.6,-2.0809458693257514e-16,-5.592533086358858e-16,7.1000000000000005,27.67854880516591,27.67854880516591,25.0,28.0,23.0,3.1547207446808514,3.1547207446808514,3.6868252213847854e-15,0,0,77.42010416666665,-1.1536256484809611e-15,22.5,86.8,-3.163651978215829e-15,64.3,-3.2683870908612468e-15,14,1,1,22.420104166666647,22.420104166666647,0.0,0,0,0,0,1.0,0.0,55.0,65.0,55.0,449.5504495504496,42.81432852861424,1.001427144284287,1.0025688597117168,1.2035964035964035,9,1,59.46434517863089,-180.44955044955043,-47.18567147138576,71.35721421435707,47.57147614290472,5,0,0.530301553321075,8.839623965202751,630.0,90.0,1.2026699272384693,99.77799999999998,20.222000000000005,7.127,2.873,1.4031149151115476,0.3916666666666666,0.6416666666666667,0,7,1.8062298302230952,4,0.1403114915111547,1.2499999999999996,3.0,1.4285714285714284,1.683737898133857,0.5,129.0,-79.76999999999998,-20.143939393939387,316.23,False,False,282.7084716157205,251.6397379912664,79.85606060606061,39.36357142857144,0,396.0,27.678548805165914,0,0,0,6,0,7007,0.983162621018661,6,1,1,41.0,1,0.0,0.42857142857142855,0.0168373789813385,1069.3950000000002,1428.6249242424244,29.0,1.0275438846867415,2,1582.1
Tags 3,0.95145222393714,2025-3,15,28.154720744680848,28.15472074468085,28.15472074468085,6.749739647783442e-16,32.6,1.0081494731066054e-15,1.8703946384252295e-17,7.1,27.67854880516591,27.67854880516591,25.0,28.0,23.0,3.1547207446808514,3.1547207446808514,3.677408027917051e-15,0,0,77.42010416666666,1.5900097704633351e-15,22.5,86.8,5.515100672047428e-16,64.3,2.6097092304976443e-15,15,1,1,27.420104166666647,27.420104166666647,1.4709632111668204e-14,0,0,0,0,1.0,0.0,50.0,60.0,50.0,521.2796343901742,71.40816909454442,1.6678568028182426,1.670237075121394,1.672141292963915,10,1,75.87117966295344,-198.72036560982576,-18.59183090545558,72.39994922085754,79.34241010504935,5,0,0.5251015371236154,10.2427388803143,720.0,90.0,1.1692624292596228,106.90499999999997,18.095000000000006,7.127,-2.127,0.7015574575557738,0.376,0.616,0,7,1.8062298302230952,4,0.0701557457555773,0.4999999999999996,0.6249999999999993,1.666666666666666,1.7538936438894346,0.4666666666666667,129.0,-95.13121546961328,-21.66998074478662,343.86878453038673,False,True,316.23,282.7084716157205,78.33001925521337,39.36357142857144,0,439.0,27.678548805165914,0,0,0,7,0,7002,0.982461063561106,7,1,1,43.0,1,0.0,0.4666666666666667,0.0175389364388943,1069.3950000000002,1401.3240444757673,29.0,1.0282776349614395,2,1582.1
Tags 3,0.95145222393714,2025-3,16,28.15472074468085,28.15472074468085,28.15472074468085,1.5813273989799056e-16,32.6,1.5717935348164534e-16,3.228517626001621e-16,7.100000000000001,27.67854880516591,27.67854880516591,22.0,25.0,19.0,6.154720744680851,6.154720744680851,0.0,0,0,77.42010416666665,1.871900716300118e-15,22.5,86.8,2.0567295693817746e-16,64.3,9.139689238489229e-16,16,1,1,27.420104166666647,27.420104166666647,0.0,0,0,0,0,1.0,0.0,50.0,60.0,50.0,593.1961120640366,71.4694110920526,1.0008576329331045,1.669287211740042,1.6716695254431102,11,1,71.9052001840773,-226.80388793596344,-28.530588907947404,72.34098927610202,71.4694110920526,5,0,0.5105512795753323,11.645853795425843,820.0,100.0,1.1488003367475796,114.032,16.968,7.127,-1.1269999999999998,0.8418689490669287,0.3587786259541984,0.5877862595419847,0,7,1.8062298302230952,4,0.0841868949066928,1.2000000000000006,0.5999999999999999,0.7499999999999996,1.8380805387961272,0.4375,129.0,-111.92138121546964,-23.029090785076058,374.0786187845304,False,True,343.86878453038673,316.23,76.97090921492395,39.36357142857144,0,486.0,27.67854880516591,0,0,0,8,0,6996,0.981619194612039,8,1,1,47.0,1,0.0,0.5,0.0183808053879612,1069.3950000000002,1377.0095658549897,29.0,1.0291595197255574,2,1582.1
Tags 3,0.95145222393714,2025-3,17,28.15472074468085,28.15472074468085,28.15472074468085,2.2001058081580336e-16,32.6,1.186892062423421e-15,4.864884510362301e-16,7.100000000000001,27.67854880516591,27.67854880516591,22.0,25.0,19.0,6.154720744680851,6.154720744680851,0.0,0,0,77.42010416666665,6.022236032311191e-16,22.5,86.8,1.263118031787766e-15,64.3,8.71767300245397e-16,17,1,1,27.420104166666647,27.420104166666647,0.0,0,0,0,0,1.0,0.0,50.0,60.0,50.0,665.5216831258051,71.56147130385001,1.0012881064834696,1.0021468441391157,1.671437431420257,12,1,71.95039234354485,-254.4783168741949,-28.438528696149987,72.33931338323968,71.56147130385001,5,0,0.49709243163755784,13.048968710537393,920.0,100.0,1.155506400680098,121.15899999999999,18.841,7.127,1.873,1.2628034236003929,0.3357142857142857,0.55,0,8,1.8062298302230952,4,0.1262803423600393,1.500000000000001,1.8000000000000025,0.9000000000000004,1.9643608811561668,0.47058823529411764,129.0,-129.4260220994475,-24.191779831672427,405.5739779005525,False,True,374.0786187845304,343.86878453038673,75.80822016832757,39.36357142857144,0,535.0,27.67854880516591,0,0,0,9,0,6987,0.980356391188438,9,1,1,49.0,1,0.0,0.5294117647058824,0.0196436088115616,1069.3950000000002,1356.2090588113801,29.0,1.03048518677544,2,1582.1
Tags 3,0.95145222393714,2025-3,18,28.15472074468085,28.15472074468085,28.15472074468085,-1.7647952568228598e-17,32.6,1.1070840286678213e-15,3.542439194105686e-17,7.1000000000000005,27.67854880516591,27.67854880516591,22.0,25.0,19.0,6.154720744680851,6.154720744680851,0.0,0,0,77.42010416666663,1.702138358297548e-15,22.5,86.8,-1.7252547885169917e-16,64.3,1.752434374497493e-15,18,1,1,27.420104166666647,27.420104166666647,1.4622848863937366e-14,0,0,0,0,1.0,0.0,50.0,60.0,50.0,737.8223495702006,71.63323782234957,1.0010028653295129,1.002292263610315,1.0031518624641833,13,1,68.37718155769733,-292.1776504297994,-38.36676217765043,71.63323782234957,65.12112529304507,5,0,0.4846190581205972,14.45208362564894,1030.0,110.0,1.1458771806744306,128.286,18.714000000000002,7.127,-0.1269999999999997,0.9821804405780834,0.3197278911564626,0.5238095238095238,0,8,1.8062298302230952,4,0.0982180440578083,0.7777777777777775,1.1666666666666672,1.4000000000000012,2.062578925213975,0.4444444444444444,129.0,-147.645138121547,-25.19541606169744,438.354861878453,False,True,405.5739779005525,374.0786187845304,74.80458393830256,39.36357142857144,0,586.0,27.67854880516591,0,0,0,10,0,6980,0.97937421074786,10,1,1,51.0,1,0.0,0.5555555555555556,0.0206257892521397,1069.3950000000002,1338.2540066562328,29.0,1.0315186246418335,2,1582.1
Tags 3,0.95145222393714,2025-3,19,28.15472074468085,28.15472074468085,28.15472074468085,-5.782140136194443e-17,32.6,-1.7194294039342074e-16,-5.364148713100298e-16,7.1000000000000005,27.67854880516591,27.67854880516591,22.0,25.0,19.0,6.154720744680851,6.154720744680851,0.0,0,0,77.42010416666663,-1.4353930018144514e-15,22.5,86.8,-1.9829105871501126e-15,64.3,-1.3722342670087318e-15,19,1,1,27.420104166666647,27.420104166666647,1.460026530009149e-14,0,0,0,0,1.0,0.0,50.0,60.0,50.0,810.0358422939069,71.68458781362007,1.000716845878136,1.0017204301075269,1.0030107526881722,14,1,68.1117913715537,-329.96415770609315,-38.31541218637993,71.05577563981639,65.16780710329098,5,0,0.47302121373260625,15.855198540760489,1140.0,110.0,1.122491932089238,135.413,16.587000000000003,7.127,-2.127,0.7015574575557738,0.3092105263157895,0.506578947368421,0,8,1.8062298302230952,4,0.0701557457555773,0.7142857142857136,0.5555555555555549,0.8333333333333329,2.1327346709695525,0.42105263157894735,129.0,-167.29320441988955,-26.09878384085641,473.70679558011045,False,True,438.354861878453,405.5739779005525,73.9012161591436,39.36357142857144,0,641.0,27.678548805165907,0,0,0,11,0,6975,0.978672653290304,11,1,1,55.0,1,0.0,0.5789473684210527,0.0213273467096955,1069.3950000000002,1322.092757087079,29.0,1.032258064516129,2,1582.1
Tags 3,0.95145222393714,2025-3,20,28.15472074468085,28.15472074468085,28.15472074468085,-5.442263828874997e-16,32.6,-9.691266599549078e-16,-5.813148627227794e-16,7.1,27.67854880516591,27.67854880516591,22.0,25.0,19.0,6.154720744680851,6.154720744680851,0.0,0,0,77.42010416666662,-4.466182372025889e-16,22.5,86.8,-2.1388666837618357e-15,64.3,-2.5265903670384886e-15,20,1,1,27.420104166666647,27.420104166666647,2.9160058604848984e-14,0,0,0,0,1.0,0.0,50.0,60.0,50.0,882.7328835940864,71.76690110521028,1.0011482704176835,1.0018659394287357,1.0028706760442083,15,1,64.9319581428093,-377.2671164059136,-48.23309889478972,70.05816536461002,59.805750921008574,5,0,0.4621903249406569,17.258313455872038,1260.0,120.0,1.122491932089238,142.54000000000002,17.460000000000004,7.127,0.8730000000000002,1.122491932089238,0.29375,0.48125,0,9,1.8062298302230952,4,0.1122491932089238,1.600000000000002,1.1428571428571432,0.8888888888888888,2.244983864178476,0.45,129.0,-187.65574585635363,-26.88477734331714,510.3442541436464,False,True,473.70679558011045,438.354861878453,73.11522265668286,39.36357142857144,0,698.0,27.678548805165907,0,0,0,12,0,6967,0.977550161358215,12,1,1,57.0,1,0.0,0.6,0.0224498386417847,1069.3950000000002,1308.0313333280567,29.0,1.033443375915028,2,1582.1
Tags 3,0.95145222393714,2025-3,21,28.15472074468085,28.15472074468085,28.15472074468085,3.699089913415334e-16,32.6,4.710350753166894e-16,9.018783009343824e-18,7.1,27.67854880516591,27.67854880516591,22.0,25.0,19.0,6.154720744680851,6.154720744680851,0.0,0,0,77.42010416666662,-2.761629654335141e-16,22.5,86.8,5.702983905072954e-16,64.3,2.8944045821345144e-17,21,1,1,27.420104166666647,27.420104166666647,2.912358572177595e-14,0,0,0,0,1.0,0.0,50.0,60.0,50.0,962.5053871570176,79.01163625915817,1.1009481396351095,1.1022123258152563,1.103002442177848,16,1,67.79489870062814,-417.4946128429823,-40.98836374084184,69.74676718529113,65.84303021596514,5,0,0.4507660785011272,18.80173986249473,1380.0,120.0,1.1091289328976994,149.66700000000003,16.333000000000006,7.127,-1.1269999999999998,0.8418689490669287,0.2831325301204819,0.463855421686747,0,9,1.8062298302230952,4,0.0841868949066928,0.7499999999999996,1.2000000000000006,0.8571428571428569,2.32917075908517,0.42857142857142855,129.0,-209.09000000000003,-27.584432717678105,548.91,False,False,510.3442541436464,473.70679558011045,72.41556728232189,33.239999999999995,0,758.0,27.678548805165903,0,0,0,13,0,6961,0.976708292409148,13,1,1,60.0,1,0.0,0.6190476190476191,0.0232917075908516,1014.2699999999999,1295.5144986807388,29.0,1.034334147392616,2,1582.1
Lags 1,0.937326776933393,2025-4,1,28.15472074468085,28.15472074468085,28.15472074468085,0.0,32.6,0.0,0.0,7.100000000000001,27.67854880516591,27.67854880516591,30.0,32.0,28.0,1.8452792553191488,-1.8452792553191488,0.0,1,0,77.42010416666665,0.0,22.5,86.8,0.0,64.3,0.0,0,0,0,7.420104166666647,7.420104166666647,0.0,1,0,0,0,0.0,0.0,70.0,80.0,70.0,8.952551477170994,8.952551477170994,3.0,3.0,3.0,1,1,89.52551477170994,-1.047448522829006,-1.047448522829006,89.52551477170994,89.52551477170994,0,0,0.0,0.1788109074653553,10.0,10.0,1.3410818059901652,11.185,3.815,11.185,3.815,1.3410818059901652,4.066666666666666,12.133333333333333,0,1,0.3410818059901652,1,0.1341081805990165,3.0,3.0,3.0,0.1341081805990165,1.0,106.75,0.0,0.0,64.0,True,False,669.9717991631799,637.6489644351465,100.0,39.36357142857144,0,64.0,27.67854880516591,0,0,0,0,0,11170,0.99865891819401,0,0,0,11.0,0,0.0,0.0,0.0013410818059901,1069.3950000000002,1789.0,31.0,0.6445837063563116,0,1568.0
Lags 1,0.937326776933393,2025-4,2,28.15472074468085,28.15472074468085,28.15472074468085,-6.783381100595097e-15,32.6,-6.772789795300852e-15,-4.066460168369259e-15,7.100000000000001,27.67854880516591,27.67854880516591,30.0,32.0,28.0,1.8452792553191488,-1.8452792553191488,0.0,1,0,77.42010416666665,-1.1658284442341368e-14,22.5,86.8,-1.7209744916952118e-14,64.3,-2.2316770830227838e-14,0,0,0,7.420104166666647,7.420104166666647,0.0,1,0,0,0,0.0,0.0,70.0,80.0,70.0,22.423535743115973,13.454121445869584,1.5028253655036323,3.0,3.0,2,1,71.00786318653391,-7.576464256884027,-6.545878554130415,74.7451191437199,67.27060722934792,0,0,1.0586623366728725,0.4470272686633884,30.0,20.0,1.6092981671881987,22.37,13.629999999999999,11.185,9.815,1.877514528386232,1.6944444444444444,5.055555555555555,0,2,0.8775145283862316,2,0.1877514528386231,1.4,3.0,3.0,0.3218596334376397,1.0,106.75,0.0,0.0,77.0,True,False,64.0,637.6489644351465,100.0,39.36357142857144,0,77.0,27.67854880516591,0,0,0,0,0,11149,0.996781403665624,0,0,0,13.0,0,0.0,0.0,0.0032185963343763,1069.3950000000002,1789.0,31.0,0.64579782940174,0,1568.0
Lags 1,0.937326776933393,2025-4,3,28.154720744680855,28.15472074468085,28.15472074468085,-1.2895420286198467e-15,32.6,2.30148056710964e-15,2.3936246954295856e-15,7.100000000000001,27.67854880516591,27.67854880516591,30.0,32.0,28.0,1.8452792553191488,-1.8452792553191488,4.351167857633658e-15,1,0,77.42010416666665,1.136476922109094e-14,22.5,86.8,1.802190973325158e-15,64.3,-3.3130325148630877e-15,0,0,0,7.420104166666647,7.420104166666647,0.0,1,0,0,0,0.0,0.0,70.0,80.0,70.0,40.45307443365696,17.979144192736427,1.336329857365456,2.0082704063286587,3.0,3,1,85.40093491549803,-9.546925566343042,-2.0208558072635725,80.90614886731392,89.89572096368214,0,0,0.9162469630602844,0.8046490835940991,50.0,20.0,1.8179108925644467,33.555,27.445,11.185,13.815,2.235136343316942,1.0,2.9836065573770494,0,3,1.2351363433169422,3,0.2235136343316942,1.190476190476191,1.666666666666667,3.0,0.5453732677693339,1.0,106.75,0.0,0.0,91.0,True,False,77.0,64.0,100.0,39.36357142857144,0,91.0,27.678548805165907,0,0,0,0,0,11124,0.994546267322307,0,0,0,14.0,0,0.0,0.0,0.0054537326776933,1069.3950000000002,1789.0,31.0,0.6472491909385113,1,1568.0
Lags 1,0.937326776933393,2025-4,4,28.15472074468085,28.15472074468085,28.15472074468085,-4.860576503336004e-15,32.6,-2.22671580167811e-15,-3.4693771706650844e-15,7.100000000000001,27.67854880516591,27.67854880516591,30.0,32.0,28.0,1.8452792553191488,-1.8452792553191488,0.0,1,0,77.42010416666665,-1.0656246691081632e-14,22.5,86.8,-1.1688067064152732e-14,64.3,-8.691606854378891e-15,0,0,0,7.420104166666647,7.420104166666647,0.0,1,0,0,0,0.0,0.0,70.0,80.0,70.0,58.627221069721294,18.039144944529628,1.0033372418147375,1.3407895132437389,2.0149724903039594,4,1,75.16310393554012,-16.372778930278706,-6.960855055470372,78.16962809296173,72.15657977811851,0,0,0.884311673070488,1.16227089852481,75.0,25.0,2.1904336164506035,44.74,53.260000000000005,11.185,25.815,3.3080017881090744,0.6224489795918368,1.8571428571428568,0,4,2.3080017881090744,4,0.3308001788109074,1.48,1.761904761904762,2.466666666666667,0.8761734465802414,1.0,106.75,0.0,0.0,107.0,True,False,91.0,77.0,100.0,39.36357142857144,0,107.0,27.67854880516591,0,0,0,0,1,11087,0.991238265534198,0,0,0,16.0,0,0.0,0.0,0.0087617344658024,1069.3950000000002,1789.0,31.0,0.6494092180030666,2,1568.0
Lags 1,0.937326776933393,2025-4,5,28.15472074468085,28.15472074468085,28.15472074468085,-3.371434273386755e-15,32.6,-3.764398267022435e-15,-4.80122207299609e-16,7.100000000000001,27.67854880516591,27.67854880516591,28.0,30.0,26.0,0.1547207446808514,0.1547207446808514,0.0,1,0,77.42010416666665,-4.822292063407377e-15,22.5,86.8,-3.627382670784715e-15,64.3,-3.145486211302101e-15,0,0,0,7.420104166666647,7.420104166666647,0.0,1,0,0,0,0.0,0.0,70.0,80.0,70.0,81.3816800795732,22.60602224432589,1.2531648431142055,1.2573469572294058,1.680230280013262,5,1,85.90288452843838,-18.6183199204268,-2.3939777556741118,81.3816800795732,90.42408897730355,0,0,0.7926909647928108,1.6092981671881983,100.0,25.0,2.253017434063478,55.925000000000004,70.075,11.185,16.814999999999998,2.5033527045149757,0.4841269841269841,1.4444444444444444,1,5,2.3080017881090744,5,0.2503352704514975,0.7567567567567568,1.12,1.3333333333333337,1.1265087170317387,1.0,106.75,0.0,0.0,125.0,True,False,107.0,91.0,100.0,39.36357142857144,0,125.0,27.67854880516591,0,0,0,0,1,11059,0.988734912829683,0,0,0,18.0,0,0.0,0.0,0.0112650871703173,1069.3950000000002,1789.0,31.0,0.6510534406365855,3,1568.0
Lags 1,0.937326776933393,2025-4,6,28.154720744680848,28.15472074468085,28.15472074468085,-1.3488542533772615e-15,32.6,-3.003278291787231e-16,-6.929659921216828e-16,7.100000000000001,27.67854880516591,27.67854880516591,28.0,30.0,26.0,0.1547207446808514,0.1547207446808514,3.891802844472395e-15,1,0,77.42010416666665,-3.2804718226432046e-15,22.5,86.8,-5.226196707538049e-15,64.3,-1.2637676618891283e-15,0,0,0,7.420104166666647,7.420104166666647,0.0,1,0,0,0,0.0,0.0,70.0,80.0,70.0,104.28001450852376,22.669568371418208,1.002811026478056,1.2566875226695684,1.2608813928182807,6,1,71.00732526920413,-30.71998549147624,-12.330431628581792,77.24445519149909,64.77019534690916,0,0,0.752326825465177,2.056325435851587,135.0,35.0,2.3394427060050664,67.11,89.89,11.185,19.815,2.7715690657130083,0.3885350318471338,1.1592356687898089,1,6,2.3080017881090744,6,0.2771569065713009,1.1071428571428574,0.837837837837838,1.2400000000000004,1.4036656236030398,1.0,106.75,0.0,0.0,145.0,True,False,125.0,107.0,100.0,39.36357142857144,0,145.0,27.678548805165914,0,0,0,0,1,11028,0.98596334376397,0,0,0,20.0,0,0.0,0.0,0.0140366562360303,1069.3950000000002,1789.0,31.0,0.6528835690968444,4,1568.0
Lags 1,0.937326776933393,2025-4,7,28.154720744680848,28.15472074468085,28.15472074468085,-3.895921039444663e-16,32.6,1.656277457553702e-15,1.2138620989631208e-15,7.100000000000001,27.67854880516591,27.67854880516591,28.0,30.0,26.0,0.1547207446808514,0.1547207446808514,3.837369354665453e-15,1,0,77.42010416666665,2.54453727244602e-15,22.5,86.8,2.9813600726655495e-15,64.3,-1.585001016368459e-15,0,0,0,7.420104166666647,7.420104166666647,0.0,1,0,0,0,0.0,0.0,70.0,80.0,70.0,127.23802599291102,22.721076070162685,1.0022721076070162,1.0050895210397166,1.2595428519494685,7,1,69.88162892167682,-42.76197400708898,-12.278923929837315,74.84589764288884,64.91736020046481,0,0,0.7137406998029656,2.503352704514976,170.0,35.0,2.32454179704962,78.295,103.705,11.185,13.815,2.235136343316942,0.3351648351648351,1.0,1,7,2.3080017881090744,7,0.2235136343316942,0.8064516129032255,0.8928571428571428,0.6756756756756757,1.6271792579347342,1.0,101.0,-66.0,-39.52095808383233,101.0,False,False,145.0,125.0,60.47904191616767,39.36357142857144,1,167.0,27.678548805165914,0,0,0,0,1,11003,0.983728207420653,0,0,0,22.0,0,0.0,0.0,0.0162717925793473,1069.3950000000002,1081.9700598802394,31.0,0.6543669908206853,5,1568.0
Lags 1,0.937326776933393,2025-4,8,28.15472074468085,28.15472074468085,28.15472074468085,2.560235073882277e-15,32.6,2.821334018596945e-15,1.5927353798953544e-15,7.100000000000001,27.67854880516591,27.67854880516591,28.0,30.0,26.0,0.1547207446808514,0.1547207446808514,0.0,1,0,77.42010416666665,6.1910039907492395e-15,22.5,86.8,3.730138838203249e-15,64.3,1.0375528248368055e-15,1,1,1,12.420104166666649,12.420104166666649,0.0,0,0,0,0,0.125,0.0,65.0,75.0,65.0,154.75648611743287,27.309968138370504,1.2019663177059623,1.2046973145197997,1.2080837505689577,8,1,62.48189680142343,-65.24351388256713,-22.690031861629496,70.34385732610585,54.61993627674101,0,0,0.6662661589005264,3.039785426911042,220.0,50.0,2.235136343316942,89.48,110.52,11.185,6.815,1.6092981671881983,0.305,0.91,1,8,2.3080017881090744,8,0.1609298167188198,0.72,0.5806451612903224,0.6428571428571428,1.7881090746535535,1.0,101.0,-76.37117903930131,-39.7766557496361,115.62882096069868,False,True,101.0,145.0,60.22334425036389,39.36357142857144,1,192.0,27.67854880516591,0,0,0,0,1,10985,0.982118909253464,0,0,0,25.0,0,0.0,0.0,0.0178810907465355,1069.3950000000002,1077.39562863901,31.0,0.6554392353208921,5,1568.0
Lags 1,0.937326776933393,2025-4,9,28.15472074468085,28.15472074468085,28.15472074468085,1.0383261863092424e-15,32.6,1.926709849426818e-15,5.833989137158367e-16,7.100000000000001,27.67854880516591,27.67854880516591,25.0,28.0,23.0,3.1547207446808514,3.1547207446808514,0.0,0,0,77.42010416666665,2.9175697731988434e-15,22.5,86.8,-6.967445516541836e-16,64.3,2.4487606206954734e-15,2,1,1,12.420104166666649,12.420104166666649,0.0,0,0,0,0,0.2222222222222222,0.0,65.0,75.0,65.0,182.2987877130617,27.344818156959256,1.0012760915139916,1.2035001367240907,1.2062346185397868,9,1,61.10385291863735,-87.7012122869383,-22.655181843040744,67.51806952335619,54.68963631391851,0,0,0.6381552771777835,3.5762181493071075,270.0,50.0,2.1258630109770027,100.665,113.335,11.185,2.8149999999999995,1.2516763522574876,0.2850467289719626,0.8504672897196262,1,9,2.3080017881090744,9,0.1251676352257487,0.7777777777777775,0.5599999999999998,0.4516129032258061,1.9132767098793029,1.0,101.0,-87.98689956331876,-39.99404525605398,132.01310043668124,False,True,115.62882096069868,101.0,60.00595474394602,39.36357142857144,1,220.0,27.67854880516591,0,0,0,1,1,10971,0.980867232901207,1,1,1,28.0,0,0.0,0.1111111111111111,0.019132767098793,1069.3950000000002,1073.5065303691943,31.0,0.6562756357670222,5,1568.0
Lags 1,0.937326776933393,2025-4,10,28.15472074468085,28.15472074468085,28.15472074468085,1.0489235393749254e-15,32.6,4.151382088140757e-16,-1.8871550300651993e-16,7.100000000000001,27.67854880516591,27.67854880516591,25.0,28.0,23.0,3.1547207446808514,3.1547207446808514,0.0,0,0,77.42010416666665,5.929324924733543e-15,22.5,86.8,3.621045517473897e-15,64.3,2.5895147748354023e-15,3,1,1,12.420104166666649,12.420104166666649,0.0,0,0,0,0,0.3,0.0,65.0,75.0,65.0,209.9306316173786,27.38225629791895,1.001369112814896,1.0026469514421323,1.2051478641840088,10,1,54.62621837211104,-120.0693683826214,-32.61774370208105,63.61534291435716,45.63709382986492,0,0,0.6126741472424772,4.112650871703174,330.0,60.0,2.0473848904783187,111.85000000000001,117.14999999999999,11.185,3.815,1.3410818059901652,0.2663755458515284,0.7947598253275109,1,10,2.3080017881090744,10,0.1341081805990165,1.0714285714285716,0.8333333333333333,0.6,2.047384890478319,1.0,101.0,-100.0174672489083,-40.167657529682046,148.9825327510917,False,True,132.01310043668124,115.62882096069868,59.83234247031795,39.36357142857144,1,249.0,27.67854880516591,0,0,0,2,1,10956,0.979526151095217,2,1,1,29.0,0,0.0,0.2,0.0204738489047831,1069.3950000000002,1070.4006067939881,31.0,0.6571741511500547,5,1568.0
Lags 1,0.937326776933393,2025-4,11,28.154720744680848,28.15472074468085,28.15472074468085,1.302138512516356e-15,32.6,9.227997508175206e-16,9.90452133024727e-16,7.100000000000002,27.67854880516591,27.67854880516591,25.0,28.0,23.0,3.1547207446808514,3.1547207446808514,3.7261175413410954e-15,0,0,77.42010416666665,1.130364682040006e-15,22.5,86.8,-4.780300776693633e-15,64.3,2.5869885263541635e-15,4,1,1,12.420104166666649,12.420104166666649,0.0,0,0,0,0,0.36363636363636365,0.0,65.0,75.0,65.0,242.1639404185324,31.98391665905145,1.1680526363885588,1.1696518322215117,1.1711444149989338,11,1,57.69992291055985,-147.8360595814676,-28.01608334094855,62.09331805603395,53.30652776508574,0,0,0.5832946961581288,4.7384890478319175,390.0,60.0,1.966919982118909,123.03500000000001,118.96499999999999,11.185,1.8149999999999995,1.16227089852481,0.2520661157024793,0.7520661157024794,1,11,2.3080017881090744,11,0.116227089852481,0.8666666666666669,0.928571428571429,0.7222222222222223,2.1636119803308,1.0,101.0,-113.707423580786,-40.32178141162625,168.292576419214,False,True,148.9825327510917,132.01310043668124,59.67821858837375,39.36357142857144,1,282.0,27.678548805165914,0,0,0,3,1,10943,0.978363880196692,3,1,1,33.0,0,0.0,0.2727272727272727,0.021636119803308,1069.3950000000002,1067.6433305460064,31.0,0.6579548569862013,5,1568.0
Lags 1,0.937326776933393,2025-4,12,28.154720744680848,28.15472074468085,28.15472074468085,1.3229991297389886e-15,32.6,1.2743436555537021e-15,6.067178005271581e-16,7.100000000000001,27.67854880516591,27.67854880516591,25.0,28.0,23.0,3.1547207446808514,3.1547207446808514,3.710688416924011e-15,0,0,77.42010416666665,-2.675605527985585e-16,22.5,86.8,5.750770099106333e-16,64.3,2.500081457902131e-15,5,1,1,12.420104166666649,12.420104166666649,0.0,0,0,0,0,0.4166666666666667,0.0,65.0,75.0,65.0,283.5711672155141,41.1635565312843,1.2870079974909832,1.5032930845225023,1.5053512623490668,12,1,60.22549333769684,-176.4288327844859,-28.8364434687157,61.64590591641611,58.80508075897757,0,0,0.5562116199013439,5.543138131426017,460.0,70.0,1.8849649828639545,134.22,118.77999999999999,11.185,-0.1850000000000005,0.9834599910594546,0.2411067193675889,0.7193675889328063,1,11,2.3080017881090744,11,0.0983459991059454,0.8461538461538456,0.7333333333333331,0.7857142857142856,2.2619579794367457,0.9166666666666666,101.0,-128.22707423580783,-40.45018114694253,188.77292576419217,False,True,168.292576419214,148.9825327510917,59.54981885305747,39.36357142857144,1,317.0,27.678548805165914,0,0,0,4,1,10932,0.977380420205632,4,1,1,35.0,0,0.0,0.3333333333333333,0.0226195797943674,1069.3950000000002,1065.3462592811982,31.0,0.6586169045005489,5,1568.0
Lags 1,0.937326776933393,2025-4,13,28.259126841243862,28.15472074468085,28.15472074468085,0.0447454699555758,33.5,0.029670329670331435,0.039560439560439684,7.076923076923078,29.166374778894724,29.166374778894724,25.0,28.0,23.0,4.5120000000000005,4.5120000000000005,0.37644153462898244,0,1,77.90101923076921,0.2061064560439588,22.184615384615384,89.5,0.08901098901098939,71.1,0.2241758241758253,6,1,1,18.672,18.672,1.733963922764851,0,0,0,0,0.46153846153846156,0.0,65.0,75.0,65.0,329.70052202582656,45.791739170253685,1.1124339835760295,1.4317114335431032,1.6723143144976644,13,1,59.14766309491101,-210.29947797417344,-34.208260829746315,61.05565222700492,57.23967396281711,0,0,0.5354401360780896,6.437192668752794,540.0,80.0,1.8293731302224818,145.405,120.59499999999998,11.185,1.8149999999999995,1.16227089852481,0.2293233082706766,0.6842105263157895,1,12,2.3080017881090744,11,0.116227089852481,1.1818181818181823,1.0,0.8666666666666669,2.378185069289227,0.9230769230769231,101.0,-143.99126637554582,-40.56092010578756,211.00873362445415,False,True,188.77292576419217,168.292576419214,59.43907989421244,39.36357142857144,1,355.0,27.792996956991207,0,0,0,5,1,10919,0.976218149307108,5,1,1,38.0,0,0.0,0.38461538461538464,0.0237818506928922,1069.3950000000002,1063.3651393074604,31.0,0.6594010440516531,5,1568.0
Lags 1,0.937326776933393,2025-4,14,28.23393085106383,29.512,28.15472074468085,0.025717979892446657,32.5,0.01890109890109746,0.04329670329670318,7.0357142857142865,29.166374778894724,27.66589013163657,25.0,28.0,23.0,2.9063829787234,2.9063829787234,0.37375838036147235,1,1,78.63787651975682,0.4596280804302059,21.721428571428568,91.7,0.20527472527472354,76.0,0.4986813186813177,7,1,1,23.217021276595705,23.217021276595705,3.221299875399309,0,0,0,0,0.5,0.0,65.0,75.0,65.0,384.967919340055,54.99541704857928,1.2009899175068746,1.3360219981668195,1.7194709964645802,14,1,61.10601894286587,-245.032080659945,-35.00458295142072,61.10601894286587,61.10601894286587,0,0,0.5150859853085439,7.510058113544926,630.0,90.0,1.7561785554633116,156.59,118.40999999999998,11.185,-2.1850000000000005,0.8046490835940993,0.2218181818181818,0.6618181818181819,1,12,2.3080017881090744,11,0.0804649083594099,0.6923076923076922,0.8181818181818186,0.6923076923076922,2.458649977648637,0.8571428571428571,101.0,-160.99999999999997,-40.65656565656565,235.00000000000003,False,False,211.00873362445415,188.77292576419217,59.34343434343435,39.36357142857144,1,396.0,27.783917898037306,0,0,0,5,1,10910,0.975413500223514,5,1,0,41.0,0,0.0,0.35714285714285715,0.0245864997764863,1069.3950000000002,1061.6540404040406,31.0,0.6599450045829515,5,1568.0
Lags 1,0.937326776933393,2025-4,15,28.102039164696613,27.9063829787234,29.512,-0.02856352372509123,26.8,-0.1310714285714273,0.039642857142856966,6.633333333333335,29.166374778894724,26.0788580147955,25.0,28.0,23.0,1.255555555555599,1.255555555555599,0.625018674318791,1,1,79.46572178881007,0.6838897912445155,20.333333333333332,91.5,0.2707142857142874,90.6,1.0296428571428595,8,1,1,31.0555555555556,31.0555555555556,4.462677634143042,0,0,0,0,0.5333333333333333,0.0,60.0,70.0,60.0,449.7475906379073,64.24965580541533,1.1682729080618022,1.40308398347866,1.5608383050328898,15,1,66.92672479730763,-270.2524093620927,-25.75034419458467,62.46494314415379,71.38850645046148,0,0,0.4973595691159964,8.761734465802414,720.0,90.0,1.7285054388317684,167.775,122.22499999999998,11.185,3.815,1.3410818059901652,0.2103448275862069,0.6275862068965518,1,13,2.3080017881090744,11,0.1341081805990165,1.6666666666666663,1.1538461538461535,1.3636363636363642,2.592758158247653,0.8666666666666667,101.0,-162.42541436464086,-36.99895543613687,276.57458563535914,False,True,235.00000000000003,211.00873362445415,63.00104456386313,39.36357142857144,1,439.0,27.670247239154516,0,0,0,5,1,10895,0.974072418417524,5,1,0,43.0,0,0.0,0.3333333333333333,0.0259275815824765,1069.3950000000002,1127.0886872475114,31.0,0.6608536025699863,5,1568.0
Lags 1,0.937326776933393,2025-4,16,28.10533176344563,26.2555555555556,27.9063829787234,-0.02236080821512934,32.6,-0.1005882352941176,0.029705882352941384,6.662500000000001,29.166374778894724,27.67854880516591,22.0,25.0,19.0,6.154720744680851,6.154720744680851,0.6039690221099284,0,1,79.3378706874261,0.5180794393599688,20.46875,86.8,0.2048529411764748,64.3,0.782058823529412,9,1,1,17.420104166666647,17.420104166666647,4.341581127638101,0,0,0,0,0.5625,0.0,60.0,70.0,60.0,519.2537450601967,68.92748828232699,1.0728071211942178,1.2533314952669792,1.5052384891094568,16,1,66.12555786434622,-300.7462549398033,-31.07251171767301,63.32362744636545,68.92748828232699,0,0,0.4833546242556309,10.102816271792578,820.0,100.0,1.6987036209208761,178.96,125.03999999999999,11.185,2.8149999999999995,1.2516763522574876,0.2006578947368421,0.5986842105263158,1,14,2.3080017881090744,11,0.1251676352257487,0.9333333333333332,1.555555555555555,1.0769230769230764,2.717925793473402,0.875,101.0,-163.9834254143646,-33.74144555851124,322.0165745856354,False,True,276.57458563535914,235.00000000000003,66.25855444148876,39.36357142857144,1,486.0,27.670766087030227,0,0,0,6,1,10881,0.972820742065266,6,1,1,47.0,0,0.0,0.375,0.027179257934734,1069.3950000000002,1185.3655389582339,31.0,0.6617038875103392,5,1568.0
Lags 1,0.937326776933393,2025-4,17,28.108236997635938,28.15472074468085,26.2555555555556,-0.017665595449171876,32.6,-0.07769607843137111,0.02230392156862731,6.688235294117648,29.166374778894724,27.67854880516591,22.0,25.0,19.0,6.154720744680851,6.154720744680851,0.5849131602178701,0,1,79.22506089208731,0.3941296010203768,20.58823529411765,86.8,0.15563725490196212,64.3,0.596813725490195,10,1,1,17.420104166666647,17.420104166666647,4.229371894098026,0,0,0,0,0.5882352941176471,0.0,60.0,70.0,60.0,589.1558501334806,69.04170118751726,1.0016570008285004,1.074584763482858,1.2554082665930222,17,1,66.54019027492606,-330.8441498665194,-30.958298812482735,64.03867936233485,69.04170118751726,0,0,0.47249915379427404,11.443898077782745,920.0,100.0,1.6934444765836598,190.145,131.855,11.185,6.815,1.6092981671881983,0.1894409937888198,0.5652173913043478,1,15,2.3080017881090744,11,0.1609298167188198,1.2857142857142865,1.2000000000000002,2.0,2.878855610192222,0.8823529411764706,101.0,-165.60773480662976,-30.954716786285932,369.39226519337024,False,True,322.0165745856354,276.57458563535914,69.04528321371406,39.36357142857144,1,535.0,27.671223893979384,0,0,0,7,1,10863,0.971211443898078,7,1,1,49.0,0,0.0,0.4117647058823529,0.0287885561019222,1069.3950000000002,1235.2201166933446,31.0,0.6628003314001657,5,1568.0
Lags 1,0.937326776933393,2025-4,18,28.11081942802732,28.15472074468085,28.15472074468085,-0.014060786570443809,32.6,-0.06026831785345658,0.01671826625387037,6.711111111111112,29.166374778894724,27.67854880516591,22.0,25.0,19.0,6.154720744680851,6.154720744680851,0.5675548782812913,0,1,79.12478551845282,0.30023270392205637,20.694444444444443,86.8,0.11836945304437697,64.3,0.4563467492260061,11,1,1,17.420104166666647,17.420104166666647,4.125090102174503,0,0,0,0,0.6111111111111112,0.0,60.0,70.0,60.0,663.411038422556,73.71233760250622,1.0676494978347002,1.0694185939371603,1.147279883113293,18,1,65.71002734203998,-366.588961577444,-36.287662397493776,64.40883868180156,67.01121600227839,0,0,0.46048918587267257,12.874385337505588,1030.0,110.0,1.649033924402722,201.33,130.67,11.185,-1.1850000000000005,0.8940545373267769,0.1837349397590361,0.5481927710843374,1,15,2.3080017881090744,11,0.0894054537326776,0.555555555555555,0.714285714285714,0.6666666666666662,2.9682610639249,0.8333333333333334,101.0,-167.29834254143643,-28.549205211849227,418.7016574585636,False,True,369.39226519337024,322.0165745856354,71.45079478815077,39.36357142857144,1,586.0,27.671630833489747,0,0,0,8,1,10853,0.970317389360751,8,1,1,51.0,0,0.0,0.4444444444444444,0.0296826106392489,1069.3950000000002,1278.2547187600176,31.0,0.663411038422556,5,1568.0
Lags 1,0.937326776933393,2025-4,19,28.113130023640668,28.15472074468085,28.15472074468085,-0.011258489900874738,32.6,-0.04684210526315794,0.012456140350876943,6.731578947368422,29.166374778894724,27.67854880516591,22.0,25.0,19.0,6.154720744680851,6.154720744680851,0.5516561461760893,0,1,79.03506544730618,0.22828177698975397,20.789473684210527,86.8,0.08982456140350706,64.3,0.3485964912280677,12,1,1,17.420104166666647,17.420104166666647,4.027897551569759,0,0,0,0,0.631578947368421,0.0,60.0,70.0,60.0,747.3703635357077,83.04115150396753,1.1265570215906997,1.2027680383834656,1.204761026019561,19,1,70.52537986580974,-392.6296364642923,-26.958848496032477,65.55880381892173,75.49195591269775,0,0,0.4483194473301638,14.483683504693786,1140.0,110.0,1.632825918170482,212.51500000000001,134.48499999999999,11.185,3.815,1.3410818059901652,0.1757925072046109,0.5244956772334294,1,16,2.3080017881090744,11,0.1341081805990165,1.500000000000001,0.8333333333333333,1.0714285714285716,3.102369244523916,0.8421052631578947,101.0,-169.12154696132598,-26.384016686634315,471.878453038674,False,True,418.7016574585636,369.39226519337024,73.61598331336569,39.36357142857144,1,641.0,27.671994937262177,0,0,0,9,1,10838,0.968976307554761,9,1,1,55.0,0,0.0,0.47368421052631576,0.0310236924452391,1069.3950000000002,1316.9899414761119,31.0,0.6643292120317402,5,1568.0
Lags 1,0.937326776933393,2025-4,20,28.115209559692676,28.15472074468085,28.15472074468085,-0.009055981043033547,32.6,-0.03639097744360897,0.009172932330826654,6.75,29.166374778894724,27.67854880516591,22.0,25.0,19.0,6.154720744680851,6.154720744680851,0.537023196780284,0,1,78.9543173832742,0.17259921912494064,20.875,86.8,0.06774436090225379,64.3,0.2651127819548843,13,1,1,17.420104166666647,17.420104166666647,3.9370637689046797,0,0,0,0,0.65,0.0,60.0,70.0,60.0,840.258541089566,92.33610341643583,1.1119318764748127,1.2526546629732225,1.3373961218836563,20,1,71.81696932389454,-419.741458910434,-27.663896583564167,66.68718580075921,76.94675284702987,0,0,0.4372632159248672,16.271792579347338,1260.0,120.0,1.5869468037550292,223.70000000000002,131.29999999999998,11.185,-3.1850000000000005,0.7152436298614215,0.1718309859154929,0.5126760563380282,1,16,2.3080017881090744,11,0.0715243629861421,0.5333333333333331,0.8000000000000004,0.4444444444444442,3.173893607510058,0.8,101.0,-171.01104972375686,-24.500150390223045,526.9889502762431,False,True,471.878453038674,418.7016574585636,75.49984960977696,39.36357142857144,1,698.0,27.672322630657362,0,0,0,10,1,10830,0.968261063924899,10,1,1,57.0,0,0.0,0.5,0.0317389360751005,1069.3950000000002,1350.6923095189097,31.0,0.6648199445983379,5,1568.0
Lags 1,0.937326776933393,2025-4,21,28.117091044692113,28.15472074468085,28.15472074468085,-0.0073079422645905365,32.6,-0.028181818181818523,0.006623376623376215,6.766666666666667,29.166374778894724,27.67854880516591,22.0,25.0,19.0,6.154720744680851,6.154720744680851,0.5234964736156064,0,1,78.88125961105479,0.12913811500261058,20.952380952380953,86.8,0.05051948051948037,64.3,0.19987012987013122,14,1,1,17.420104166666647,17.420104166666647,3.8519519420828385,0,0,0,0,0.6666666666666666,0.0,60.0,70.0,60.0,933.1116038433112,92.38728750923872,1.0005543237250554,1.1125482466945882,1.25334903917221,21,1,72.3030945724477,-446.8883961566888,-27.612712490761268,67.61678288719646,76.98940625769895,0,0,0.4291514422036655,18.059901654000893,1380.0,120.0,1.5369223236903164,234.88500000000002,126.11499999999998,11.185,-5.1850000000000005,0.5364327223960661,0.1689750692520775,0.5041551246537396,1,16,2.3080017881090744,11,0.0536432722396066,0.7500000000000002,0.3999999999999999,0.6000000000000004,3.2275368797496644,0.7619047619047619,101.0,-173.0,-22.82321899736148,585.0,False,False,526.9889502762431,471.878453038674,77.17678100263852,50.0,1,758.0,27.672619115157765,0,0,0,11,1,10824,0.967724631202504,11,1,1,60.0,0,0.0,0.5238095238095238,0.0322753687974966,1285.0,1380.6926121372032,31.0,0.6651884700665188,5,1568.0
Lags 2,0.941018766756032,2025-4,1,28.15472074468085,28.15472074468085,28.15472074468085,0.0,32.6,0.0,0.0,7.100000000000001,27.67854880516591,27.67854880516591,30.0,32.0,28.0,1.8452792553191488,-1.8452792553191488,0.0,1,0,77.42010416666665,0.0,22.5,86.8,0.0,64.3,0.0,0,0,0,7.420104166666647,7.420104166666647,0.0,1,0,0,0,0.0,0.0,70.0,80.0,70.0,8.94454382826476,8.94454382826476,3.0,3.0,3.0,1,1,89.44543828264759,-1.0554561717352406,-1.0554561717352406,89.44543828264759,89.44543828264759,0,0,0.0,0.1787310098302055,10.0,10.0,0.8936550491510278,11.19,-1.1899999999999995,11.19,-1.1899999999999995,0.8936550491510278,4.6,15.9,0,0,0.0,0,0.0893655049151027,3.0,3.0,3.0,0.0893655049151027,0.0,106.75,0.0,0.0,64.0,True,False,669.9717991631799,637.6489644351465,100.0,39.36357142857144,0,64.0,27.67854880516591,0,0,0,0,0,11180,0.999106344950849,0,0,0,11.0,0,0.0,0.0,0.000893655049151,1069.3950000000002,1789.0,25.0,0.6440071556350626,0,1594.0
Lags 2,0.941018766756032,2025-4,2,28.15472074468085,28.15472074468085,28.15472074468085,-6.783381100595097e-15,32.6,-6.772789795300852e-15,-4.066460168369259e-15,7.100000000000001,27.67854880516591,27.67854880516591,30.0,32.0,28.0,1.8452792553191488,-1.8452792553191488,0.0,1,0,77.42010416666665,-1.1658284442341368e-14,22.5,86.8,-1.7209744916952118e-14,64.3,-2.2316770830227838e-14,0,0,0,7.420104166666647,7.420104166666647,0.0,1,0,0,0,0.0,0.0,70.0,80.0,70.0,22.40143369175627,13.440860215053764,1.5026881720430108,3.0,3.0,2,1,70.9378733572282,-7.598566308243729,-6.559139784946236,74.67144563918757,67.20430107526883,0,0,1.0587593470992123,0.4468275245755139,30.0,20.0,1.3404825737265416,22.38,7.620000000000001,11.19,8.81,1.7873100983020556,1.5333333333333334,5.3,0,1,0.7873100983020556,1,0.1787310098302055,2.0000000000000013,3.0,3.0,0.2680965147453083,0.5,106.75,0.0,0.0,77.0,True,False,64.0,637.6489644351465,100.0,39.36357142857144,0,77.0,27.67854880516591,0,0,0,0,0,11160,0.997319034852547,0,0,0,13.0,0,0.0,0.0,0.002680965147453,1069.3950000000002,1789.0,25.0,0.6451612903225806,0,1594.0
Lags 2,0.941018766756032,2025-4,3,28.154720744680855,28.15472074468085,28.15472074468085,-1.2895420286198467e-15,32.6,2.30148056710964e-15,2.3936246954295856e-15,7.100000000000001,27.67854880516591,27.67854880516591,30.0,32.0,28.0,1.8452792553191488,-1.8452792553191488,4.351167857633658e-15,1,0,77.42010416666665,1.136476922109094e-14,22.5,86.8,1.802190973325158e-15,64.3,-3.3130325148630877e-15,0,0,0,7.420104166666647,7.420104166666647,0.0,1,0,0,0,0.0,0.0,70.0,80.0,70.0,35.89375448671931,13.460157932519742,1.0014357501794688,1.504845656855707,3.0,3,1,69.54414931801867,-14.10624551328069,-6.539842067480258,71.78750897343862,67.30078966259872,0,0,1.0398281718008886,0.7149240393208222,50.0,20.0,1.370271075364909,33.57,12.430000000000001,11.19,4.8100000000000005,1.4298480786416443,1.0,3.4565217391304346,0,2,0.7873100983020556,2,0.1429848078641644,0.7999999999999999,1.600000000000001,3.0,0.4110813226094728,0.6666666666666666,106.75,0.0,0.0,91.0,True,False,77.0,64.0,100.0,39.36357142857144,0,91.0,27.678548805165907,0,0,0,0,0,11144,0.995889186773905,0,0,0,14.0,0,0.0,0.0,0.0041108132260947,1069.3950000000002,1789.0,25.0,0.6460875807609476,0,1594.0
Lags 2,0.941018766756032,2025-4,4,28.15472074468085,28.15472074468085,28.15472074468085,-4.860576503336004e-15,32.6,-2.22671580167811e-15,-3.4693771706650844e-15,7.100000000000001,27.67854880516591,27.67854880516591,30.0,32.0,28.0,1.8452792553191488,-1.8452792553191488,0.0,1,0,77.42010416666665,-1.0656246691081632e-14,22.5,86.8,-1.1688067064152732e-14,64.3,-8.691606854378891e-15,0,0,0,7.420104166666647,7.420104166666647,0.0,1,0,0,0,0.0,0.0,70.0,80.0,70.0,54.000540005400055,18.000180001800018,1.3372933729337293,1.339213392133921,2.012420124201242,4,1,72.00072000720007,-20.999459994599945,-6.999819998199982,72.00072000720007,72.00072000720007,0,0,0.8846941501280403,1.0723860589812333,75.0,25.0,1.76496872207328,44.76,34.24,11.19,21.81,2.949061662198392,0.5822784810126582,2.0126582278481013,0,3,1.949061662198392,3,0.2949061662198391,2.0625000000000004,1.65,3.0,0.7059874888293118,0.75,106.75,0.0,0.0,107.0,True,False,91.0,77.0,100.0,39.36357142857144,0,107.0,27.67854880516591,0,0,0,0,0,11111,0.992940125111707,0,0,0,16.0,0,0.0,0.0,0.0070598748882931,1069.3950000000002,1789.0,25.0,0.6480064800648007,1,1594.0
Lags 2,0.941018766756032,2025-4,5,28.15472074468085,28.15472074468085,28.15472074468085,-3.371434273386755e-15,32.6,-3.764398267022435e-15,-4.80122207299609e-16,7.100000000000001,27.67854880516591,27.67854880516591,28.0,30.0,26.0,0.1547207446808514,0.1547207446808514,0.0,1,0,77.42010416666665,-4.822292063407377e-15,22.5,86.8,-3.627382670784715e-15,64.3,-3.145486211302101e-15,0,0,0,7.420104166666647,7.420104166666647,0.0,1,0,0,0,0.0,0.0,70.0,80.0,70.0,72.22172068249526,18.05543017062381,1.003069423129006,1.3413980921428783,1.3433240046944117,5,1,72.22172068249526,-27.77827931750474,-6.944569829376185,72.22172068249526,72.22172068249526,0,0,0.8288927497531994,1.4298480786416443,100.0,25.0,2.0196604110813228,55.949999999999996,57.05,11.19,22.81,3.038427167113494,0.4070796460176991,1.407079646017699,0,4,2.038427167113494,4,0.3038427167113494,1.0303030303030305,2.1250000000000004,1.7,1.0098302055406614,0.8,106.75,0.0,0.0,125.0,True,False,107.0,91.0,100.0,39.36357142857144,0,125.0,27.67854880516591,0,0,0,0,1,11077,0.989901697944594,0,0,0,18.0,0,0.0,0.0,0.0100983020554066,1069.3950000000002,1789.0,25.0,0.6499954861424574,2,1594.0
Lags 2,0.941018766756032,2025-4,6,28.154720744680848,28.15472074468085,28.15472074468085,-1.3488542533772615e-15,32.6,-3.003278291787231e-16,-6.929659921216828e-16,7.100000000000001,27.67854880516591,27.67854880516591,28.0,30.0,26.0,0.1547207446808514,0.1547207446808514,3.891802844472395e-15,1,0,77.42010416666665,-3.2804718226432046e-15,22.5,86.8,-5.226196707538049e-15,64.3,-1.2637676618891283e-15,0,0,0,7.420104166666647,7.420104166666647,0.0,1,0,0,0,0.0,0.0,70.0,80.0,70.0,95.06564056133998,22.634676324128566,1.253621548211861,1.2574694431869624,1.6816055530405916,6,1,67.54474839581223,-39.93435943866002,-12.365323675871434,70.41899300839998,64.67050378322448,0,0,0.7524739355443933,1.8766756032171583,135.0,35.0,2.15966636878165,67.14,77.86,11.19,20.81,2.8596961572832886,0.3172413793103448,1.096551724137931,1,5,2.038427167113494,5,0.2859696157283288,0.9411764705882352,0.9696969696969696,2.0,1.2957998212689903,0.8333333333333334,106.75,0.0,0.0,145.0,True,False,125.0,107.0,100.0,39.36357142857144,0,145.0,27.678548805165914,0,0,0,0,1,11045,0.98704200178731,0,0,0,20.0,0,0.0,0.0,0.0129579982126899,1069.3950000000002,1789.0,25.0,0.6518786781349026,3,1594.0
Lags 2,0.941018766756032,2025-4,7,28.154720744680848,28.15472074468085,28.15472074468085,-3.895921039444663e-16,32.6,1.656277457553702e-15,1.2138620989631208e-15,7.100000000000001,27.67854880516591,27.67854880516591,28.0,30.0,26.0,0.1547207446808514,0.1547207446808514,3.837369354665453e-15,1,0,77.42010416666665,2.54453727244602e-15,22.5,86.8,2.9813600726655495e-15,64.3,-1.585001016368459e-15,0,0,0,7.420104166666647,7.420104166666647,0.0,1,0,0,0,0.0,0.0,70.0,80.0,70.0,117.84969631039796,22.663403136615,1.0012691505756504,1.2552125827214216,1.259065361254646,7,1,67.03796558057545,-52.150303689602026,-12.336596863385004,69.32335077082233,64.75258039032856,0,0,0.7139670199312713,2.323503127792672,170.0,35.0,2.0298736116430485,78.33,80.67,11.19,2.8100000000000005,1.2511170688114388,0.2893081761006289,1.0,1,6,2.038427167113494,6,0.1251117068811438,0.4374999999999999,0.4117647058823527,0.424242424242424,1.420911528150134,0.8571428571428571,101.0,-66.0,-39.52095808383233,101.0,False,False,145.0,125.0,60.47904191616767,39.36357142857144,1,167.0,27.678548805165914,0,0,0,0,1,11031,0.985790884718499,0,0,0,22.0,0,0.0,0.0,0.0142091152815013,1069.3950000000002,1081.9700598802394,25.0,0.6527060103345118,3,1594.0
Lags 2,0.941018766756032,2025-4,8,28.15472074468085,28.15472074468085,28.15472074468085,2.560235073882277e-15,32.6,2.821334018596945e-15,1.5927353798953544e-15,7.100000000000001,27.67854880516591,27.67854880516591,28.0,30.0,26.0,0.1547207446808514,0.1547207446808514,0.0,1,0,77.42010416666665,6.1910039907492395e-15,22.5,86.8,3.730138838203249e-15,64.3,1.0375528248368055e-15,1,1,1,12.420104166666649,12.420104166666649,0.0,0,0,0,0,0.125,0.0,65.0,75.0,65.0,145.28284754381187,27.240533914464724,1.2019613184418414,1.2034867883410514,1.508716970852629,8,1,60.2593629016947,-74.71715245618813,-22.75946608553528,66.03765797445995,54.481067828929454,0,0,0.6664653987648029,2.8596961572832886,220.0,50.0,1.977211796246649,89.52,87.47999999999999,11.19,6.8100000000000005,1.6085790884718498,0.2598870056497175,0.8983050847457628,1,7,2.038427167113494,7,0.1608579088471849,1.2857142857142856,0.5624999999999998,0.5294117647058821,1.5817694369973192,0.875,101.0,-75.49781659388645,-39.32177947598253,116.50218340611356,False,True,101.0,145.0,60.67822052401747,39.36357142857144,1,192.0,27.67854880516591,0,0,0,0,1,11013,0.984182305630027,0,0,0,25.0,0,0.0,0.0,0.0158176943699731,1069.3950000000002,1085.5333651746726,25.0,0.6537728139471534,3,1594.0
Lags 2,0.941018766756032,2025-4,9,28.15472074468085,28.15472074468085,28.15472074468085,1.0383261863092424e-15,32.6,1.926709849426818e-15,5.833989137158367e-16,7.100000000000001,27.67854880516591,27.67854880516591,25.0,28.0,23.0,3.1547207446808514,3.1547207446808514,0.0,0,0,77.42010416666665,2.9175697731988434e-15,22.5,86.8,-6.967445516541836e-16,64.3,2.4487606206954734e-15,2,1,1,12.420104166666649,12.420104166666649,0.0,0,0,0,0,0.2222222222222222,0.0,65.0,75.0,65.0,172.72727272727272,27.272727272727277,1.0011818181818182,1.203381818181818,1.204909090909091,9,1,59.25925925925925,-97.27272727272728,-22.727272727272727,63.97306397306397,54.54545454545454,0,0,0.6383317965428819,3.3958891867739056,270.0,50.0,1.886605103763281,100.71,89.28999999999999,11.19,1.8100000000000005,1.161751563896336,0.2421052631578947,0.8368421052631579,1,8,2.038427167113494,8,0.1161751563896336,0.7222222222222227,0.928571428571429,0.4062500000000001,1.6979445933869526,0.8888888888888888,101.0,-86.13537117903928,-39.15244144501786,133.86462882096072,False,True,116.50218340611356,101.0,60.84755855498214,39.36357142857144,1,220.0,27.67854880516591,0,0,0,1,1,11000,0.98302055406613,1,1,1,28.0,0,0.0,0.1111111111111111,0.0169794459338695,1069.3950000000002,1088.5628225486307,25.0,0.6545454545454545,3,1594.0
Lags 2,0.941018766756032,2025-4,10,28.15472074468085,28.15472074468085,28.15472074468085,1.0489235393749254e-15,32.6,4.151382088140757e-16,-1.8871550300651993e-16,7.100000000000001,27.67854880516591,27.67854880516591,25.0,28.0,23.0,3.1547207446808514,3.1547207446808514,0.0,0,0,77.42010416666665,5.929324924733543e-15,22.5,86.8,3.621045517473897e-15,64.3,2.5895147748354023e-15,3,1,1,12.420104166666649,12.420104166666649,0.0,0,0,0,0,0.3,0.0,65.0,75.0,65.0,209.4526910117476,36.42655495856479,1.3356403484807091,1.3372188325289136,1.607285310991713,10,1,62.09071867937181,-120.54730898825244,-23.573445041435207,63.4705124278023,60.71092493094133,0,0,0.6019064102491047,4.110813226094727,330.0,60.0,1.867739052725648,111.89999999999999,97.1,11.19,7.81,1.6979445933869528,0.2200956937799043,0.7607655502392344,1,9,2.038427167113494,9,0.1697944593386952,1.4615384615384608,1.0555555555555556,1.3571428571428572,1.867739052725648,0.9,101.0,-97.1528384279476,-39.01720418793076,151.8471615720524,False,True,133.86462882096072,116.50218340611356,60.98279581206925,39.36357142857144,1,249.0,27.67854880516591,0,0,0,2,1,10981,0.981322609472744,2,1,1,29.0,0,0.0,0.2,0.0186773905272564,1069.3950000000002,1090.982217077919,25.0,0.6556779892541663,3,1594.0
Lags 2,0.941018766756032,2025-4,11,28.154720744680848,28.15472074468085,28.15472074468085,1.302138512516356e-15,32.6,9.227997508175206e-16,9.90452133024727e-16,7.100000000000002,27.67854880516591,27.67854880516591,25.0,28.0,23.0,3.1547207446808514,3.1547207446808514,3.7261175413410954e-15,0,0,77.42010416666665,1.130364682040006e-15,22.5,86.8,-4.780300776693633e-15,64.3,2.5869885263541635e-15,4,1,1,12.420104166666649,12.420104166666649,0.0,0,0,0,0,0.36363636363636365,0.0,65.0,75.0,65.0,246.1931248290325,36.47305553022704,1.001276556943558,1.3373453694416582,1.3389258685146348,11,1,61.95743407378312,-143.80687517096746,-23.52694446977296,63.1264422638545,60.78842588371174,0,0,0.5813869817088957,4.82573726541555,390.0,60.0,1.8116825087334474,123.08999999999999,99.91,11.19,2.8100000000000005,1.2511170688114388,0.2062780269058296,0.7130044843049327,1,10,2.038427167113494,10,0.1251117068811438,0.7368421052631579,1.0769230769230764,0.7777777777777778,1.992850759606792,0.9090909090909091,101.0,-109.68995633187774,-38.89714763541764,172.31004366812226,False,True,151.8471615720524,133.86462882096072,61.10285236458236,39.36357142857144,1,282.0,27.678548805165914,0,0,0,3,1,10967,0.980071492403932,3,1,1,33.0,0,0.0,0.2727272727272727,0.0199285075960679,1069.3950000000002,1093.1300288023785,25.0,0.6565149995440868,3,1594.0
Lags 2,0.941018766756032,2025-4,12,28.154720744680848,28.15472074468085,28.15472074468085,1.3229991297389886e-15,32.6,1.2743436555537021e-15,6.067178005271581e-16,7.100000000000001,27.67854880516591,27.67854880516591,25.0,28.0,23.0,3.1547207446808514,3.1547207446808514,3.710688416924011e-15,0,0,77.42010416666665,-2.675605527985585e-16,22.5,86.8,5.750770099106333e-16,64.3,2.500081457902131e-15,5,1,1,12.420104166666649,12.420104166666649,0.0,0,0,0,0,0.4166666666666667,0.0,65.0,75.0,65.0,292.23744292237444,45.662100456621005,1.2519406392694064,1.253538812785388,1.67427701674277,12,1,64.38072548852776,-167.76255707762556,-24.337899543378995,63.52987889616836,65.23157208088715,0,0,0.5547986671591802,5.719392314566577,460.0,70.0,1.7873100983020558,134.28,105.72,11.19,5.8100000000000005,1.519213583556747,0.1916666666666666,0.6625,1,11,2.038427167113494,11,0.1519213583556747,1.2142857142857149,0.8947368421052634,1.3076923076923077,2.1447721179624666,0.9166666666666666,101.0,-122.9868995633188,-38.797129199785104,194.0131004366812,False,True,172.31004366812226,151.8471615720524,61.202870800214896,39.36357142857144,1,317.0,27.678548805165914,0,0,0,4,1,10950,0.978552278820375,4,1,1,35.0,0,0.0,0.3333333333333333,0.0214477211796246,1069.3950000000002,1094.9193586158444,25.0,0.6575342465753424,3,1594.0
Lags 2,0.941018766756032,2025-4,13,28.2632333501196,28.15472074468085,28.15472074468085,0.04650540233089391,34.2,0.05274725274725351,-0.003296703296702827,7.230769230769232,29.12274433490871,29.12274433490871,25.0,28.0,23.0,4.565384615384598,4.565384615384598,0.3912477629436048,0,1,77.5682618343195,0.06349614327979987,22.430769230769233,84.6,-0.0725274725274708,63.0,-0.04285714285714259,6,1,1,14.346153846153795,14.346153846153795,0.5341900675755309,0,0,0,0,0.46153846153846156,0.0,65.0,75.0,65.0,338.3630544124371,45.72473708276178,1.0013717421124828,1.2536579789666211,1.2552583447645178,13,1,59.907873122322144,-201.63694558756288,-34.27526291723822,62.65982489119206,57.15592135345222,0,0,0.5386763920747895,6.613047363717605,540.0,80.0,1.7529387502577856,145.47,109.53,11.19,3.810000000000001,1.3404825737265416,0.1803921568627451,0.6235294117647059,1,12,2.038427167113494,12,0.1340482573726541,0.8823529411764703,1.0714285714285716,0.7894736842105263,2.278820375335121,0.9230769230769231,101.0,-137.4235807860262,-38.71086782704963,217.5764192139738,False,True,194.0131004366812,172.31004366812226,61.28913217295037,39.36357142857144,1,355.0,27.78964076899228,0,0,0,5,1,10935,0.977211796246649,5,1,1,38.0,0,0.0,0.38461538461538464,0.0227882037533512,1069.3950000000002,1096.462574574082,25.0,0.6584362139917695,3,1594.0
Lags 2,0.941018766756032,2025-4,14,28.26266805003507,29.5653846153846,28.15472074468085,0.03697820183090169,32.8,0.04439560439560275,0.023296703296702175,7.171428571428573,29.12274433490871,27.92288528370301,25.0,28.0,23.0,3.2553191489361986,3.2553191489361986,0.37590464265271767,0,2,78.02873553308392,0.2349863941295978,21.685714285714287,86.6,-0.058901098901100846,74.6,0.26285714285714107,7,1,1,19.0148936170212,19.0148936170212,1.7977521284551015,0,0,0,0,0.5,0.0,65.0,75.0,65.0,402.74599542334096,64.07322654462243,1.4012814645308924,1.4032036613272312,1.7567276887871854,14,1,67.56020485997603,-227.25400457665904,-25.92677345537757,63.927935781482695,71.19247393846936,0,0,0.5182587325131801,7.864164432529045,630.0,90.0,1.6915613430358742,156.66,108.34,11.19,-1.1899999999999995,0.8936550491510278,0.1735849056603773,0.6,1,12,2.038427167113494,12,0.0893655049151027,0.6666666666666664,0.5882352941176466,0.7142857142857141,2.368185880250224,0.8571428571428571,101.0,-153.0,-38.63636363636363,243.0,False,False,217.5764192139738,194.0131004366812,61.36363636363637,39.36357142857144,1,396.0,27.79915823432876,0,0,0,6,1,10925,0.976318141197498,6,1,1,41.0,0,0.0,0.42857142857142855,0.0236818588025022,1069.3950000000002,1097.7954545454545,25.0,0.6590389016018307,3,1594.0
Lags 2,0.941018766756032,2025-4,15,28.353449529626225,28.2553191489362,29.5653846153846,0.06408784383429224,33.2,0.04785714285714405,0.04250000000000054,7.1400000000000015,29.212311949795623,29.212311949795623,25.0,28.0,23.0,4.6243902439024005,4.6243902439024005,0.5048071826026912,0,3,78.20828324551245,0.2582568373910057,21.30666666666667,86.6,-0.04857142857142683,70.6,0.35499999999999965,8,1,1,20.721951219512107,20.721951219512107,1.8667143655898084,0,0,0,0,0.5333333333333333,0.0,60.0,70.0,60.0,467.33253917346286,64.14368184733804,1.001099605974526,1.402822322001283,1.404746632456703,15,1,68.08902735778938,-252.66746082653717,-25.85631815266196,64.90729710742539,71.27075760815337,0,0,0.5056023563902217,9.115281501340483,720.0,90.0,1.650282990765565,167.85,109.15,11.19,0.8100000000000005,1.0723860589812333,0.1660649819494584,0.5740072202166066,1,13,2.038427167113494,12,0.1072386058981233,1.2000000000000006,0.8000000000000002,0.7058823529411764,2.4754244861483468,0.8666666666666667,101.0,-154.30662983425412,-35.14957399413534,284.6933701657459,False,True,243.0,217.5764192139738,64.85042600586466,39.36357142857144,1,439.0,27.893368482026553,0,0,0,7,1,10913,0.975245755138516,7,1,1,43.0,0,0.0,0.4666666666666667,0.0247542448614834,1069.3950000000002,1160.1741212449188,25.0,0.6597635847154769,3,1594.0
Lags 2,0.941018766756032,2025-4,16,28.48296607688173,29.6243902439024,28.2553191489362,0.09848994689488985,34.3,0.07338235294117706,0.07867647058823572,7.112500000000001,29.957350581742396,29.957350581742396,22.0,25.0,19.0,8.4257142857143,8.4257142857143,0.7115013574884541,0,4,78.22383697123935,0.2181716516373803,21.1,85.6,-0.06264705882352868,67.6,0.34264705882353025,9,1,1,18.4571428571428,18.4571428571428,1.804490246208941,0,0,0,0,0.5625,0.0,60.0,70.0,60.0,536.7464905037159,68.81365262868152,1.0728048444811449,1.0739845070976366,1.5049545829892648,16,1,67.13527085725028,-283.2535094962841,-31.18634737131848,65.45688908581901,68.81365262868152,0,0,0.49136684583770857,10.455764075067025,820.0,100.0,1.6253351206434319,179.04,111.96,11.19,2.8100000000000005,1.2511170688114388,0.1580756013745704,0.5463917525773195,1,14,2.038427167113494,12,0.1251117068811438,1.1666666666666663,1.4000000000000004,0.9333333333333332,2.6005361930294906,0.875,101.0,-155.73480662983422,-32.04419889502762,330.2651933701658,False,True,284.6933701657459,243.0,67.95580110497238,39.36357142857144,1,486.0,28.02236736325879,0,0,0,8,1,10899,0.973994638069705,8,1,1,47.0,0,0.0,0.5,0.0260053619302949,1069.3950000000002,1215.7292817679559,25.0,0.6606110652353427,3,1594.0
Lags 2,0.941018766756032,2025-4,17,28.601615131182804,30.4257142857143,29.6243902439024,0.1216246405127666,32.7,0.05808823529411857,0.09803921568627537,7.005882352941177,30.05765358299302,30.05765358299302,22.0,25.0,19.0,8.5,8.5,0.8449341470329728,0,5,78.30565278954015,0.209081649131418,20.65294117647059,85.6,-0.07107843137254481,72.1,0.41568627450980367,10,1,1,19.614705882352894,19.614705882352894,1.7794573783133008,0,0,0,0,0.5882352941176471,0.0,60.0,70.0,60.0,610.7641440117561,73.47538574577517,1.0677443056576048,1.1454812637766347,1.146740841817991,17,1,69.93139635178738,-309.2358559882439,-26.52461425422483,66.38740695779958,73.47538574577517,0,0,0.47836118526749183,11.885612153708667,920.0,100.0,1.587551910844767,190.23,111.77,11.19,-0.1899999999999995,0.9830205540661304,0.152317880794702,0.5264900662251656,1,14,2.038427167113494,12,0.098302055406613,0.7857142857142858,0.9166666666666664,1.1000000000000003,2.6988382484361035,0.8235294117647058,101.0,-157.22375690607737,-29.38761811328549,377.7762430939226,False,True,330.2651933701658,284.6933701657459,70.61238188671452,39.36357142857144,1,535.0,28.142090082066687,0,0,0,9,1,10888,0.973011617515639,9,1,1,49.0,0,0.0,0.5294117647058824,0.026988382484361,1069.3950000000002,1263.2555119533224,25.0,0.6612784717119765,3,1594.0
Lags 2,0.941018766756032,2025-4,18,28.672080957228204,30.5,30.4257142857143,0.12467311602508682,31.5,0.02528379772961796,0.11341589267285847,6.833333333333334,30.05765358299302,29.50602033923804,22.0,25.0,19.0,7.870000000000001,7.870000000000001,0.8725231091858597,0,6,78.56228319012125,0.25710993629417306,19.727777777777778,85.1,-0.0845201238390093,81.1,0.6175438596491224,11,1,1,22.925,22.925,2.0409974595118925,0,0,0,0,0.6111111111111112,0.0,60.0,70.0,60.0,689.5917616770872,78.15373299006988,1.063672305994851,1.1357300478116956,1.218416697315189,18,1,68.9997523231472,-340.4082383229128,-31.84626700993012,66.95065647350361,71.0488481727908,0,0,0.46640154545260715,13.404825737265416,1030.0,110.0,1.5589315857412374,201.42,112.58,11.19,0.8100000000000005,1.0723860589812333,0.1464968152866242,0.5063694267515924,1,15,2.038427167113494,12,0.1072386058981233,1.090909090909091,0.8571428571428574,1.0,2.806076854334227,0.8333333333333334,101.0,-158.7734806629834,-27.094450625082487,427.2265193370166,False,True,377.7762430939226,330.2651933701658,72.90554937491751,39.36357142857144,1,586.0,28.21786398524287,0,0,0,10,1,10876,0.971939231456658,10,1,1,51.0,0,0.0,0.5555555555555556,0.0280607685433422,1069.3950000000002,1304.2802783172742,25.0,0.6620080912100037,3,1594.0
Lags 2,0.941018766756032,2025-4,19,28.72655789932898,29.87,30.5,0.12231523125155545,31.5,0.0014035087719299147,0.13052631578947263,6.65263157894737,30.05765358299302,29.351051754790568,22.0,25.0,19.0,7.707142857142902,7.707142857142902,0.8805619393489518,0,7,78.80862918763366,0.29244724510376846,19.163157894736845,87.1,-0.061228070175439304,78.1,0.7049122807017524,12,1,1,23.242857142857105,23.242857142857105,2.255501084671652,0,0,0,0,0.631578947368421,0.0,60.0,70.0,60.0,778.0130743025504,87.46892551330448,1.1191906280972936,1.190452076236074,1.271098425559341,19,1,73.88198295791373,-361.9869256974496,-22.53107448669552,68.2467609037325,79.51720501209498,0,0,0.45425264745240224,15.102770330652367,1140.0,110.0,1.5474342693194114,212.60999999999999,116.39,11.19,3.810000000000001,1.3404825737265416,0.1398176291793313,0.4832826747720364,1,16,2.038427167113494,12,0.1340482573726541,1.2499999999999998,1.3636363636363638,1.0714285714285716,2.940125111706881,0.8421052631578947,101.0,-160.4447513812155,-25.03038243076685,480.5552486187845,False,True,427.2265193370166,377.7762430939226,74.96961756923315,39.36357142857144,1,641.0,28.277505446798017,0,0,0,11,1,10861,0.970598748882931,11,1,1,55.0,0,0.0,0.5789473684210527,0.0294012511170688,1069.3950000000002,1341.2064583135812,25.0,0.6629223828376761,3,1594.0
Lags 2,0.941018766756032,2025-4,20,28.929396671029195,29.7071428571429,29.87,0.16279556155853783,33.7,0.015413533834584842,0.1925563909774434,6.420000000000002,32.1437145309923,32.1437145309923,22.0,25.0,19.0,10.783333333333305,10.783333333333305,1.247978649833901,0,8,78.4690310615853,0.1536410312179876,18.755000000000003,78.6,-0.16481203007518913,67.6,0.6084962406015029,13,1,1,12.016666666666694,12.016666666666694,2.669470179199758,0,0,0,0,0.65,0.0,60.0,70.0,60.0,875.4953460510552,96.76527508985347,1.106281739737788,1.2381401551497015,1.3169753939729056,20,1,75.06074343232208,-384.5046539489448,-23.234724910146525,69.48375762309962,80.63772924154456,0,0,0.4431939583296273,16.979445933869528,1260.0,120.0,1.5147453083109923,223.79999999999998,115.2,11.19,-1.1899999999999995,0.8936550491510278,0.135693215339233,0.4690265486725664,1,16,2.038427167113494,12,0.0893655049151027,0.6666666666666664,0.8333333333333329,0.9090909090909088,3.029490616621984,0.8,101.0,-162.17679558011048,-23.23449793411325,535.8232044198895,False,True,480.5552486187845,427.2265193370166,76.76550206588675,39.36357142857144,1,698.0,28.47081590100773,0,0,0,12,1,10851,0.96970509383378,12,1,1,57.0,0,0.0,0.6,0.0302949061662198,1069.3950000000002,1373.334831958714,25.0,0.6635333149018524,3,1594.0
Lags 2,0.941018766756032,2025-4,21,28.892507341203082,32.7833333333333,29.7071428571429,0.1305354404843429,32.6,0.011298701298701516,0.1554545454545456,6.452380952380953,32.1437145309923,27.67854880516591,22.0,25.0,19.0,6.154720744680851,6.154720744680851,1.2280698069224716,0,8,78.41908216182728,0.11906755429970822,18.933333333333334,86.8,-0.1328571428571439,64.3,0.4863636363636368,14,1,1,17.420104166666647,17.420104166666647,2.6119265361190287,0,0,0,0,0.6666666666666666,0.0,60.0,70.0,60.0,972.9779581296688,96.83666881859264,1.0007378031909988,1.1070979579355102,1.2390536589070746,21,1,75.60143657766247,-407.0220418703311,-23.16333118140736,70.50564913983108,80.69722401549387,0,0,0.4350182545146376,18.85612153708669,1380.0,120.0,1.4766585812162223,234.98999999999998,112.01,11.19,-3.1899999999999995,0.7149240393208222,0.132564841498559,0.4582132564841498,1,16,2.038427167113494,12,0.0714924039320822,0.8000000000000005,0.5333333333333334,0.6666666666666666,3.1009830205540663,0.7619047619047619,101.0,-164.0,-21.63588390501319,594.0,False,False,535.8232044198895,480.5552486187845,78.3641160949868,50.142857142857146,1,758.0,28.43308889644383,0,0,0,13,1,10843,0.968990169794459,13,1,1,60.0,0,0.0,0.6190476190476191,0.0310098302055406,1296.0,1401.934036939314,25.0,0.664022871898921,3,1594.0
Tags 1,0.913298839323172,2025-4,1,28.5041666666667,28.15472074468085,28.15472074468085,0.0,33.9,0.0,0.0,9.0,28.19600899097708,28.19600899097708,30.0,32.0,28.0,1.4958333333333016,-1.4958333333333016,0.0,1,1,85.1791666666667,0.0,30.4,96.5,0.0,66.1,0.0,1,1,1,25.179166666666703,25.179166666666703,0.0,0,0,0,0,1.0,0.0,60.0,70.0,60.0,14.011489421325487,14.011489421325487,3.0,3.0,3.0,0,0,140.11489421325487,4.011489421325488,4.011489421325488,140.11489421325487,140.11489421325487,1,1,0.0,0.2796811634736401,10.0,10.0,1.9577681443154804,7.151,6.849,7.151,6.849,1.9577681443154804,4.0,11.785714285714286,0,1,0.9577681443154804,1,0.195776814431548,3.0,3.0,3.0,0.195776814431548,1.0,106.75,0.0,0.0,64.0,True,False,669.9717991631799,637.6489644351465,100.0,39.36357142857144,0,64.0,28.19600899097708,0,0,0,0,0,7137,0.998042231855684,0,0,0,11.0,1,0.0,0.0,0.0019577681443154,1069.3950000000002,1789.0,26.0,1.008827238335435,0,1441.5
Tags 1,0.913298839323172,2025-4,2,28.544791666666697,28.5041666666667,28.15472074468085,0.08124999999999402,32.4,-1.500000000000008,1.9999999999999947,7.25,28.30025483828368,28.30025483828368,30.0,32.0,28.0,1.4145833333333009,-1.4145833333333009,0.05745242597140749,1,2,85.71458333333335,1.0708333333332865,23.7,90.6,-5.900000000000017,73.6,7.499999999999992,2,1,1,26.25,26.25,0.7571935115205691,0,0,0,0,1.0,0.0,60.0,70.0,60.0,28.08988764044944,14.044943820224718,1.002387640449438,3.0,3.0,1,1,81.92883895131085,-1.9101123595505636,-5.955056179775282,93.63295880149812,70.22471910112358,1,0,1.4125252456202622,0.5593623269472802,30.0,20.0,2.1675290169207106,14.302,16.698,7.151,9.849,2.3772898895259407,1.8064516129032255,5.32258064516129,0,2,1.377289889525941,2,0.2377289889525941,1.2142857142857146,3.0,3.0,0.4335058033841422,1.0,106.75,0.0,0.0,77.0,True,False,64.0,637.6489644351465,100.0,39.36357142857144,0,77.0,28.24813191463038,0,0,0,0,0,7120,0.995664941966159,0,0,0,13.0,1,0.0,0.0,0.0043350580338414,1069.3950000000002,1789.0,26.0,1.0112359550561798,1,1441.5
Tags 1,0.913298839323172,2025-4,3,28.69097222222223,28.5854166666667,28.5041666666667,0.23958333333330575,34.0,0.050000000000000294,1.0000000000000016,7.2,28.671796688809568,28.671796688809568,30.0,32.0,28.0,1.0166666666667012,-1.0166666666667012,0.2564306048282325,1,3,85.5138888888889,-0.03333333333334754,24.2,91.0,-2.7499999999999867,65.8,-0.1499999999999918,3,1,1,25.1125,25.1125,0.6383617994813178,0,0,0,0,1.0,0.0,60.0,70.0,60.0,42.28329809725159,14.094432699083862,1.0035236081747712,1.0059196617336152,3.0,2,1,77.51937984496124,-7.716701902748412,-5.905567300916138,84.56659619450318,70.47216349541931,1,0,1.1529942477861226,0.8390434904209202,50.0,20.0,2.610357525753974,21.453,34.547,7.151,17.849,3.4960145434205008,1.0,2.946428571428572,0,3,2.4960145434205008,3,0.34960145434205,1.470588235294117,1.7857142857142856,3.0,0.7831072577261922,1.0,106.75,0.0,0.0,91.0,True,False,77.0,64.0,100.0,39.36357142857144,0,91.0,28.389353506023443,0,0,0,0,1,7095,0.992168927422738,0,0,0,14.0,1,0.0,0.0,0.0078310725772619,1069.3950000000002,1789.0,26.0,1.014799154334038,2,1441.5
Tags 1,0.913298839323172,2025-4,4,28.622916666666672,28.9833333333333,28.5854166666667,0.014166666666645717,35.2,0.5499999999999969,0.26999999999999624,7.75,28.671796688809568,28.12636700822383,30.0,32.0,28.0,1.5812500000000007,-1.5812500000000007,0.24972786114011805,1,4,85.60781250000002,0.09937499999999318,25.65,94.3,-0.6200000000000215,64.3,-1.3200000000000087,4,1,1,25.889583333333405,25.889583333333405,0.5540370958590833,0,0,0,0,1.0,0.0,60.0,70.0,60.0,63.55034599632821,21.18344866544273,1.502965682813162,1.5082615449795227,1.5118627312526478,3,1,84.73379466177093,-11.449654003671796,-3.816551334557268,84.73379466177093,84.73379466177093,1,0,0.9450532137494596,1.2585652356313803,75.0,25.0,2.4472101803943507,28.604,41.396,7.151,6.849,1.9577681443154804,0.8,2.357142857142857,0,4,2.4960145434205008,4,0.195776814431548,0.56,0.8235294117647056,1.0,0.9788840721577402,1.0,106.75,0.0,0.0,107.0,True,False,91.0,77.0,100.0,39.36357142857144,0,107.0,28.32360688157354,0,0,0,0,1,7081,0.990211159278423,0,0,0,16.0,1,0.0,0.0,0.0097888407215774,1069.3950000000002,1789.0,26.0,1.0168055359412511,2,1441.5
Tags 1,0.913298839323172,2025-4,5,28.369999999999997,28.41875,28.9833333333333,-0.24583333333335122,31.0,-0.30000000000000343,0.06999999999999994,7.24,28.671796688809568,27.16741145513379,28.0,30.0,26.0,0.6416666666667012,-0.6416666666667012,0.6054809698587756,1,4,86.58250000000001,1.024374999999999,23.46,94.8,0.02999999999998895,80.1,1.8699999999999888,5,1,1,30.481250000000003,30.481250000000003,2.231657778641739,0,0,0,0,1.0,0.0,60.0,70.0,60.0,84.94973807164095,21.23743451791024,1.0025484921421497,1.5067959790457313,1.512105337675209,4,1,84.94973807164095,-15.050261928359047,-3.7625654820897614,84.94973807164095,84.94973807164095,1,0,0.8648045383063561,1.6780869808418404,100.0,25.0,2.4611942385680328,35.754999999999995,52.245000000000005,7.151,10.849,2.5171304712627607,0.6363636363636364,1.875,1,5,2.4960145434205008,5,0.251713047126276,1.2857142857142856,0.7200000000000001,1.0588235294117645,1.2305971192840164,1.0,106.75,0.0,0.0,125.0,True,False,107.0,91.0,100.0,39.36357142857144,0,125.0,28.09236779628559,0,0,0,0,1,7063,0.98769402880716,0,0,0,18.0,1,0.0,0.0,0.0123059711928401,1069.3950000000002,1789.0,26.0,1.0193968568596914,3,1441.5
Tags 1,0.913298839323172,2025-4,6,28.114236111111115,27.3583333333333,28.41875,-0.3597023809523839,29.3,-0.7428571428571445,-0.09714285714285505,6.733333333333334,28.671796688809568,26.698420734750037,28.0,30.0,26.0,1.1645833333333009,-1.1645833333333009,0.8281163958323063,1,4,87.65277777777779,1.502738095238097,20.816666666666666,95.3,0.2828571428571409,87.7,3.6,6,1,1,33.004166666666706,33.004166666666706,3.2950272051088456,0,0,0,0,1.0,0.0,60.0,70.0,60.0,106.6704593941118,21.33409187882236,1.0045512729341488,1.0071113639596077,1.5136538188024464,5,1,69.98485166597811,-28.32954060588821,-13.66590812117764,79.01515510674948,60.954548225206736,1,0,0.7997495458863034,2.0976087260523006,135.0,35.0,2.7968116347364007,42.90599999999999,77.09400000000001,7.151,24.849,4.474898615578241,0.4666666666666667,1.375,1,6,3.4748986155782413,6,0.447489861557824,1.7777777777777777,2.2857142857142856,1.28,1.6780869808418402,1.0,106.75,0.0,0.0,145.0,True,False,125.0,107.0,100.0,39.36357142857144,0,145.0,27.860043286029665,0,0,0,0,2,7031,0.983219130191582,0,0,0,20.0,1,0.0,0.0,0.0167808698084184,1069.3950000000002,1789.0,26.0,1.0240364101834731,4,1441.5
Tags 1,0.913298839323172,2025-4,7,28.00505952380953,26.8354166666667,27.3583333333333,-0.3066964285714325,32.9,-0.4357142857142856,-0.14642857142856858,6.885714285714286,28.671796688809568,27.159580303782835,28.0,30.0,26.0,0.6499999999999986,-0.6499999999999986,0.8092696262941806,1,4,88.06011904761907,1.2447172619047657,21.428571428571427,96.4,0.4607142857142928,71.3,2.0750000000000037,7,1,1,30.504166666666706,30.504166666666706,3.195177398228588,0,0,0,0,1.0,0.0,60.0,70.0,60.0,128.8290867449184,21.4715144574864,1.0064414543372455,1.0110220440881763,1.0135986258230747,6,1,68.56449994827591,-41.17091325508159,-13.5284855425136,75.78181573230495,61.34718416424686,1,0,0.7465609365615029,2.5171304712627607,170.0,35.0,3.2962422837964724,50.05699999999999,114.94300000000001,7.151,37.849,6.2928261781569015,0.3393939393939394,1.0,1,7,5.2928261781569015,7,0.6292826178156902,1.4062500000000004,2.5000000000000004,3.0,2.3073695986575307,1.0,90.3,-76.7,-45.92814371257485,90.3,False,False,145.0,125.0,54.07185628742515,39.36357142857144,1,167.0,27.75997714570869,0,0,0,0,3,6986,0.976926304013425,0,0,0,22.0,1,0.0,0.0,0.0230736959865753,1069.3950000000002,967.3455089820358,26.0,1.030632693959347,5,1441.5
Tags 1,0.913298839323172,2025-4,8,27.944791666666674,27.35,26.8354166666667,-0.24464285714285378,33.5,-0.2214285714285702,-0.13809523809523605,7.05,28.671796688809568,27.328380578845582,28.0,30.0,26.0,0.4770833333333009,-0.4770833333333009,0.7683849468770804,1,4,88.34348958333335,1.018725198412703,22.25,97.1,0.5547619047619083,69.1,1.0833333333333346,8,1,1,35.327083333333306,35.327083333333306,3.0648161871128052,0,0,0,0,1.0,0.0,55.0,65.0,55.0,158.02327251831633,28.73150409423933,1.33812191734904,1.3467413685773115,1.352870756117416,7,1,64.64588421203851,-61.97672748168367,-21.268495905760663,71.82876023559834,57.46300818847867,1,0,0.6912257788812887,3.0764927982100407,220.0,50.0,3.321213816249476,57.208,132.79199999999997,7.151,17.849,3.4960145434205008,0.2947368421052631,0.868421052631579,1,8,5.2928261781569015,8,0.34960145434205,0.5555555555555554,0.78125,1.3888888888888888,2.6569710529995803,1.0,90.3,-87.99912663755458,-45.83287845705968,104.00087336244542,False,True,90.3,145.0,54.16712154294032,39.36357142857144,1,192.0,27.7060275748508,0,0,0,0,4,6961,0.973430289470004,0,0,0,25.0,1,0.0,0.0,0.0265697105299958,1069.3950000000002,969.0498044032024,26.0,1.034334147392616,6,1441.5
Tags 1,0.913298839323172,2025-4,9,28.014120370370378,27.5229166666667,27.35,-0.1296527777777763,32.8,-0.15333333333333213,-0.0983333333333323,7.055555555555555,28.671796688809568,28.26904889877774,25.0,28.0,23.0,3.5687500000000014,3.5687500000000014,0.7482457622192086,0,5,88.0363425925926,0.528819444444445,22.61111111111111,96.0,0.4883333333333358,70.5,0.641666666666673,9,1,1,30.57916666666669,30.57916666666669,3.0113144046213303,0,0,0,0,1.0,0.0,55.0,65.0,55.0,187.3198847262248,28.818443804034583,1.0030259365994236,1.3421709894332374,1.3508165225744475,8,1,63.50731134592806,-82.68011527377521,-21.181556195965417,69.37773508378696,57.636887608069166,1,0,0.6572941342833809,3.635855125157321,270.0,50.0,3.27848474960767,64.359,146.64099999999996,7.151,13.849,2.9366522164732207,0.2654028436018957,0.7819905213270142,1,9,5.2928261781569015,9,0.293665221647322,0.8400000000000001,0.4666666666666665,0.65625,2.950636274646903,1.0,90.3,-100.65414847161573,-45.75188566891623,119.34585152838427,False,True,104.00087336244542,90.3,54.24811433108376,39.36357142857144,1,220.0,27.76858549973157,0,0,0,1,4,6940,0.970493637253531,1,1,1,28.0,1,0.0,0.1111111111111111,0.029506362746469,1069.3950000000002,970.4987653830885,26.0,1.037463976945245,7,1441.5
Tags 1,0.913298839323172,2025-4,10,27.96666666666667,28.56875,27.5229166666667,-0.12017676767676935,30.1,-0.25757575757575774,-0.11636363636363709,6.87,28.671796688809568,27.30475496252309,25.0,28.0,23.0,2.539583333333301,2.539583333333301,0.7212366405464044,1,5,88.07604166666667,0.40624999999999556,21.94,93.6,0.2969696969696957,77.7,0.7745454545454573,10,1,1,33.433333333333294,33.433333333333294,2.841868654233802,0,0,0,0,1.0,0.0,55.0,65.0,55.0,216.6377816291161,28.885037550548816,1.002310803004044,1.0053437319468514,1.3452724821875603,9,1,56.89477093289919,-113.36221837088388,-31.114962449451184,65.64781261488368,48.14172925091469,1,0,0.6277010289146647,4.195217452104601,330.0,60.0,3.174381205425815,71.50999999999999,155.48999999999995,7.151,8.849,2.2374493077891207,0.2466960352422907,0.7268722466960352,1,10,5.2928261781569015,10,0.223744930778912,0.7619047619047619,0.64,0.3555555555555554,3.1743812054258145,1.0,90.3,-113.76113537117902,-45.68720296031286,135.23886462882098,False,True,119.34585152838427,104.00087336244542,54.31279703968714,39.36357142857144,1,249.0,27.72220244601072,0,0,0,1,4,6924,0.968256187945742,1,1,0,29.0,1,0.0,0.1,0.0317438120542581,1069.3950000000002,971.655939040003,26.0,1.0398613518197577,8,1441.5
Tags 1,0.913298839323172,2025-4,11,27.899484203739522,27.5395833333333,28.56875,-0.12372380722114805,31.5,-0.23909090909090985,-0.10727272727272641,6.818181818181818,28.671796688809568,27.02576691073312,25.0,28.0,23.0,2.227659574468099,2.227659574468099,0.719591814207557,1,5,88.24630480335269,0.38981906834300506,21.727272727272727,95.0,0.24272727272727707,75.4,0.7072727272727308,11,1,1,34.948936170212804,34.948936170212804,2.7545381819791013,0,0,0,0,1.0,0.0,55.0,65.0,55.0,245.9846621328317,28.93937201562726,1.0018810591810157,1.0041962089422658,1.0072348430039069,10,1,55.652638491590885,-144.01533786716828,-31.06062798437274,63.07299029046967,48.2322866927121,1,0,0.6016449284494012,4.754579779051881,390.0,60.0,3.0510672378942556,78.66099999999999,161.33899999999994,7.151,5.849,1.8179275625786604,0.2333333333333333,0.6875,1,11,5.2928261781569015,11,0.181792756257866,0.8125,0.6190476190476191,0.52,3.3561739616836803,1.0,90.3,-128.6759825327511,-45.62978103998267,153.3240174672489,False,True,135.23886462882098,119.34585152838427,54.37021896001733,39.36357142857144,1,282.0,27.65889012462185,0,0,0,1,4,6911,0.966438260383163,1,1,0,33.0,1,0.0,0.09090909090909091,0.0335617396168368,1069.3950000000002,972.6832171947101,26.0,1.041817392562581,8,1441.5
Tags 1,0.913298839323172,2025-4,12,27.89171468676123,27.2276595744681,27.5395833333333,-0.09875809031394164,34.0,-0.1230769230769231,-0.1286713286713281,7.05,28.671796688809568,27.555248412766225,25.0,28.0,23.0,2.8062499999999986,2.8062499999999986,0.6866315687181129,1,5,88.20182106973998,0.27932986782720903,22.09166666666667,95.5,0.22132867132867212,69.4,0.41048951048951143,12,1,1,32.712500000000006,32.712500000000006,2.630865877117891,0,0,0,0,1.0,0.0,55.0,65.0,55.0,282.60869565217394,36.231884057971016,1.2519927536231883,1.2543478260869565,1.2572463768115942,11,1,56.59825366819696,-177.39130434782606,-33.768115942028984,61.43667296786391,51.75983436853002,1,0,0.573651444806868,5.453782687735981,460.0,70.0,2.924998834661819,85.81199999999998,165.18799999999993,7.151,3.849,1.5382463991050204,0.2231075697211155,0.6573705179282868,1,12,5.2928261781569015,12,0.153824639910502,0.846153846153846,0.6875,0.5238095238095237,3.5099986015941824,1.0,90.3,-144.4947598253275,-45.581943162563874,172.5052401746725,False,True,153.3240174672489,135.23886462882098,54.418056837436126,39.36357142857144,1,317.0,27.650253315300546,0,0,0,1,4,6900,0.964900013984058,1,1,0,35.0,1,0.0,0.08333333333333333,0.0350999860159418,1069.3950000000002,973.5390368217322,26.0,1.0434782608695652,8,1441.5
Tags 1,0.913298839323172,2025-4,13,27.840428941625753,27.80625,27.2276595744681,-0.09957524744758743,33.5,-0.06538461538461528,-0.12417582417582337,7.176923076923076,28.671796688809568,27.001286607240445,25.0,28.0,23.0,2.2250000000000014,2.2250000000000014,0.6829108980925618,1,5,88.25680919258049,0.2430398059387398,22.46153846153846,94.8,0.17802197802198075,67.9,0.1681318681318703,13,1,1,33.9166666666667,33.9166666666667,2.5266529920556615,0,0,0,0,1.0,0.0,55.0,65.0,55.0,319.25700188651865,36.279204759831664,1.001306051371354,1.2536279204759833,1.255986068785372,12,1,52.23533648290578,-220.74299811348132,-43.720795240168336,59.12166701602197,45.34900594978958,1,0,0.5538953365821115,6.1529855964200815,540.0,80.0,2.7968116347364007,92.96299999999998,167.03699999999992,7.151,1.849,1.2585652356313803,0.2153846153846154,0.6346153846153846,1,13,5.2928261781569015,13,0.125856523563138,0.8181818181818182,0.6923076923076923,0.5625,3.635855125157321,1.0,90.3,-161.66943231441047,-45.54068515898887,193.33056768558956,False,True,172.5052401746725,153.3240174672489,54.45931484101113,39.36357142857144,1,355.0,27.600332799295924,0,0,0,1,4,6891,0.963641448748427,1,1,0,38.0,1,0.0,0.07692307692307693,0.0363585512515732,1069.3950000000002,974.2771425056893,26.0,1.044841097083152,8,1441.5
Tags 1,0.913298839323172,2025-4,14,27.824892350557246,27.225,27.80625,-0.08587483438547311,33.6,-0.024395604395604984,-0.1349450549450561,7.335714285714286,28.671796688809568,27.31198095995679,25.0,28.0,23.0,2.6229166666667005,2.6229166666667005,0.6586898258777107,1,5,88.01599544072951,0.09810634401059776,22.75714285714286,94.9,0.14857142857142563,68.3,0.02241758241758001,14,1,1,29.8854166666667,29.8854166666667,2.58935860766011,0,0,0,0,1.0,0.0,55.0,65.0,55.0,356.1564180840238,36.34249164122692,1.001744439598779,1.003052769297863,1.2558147986625965,13,1,48.456655521635895,-273.8435819159762,-53.65750835877308,56.53276477524187,40.38054626802991,1,0,0.535964085805423,6.8521885051041815,630.0,90.0,2.7169027308867895,100.11399999999998,171.8859999999999,7.151,4.849,1.6780869808418404,0.2058823529411764,0.6066176470588235,1,14,5.2928261781569015,14,0.167808698084184,1.3333333333333333,1.090909090909091,0.923076923076923,3.803663823241505,1.0,90.3,-180.2,-45.505050505050505,215.8,False,False,193.33056768558956,172.5052401746725,54.494949494949495,39.36357142857144,1,396.0,27.579736239343127,0,0,0,1,4,6879,0.961963361767585,1,1,0,41.0,1,0.0,0.07142857142857142,0.038036638232415,1069.3950000000002,974.9146464646465,26.0,1.0466637592673351,8,1441.5
Tags 1,0.913298839323172,2025-4,15,27.632677304964545,27.6229166666667,27.225,-0.14185394503545976,27.2,-0.15714285714285678,-0.13607142857142912,7.040000000000001,28.671796688809568,24.824111490594696,25.0,28.0,23.0,0.0583333333333015,-0.0583333333333015,0.9783050471991844,1,5,88.4049290780142,0.22556151849037384,21.5,94.8,0.12321428571428758,90.9,0.4921428571428574,15,1,1,43.85,43.85,2.914602185207662,0,0,0,0,1.0,0.0,50.0,60.0,50.0,400.6410256410256,43.70629370629371,1.2026223776223777,1.2047202797202798,1.2062937062937062,14,1,52.103567728567725,-319.3589743589744,-46.29370629370629,55.64458689458689,48.56254856254856,1,0,0.516494866560646,7.691231995525101,720.0,90.0,2.6756164638978235,107.26499999999997,179.7349999999999,7.151,7.849,2.0976087260523006,0.1951219512195122,0.5749128919860628,1,15,5.2928261781569015,15,0.20976087260523,1.25,1.6666666666666663,1.3636363636363638,4.013424695846735,1.0,90.3,-194.20825966850828,-44.23878352357819,244.79174033149167,False,True,215.8,193.33056768558956,55.76121647642181,39.36357142857144,1,439.0,27.3960279227599,0,0,0,1,4,6864,0.959865753041533,1,1,0,43.0,1,0.0,0.06666666666666667,0.0401342469584673,1069.3950000000002,997.5681627631859,26.0,1.048951048951049,9,1441.5
Tags 1,0.913298839323172,2025-4,16,27.665305019946814,24.9416666666667,27.6229166666667,-0.10530523180016566,32.6,-0.12338235294117596,-0.10735294117646961,7.04375,28.671796688809568,27.67854880516591,22.0,25.0,19.0,6.154720744680851,6.154720744680851,0.954100867611211,0,5,87.71837752105498,-0.05655576958176655,21.5625,86.8,-0.07294117647058679,64.3,0.2088235294117677,16,1,1,27.420104166666647,27.420104166666647,3.9332210062440645,0,0,0,0,1.0,0.0,50.0,60.0,50.0,445.1904831411473,43.78922784994892,1.0018975332068312,1.2049043935191943,1.207006276455992,15,1,49.04037509211759,-374.8095168588527,-56.210772150051085,54.291522334286256,43.78922784994892,1,0,0.501997922477003,8.530275485946023,820.0,100.0,2.622010907565376,114.416,185.584,7.151,5.849,1.8179275625786604,0.1866666666666666,0.55,1,16,5.2928261781569015,16,0.181792756257866,0.8666666666666667,1.0833333333333337,1.4444444444444444,4.1952174521046,1.0,90.3,-209.5196132596685,-43.11103153491121,276.4803867403315,False,True,244.79174033149167,215.8,56.88896846508879,39.36357142857144,1,486.0,27.413685477910278,0,0,0,2,4,6851,0.958047825478954,2,1,1,47.0,1,0.0,0.125,0.041952174521046,1069.3950000000002,1017.7436458404384,26.0,1.050941468398774,9,1441.5
Tags 1,0.913298839323172,2025-4,17,27.83900365513711,28.15472074468085,24.9416666666667,-0.029854814770040893,33.2,-0.08602941176470458,-0.048284313725490156,6.970588235294118,30.172272307849884,30.172272307849884,22.0,25.0,19.0,8.6181818181818,8.6181818181818,1.1688989931625555,0,6,87.23440878986992,-0.20845271837982368,21.470588235294116,90.5,-0.13357843137254696,70.5,0.13186274509804036,17,1,1,29.4909090909091,29.4909090909091,4.299439000987788,0,0,0,0,1.0,0.0,50.0,60.0,50.0,489.766081871345,43.85964912280702,1.0016081871345028,1.0035087719298246,1.206842105263158,16,1,48.54754640223748,-430.233918128655,-56.14035087719298,53.23544368166794,43.85964912280702,1,0,0.4886271628333467,9.369318976366944,920.0,100.0,2.5582600541265315,121.567,189.433,7.151,3.849,1.5382463991050204,0.180064308681672,0.5305466237942122,1,17,5.2928261781569015,17,0.153824639910502,0.846153846153846,0.7333333333333333,0.9166666666666666,4.349042092015103,1.0,90.3,-225.4825138121547,-42.14626426395415,309.5174861878453,False,True,276.4803867403315,244.79174033149167,57.853735736045856,39.36357142857144,1,535.0,27.575955291436138,0,0,0,3,4,6840,0.956509579079849,3,1,1,49.0,1,0.0,0.17647058823529413,0.043490420920151,1069.3950000000002,1035.0033323178602,26.0,1.0526315789473684,9,1441.5
Tags 1,0.913298839323172,2025-4,18,27.9651196136901,30.6181818181818,28.15472074468085,0.014685195526172397,34.6,-0.03374613003095873,-0.04458204334365304,7.105555555555556,30.172272307849884,29.591735344827946,22.0,25.0,19.0,8.109090909090899,8.109090909090899,1.2538927529426376,0,7,86.62264870558423,-0.3687265263048081,22.233333333333334,93.4,-0.12291021671826208,58.2,-0.14024767801857418,18,1,1,26.222727272727298,26.222727272727298,4.912669300739994,0,0,0,0,1.0,0.0,50.0,60.0,50.0,541.6483677353243,51.23700775874689,1.1682037768994291,1.1700824671839165,1.172302737520129,17,1,49.58315906548764,-488.3516322646757,-58.76299224125311,52.58722016847809,46.57909796249717,1,0,0.474082663494342,10.348203048524685,1030.0,110.0,2.4860547864323568,128.718,191.28199999999998,7.151,1.849,1.2585652356313803,0.175,0.515625,1,18,5.2928261781569015,18,0.125856523563138,0.8181818181818182,0.6923076923076923,0.6000000000000001,4.47489861557824,1.0,90.3,-242.09696132596684,-41.31347462900458,343.9030386740332,False,True,309.5174861878453,276.4803867403315,58.68652537099543,39.36357142857144,1,586.0,27.687943072180126,0,0,0,4,4,6831,0.955251013844218,4,1,1,51.0,1,0.0,0.2222222222222222,0.0447489861557824,1069.3950000000002,1049.9019388871081,26.0,1.0540184453227932,9,1441.5
Tags 1,0.913298839323172,2025-4,19,27.874740511215183,30.1090909090909,30.6181818181818,-0.014631314545228685,26.9,-0.11736842105263183,-0.031754385964912826,6.7894736842105265,30.172272307849884,26.10460059140868,22.0,25.0,19.0,4.2479166666667005,4.2479166666667005,1.2806635933969224,0,7,86.94064526493943,-0.21801857955252743,21.326315789473682,94.4,-0.09754385964912533,89.4,0.15982456140350837,19,1,1,42.6645833333333,42.6645833333333,4.971402070374804,0,0,0,0,1.0,0.0,50.0,60.0,50.0,593.493552168816,51.28956623681125,1.0010257913247362,1.1694021101992964,1.1712827276279796,18,1,49.3438581533232,-546.506447831184,-58.710433763188746,52.06083790954526,46.62687839710114,1,0,0.462853934260161,11.327087120682425,1140.0,110.0,2.4067300119968507,135.869,191.13099999999997,7.151,-0.1509999999999998,0.9788840721577402,0.1712538226299694,0.5045871559633027,1,18,5.2928261781569015,18,0.097888407215774,0.7777777777777778,0.6363636363636365,0.5384615384615384,4.572787022794015,0.9473684210526315,90.3,-260.01450276243094,-40.56388498633868,380.98549723756906,False,True,343.9030386740332,309.5174861878453,59.43611501366132,39.36357142857144,1,641.0,27.604609257402682,0,0,0,5,4,6824,0.95427212977206,5,1,1,55.0,1,0.0,0.2631578947368421,0.0457278702279401,1069.3950000000002,1063.312097594401,26.0,1.0550996483001172,9,1441.5
Tags 1,0.913298839323172,2025-4,20,27.9120845667355,26.2479166666667,30.1090909090909,-0.00187139660438988,32.5,-0.09661654135338446,-0.024812030075188785,6.795,30.172272307849884,28.35381778518778,22.0,25.0,19.0,6.6216216216216,6.6216216216216,1.2576445429864753,0,8,86.94631570439516,-0.18525294262910036,21.305,94.9,-0.07052631578947396,74.0,0.156165413533834,20,1,1,37.054054054054006,37.054054054054006,4.83887390277216,0,0,0,0,1.0,0.0,50.0,60.0,50.0,645.7293806868213,51.36483710008805,1.0014675667742885,1.00249486351629,1.1711182858820075,19,1,47.02619723165658,-614.2706193131787,-68.63516289991195,51.24836354657312,42.80403091674005,1,0,0.45235636638444016,12.305971192840165,1260.0,120.0,2.3563138022654178,143.02,193.97999999999996,7.151,2.849,1.3984058173682004,0.1661721068249258,0.4896142433234421,1,19,5.2928261781569015,18,0.13984058173682,1.4285714285714286,1.1111111111111112,0.9090909090909092,4.712627604530835,0.95,90.3,-278.583591160221,-39.91168927796862,419.416408839779,False,True,380.98549723756906,343.9030386740332,60.08831072203138,39.36357142857144,1,698.0,27.642069683791938,0,0,0,6,4,6814,0.952873723954692,6,1,1,57.0,1,0.0,0.3,0.0471262760453083,1069.3950000000002,1074.9798788171413,26.0,1.0566480774875258,9,1441.5
Tags 1,0.913298839323172,2025-4,21,28.081350381017938,28.6216216216216,26.2479166666667,0.04454719773687418,32.0,-0.08649350649350682,0.04298701298701344,6.5476190476190474,30.994748042184373,30.994748042184373,22.0,25.0,19.0,9.4666666666667,9.4666666666667,1.4506052323968466,0,9,86.54887209942396,-0.2683848881718199,20.571428571428573,81.5,-0.22363636363636374,75.6,0.17220779220779295,21,1,1,28.599999999999994,28.599999999999994,5.055804131527006,0,0,0,0,1.0,0.0,50.0,60.0,50.0,706.2978222483814,58.85815185403178,1.1458841335239216,1.1475657950054654,1.148742958042546,20,1,50.11473074528068,-673.7021777516186,-61.14184814596822,51.18100161220155,49.04845987835982,1,0,0.44094816541066756,13.424695846734725,1380.0,120.0,2.363971738884339,150.17100000000002,204.82899999999995,7.151,10.849,2.5171304712627607,0.1577464788732394,0.4647887323943662,1,20,5.2928261781569015,18,0.251713047126276,1.7999999999999998,2.571428571428571,2.0,4.964340651657111,0.9523809523809523,90.3,-298.13,-39.3311345646438,459.87,False,False,419.416408839779,380.98549723756906,60.6688654353562,34.86714285714286,1,758.0,27.801721034191576,0,0,0,7,4,6796,0.950356593483429,7,1,1,60.0,1,0.0,0.3333333333333333,0.0496434065165711,948.01,1085.3660026385226,26.0,1.059446733372572,10,1441.5
Tags 2,0.933043234138125,2025-4,1,28.15472074468085,28.15472074468085,28.15472074468085,0.0,32.6,0.0,0.0,7.100000000000001,27.67854880516591,27.67854880516591,30.0,32.0,28.0,1.8452792553191488,-1.8452792553191488,0.0,1,0,77.42010416666665,0.0,22.5,86.8,0.0,64.3,0.0,1,1,1,17.420104166666647,17.420104166666647,0.0,0,0,0,0,1.0,0.0,60.0,70.0,60.0,14.05678942929435,14.05678942929435,3.0,3.0,3.0,0,0,140.5678942929435,4.05678942929435,4.05678942929435,140.5678942929435,140.5678942929435,1,1,0.0,0.2807411566535654,10.0,10.0,1.403705783267827,7.1240000000000006,2.8759999999999994,7.1240000000000006,2.8759999999999994,1.403705783267827,3.8,9.6,0,1,0.403705783267827,1,0.1403705783267827,3.0,3.0,3.0,0.1403705783267827,1.0,106.75,0.0,0.0,64.0,True,False,669.9717991631799,637.6489644351465,100.0,39.36357142857144,0,64.0,27.67854880516591,0,0,0,0,0,7114,0.998596294216732,0,0,0,11.0,1,0.0,0.0,0.0014037057832678,1069.3950000000002,1789.0,26.0,1.012088838909193,0,1450.0400000000002
Tags 2,0.933043234138125,2025-4,2,28.15472074468085,28.15472074468085,28.15472074468085,-6.783381100595097e-15,32.6,-6.772789795300852e-15,-4.066460168369259e-15,7.100000000000001,27.67854880516591,27.67854880516591,30.0,32.0,28.0,1.8452792553191488,-1.8452792553191488,0.0,1,0,77.42010416666665,-1.1658284442341368e-14,22.5,86.8,-1.7209744916952118e-14,64.3,-2.2316770830227838e-14,2,1,1,17.420104166666647,17.420104166666647,0.0,0,0,0,0,1.0,0.0,60.0,70.0,60.0,28.17298211015636,14.08649105507818,1.0021129736582617,3.0,3.0,1,1,82.17119782128938,-1.8270178898436384,-5.913508944921819,93.90994036718789,70.43245527539091,1,0,1.4127194643708696,0.5614823133071308,30.0,20.0,1.7546322290847838,14.248000000000001,10.751999999999999,7.1240000000000006,7.875999999999999,2.1055586749017405,1.52,3.84,0,2,1.1055586749017403,2,0.210555867490174,1.4999999999999996,3.0,3.0,0.3509264458169567,1.0,106.75,0.0,0.0,77.0,True,False,64.0,637.6489644351465,100.0,39.36357142857144,0,77.0,27.67854880516591,0,0,0,0,0,7099,0.99649073554183,0,0,0,13.0,1,0.0,0.0,0.0035092644581695,1069.3950000000002,1789.0,26.0,1.014227355965629,1,1450.0400000000002
Tags 2,0.933043234138125,2025-4,3,28.154720744680855,28.15472074468085,28.15472074468085,-1.2895420286198467e-15,32.6,2.30148056710964e-15,2.3936246954295856e-15,7.100000000000001,27.67854880516591,27.67854880516591,30.0,32.0,28.0,1.8452792553191488,-1.8452792553191488,4.351167857633658e-15,1,0,77.42010416666665,1.136476922109094e-14,22.5,86.8,1.802190973325158e-15,64.3,-3.3130325148630877e-15,3,1,1,17.420104166666647,17.420104166666647,0.0,0,0,0,0,1.0,0.0,60.0,70.0,60.0,42.33700254022016,14.112334180073384,1.0018346034434096,1.0039514535704206,3.0,2,1,77.61783799040361,-7.662997459779845,-5.887665819926616,84.67400508044031,70.56167090036692,1,0,1.153560979424926,0.8422234699606963,50.0,20.0,1.778027325472581,21.372,16.628,7.1240000000000006,5.876,1.824817518248175,1.0,2.526315789473684,0,3,1.1055586749017403,3,0.1824817518248175,0.8666666666666668,1.2999999999999998,3.0,0.5334081976417743,1.0,106.75,0.0,0.0,91.0,True,False,77.0,64.0,100.0,39.36357142857144,0,91.0,27.678548805165907,0,0,0,0,0,7086,0.994665918023582,0,0,0,14.0,1,0.0,0.0,0.0053340819764177,1069.3950000000002,1789.0,26.0,1.0160880609652836,1,1450.0400000000002
Tags 2,0.933043234138125,2025-4,4,28.15472074468085,28.15472074468085,28.15472074468085,-4.860576503336004e-15,32.6,-2.22671580167811e-15,-3.4693771706650844e-15,7.100000000000001,27.67854880516591,27.67854880516591,30.0,32.0,28.0,1.8452792553191488,-1.8452792553191488,0.0,1,0,77.42010416666665,-1.0656246691081632e-14,22.5,86.8,-1.1688067064152732e-14,64.3,-8.691606854378891e-15,4,1,1,17.420104166666647,17.420104166666647,0.0,0,0,0,0,1.0,0.0,60.0,70.0,60.0,63.59525155455059,21.1984171848502,1.502119841718485,1.5048756359525153,1.508055398530243,3,1,84.7936687394008,-11.404748445449409,-3.801582815149804,84.7936687394008,84.79366873940079,1,0,0.9455225519885625,1.2633352049410445,75.0,25.0,1.6844469399213924,28.496000000000002,19.503999999999998,7.1240000000000006,2.8759999999999994,1.403705783267827,0.7916666666666666,2.0,0,4,1.1055586749017403,4,0.1403705783267827,0.7692307692307694,0.6666666666666669,1.0,0.673778775968557,1.0,106.75,0.0,0.0,107.0,True,False,91.0,77.0,100.0,39.36357142857144,0,107.0,27.67854880516591,0,0,0,0,0,7076,0.993262212240314,0,0,0,16.0,1,0.0,0.0,0.0067377877596855,1069.3950000000002,1789.0,26.0,1.0175240248728097,1,1450.0400000000002
Tags 2,0.933043234138125,2025-4,5,28.15472074468085,28.15472074468085,28.15472074468085,-3.371434273386755e-15,32.6,-3.764398267022435e-15,-4.80122207299609e-16,7.100000000000001,27.67854880516591,27.67854880516591,28.0,30.0,26.0,0.1547207446808514,0.1547207446808514,0.0,1,0,77.42010416666665,-4.822292063407377e-15,22.5,86.8,-3.627382670784715e-15,64.3,-3.145486211302101e-15,5,1,1,17.420104166666647,17.420104166666647,0.0,0,0,0,0,1.0,0.0,60.0,70.0,60.0,84.88964346349745,21.22241086587436,1.0011318619128466,1.5038200339558574,1.506578947368421,4,1,84.88964346349745,-15.11035653650255,-3.7775891341256376,84.88964346349745,84.88964346349745,1,0,0.8652924072711843,1.6844469399213926,100.0,25.0,1.5721504772599662,35.620000000000005,20.379999999999995,7.1240000000000006,0.8759999999999994,1.1229646266142617,0.6785714285714286,1.7142857142857142,1,5,1.1055586749017403,5,0.1122964626614261,0.7999999999999995,0.6153846153846151,0.5333333333333332,0.7860752386299831,1.0,106.75,0.0,0.0,125.0,True,False,107.0,91.0,100.0,39.36357142857144,0,125.0,27.67854880516591,0,0,0,0,0,7068,0.9921392476137,0,0,0,18.0,1,0.0,0.0,0.0078607523862998,1069.3950000000002,1789.0,26.0,1.0186757215619695,1,1450.0400000000002
Tags 2,0.933043234138125,2025-4,6,28.154720744680848,28.15472074468085,28.15472074468085,-1.3488542533772615e-15,32.6,-3.003278291787231e-16,-6.929659921216828e-16,7.100000000000001,27.67854880516591,27.67854880516591,28.0,30.0,26.0,0.1547207446808514,0.1547207446808514,3.891802844472395e-15,1,0,77.42010416666665,-3.2804718226432046e-15,22.5,86.8,-5.226196707538049e-15,64.3,-1.2637676618891283e-15,6,1,1,17.420104166666647,17.420104166666647,0.0,0,0,0,0,1.0,0.0,60.0,70.0,60.0,113.45908381789818,28.364770954474544,1.3365480073748406,1.3380607951590793,2.0099276698340662,5,1,82.5429842590529,-21.540916182101824,-6.635229045525456,84.04376579103568,81.04220272707012,1,0,0.7768631241710624,2.245929253228524,135.0,35.0,1.7078420363091895,42.74400000000001,30.255999999999993,7.1240000000000006,9.876,2.3862998315553057,0.5205479452054794,1.3150684931506849,1,6,1.3862998315553057,6,0.2386299831555306,2.1250000000000013,1.7,1.307692307692308,1.0247052217855137,1.0,106.75,0.0,0.0,145.0,True,False,125.0,107.0,100.0,39.36357142857144,0,145.0,27.678548805165914,0,0,0,0,0,7051,0.989752947782145,0,0,0,20.0,1,0.0,0.0,0.0102470522178551,1069.3950000000002,1789.0,26.0,1.0211317543610836,2,1450.0400000000002
Tags 2,0.933043234138125,2025-4,7,28.154720744680848,28.15472074468085,28.15472074468085,-3.895921039444663e-16,32.6,1.656277457553702e-15,1.2138620989631208e-15,7.100000000000001,27.67854880516591,27.67854880516591,28.0,30.0,26.0,0.1547207446808514,0.1547207446808514,3.837369354665453e-15,1,0,77.42010416666665,2.54453727244602e-15,22.5,86.8,2.9813600726655495e-15,64.3,-1.585001016368459e-15,7,1,1,17.420104166666647,17.420104166666647,0.0,0,0,0,0,1.0,0.0,60.0,70.0,60.0,142.28799089356858,28.45759817871372,1.003272623790552,1.3409220261809904,1.3424397647505215,6,1,82.50312077022043,-27.712009106431424,-6.542401821286283,83.6988181726874,81.30742336775347,1,0,0.7311494318227558,2.807411566535654,170.0,35.0,1.92508221705302,49.86800000000001,46.13199999999999,7.1240000000000006,15.876,3.228523301516002,0.3958333333333333,1.0,1,7,2.228523301516002,7,0.3228523301516002,1.352941176470588,2.8750000000000018,2.3,1.347557551937114,1.0,93.6,-73.4,-43.952095808383234,93.6,False,False,145.0,125.0,56.04790419161676,39.36357142857144,1,167.0,27.678548805165914,0,0,0,0,1,7028,0.986524424480629,0,0,0,22.0,1,0.0,0.0,0.0134755755193711,1069.3950000000002,1002.6970059880239,26.0,1.0244735344336935,3,1450.0400000000002
Tags 2,0.933043234138125,2025-4,8,28.15472074468085,28.15472074468085,28.15472074468085,2.560235073882277e-15,32.6,2.821334018596945e-15,1.5927353798953544e-15,7.100000000000001,27.67854880516591,27.67854880516591,28.0,30.0,26.0,0.1547207446808514,0.1547207446808514,0.0,1,0,77.42010416666665,6.1910039907492395e-15,22.5,86.8,3.730138838203249e-15,64.3,1.0375528248368055e-15,8,1,1,22.420104166666647,22.420104166666647,0.0,0,0,0,0,1.0,0.0,55.0,65.0,55.0,171.11079423926992,28.518465706544987,1.0021388849279909,1.0054185084842435,1.3437901040924,7,1,67.40728257910632,-48.88920576073008,-21.481534293455013,77.77763374512269,57.03693141308997,1,0,0.6918608511995332,3.368893879842785,220.0,50.0,1.9476417742841101,56.992000000000004,54.007999999999996,7.1240000000000006,7.875999999999999,2.1055586749017405,0.3423423423423423,0.8648648648648649,1,8,2.228523301516002,8,0.210555867490174,0.6521739130434782,0.8823529411764703,1.8750000000000009,1.558113419427288,1.0,93.6,-80.72532751091703,-42.04444141193595,111.27467248908296,False,True,93.6,145.0,57.95555858806405,39.36357142857144,1,192.0,27.67854880516591,0,0,0,0,1,7013,0.984418865805727,0,0,0,25.0,1,0.0,0.0,0.0155811341942728,1069.3950000000002,1036.8249431404658,26.0,1.0266647654356196,4,1450.0400000000002
Tags 2,0.933043234138125,2025-4,9,28.15472074468085,28.15472074468085,28.15472074468085,1.0383261863092424e-15,32.6,1.926709849426818e-15,5.833989137158367e-16,7.100000000000001,27.67854880516591,27.67854880516591,25.0,28.0,23.0,3.1547207446808514,3.1547207446808514,0.0,0,0,77.42010416666665,2.9175697731988434e-15,22.5,86.8,-6.967445516541836e-16,64.3,2.4487606206954734e-15,9,1,1,22.420104166666647,22.420104166666647,0.0,0,0,0,0,1.0,0.0,55.0,65.0,55.0,207.14285714285717,35.714285714285715,1.2523214285714286,1.255,1.2591071428571428,8,1,74.07407407407408,-62.85714285714286,-14.285714285714285,76.71957671957672,71.42857142857143,1,0,0.6481012328724652,4.070746771476698,270.0,50.0,1.9339946347245618,64.116,59.88399999999999,7.1240000000000006,5.876,1.824817518248175,0.3064516129032258,0.7741935483870968,1,9,2.228523301516002,9,0.1824817518248175,0.8666666666666668,0.5652173913043478,0.764705882352941,1.7405951712521055,1.0,93.6,-88.9296943231441,-40.42258832870186,131.0703056768559,False,True,111.27467248908296,93.6,59.57741167129813,39.36357142857144,1,220.0,27.67854880516591,0,0,0,1,1,7000,0.982594048287479,1,1,1,28.0,1,0.0,0.1111111111111111,0.017405951712521,1069.3950000000002,1065.8398947995236,26.0,1.0285714285714285,4,1450.0400000000002
Tags 2,0.933043234138125,2025-4,10,28.15472074468085,28.15472074468085,28.15472074468085,1.0489235393749254e-15,32.6,4.151382088140757e-16,-1.8871550300651993e-16,7.100000000000001,27.67854880516591,27.67854880516591,25.0,28.0,23.0,3.1547207446808514,3.1547207446808514,0.0,0,0,77.42010416666665,5.929324924733543e-15,22.5,86.8,3.621045517473897e-15,64.3,2.5895147748354023e-15,10,1,1,22.420104166666647,22.420104166666647,0.0,0,0,0,0,1.0,0.0,55.0,65.0,55.0,243.20457796852648,35.7653791130186,1.0014306151645207,1.2541130185979972,1.2567954220314734,9,1,66.65366107426193,-86.79542203147352,-24.234620886981403,73.69835696015954,59.60896518836433,1,0,0.6205979083537635,4.772599663110612,330.0,60.0,1.8809657495788883,71.24,62.75999999999999,7.1240000000000006,2.8759999999999994,1.403705783267827,0.2835820895522388,0.7164179104477612,1,10,2.228523301516002,10,0.1403705783267827,0.7692307692307694,0.6666666666666669,0.4347826086956522,1.8809657495788883,1.0,93.6,-97.42707423580788,-39.12733905052525,151.57292576419212,False,True,131.0703056768559,111.27467248908296,60.87266094947474,39.36357142857144,1,249.0,27.67854880516591,0,0,0,2,1,6990,0.981190342504211,2,1,1,29.0,1,0.0,0.2,0.0188096574957888,1069.3950000000002,1089.0119043861032,26.0,1.0300429184549356,4,1450.0400000000002
Tags 2,0.933043234138125,2025-4,11,28.154720744680848,28.15472074468085,28.15472074468085,1.302138512516356e-15,32.6,9.227997508175206e-16,9.90452133024727e-16,7.100000000000002,27.67854880516591,27.67854880516591,25.0,28.0,23.0,3.1547207446808514,3.1547207446808514,3.7261175413410954e-15,0,0,77.42010416666665,1.130364682040006e-15,22.5,86.8,-4.780300776693633e-15,64.3,2.5869885263541635e-15,11,1,1,22.420104166666647,22.420104166666647,0.0,0,0,0,0,1.0,0.0,55.0,65.0,55.0,279.2896018332856,35.80635920939559,1.0011458034947007,1.0025780578630763,1.2555499856774563,10,1,65.64499188389192,-110.7103981667144,-24.19364079060441,71.61271841879118,59.67726534899265,1,0,0.5960837545359807,5.474452554744526,390.0,60.0,1.812056556582104,78.36399999999999,63.63599999999999,7.1240000000000006,0.8759999999999994,1.1229646266142617,0.2676056338028169,0.676056338028169,1,11,2.228523301516002,11,0.1122964626614261,0.7999999999999995,0.6153846153846151,0.5333333333333332,1.9932622122403143,1.0,93.6,-107.09650655021836,-37.977484592276014,174.90349344978165,False,True,151.57292576419212,131.0703056768559,62.02251540772399,39.36357142857144,1,282.0,27.678548805165914,0,0,0,3,1,6982,0.980067377877597,3,1,1,33.0,1,0.0,0.2727272727272727,0.0199326221224031,1069.3950000000002,1109.5828006441823,26.0,1.0312231452305929,4,1450.0400000000002
Tags 2,0.933043234138125,2025-4,12,28.154720744680848,28.15472074468085,28.15472074468085,1.3229991297389886e-15,32.6,1.2743436555537021e-15,6.067178005271581e-16,7.100000000000001,27.67854880516591,27.67854880516591,25.0,28.0,23.0,3.1547207446808514,3.1547207446808514,3.710688416924011e-15,0,0,77.42010416666665,-2.675605527985585e-16,22.5,86.8,5.750770099106333e-16,64.3,2.500081457902131e-15,12,1,1,22.420104166666647,22.420104166666647,0.0,0,0,0,0,1.0,0.0,55.0,65.0,55.0,322.71944922547334,43.029259896729776,1.2017211703958692,1.2030981067125646,1.2048192771084336,11,1,65.8133866432901,-137.28055077452666,-26.970740103270224,70.15640200553769,61.47037128104253,1,0,0.5688180414204713,6.316676024705222,460.0,70.0,1.7780273254725811,85.48799999999999,66.51199999999999,7.1240000000000006,2.8759999999999994,1.403705783267827,0.25,0.631578947368421,1,12,2.228523301516002,12,0.1403705783267827,1.2500000000000009,1.0,0.7692307692307694,2.133632790567097,1.0,93.6,-117.35196506550218,-37.019547339275135,199.64803493449784,False,True,174.90349344978165,151.57292576419212,62.98045266072487,39.36357142857144,1,317.0,27.678548805165914,0,0,0,4,1,6972,0.978663672094329,4,1,1,35.0,1,0.0,0.3333333333333333,0.0213363279056709,1069.3950000000002,1126.720298100368,26.0,1.032702237521515,4,1450.0400000000002
Tags 2,0.933043234138125,2025-4,13,28.154720744680848,28.15472074468085,28.15472074468085,1.3814364750221513e-15,32.6,8.805487397987455e-16,6.915014398866306e-16,7.1000000000000005,27.67854880516591,27.67854880516591,25.0,28.0,23.0,3.1547207446808514,3.1547207446808514,3.697781635498623e-15,0,0,77.42010416666665,4.691331236161485e-16,22.5,86.8,1.1752006107247913e-15,64.3,3.7511504141718706e-16,13,1,1,22.420104166666647,22.420104166666647,0.0,0,0,0,0,1.0,0.0,55.0,65.0,55.0,366.1688684663986,43.0786904078116,1.0011487650775417,1.2031016657093625,1.2044801838024124,12,1,60.82870636288212,-173.83113153360136,-36.9213095921884,67.80904971599975,53.8483630097645,1,0,0.5498911208004793,7.158899494665919,540.0,80.0,1.7276378870988642,92.61199999999998,67.38799999999999,7.1240000000000006,0.8759999999999994,1.1229646266142617,0.2375,0.6,1,13,2.228523301516002,13,0.1122964626614261,0.7999999999999995,1.0,0.7999999999999995,2.245929253228524,1.0,93.6,-128.48646288209608,-36.19336982594256,226.51353711790392,False,True,199.64803493449784,174.90349344978165,63.806630174057446,39.36357142857144,1,355.0,27.678548805165914,0,0,0,5,1,6964,0.977540707467715,5,1,1,38.0,1,0.0,0.38461538461538464,0.0224592925322852,1069.3950000000002,1141.5006138138876,26.0,1.0338885697874785,4,1450.0400000000002
Tags 2,0.933043234138125,2025-4,14,28.154720744680848,28.15472074468085,28.15472074468085,-1.1784087075527521e-15,32.6,-2.0809458693257514e-16,-5.592533086358858e-16,7.1000000000000005,27.67854880516591,27.67854880516591,25.0,28.0,23.0,3.1547207446808514,3.1547207446808514,3.6868252213847854e-15,0,0,77.42010416666665,-1.1536256484809611e-15,22.5,86.8,-3.163651978215829e-15,64.3,-3.2683870908612468e-15,14,1,1,22.420104166666647,22.420104166666647,0.0,0,0,0,0,1.0,0.0,55.0,65.0,55.0,409.8360655737705,43.14063848144953,1.0014380212827152,1.002588438308887,1.2048317515099225,13,1,56.49369324951724,-220.1639344262295,-46.85936151855047,65.05334374186833,47.93404275716614,1,0,0.5326257252708523,8.001122964626614,630.0,90.0,1.7044998796823616,99.73599999999998,70.264,7.1240000000000006,2.8759999999999994,1.403705783267827,0.2235294117647059,0.5647058823529412,1,14,2.228523301516002,14,0.1403705783267827,1.2500000000000009,1.0,1.2500000000000009,2.386299831555306,1.0,93.6,-140.5,-35.47979797979798,255.5,False,False,226.51353711790392,199.64803493449784,64.52020202020202,39.36357142857144,1,396.0,27.678548805165914,0,0,0,6,1,6954,0.976137001684447,6,1,1,41.0,1,0.0,0.42857142857142855,0.023862998315553,1069.3950000000002,1154.266414141414,26.0,1.035375323554789,4,1450.0400000000002
Tags 2,0.933043234138125,2025-4,15,28.154720744680848,28.15472074468085,28.15472074468085,6.749739647783442e-16,32.6,1.0081494731066054e-15,1.8703946384252295e-17,7.1,27.67854880516591,27.67854880516591,25.0,28.0,23.0,3.1547207446808514,3.1547207446808514,3.677408027917051e-15,0,0,77.42010416666666,1.5900097704633351e-15,22.5,86.8,5.515100672047428e-16,64.3,2.6097092304976443e-15,15,1,1,27.420104166666647,27.420104166666647,1.4709632111668204e-14,0,0,0,0,1.0,0.0,50.0,60.0,50.0,461.0286702204293,50.425010805359456,1.168851750468232,1.1705325841617442,1.1718772511165538,14,1,60.029774768285066,-258.9713297795707,-39.574989194640544,64.0317597528374,56.02778978373273,1,0,0.5135464636236551,8.983717012914093,720.0,90.0,1.7125210555867492,106.85999999999997,76.14,7.1240000000000006,5.876,1.824817518248175,0.2076502732240437,0.5245901639344263,1,15,2.228523301516002,15,0.1824817518248175,1.2999999999999998,1.6250000000000009,1.2999999999999998,2.568781583380124,1.0,93.6,-153.19569060773478,-34.89651266690997,285.8043093922652,False,True,255.5,226.51353711790392,65.10348733309003,39.36357142857144,1,439.0,27.678548805165914,0,0,0,7,1,6941,0.974312184166199,7,1,1,43.0,1,0.0,0.4666666666666667,0.0256878158338012,1069.3950000000002,1164.7013883889806,26.0,1.037314507995966,4,1450.0400000000002
Tags 2,0.933043234138125,2025-4,16,28.15472074468085,28.15472074468085,28.15472074468085,1.5813273989799056e-16,32.6,1.5717935348164534e-16,3.228517626001621e-16,7.100000000000001,27.67854880516591,27.67854880516591,22.0,25.0,19.0,6.154720744680851,6.154720744680851,0.0,0,0,77.42010416666665,1.871900716300118e-15,22.5,86.8,2.0567295693817746e-16,64.3,9.139689238489229e-16,16,1,1,27.420104166666647,27.420104166666647,0.0,0,0,0,0,1.0,0.0,50.0,60.0,50.0,512.561362980075,50.53421888535952,1.002165752237944,1.1713831937626336,1.173067667725479,15,1,56.52085108780628,-307.4386370199249,-49.465781114640485,62.50748329025305,50.53421888535952,1,0,0.49944381995504017,9.966311061201573,820.0,100.0,1.737085906793936,113.98400000000001,84.01599999999999,7.1240000000000006,7.875999999999999,2.1055586749017405,0.1919191919191919,0.4848484848484848,1,16,2.228523301516002,16,0.210555867490174,1.1538461538461535,1.4999999999999996,1.8750000000000009,2.779337450870297,1.0,93.6,-167.0723756906077,-34.37703203510446,318.9276243093923,False,True,285.8043093922652,255.5,65.62296796489552,39.36357142857144,1,486.0,27.67854880516591,0,0,0,8,1,6926,0.972206625491297,8,1,1,47.0,1,0.0,0.5,0.0277933745087029,1069.3950000000002,1173.994896891981,26.0,1.03956107421311,5,1450.0400000000002
Tags 2,0.933043234138125,2025-4,17,28.15472074468085,28.15472074468085,28.15472074468085,2.2001058081580336e-16,32.6,1.186892062423421e-15,4.864884510362301e-16,7.100000000000001,27.67854880516591,27.67854880516591,22.0,25.0,19.0,6.154720744680851,6.154720744680851,0.0,0,0,77.42010416666665,6.022236032311191e-16,22.5,86.8,1.263118031787766e-15,64.3,8.71767300245397e-16,17,1,1,27.420104166666647,27.420104166666647,0.0,0,0,0,0,1.0,0.0,50.0,60.0,50.0,564.0728955741973,50.6219265258895,1.0017356089094591,1.003905120046283,1.1734162568701183,16,1,55.967098891977216,-355.92710442580267,-49.3780734741105,61.31227125806493,50.62192652588951,1,0,0.48640659701448763,10.948905109489052,920.0,100.0,1.733989496977904,121.108,88.892,7.1240000000000006,4.876,1.6844469399213924,0.1809523809523809,0.4571428571428571,1,17,2.228523301516002,17,0.1684446939921392,0.8,0.923076923076923,1.1999999999999995,2.947782144862437,1.0,93.6,-181.53955801104968,-33.932627665616764,353.4604419889503,False,True,318.9276243093923,285.8043093922652,66.06737233438324,39.36357142857144,1,535.0,27.67854880516591,0,0,0,9,1,6914,0.970522178551376,9,1,1,49.0,1,0.0,0.5294117647058824,0.0294778214486243,1069.3950000000002,1181.945291062116,26.0,1.041365345675441,5,1450.0400000000002
Tags 2,0.933043234138125,2025-4,18,28.15472074468085,28.15472074468085,28.15472074468085,-1.7647952568228598e-17,32.6,1.1070840286678213e-15,3.542439194105686e-17,7.1000000000000005,27.67854880516591,27.67854880516591,22.0,25.0,19.0,6.154720744680851,6.154720744680851,0.0,0,0,77.42010416666663,1.702138358297548e-15,22.5,86.8,-1.7252547885169917e-16,64.3,1.752434374497493e-15,18,1,1,27.420104166666647,27.420104166666647,1.4622848863937366e-14,0,0,0,0,1.0,0.0,50.0,60.0,50.0,622.827346465817,57.93742757821553,1.144512497930806,1.146498924019202,1.148981956629697,17,1,56.56953156081282,-407.17265353418304,-52.06257242178447,60.468674414156986,52.67038870746866,1,0,0.4720974147756677,12.071869736103311,1030.0,110.0,1.7156404017717888,128.232,91.768,7.1240000000000006,2.8759999999999994,1.403705783267827,0.1727272727272727,0.4363636363636363,1,18,2.228523301516002,18,0.1403705783267827,0.8333333333333335,0.6666666666666669,0.7692307692307694,3.08815272318922,1.0,93.6,-196.5972375690608,-33.54901665001037,389.4027624309392,False,True,353.4604419889503,318.9276243093923,66.45098334998963,39.36357142857144,1,586.0,27.67854880516591,0,0,0,10,1,6904,0.969118472768108,10,1,1,51.0,1,0.0,0.5555555555555556,0.0308815272318921,1069.3950000000002,1188.8080921313144,26.0,1.0428736964078795,5,1450.0400000000002
Tags 2,0.933043234138125,2025-4,19,28.15472074468085,28.15472074468085,28.15472074468085,-5.782140136194443e-17,32.6,-1.7194294039342074e-16,-5.364148713100298e-16,7.1000000000000005,27.67854880516591,27.67854880516591,22.0,25.0,19.0,6.154720744680851,6.154720744680851,0.0,0,0,77.42010416666663,-1.4353930018144514e-15,22.5,86.8,-1.9829105871501126e-15,64.3,-1.3722342670087318e-15,19,1,1,27.420104166666647,27.420104166666647,1.460026530009149e-14,0,0,0,0,1.0,0.0,50.0,60.0,50.0,681.8511533439721,58.029885390976354,1.001595821848252,1.1463389359806015,1.1483285320511492,18,1,56.28297297190988,-458.1488466560279,-51.970114609023646,59.8115046792958,52.75444126452396,1,0,0.46108092139698686,13.194834362717575,1140.0,110.0,1.7066107154466739,135.356,95.644,7.1240000000000006,3.876,1.5440763615946096,0.1645021645021645,0.4155844155844156,1,19,2.228523301516002,19,0.154407636159461,1.1,0.916666666666667,0.7333333333333336,3.2425603593486807,1.0,93.6,-212.83591160220988,-33.2037303591591,428.1640883977901,False,True,389.4027624309392,353.4604419889503,66.79626964084089,39.36357142857144,1,641.0,27.678548805165907,0,0,0,11,1,6893,0.967574396406513,11,1,1,55.0,1,0.0,0.5789473684210527,0.0324256035934868,1069.3950000000002,1194.9852638746436,26.0,1.0445379370375742,5,1450.0400000000002
Tags 2,0.933043234138125,2025-4,20,28.15472074468085,28.15472074468085,28.15472074468085,-5.442263828874997e-16,32.6,-9.691266599549078e-16,-5.813148627227794e-16,7.1,27.67854880516591,27.67854880516591,22.0,25.0,19.0,6.154720744680851,6.154720744680851,0.0,0,0,77.42010416666662,-4.466182372025889e-16,22.5,86.8,-2.1388666837618357e-15,64.3,-2.5265903670384886e-15,20,1,1,27.420104166666647,27.420104166666647,2.9160058604848984e-14,0,0,0,0,1.0,0.0,50.0,60.0,50.0,755.3747821034283,72.6321905868681,1.2516342242882046,1.2536316095293436,1.434797044907446,19,1,60.23860251053743,-504.6252178965717,-47.36780941313189,59.95037953201812,60.52682548905676,1,0,0.4489886024616096,14.5985401459854,1260.0,120.0,1.6844469399213924,142.48,97.52000000000001,7.1240000000000006,1.8759999999999997,1.2633352049410442,0.1583333333333333,0.4,1,20,2.228523301516002,20,0.1263335204941044,0.8181818181818179,0.8999999999999997,0.75,3.3688938798427848,1.0,93.6,-229.6650828729281,-32.90330700185217,468.3349171270719,False,True,428.1640883977901,389.4027624309392,67.09669299814783,39.36357142857144,1,698.0,27.678548805165907,0,0,0,12,1,6884,0.966311061201572,12,1,1,57.0,1,0.0,0.6,0.0336889387984278,1069.3950000000002,1200.3598377368646,26.0,1.0459035444509006,5,1450.0400000000002
Tags 2,0.933043234138125,2025-4,21,28.15472074468085,28.15472074468085,28.15472074468085,3.699089913415334e-16,32.6,4.710350753166894e-16,9.018783009343824e-18,7.1,27.67854880516591,27.67854880516591,22.0,25.0,19.0,6.154720744680851,6.154720744680851,0.0,0,0,77.42010416666662,-2.761629654335141e-16,22.5,86.8,5.702983905072954e-16,64.3,2.8944045821345144e-17,21,1,1,27.420104166666647,27.420104166666647,2.912358572177595e-14,0,0,0,0,1.0,0.0,50.0,60.0,50.0,836.1204013377926,79.97673404100625,1.101119674276574,1.3781990693616402,1.380398429547768,20,1,63.6178566235277,-543.8795986622074,-40.02326595899375,60.58843487955019,66.64727836750521,1,0,0.4380884851222467,16.142616507580012,1380.0,120.0,1.6510253736531109,149.60399999999998,97.39600000000002,7.1240000000000006,-0.1240000000000005,0.9825940482874788,0.1538461538461538,0.388663967611336,1,20,2.228523301516002,20,0.0982594048287478,0.7777777777777772,0.6363636363636357,0.6999999999999993,3.4671532846715327,0.9523809523809523,93.6,-247.37999999999997,-32.63588390501319,510.62000000000006,False,False,468.3349171270719,428.1640883977901,67.36411609498681,36.445714285714295,1,758.0,27.678548805165903,0,0,0,13,1,6877,0.965328467153285,13,1,1,60.0,1,0.0,0.6190476190476191,0.0346715328467153,1020.8600000000001,1205.1440369393142,26.0,1.0469681547186274,5,1450.0400000000002
Tags 3,0.94546217312264,2025-4,1,27.8659574468085,28.15472074468085,28.15472074468085,0.0,33.5,0.0,0.0,9.0,27.54075986121832,27.54075986121832,30.0,32.0,28.0,2.134042553191499,-2.134042553191499,0.0,0,0,84.2702127659574,0.0,27.4,93.5,0.0,66.1,0.0,1,1,1,24.2702127659574,24.2702127659574,0.0,0,0,0,0,1.0,0.0,60.0,70.0,60.0,14.011489421325487,14.011489421325487,3.0,3.0,3.0,0,0,140.11489421325487,4.011489421325488,4.011489421325488,140.11489421325487,140.11489421325487,1,1,0.0,0.2796811634736401,10.0,10.0,1.9577681443154804,7.151,6.849,7.151,6.849,1.9577681443154804,2.857142857142857,5.071428571428571,0,1,0.9577681443154804,1,0.195776814431548,3.0,3.0,3.0,0.195776814431548,1.0,106.75,0.0,0.0,64.0,True,False,669.9717991631799,637.6489644351465,100.0,39.36357142857144,0,64.0,27.54075986121832,1,1,1,0,0,7137,0.998042231855684,0,0,0,11.0,1,1.0,0.0,0.0019577681443154,1069.3950000000002,1789.0,26.0,1.008827238335435,0,1293.12
Tags 3,0.94546217312264,2025-4,2,27.796520390070903,27.8659574468085,28.15472074468085,-0.13887411347520143,32.0,-1.5000000000000024,1.299999999999999,7.6,27.54075986121832,27.43482438675893,30.0,32.0,28.0,2.272916666666699,-2.272916666666699,0.09819882736958423,0,0,85.0226063829787,1.504787234042592,22.65,90.5,-3.0000000000000115,72.6,6.499999999999998,2,1,1,25.77500000000001,25.77500000000001,1.0640452574344776,0,0,0,0,1.0,0.0,60.0,70.0,60.0,28.08988764044944,14.044943820224718,1.002387640449438,3.0,3.0,1,1,81.92883895131085,-1.9101123595505636,-5.955056179775282,93.63295880149812,70.22471910112358,1,0,1.4125252456202622,0.5593623269472802,30.0,20.0,2.1675290169207106,14.302,16.698,7.151,9.849,2.3772898895259407,1.2903225806451613,2.290322580645161,0,2,1.377289889525941,2,0.2377289889525941,1.2142857142857146,3.0,3.0,0.4335058033841422,1.0,106.75,0.0,0.0,77.0,True,False,64.0,637.6489644351465,100.0,39.36357142857144,0,77.0,27.487792123988626,2,1,1,0,0,7120,0.995664941966159,0,0,0,13.0,1,1.0,0.0,0.0043350580338414,1069.3950000000002,1789.0,26.0,1.0112359550561798,1,1293.12
Tags 3,0.94546217312264,2025-4,3,27.976403664302598,27.7270833333333,27.8659574468085,0.2351063829787524,33.9,0.20000000000000367,0.700000000000003,7.733333333333333,28.016426988755864,28.016426988755864,30.0,32.0,28.0,1.6638297872340004,-1.6638297872340004,0.31921071707154686,1,1,84.88670212765956,0.17234042553196371,24.666666666666668,90.5,-1.499999999999991,61.8,-2.149999999999991,3,1,1,24.61489361702129,24.61489361702129,0.7883565530747797,0,0,0,0,1.0,0.0,60.0,70.0,60.0,49.219519054985234,21.094079594993676,1.5018984671635496,1.5054844606946984,3.0,1,0,101.9547180424694,-0.7804809450147658,1.0940795949936728,98.43903810997048,105.47039797496836,2,1,1.0395731822660603,0.9788840721577402,50.0,20.0,1.8645410898242671,21.453,18.547,7.151,1.849,1.2585652356313803,1.0,1.775,0,3,1.377289889525941,3,0.125856523563138,0.5294117647058821,0.6428571428571428,3.0,0.55936232694728,1.0,106.75,0.0,0.0,91.0,True,False,77.0,64.0,100.0,39.36357142857144,0,91.0,27.664003745577705,2,1,0,0,0,7111,0.994406376730527,0,0,0,14.0,1,0.6666666666666666,0.0,0.0055936232694728,1069.3950000000002,1789.0,26.0,1.0125158205596962,1,1293.12
Tags 3,0.94546217312264,2025-4,4,28.019281914893625,28.336170212766,27.7270833333333,0.14549645390072627,34.6,0.519999999999995,0.21999999999999728,8.15,28.016426988755864,27.80315534281887,30.0,32.0,28.0,1.8520833333333009,-1.8520833333333009,0.2743802083919457,1,2,84.52127659574467,-0.3695744680851068,25.325,91.3,-0.6600000000000282,64.0,-1.7100000000000084,4,1,1,23.425,23.425,0.9738997111365005,0,0,0,0,1.0,0.0,60.0,70.0,60.0,70.38288288288288,21.114864864864863,1.0009853603603602,1.5033783783783785,1.5069679054054053,2,1,89.15165165165165,-4.617117117117118,-3.885135135135137,93.84384384384384,84.45945945945945,2,0,0.9456589344724561,1.3984058173682004,75.0,25.0,1.6431268354076354,28.604,18.396,7.151,-0.1509999999999998,0.9788840721577402,0.851063829787234,1.5106382978723405,0,3,1.377289889525941,3,0.097888407215774,0.7777777777777778,0.4117647058823528,0.5,0.6572507341630541,0.75,106.75,0.0,0.0,107.0,True,False,91.0,77.0,100.0,39.36357142857144,0,107.0,27.698791644887997,2,1,0,0,0,7104,0.99342749265837,0,0,0,16.0,1,0.5,0.0,0.0065725073416305,1069.3950000000002,1789.0,26.0,1.0135135135135136,1,1293.12
Tags 3,0.94546217312264,2025-4,5,27.835,28.1479166666667,28.336170212766,-0.11153368794326547,30.8,-0.280000000000003,0.15999999999999823,7.5600000000000005,28.016426988755864,26.849769454320864,28.0,30.0,26.0,0.9021276595745,-0.9021276595745,0.47567057387672407,1,2,85.16638297872339,0.460319148936171,22.7,91.8,-0.26000000000001205,79.6,1.8399999999999967,5,1,1,27.746808510638303,27.746808510638303,1.6709792674696153,0,0,0,0,1.0,0.0,60.0,70.0,60.0,91.6267268113899,21.144629264166905,1.0014096419509446,1.0023963913166056,1.5054976036086836,3,1,88.10262193402875,-8.3732731886101,-3.855370735833098,91.6267268113899,84.57851705666761,2,0,0.8653352952502356,1.8179275625786604,100.0,25.0,1.5941826317997483,35.754999999999995,21.245,7.151,2.849,1.3984058173682004,0.7017543859649122,1.2456140350877194,0,4,1.377289889525941,3,0.13984058173682,1.4285714285714286,1.1111111111111112,0.5882352941176469,0.797091315899874,0.8,106.75,0.0,0.0,125.0,True,False,107.0,91.0,100.0,39.36357142857144,0,125.0,27.52898720677457,2,1,0,0,0,7094,0.992029086841001,0,0,0,18.0,1,0.4,0.0,0.0079709131589987,1069.3950000000002,1789.0,26.0,1.0149422046800112,1,1293.12
Tags 3,0.94546217312264,2025-4,6,27.61666666666667,27.0978723404255,28.1479166666667,-0.25087639311043486,28.8,-0.7542857142857134,0.048571428571429445,6.916666666666668,28.016426988755864,26.32742192904372,28.0,30.0,26.0,1.4750000000000014,-1.4750000000000014,0.6833934902736761,1,2,85.98518026004727,0.9648657548125712,20.099999999999998,92.3,-0.037142857142858095,85.2,3.391428571428571,6,1,1,30.07916666666669,30.07916666666669,2.5012619409551893,0,0,0,0,1.0,0.0,60.0,70.0,60.0,119.95484053062376,28.22466836014677,1.334838648979208,1.336720293536551,1.3380374447266912,4,1,84.74867351525552,-15.04515946937623,-6.775331639853231,88.85543743009168,80.64190960041934,2,0,0.7769584151468115,2.3772898895259407,135.0,35.0,1.514939635482217,42.90599999999999,22.094,7.151,0.8490000000000002,1.1187246538945603,0.6153846153846154,1.0923076923076922,0,5,1.377289889525941,3,0.111872465389456,0.7999999999999999,1.1428571428571428,0.8888888888888888,0.9089637812893302,0.8333333333333334,106.75,0.0,0.0,145.0,True,False,125.0,107.0,100.0,39.36357142857144,0,145.0,27.32872632715276,2,1,0,0,0,7086,0.990910362187107,0,0,0,20.0,1,0.3333333333333333,0.0,0.0090896378128933,1069.3950000000002,1789.0,26.0,1.0160880609652836,1,1293.12
Tags 3,0.94546217312264,2025-4,7,27.54196428571429,26.525,27.0978723404255,-0.21282453140830704,32.5,-0.4464285714285701,-0.017857142857143293,7.014285714285715,28.016426988755864,26.85638733114996,28.0,30.0,26.0,0.90625,-0.90625,0.6544096618301974,1,2,86.30932117527861,0.8461467831813648,19.928571428571427,92.7,0.08928571428571506,73.8,2.3607142857142907,7,1,1,28.254166666666706,28.254166666666706,2.4390703307233417,0,0,0,0,1.0,0.0,60.0,70.0,60.0,148.3050847457627,28.24858757062147,1.000847457627119,1.335969868173258,1.337853107344633,5,1,83.97426767317097,-21.694915254237287,-6.751412429378529,87.23828514456629,80.71025020177564,2,0,0.7314230615885374,2.9366522164732207,170.0,35.0,1.4183830433306033,50.05699999999999,20.943,7.151,-1.1509999999999998,0.8390434904209202,0.5633802816901409,1.0,0,5,1.377289889525941,3,0.083904349042092,0.75,0.6,0.8571428571428571,0.992868130331422,0.7142857142857143,90.3,-76.7,-45.92814371257485,90.3,False,False,145.0,125.0,54.07185628742515,39.36357142857144,1,167.0,27.26124932772379,2,1,0,0,0,7080,0.990071318696686,0,0,0,22.0,1,0.2857142857142857,0.0,0.0099286813033142,1069.3950000000002,967.3455089820358,26.0,1.0169491525423728,1,1293.12
Tags 3,0.94546217312264,2025-4,8,27.5140625,27.09375,26.525,-0.16048421141505906,33.0,-0.2392857142857111,-0.00238095238095216,7.0874999999999995,28.016426988755864,27.06765107829592,28.0,30.0,26.0,0.6812499999999986,-0.6812499999999986,0.6109838170827266,1,2,86.4753435283688,0.674779424181031,19.7625,91.9,0.06785714285715128,73.3,1.6928571428571482,8,1,1,32.6375,32.6375,2.3064486023173836,0,0,0,0,1.0,0.0,55.0,65.0,55.0,176.92852087756546,28.308563340410476,1.0021231422505306,1.002972399150743,1.3388063222458126,6,1,68.51959081258444,-43.07147912243454,-21.691436659589527,80.42205494434793,56.61712668082095,2,0,0.6920613310777045,3.4960145434205008,220.0,50.0,1.5032862536708156,57.208,28.792,7.151,7.849,2.0976087260523006,0.4651162790697674,0.8255813953488372,0,6,1.377289889525941,3,0.20976087260523,2.5,1.875,1.4999999999999998,1.2026290029366522,0.75,90.3,-83.80262008733625,-43.6471979621543,108.19737991266376,False,True,90.3,145.0,56.352802037845706,39.36357142857144,1,192.0,27.237049546545308,2,1,0,0,0,7065,0.987973709970634,0,0,0,25.0,1,0.25,0.0,0.0120262900293665,1069.3950000000002,1008.1516284570598,26.0,1.019108280254777,2,1293.12
Tags 3,0.94546217312264,2025-4,9,27.608953900709224,27.31875,27.09375,-0.05540410756500847,32.4,-0.16666666666666455,0.024999999999999682,7.044444444444444,28.023608445921397,28.023608445921397,25.0,28.0,23.0,3.368085106382999,3.368085106382999,0.6384966507366189,0,3,86.14309495665879,0.27299645390070987,20.022222222222222,91.8,0.0466666666666683,69.7,1.028333333333337,9,1,1,28.4851063829787,28.4851063829787,2.376603465319871,0,0,0,0,1.0,0.0,55.0,65.0,55.0,205.5571307059824,28.352707683583784,1.0015593989225973,1.0036858519988658,1.0045364332293734,7,1,66.41884299950645,-64.44286929401758,-21.647292316416216,76.13227063184534,56.70541536716757,2,0,0.6580307168916332,4.055376870367781,270.0,50.0,1.507170714274616,64.359,32.641000000000005,7.151,3.849,1.5382463991050204,0.4123711340206185,0.7319587628865979,0,7,1.377289889525941,3,0.153824639910502,0.7333333333333333,1.8333333333333333,1.375,1.3564536428471543,0.7777777777777778,90.3,-91.75755458515285,-41.707979356887655,128.24244541484717,False,True,108.19737991266376,90.3,58.29202064311235,39.36357142857144,1,220.0,27.324444979809318,2,1,0,1,0,7054,0.986435463571528,1,1,1,28.0,1,0.2222222222222222,0.1111111111111111,0.0135645364284715,1069.3950000000002,1042.8442493052798,26.0,1.0206974766090162,2,1293.12
Tags 3,0.94546217312264,2025-4,10,27.576183510638305,28.368085106383,27.31875,-0.05816865463141919,29.9,-0.256969696969697,-0.01696969696969728,6.859999999999999,28.023608445921397,27.011903817181317,25.0,28.0,23.0,2.28125,2.28125,0.6108350064461919,1,3,86.20607712765958,0.23289678701912894,19.33,90.9,-0.015757575757574912,77.8,1.0757575757575784,10,1,1,31.772916666666703,31.772916666666703,2.2495174815630747,0,0,0,0,1.0,0.0,55.0,65.0,55.0,241.23740598836383,35.47608911593586,1.2512416631190575,1.2531928480204342,1.2558535547041292,8,1,66.11452971606226,-88.76259401163617,-24.523910884064144,73.10224423889812,59.12681519322642,2,0,0.6207375780672133,4.754579779051881,330.0,60.0,1.4543420500629285,71.50999999999999,32.49000000000001,7.151,-0.1509999999999998,0.9788840721577402,0.3846153846153846,0.6826923076923077,0,7,1.377289889525941,3,0.097888407215774,0.6363636363636365,0.4666666666666667,1.1666666666666667,1.4543420500629285,0.7,90.3,-99.99659388646288,-40.15927465319794,149.00340611353712,False,True,128.24244541484717,108.19737991266376,59.84072534680206,39.36357142857144,1,249.0,27.293190863546517,2,1,0,1,0,7047,0.985456579499371,1,1,0,29.0,1,0.2,0.1,0.0145434205006292,1069.3950000000002,1070.5505764542888,26.0,1.0217113665389528,2,1293.12
Tags 3,0.94546217312264,2025-4,11,27.53289410058028,27.28125,28.368085106383,-0.06527119600257683,31.2,-0.23545454545454547,-0.025454545454545514,6.8,28.023608445921397,26.845677711815046,25.0,28.0,23.0,2.1000000000000014,2.1000000000000014,0.5970101907379803,1,3,86.31945116054159,0.23135960670535516,19.18181818181818,91.2,-0.035454545454541866,73.5,0.8572727272727294,11,1,1,32.4531914893617,32.4531914893617,2.166953251577739,0,0,0,0,1.0,0.0,55.0,65.0,55.0,277.0673486786019,35.52145495879511,1.0012787723785166,1.2528417163967036,1.2547953964194374,9,1,65.1226674244577,-112.93265132139813,-24.47854504120489,71.04290991759022,59.20242493132518,2,0,0.5961819067072041,5.453782687735981,390.0,60.0,1.4365441578418787,78.66099999999999,34.339000000000006,7.151,1.849,1.2585652356313803,0.3539823008849557,0.6283185840707964,0,8,1.377289889525941,3,0.125856523563138,1.2857142857142856,0.8181818181818182,0.6000000000000001,1.5801985736260664,0.7272727272727273,90.3,-109.37205240174674,-38.784415745300265,172.62794759825326,False,True,149.00340611353712,128.24244541484717,61.21558425469974,39.36357142857144,1,282.0,27.252507849752746,2,1,0,1,0,7038,0.984198014263739,1,1,0,33.0,1,0.18181818181818182,0.09090909090909091,0.0158019857362606,1069.3950000000002,1095.1468023165783,26.0,1.0230179028132993,2,1293.12
Tags 3,0.94546217312264,2025-4,12,27.53032653664303,27.1,27.28125,-0.05139364181917528,33.3,-0.13321678321678238,-0.06013986013985988,6.991666666666666,28.023608445921397,27.19249135177406,25.0,28.0,23.0,2.5020833333332995,2.5020833333332995,0.5692963657975664,1,3,86.20324689716313,0.1243361912909827,19.541666666666664,92.4,0.0006993006993025057,68.9,0.5213286713286717,12,1,1,29.925,29.925,2.1049577152833776,0,0,0,0,1.0,0.0,55.0,65.0,55.0,312.9000142227279,35.55681979803726,1.0009955909543449,1.0022756364670744,1.254089034276774,10,1,59.40859953833555,-147.09998577727208,-34.44318020196274,68.02174222233216,50.79545685433894,2,0,0.5741833175943954,6.1529855964200815,460.0,70.0,1.3984058173682004,85.81199999999998,34.188,7.151,-0.1509999999999998,0.9788840721577402,0.3333333333333333,0.5916666666666667,0,8,1.377289889525941,3,0.097888407215774,0.7777777777777778,1.0,0.6363636363636365,1.6780869808418402,0.6666666666666666,90.3,-119.31572052401748,-37.63902855647239,197.6842794759825,False,True,172.62794759825326,149.00340611353712,62.36097144352761,39.36357142857144,1,317.0,27.247506474921185,2,1,0,1,0,7031,0.983219130191582,1,1,0,35.0,1,0.16666666666666666,0.08333333333333333,0.0167808698084184,1069.3950000000002,1115.6377791247087,26.0,1.0240364101834731,2,1293.12
Tags 3,0.94546217312264,2025-4,13,27.492969176213858,27.5020833333333,27.1,-0.05639101589899559,32.6,-0.0901098901098897,-0.06263736263736183,7.061538461538461,28.023608445921397,26.76630640425721,25.0,28.0,23.0,2.0446808510637986,2.0446808510637986,0.5614557836715003,1,3,86.21134410801966,0.10116295495284901,19.846153846153847,91.4,-0.010439560439559997,67.9,0.2681318681318713,13,1,1,31.308510638297903,31.308510638297903,2.0155550295748013,0,0,0,0,1.0,0.0,55.0,65.0,55.0,348.9531405782652,35.607463324312775,1.0014242985329729,1.0024213075060533,1.003703176185729,11,1,54.56514055716448,-191.0468594217348,-44.392536675687225,64.620951958938,44.50932915539097,2,0,0.5543358863797827,6.8521885051041815,540.0,80.0,1.3984058173682004,92.96299999999998,37.037000000000006,7.151,2.849,1.3984058173682004,0.3076923076923077,0.5461538461538461,0,9,1.377289889525941,3,0.13984058173682,1.4285714285714286,1.1111111111111112,1.4285714285714286,1.8179275625786604,0.6923076923076923,90.3,-130.11170305676853,-36.6511839596531,224.88829694323147,False,True,197.6842794759825,172.62794759825326,63.34881604034689,39.36357142857144,1,355.0,27.21049108487011,2,1,0,1,0,7021,0.981820724374214,1,1,0,38.0,1,0.15384615384615385,0.07692307692307693,0.0181792756257866,1069.3950000000002,1133.310318961806,26.0,1.025494943740208,2,1293.12
Tags 3,0.94546217312264,2025-4,14,27.48484042553192,27.0446808510638,27.5020833333333,-0.04836431299197271,33.2,-0.04329670329670462,-0.07670329670329717,7.2,28.023608445921397,27.02132367625883,25.0,28.0,23.0,2.3791666666666984,2.3791666666666984,0.5402860426997682,1,3,85.95681357649445,-0.02088184864780224,20.150000000000002,91.7,-0.00857142857143301,67.6,0.09274725274725025,14,1,1,27.647916666666703,27.647916666666703,2.1580004807873467,0,0,0,0,1.0,0.0,55.0,65.0,55.0,384.99928703835735,35.648082133181234,1.0011407386282618,1.0025666619135891,1.0035648082133182,12,1,50.359989045287776,-245.00071296164265,-54.351917866818766,61.1109979425964,39.60898014797915,2,0,0.5363545822825185,7.551391413788282,630.0,90.0,1.3784285914057974,100.11399999999998,37.88600000000001,7.151,0.8490000000000002,1.1187246538945603,0.2898550724637681,0.5144927536231884,0,10,1.377289889525941,3,0.111872465389456,0.7999999999999999,1.1428571428571428,0.8888888888888888,1.929800027968116,0.7142857142857143,90.3,-141.76,-35.79797979797979,254.24,False,False,224.88829694323147,197.6842794759825,64.20202020202021,39.36357142857144,1,396.0,27.19697912711216,2,1,0,1,0,7013,0.980701999720319,1,1,0,41.0,1,0.14285714285714285,0.07142857142857142,0.0192980002796811,1069.3950000000002,1148.5741414141414,26.0,1.0266647654356196,2,1293.12
Tags 3,0.94546217312264,2025-4,15,27.301305609284338,27.3791666666667,27.0446808510638,-0.10812156039882002,26.7,-0.17428571428571313,-0.08892857142857122,6.9,28.023608445921397,24.548680820622344,25.0,28.0,23.0,0.2681818181818016,-0.2681818181818016,0.881098062724952,1,3,86.26605630775846,0.09899952219766403,18.98,91.5,-0.012142857142855647,88.9,0.508928571428573,15,1,1,40.5954545454546,40.5954545454546,2.3997482459080217,0,0,0,0,1.0,0.0,50.0,60.0,50.0,428.1432852861424,42.81432852861424,1.201027543884687,1.2023976023976024,1.204110175538747,13,1,53.51791066076781,-291.8567147138576,-47.18567147138576,59.46434517863089,47.57147614290472,2,0,0.516871451691924,8.390434904209203,720.0,90.0,1.3424695846734724,107.26499999999997,36.735000000000014,7.151,-1.1509999999999998,0.8390434904209202,0.2777777777777778,0.4930555555555556,0,10,1.377289889525941,3,0.083904349042092,0.75,0.6,0.8571428571428571,2.013704377010208,0.6666666666666666,90.3,-156.21370165745856,-35.583986710127235,282.78629834254144,False,True,254.24,224.88829694323147,64.41601328987277,39.36357142857144,1,439.0,27.020425906679506,2,1,0,1,0,7007,0.979862956229898,1,1,0,43.0,1,0.13333333333333333,0.06666666666666667,0.020137043770102,1069.3950000000002,1152.4024777558238,26.0,1.0275438846867415,2,1293.12
Tags 3,0.94546217312264,2025-4,16,27.559557342037394,24.7318181818182,27.3791666666667,0.0021063853491107786,33.1,-0.11691176470588185,0.017352941176470828,6.71875,30.801169887087923,30.801169887087923,22.0,25.0,19.0,9.433333333333302,9.433333333333302,1.3385370854958845,0,4,85.36192778852354,-0.23757516497894912,18.60625,80.0,-0.2679411764705852,67.0,0.29308823529411887,16,1,1,21.8,21.8,4.295817299365174,0,0,0,0,1.0,0.0,50.0,60.0,50.0,457.46962115797,28.591851322373124,0.6678103407195617,0.8020586132952109,0.8029735525375268,14,1,42.19041475618474,-362.53037884203,-71.40814867762688,55.78897818999634,28.591851322373124,2,0,0.518090065577699,8.949797231156483,820.0,100.0,1.3634456719339954,114.416,41.584,7.151,4.849,1.6780869808418404,0.2564102564102564,0.4551282051282051,0,11,1.377289889525941,3,0.167808698084184,2.0,1.5,1.2,2.1815130750943923,0.6875,90.3,-172.01193370165743,-35.39340199622581,313.9880662983426,False,True,282.78629834254144,254.24,64.6065980037742,39.36357142857144,1,486.0,27.256722405455037,2,1,0,2,0,6995,0.978184869249056,2,1,1,47.0,1,0.125,0.125,0.0218151307509439,1069.3950000000002,1155.8120382875204,26.0,1.0293066476054324,2,1293.12
Tags 3,0.94546217312264,2025-4,17,27.594566953957596,31.4333333333333,24.7318181818182,0.01342519176432598,32.6,-0.08504901960784225,0.019362745098040143,6.741176470588235,30.801169887087923,27.67854880516591,22.0,25.0,19.0,6.154720744680851,6.154720744680851,1.3040467297706335,0,4,84.8947616931202,-0.35370133595023917,18.83529411764706,86.8,-0.30490196078431253,64.3,0.08627450980392264,17,1,1,27.420104166666647,27.420104166666647,4.583756004575803,0,0,0,0,1.0,0.0,50.0,60.0,50.0,501.5045135406219,42.986101160624735,1.50343888809285,1.0040120361083251,1.205846109757845,15,1,48.748730664041815,-418.4954864593781,-57.01389883937527,54.5113601674589,42.986101160624735,2,0,0.5075238714847984,9.788840721577404,920.0,100.0,1.4148576505137085,121.567,50.43300000000001,7.151,8.849,2.2374493077891207,0.2325581395348837,0.4127906976744186,0,12,1.377289889525941,3,0.223744930778912,1.3333333333333333,2.6666666666666665,2.0,2.4052580058733044,0.7058823529411765,90.3,-188.4824309392265,-35.230360923219905,346.5175690607735,False,True,313.9880662983426,282.78629834254144,64.7696390767801,39.36357142857144,1,535.0,27.28153572308509,2,1,0,3,0,6979,0.975947419941267,3,1,1,49.0,1,0.11764705882352941,0.17647058823529413,0.024052580058733,1069.3950000000002,1158.7288430835958,26.0,1.0316664278549936,3,1293.12
Tags 3,0.94546217312264,2025-4,18,27.62568660899778,28.15472074468085,31.4333333333333,0.0211326841300167,32.6,-0.061197110423115736,0.020433436532507572,6.76111111111111,30.801169887087923,27.67854880516591,22.0,25.0,19.0,6.154720744680851,6.154720744680851,1.271981928546541,0,4,84.47950294165055,-0.4289880991590354,19.038888888888888,86.8,-0.32549019607843155,64.3,-0.06037151702786369,18,1,1,27.420104166666647,27.420104166666647,4.783179436915465,0,0,0,0,1.0,0.0,50.0,60.0,50.0,545.3501722158438,43.05396096440872,1.0015786452353614,1.5058122847301951,1.0055970149253732,16,1,46.04329158741562,-484.6498277841562,-66.94603903559127,52.946618661732415,39.13996451309884,2,0,0.4946852820149234,10.627884211998325,1030.0,110.0,1.4217125809910036,128.718,54.28200000000001,7.151,3.849,1.5382463991050204,0.2185792349726776,0.3879781420765027,0,13,1.377289889525941,3,0.153824639910502,0.6875,0.9166666666666666,1.8333333333333333,2.5590826457838065,0.7222222222222222,90.3,-205.62519337016573,-35.089623442007806,380.3748066298343,False,True,346.5175690607735,313.9880662983426,64.9103765579922,39.36357142857144,1,586.0,27.303592005422914,2,1,0,4,0,6968,0.974409173542162,4,1,1,51.0,1,0.1111111111111111,0.2222222222222222,0.025590826457838,1069.3950000000002,1161.2466366224805,26.0,1.033295063145809,3,1293.12
Tags 3,0.94546217312264,2025-4,19,27.653530510875832,28.15472074468085,28.15472074468085,0.0263159520739303,32.6,-0.04315789473684241,0.020877192982456296,6.7789473684210515,30.801169887087923,27.67854880516591,22.0,25.0,19.0,6.154720744680851,6.154720744680851,1.2420881430855426,0,4,84.10795563770402,-0.4761040754691373,19.221052631578946,86.8,-0.33508771929824677,64.3,-0.164385964912281,19,1,1,27.420104166666647,27.420104166666647,4.922464967537108,0,0,0,0,1.0,0.0,50.0,60.0,50.0,589.1651099295876,43.10964218996983,1.0012932892656992,1.002873976145998,1.5077597355941947,17,1,45.43586690144348,-550.8348900704124,-66.89035781003017,51.68114999382348,39.19058380906348,2,0,0.4827575448912888,11.466927702419245,1140.0,110.0,1.4131258786036551,135.869,56.13100000000001,7.151,1.849,1.2585652356313803,0.2083333333333333,0.3697916666666667,0,14,1.377289889525941,4,0.125856523563138,0.8181818181818182,0.5625,0.75,2.6849391693469444,0.7368421052631579,90.3,-224.1124861878453,-34.96294636315839,416.88751381215474,False,True,380.3748066298343,346.5175690607735,65.03705363684162,39.36357142857144,1,641.0,27.323326573830435,2,1,0,5,0,6959,0.973150608306531,5,1,1,55.0,1,0.10526315789473684,0.2631578947368421,0.0268493916934694,1069.3950000000002,1163.5128895630965,26.0,1.0346314125592757,3,1293.12
Tags 3,0.94546217312264,2025-4,20,27.678590022566084,28.15472074468085,28.15472074468085,0.029716390832011493,32.6,-0.02939849624060155,0.020902255639097374,6.794999999999999,30.801169887087923,27.67854880516591,22.0,25.0,19.0,6.154720744680851,6.154720744680851,1.2141430866301701,0,4,83.77356306415216,-0.5036299428455094,19.384999999999998,86.8,-0.33729323308270825,64.3,-0.23781954887218157,20,1,1,27.420104166666647,27.420104166666647,5.019136504960243,0,0,0,0,1.0,0.0,50.0,60.0,50.0,640.5642723477761,50.38145962285879,1.168681925051581,1.1701933688402668,1.172040689026438,18,1,46.4114919995156,-619.4357276522239,-69.61854037714122,50.83843431331556,41.984549685715656,2,0,0.46989261965025064,12.445811774576985,1260.0,120.0,1.4263739337155643,143.02,60.980000000000004,7.151,4.849,1.6780869808418404,0.196078431372549,0.3480392156862745,1,15,1.377289889525941,5,0.167808698084184,1.3333333333333333,1.090909090909091,0.75,2.8527478674311286,0.75,90.3,-243.27204419889492,-34.85272839525715,454.72795580110505,False,True,416.88751381215474,380.3748066298343,65.14727160474284,39.36357142857144,1,698.0,27.341087685397206,2,1,0,6,0,6947,0.971472521325689,6,1,1,57.0,1,0.1,0.3,0.0285274786743112,1069.3950000000002,1165.4846890088495,26.0,1.036418597955952,3,1293.12
Tags 3,0.94546217312264,2025-4,21,27.70126291409536,28.15472074468085,28.15472074468085,0.03184767159017685,32.6,-0.018831168831168657,0.020649350649350924,6.809523809523808,30.801169887087923,27.67854880516591,22.0,25.0,19.0,6.154720744680851,6.154720744680851,1.1879526603730926,0,4,83.47101740236712,-0.5174655856715814,19.53333333333333,86.8,-0.33454545454545426,64.3,-0.28909090909090734,21,1,1,27.420104166666647,27.420104166666647,5.08471789968893,0,0,0,0,1.0,0.0,50.0,60.0,50.0,691.7423259835712,50.43954460296873,1.0011529038766394,1.1700293029735314,1.1715424893116204,19,1,46.07960467093158,-688.2576740164288,-69.56045539703126,50.12625550605589,42.03295383580728,2,0,0.459697369317996,13.424695846734725,1380.0,120.0,1.4117239680098022,150.17100000000002,61.82900000000001,7.151,0.8490000000000002,1.1187246538945603,0.1886792452830188,0.3349056603773584,1,16,1.377289889525941,6,0.111872465389456,0.6666666666666666,0.8888888888888888,0.7272727272727273,2.9646203328205845,0.7619047619047619,90.3,-263.43999999999994,-34.75461741424801,494.56000000000006,False,False,454.72795580110505,416.88751381215474,65.24538258575198,34.33142857142858,1,758.0,27.357157262529046,2,1,0,7,0,6939,0.970353796671794,7,1,1,60.0,1,0.09523809523809523,0.3333333333333333,0.0296462033282058,975.2000000000003,1167.239894459103,26.0,1.0376134889753568,3,1293.12
Lags 1,0.922603655818101,2025-5,1,28.15472074468085,28.15472074468085,28.15472074468085,0.0,32.6,0.0,0.0,7.100000000000001,27.67854880516591,27.67854880516591,30.0,32.0,28.0,1.8452792553191488,-1.8452792553191488,0.0,1,0,77.42010416666665,0.0,22.5,86.8,0.0,64.3,0.0,0,0,0,7.420104166666647,7.420104166666647,0.0,1,0,0,0,0.0,0.0,70.0,80.0,70.0,8.92458723784025,8.92458723784025,3.0,3.0,3.0,1,1,89.2458723784025,-1.0754127621597505,-1.0754127621597505,89.2458723784025,89.2458723784025,0,0,0.0,0.1783325902808738,10.0,10.0,0.8916629514043691,11.215,-1.215,11.215,-1.215,0.8916629514043691,6.2,12.0,0,0,0.0,0,0.0891662951404369,3.0,3.0,3.0,0.0891662951404369,0.0,106.75,0.0,0.0,64.0,True,False,669.9717991631799,637.6489644351465,100.0,39.36357142857144,0,64.0,27.67854880516591,0,0,0,0,0,11205,0.999108337048596,0,0,0,11.0,0,0.0,0.0,0.0008916629514043,1069.3950000000002,1789.0,27.0,0.642570281124498,0,1306.0
Lags 1,0.922603655818101,2025-5,2,28.15472074468085,28.15472074468085,28.15472074468085,-6.783381100595097e-15,32.6,-6.772789795300852e-15,-4.066460168369259e-15,7.100000000000001,27.67854880516591,27.67854880516591,30.0,32.0,28.0,1.8452792553191488,-1.8452792553191488,0.0,1,0,77.42010416666665,-1.1658284442341368e-14,22.5,86.8,-1.7209744916952118e-14,64.3,-2.2316770830227838e-14,0,0,0,7.420104166666647,7.420104166666647,0.0,1,0,0,0,0.0,0.0,70.0,80.0,70.0,17.881090746535538,8.940545373267769,1.0017881090746534,3.0,3.0,2,1,52.153181344061984,-12.118909253464462,-11.059454626732231,59.603635821785126,44.70272686633884,0,0,1.4129491783209065,0.3566651805617477,30.0,20.0,1.3374944271065539,22.43,7.57,11.215,8.785,1.7833259028087385,2.066666666666667,4.0,0,1,0.7833259028087383,1,0.1783325902808738,2.0,3.0,3.0,0.2674988854213107,0.5,106.75,0.0,0.0,77.0,True,False,64.0,637.6489644351465,100.0,39.36357142857144,0,77.0,27.67854880516591,0,0,0,0,0,11185,0.997325011145787,0,0,0,13.0,0,0.0,0.0,0.0026749888542131,1069.3950000000002,1789.0,27.0,0.6437192668752794,0,1306.0
Lags 1,0.922603655818101,2025-5,3,28.154720744680855,28.15472074468085,28.15472074468085,-1.2895420286198467e-15,32.6,2.30148056710964e-15,2.3936246954295856e-15,7.100000000000001,27.67854880516591,27.67854880516591,30.0,32.0,28.0,1.8452792553191488,-1.8452792553191488,4.351167857633658e-15,1,0,77.42010416666665,1.136476922109094e-14,22.5,86.8,1.802190973325158e-15,64.3,-3.3130325148630877e-15,0,0,0,7.420104166666647,7.420104166666647,0.0,1,0,0,0,0.0,0.0,70.0,80.0,70.0,31.381691024836368,13.4492961535013,1.5043037747691206,1.506993633999821,3.0,3,1,65.00493140858961,-18.618308975163632,-6.550703846498699,62.763382049672735,67.2464807675065,0,0,1.0394293268803563,0.6241640659830584,50.0,20.0,1.8427700995690295,33.644999999999996,28.355,11.215,20.785,2.8533214444939814,1.0,1.935483870967742,0,2,1.8533214444939812,2,0.2853321444493981,1.6,3.0,3.0,0.5528310298707089,0.6666666666666666,106.75,0.0,0.0,91.0,True,False,77.0,64.0,100.0,39.36357142857144,0,91.0,27.678548805165907,0,0,0,0,0,11153,0.994471689701293,0,0,0,14.0,0,0.0,0.0,0.005528310298707,1069.3950000000002,1789.0,27.0,0.6455662153680624,1,1306.0
Lags 1,0.922603655818101,2025-5,4,28.15472074468085,28.15472074468085,28.15472074468085,-4.860576503336004e-15,32.6,-2.22671580167811e-15,-3.4693771706650844e-15,7.100000000000001,27.67854880516591,27.67854880516591,30.0,32.0,28.0,1.8452792553191488,-1.8452792553191488,0.0,1,0,77.42010416666665,-1.0656246691081632e-14,22.5,86.8,-1.1688067064152732e-14,64.3,-8.691606854378891e-15,0,0,0,7.420104166666647,7.420104166666647,0.0,1,0,0,0,0.0,0.0,70.0,80.0,70.0,44.93170381020848,13.479511143062544,1.0022465851905105,1.5076833213515457,1.5103792235801583,4,1,56.913491492930746,-30.06829618979152,-11.520488856937456,59.90893841361131,53.91804457225018,0,0,0.9454082139330344,0.8916629514043691,75.0,25.0,1.939366919304503,44.86,42.14,11.215,13.785,2.229157378510923,0.7126436781609196,1.3793103448275863,0,3,1.8533214444939812,3,0.2229157378510923,0.7812500000000002,1.2500000000000002,2.5000000000000004,0.7757467677218011,0.75,106.75,0.0,0.0,107.0,True,False,91.0,77.0,100.0,39.36357142857144,0,107.0,27.67854880516591,0,0,0,0,0,11128,0.992242532322782,0,0,0,16.0,0,0.0,0.0,0.007757467677218,1069.3950000000002,1789.0,27.0,0.6470165348670022,2,1306.0
Lags 1,0.922603655818101,2025-5,5,28.15472074468085,28.15472074468085,28.15472074468085,-3.371434273386755e-15,32.6,-3.764398267022435e-15,-4.80122207299609e-16,7.100000000000001,27.67854880516591,27.67854880516591,28.0,30.0,26.0,0.1547207446808514,0.1547207446808514,0.0,1,0,77.42010416666665,-4.822292063407377e-15,22.5,86.8,-3.627382670784715e-15,64.3,-3.145486211302101e-15,0,0,0,7.420104166666647,7.420104166666647,0.0,1,0,0,0,0.0,0.0,70.0,80.0,70.0,67.48852695041843,22.49617565013948,1.6689162842316807,1.6726656468400372,2.5161972464681006,5,1,78.73661477548816,-32.51147304958157,-2.5038243498605226,67.48852695041843,89.98470260055791,0,0,0.8189612297913665,1.3374944271065536,100.0,25.0,1.818992420864913,56.075,45.925,11.215,3.785,1.3374944271065536,0.6078431372549019,1.1764705882352942,0,4,1.8533214444939812,4,0.1337494427106553,0.5999999999999996,0.4687499999999998,0.7499999999999998,0.9094962104324564,0.8,106.75,0.0,0.0,125.0,True,False,107.0,91.0,100.0,39.36357142857144,0,125.0,27.67854880516591,0,0,0,0,0,11113,0.990905037895676,0,0,0,18.0,0,0.0,0.0,0.0090949621043245,1069.3950000000002,1789.0,27.0,0.6478898587240169,2,1306.0
Lags 1,0.922603655818101,2025-5,6,28.154720744680848,28.15472074468085,28.15472074468085,-1.3488542533772615e-15,32.6,-3.003278291787231e-16,-6.929659921216828e-16,7.100000000000001,27.67854880516591,27.67854880516591,28.0,30.0,26.0,0.1547207446808514,0.1547207446808514,3.891802844472395e-15,1,0,77.42010416666665,-3.2804718226432046e-15,22.5,86.8,-5.226196707538049e-15,64.3,-1.2637676618891283e-15,0,0,0,7.420104166666647,7.420104166666647,0.0,1,0,0,0,0.0,0.0,70.0,80.0,70.0,90.0657479960371,22.51643699900928,1.0009006574799604,1.6704194061665014,1.6741721456663363,6,1,65.52402301298996,-44.9342520039629,-12.483563000990724,66.71536888595341,64.3326771400265,0,0,0.7769601078233142,1.7833259028087385,135.0,35.0,1.6644375092881558,67.29,44.709999999999994,11.215,-1.215,0.8916629514043691,0.5535714285714286,1.0714285714285714,0,4,1.8533214444939812,4,0.0891662951404369,0.666666666666667,0.3999999999999999,0.3125,0.9986625055728936,0.6666666666666666,106.75,0.0,0.0,145.0,True,False,125.0,107.0,100.0,39.36357142857144,0,145.0,27.678548805165914,0,0,0,0,0,11103,0.990013374944271,0,0,0,20.0,0,0.0,0.0,0.0099866250557289,1069.3950000000002,1789.0,27.0,0.6484733855714672,2,1306.0
Lags 1,0.922603655818101,2025-5,7,28.154720744680848,28.15472074468085,28.15472074468085,-3.895921039444663e-16,32.6,1.656277457553702e-15,1.2138620989631208e-15,7.100000000000001,27.67854880516591,27.67854880516591,28.0,30.0,26.0,0.1547207446808514,0.1547207446808514,3.837369354665453e-15,1,0,77.42010416666665,2.54453727244602e-15,22.5,86.8,2.9813600726655495e-15,64.3,-1.585001016368459e-15,0,0,0,7.420104166666647,7.420104166666647,0.0,1,0,0,0,0.0,0.0,70.0,80.0,70.0,117.16989634970707,27.0392068499324,1.2008652546191978,1.201946822893195,2.005948625506985,7,1,73.08917257754837,-52.830103650292926,-7.960793150067598,68.92346844100416,77.25487671409257,0,0,0.7200712553061914,2.31832367365136,170.0,35.0,1.528565059550347,78.50500000000001,41.49499999999999,11.215,-3.215,0.7133303611234953,0.5166666666666667,1.0,0,4,1.8533214444939812,4,0.0713330361123495,0.7999999999999997,0.5333333333333333,0.3199999999999998,1.0699955416852427,0.5714285714285714,95.0,-72.0,-43.11377245508982,95.0,False,False,145.0,125.0,56.88622754491018,39.36357142857144,1,167.0,27.678548805165914,0,0,0,0,0,11095,0.989300044583148,0,0,0,22.0,0,0.0,0.0,0.0106999554168524,1069.3950000000002,1017.6946107784431,27.0,0.6489409643983777,2,1306.0
Lags 1,0.922603655818101,2025-5,8,27.989547318262407,28.15472074468085,28.15472074468085,-0.11011561761229315,27.2,-0.4499999999999978,0.05833333333333465,6.337500000000001,27.67854880516591,26.47505201607236,28.0,30.0,26.0,1.1666666666666998,-1.1666666666666998,0.4671809995691957,1,0,78.05509114583332,0.42332465277778497,20.375,83.5,-0.2749999999999926,78.0,1.14166666666667,1,1,1,17.5,17.5,1.796014395735651,0,0,0,0,0.125,0.0,65.0,75.0,65.0,144.33919711321604,27.06359945872801,1.0009021199819577,1.2019485791610285,1.2030311231393775,8,1,59.86796243900439,-75.66080288678396,-22.93640054127199,65.60872596055275,54.12719891745602,0,0,0.6880763307106715,2.8533214444939814,220.0,50.0,1.4489522960321,89.72,40.28,11.215,-1.215,0.8916629514043691,0.4769230769230769,0.9230769230769232,0,4,1.8533214444939812,4,0.0891662951404369,1.2500000000000004,1.0,0.666666666666667,1.15916183682568,0.5,95.0,-85.20960698689956,-44.38000363901018,106.79039301310044,False,True,95.0,145.0,55.61999636098981,39.36357142857144,1,192.0,27.528111706529216,0,0,0,0,0,11085,0.988408381631743,0,0,0,25.0,0,0.0,0.0,0.0115916183682568,1069.3950000000002,995.0417348981077,27.0,0.6495263870094723,2,1306.0
Lags 1,0.922603655818101,2025-5,9,27.978116134751772,26.8333333333333,28.15472074468085,-0.08393964243498513,31.4,-0.34999999999999865,0.08833333333333396,6.200000000000001,27.67854880516591,27.504552316631568,25.0,28.0,23.0,2.8866666666666987,2.8866666666666987,0.4383513125014546,1,0,78.45390817901233,0.5356174768518549,19.333333333333332,85.5,-0.2516666666666646,74.5,1.3650000000000013,2,1,1,16.644444444444403,16.644444444444403,2.062511691981854,0,0,0,0,0.2222222222222222,0.0,65.0,75.0,65.0,171.63504968383018,27.100271002710027,1.0013550135501357,1.0022583559168925,1.2035772357723578,9,1,58.884539462678575,-98.36495031616982,-22.899728997289973,63.5685369199371,54.20054200542005,0,0,0.6587670415697954,3.388319215336603,270.0,50.0,1.436568088373706,100.935,44.065,11.215,3.785,1.3374944271065536,0.4275862068965517,0.8275862068965517,0,5,1.8533214444939812,4,0.1337494427106553,1.4999999999999996,1.875,1.4999999999999996,1.2929112795363351,0.5555555555555556,95.0,-100.00436681222708,-45.45653036919413,119.99563318777292,False,True,106.79039301310044,95.0,54.54346963080587,39.36357142857144,1,220.0,27.52549399654059,0,0,0,0,0,11070,0.987070887204637,0,0,0,28.0,0,0.0,0.0,0.0129291127953633,1069.3950000000002,975.7826716951171,27.0,0.6504065040650406,2,1306.0
Lags 1,0.922603655818101,2025-5,10,27.99577659574468,27.8866666666667,26.8333333333333,-0.05141403395658557,32.6,-0.21454545454545457,0.055151515151515985,6.290000000000001,27.67854880516591,27.67854880516591,25.0,28.0,23.0,3.1547207446808514,3.1547207446808514,0.4170378686239103,0,0,78.35052777777776,0.33315067340067367,19.65,86.8,-0.15515151515151482,64.3,0.8478787878787857,3,1,1,12.420104166666649,12.420104166666649,1.9718437930819586,0,0,0,0,0.3,0.0,65.0,75.0,65.0,203.47259902333155,31.651293181407127,1.167932718393923,1.1695152830529931,1.1705703261590403,10,1,57.20525932137436,-126.52740097666847,-28.348706818592877,61.65836334040349,52.752155302345216,0,0,0.6245568844226251,4.012483281319661,330.0,60.0,1.3999108337048596,112.15,44.849999999999994,11.215,0.7850000000000001,1.069995541685243,0.3949044585987261,0.7643312101910829,0,6,1.8533214444939812,4,0.1069995541685242,0.7999999999999997,1.199999999999999,1.4999999999999996,1.3999108337048596,0.6,95.0,-115.32751091703057,-46.31626944459059,133.67248908296943,False,True,119.99563318777292,106.79039301310044,53.68373055540941,39.36357142857144,1,249.0,27.54079947740312,0,0,0,1,0,11058,0.986000891662951,1,1,1,29.0,0,0.0,0.1,0.0139991083370485,1069.3950000000002,960.4019396362744,27.0,0.6511123168746609,2,1306.0
Lags 1,0.922603655818101,2025-5,11,28.010226063829784,28.15472074468085,27.8866666666667,-0.03133579142488773,32.6,-0.13090909090908948,0.03454545454545515,6.363636363636365,27.67854880516591,27.67854880516591,25.0,28.0,23.0,3.1547207446808514,3.1547207446808514,0.3985287742272873,0,0,78.26594381313129,0.20757102272727285,19.90909090909091,86.8,-0.09545454545454135,64.3,0.5272727272727273,4,1,1,12.420104166666649,12.420104166666649,1.891573437039313,0,0,0,0,0.36363636363636365,0.0,65.0,75.0,65.0,235.42194856935893,31.69141615356755,1.0012676566461427,1.1694132560666426,1.1709978268743209,11,1,56.59181455994205,-154.57805143064107,-28.30858384643245,60.36460219727152,52.81902692261258,0,0,0.6020251136760073,4.63664734730272,390.0,60.0,1.3861305880922468,123.36500000000001,47.63499999999999,11.215,2.785,1.2483281319661168,0.3625730994152046,0.7017543859649122,0,7,1.8533214444939812,4,0.1248328131966116,1.166666666666667,0.9333333333333332,1.3999999999999992,1.5247436469014712,0.6363636363636364,95.0,-132.764192139738,-47.07950075877233,149.235807860262,False,True,133.67248908296943,119.99563318777292,52.92049924122767,39.36357142857144,1,282.0,27.553322143563374,0,0,0,2,0,11044,0.984752563530985,2,1,1,33.0,0,0.0,0.18181818181818182,0.0152474364690147,1069.3950000000002,946.7477314255628,27.0,0.6519377037305324,2,1306.0
Lags 1,0.922603655818101,2025-5,12,28.02226728723404,28.15472074468085,28.15472074468085,-0.01854696721717893,32.6,-0.07762237762237681,0.021328671328671868,6.425000000000002,27.67854880516591,27.67854880516591,25.0,28.0,23.0,3.1547207446808514,3.1547207446808514,0.3822648604558265,0,0,78.19545717592591,0.1271377233877257,20.125,86.8,-0.05734265734265488,64.3,0.32202797202797295,5,1,1,12.420104166666649,12.420104166666649,1.8199981266814624,0,0,0,0,0.4166666666666667,0.0,65.0,75.0,65.0,267.40391588107326,31.725888324873097,1.001087744742567,1.002356780275562,1.1706852791878173,12,1,51.72699183403222,-192.59608411892677,-38.2741116751269,58.13128606110288,45.32269760696156,0,0,0.5814714092169013,5.260811413285778,460.0,70.0,1.3597860008916631,134.58,48.41999999999999,11.215,0.7850000000000001,1.069995541685243,0.3387978142076502,0.6557377049180327,0,8,1.8533214444939812,4,0.1069995541685242,0.857142857142857,1.0,0.7999999999999997,1.6317432010699957,0.6666666666666666,95.0,-151.25764192139738,-47.71534445469949,165.74235807860262,False,True,149.235807860262,133.67248908296943,52.28465554530051,39.36357142857144,1,317.0,27.563757698696918,0,0,0,3,0,11032,0.9836825679893,3,1,1,35.0,0,0.0,0.25,0.0163174320106999,1069.3950000000002,935.3724877054262,27.0,0.6526468455402465,2,1306.0
Lags 1,0.922603655818101,2025-5,13,28.03245601472995,28.15472074468085,28.15472074468085,-0.010206019600965514,32.6,-0.0428571428571426,0.012637362637364213,6.476923076923078,27.67854880516591,27.67854880516591,25.0,28.0,23.0,3.1547207446808514,3.1547207446808514,0.3678297891165417,0,0,78.13581463675212,0.07433283730159079,20.307692307692307,86.8,-0.03241758241758111,64.3,0.18736263736264008,6,1,1,12.420104166666649,12.420104166666649,1.7557347288980256,0,0,0,0,0.46153846153846156,0.0,65.0,75.0,65.0,303.8548752834467,36.281179138322,1.1435827664399092,1.1448266925817947,1.1462779397473275,13,1,50.81044763584445,-236.1451247165533,-43.718820861678005,56.269421348786416,45.3514739229025,0,0,0.558318370324572,5.974141774409273,540.0,80.0,1.3031996982063858,145.79500000000002,44.204999999999984,11.215,-4.215,0.6241640659830584,0.3263157894736842,0.631578947368421,0,8,1.8533214444939812,4,0.0624164065983058,0.5833333333333335,0.5,0.5833333333333335,1.6941596076683014,0.6153846153846154,95.0,-171.33624454148472,-48.26373085675626,183.66375545851528,False,True,165.74235807860262,149.235807860262,51.73626914324374,39.36357142857144,1,355.0,27.57258778380992,0,0,0,4,0,11025,0.983058403923317,4,1,1,38.0,0,0.0,0.3076923076923077,0.016941596076683,1069.3950000000002,925.5618549726305,27.0,0.6530612244897959,2,1306.0
Lags 1,0.922603655818101,2025-5,14,28.04118920972644,28.15472074468085,28.15472074468085,-0.0046715376821772495,32.6,-0.019780219780220536,0.006813186813185851,6.521428571428572,27.67854880516591,27.67854880516591,25.0,28.0,23.0,3.1547207446808514,3.1547207446808514,0.3549069160303593,0,0,78.08469246031744,0.039017399267398806,20.464285714285715,86.8,-0.01582417582418111,64.3,0.09736263736263394,7,1,1,12.420104166666649,12.420104166666649,1.6976659556163842,0,0,0,0,0.5,0.0,65.0,75.0,65.0,340.4448479346346,36.31411711302769,1.0009078529278257,1.1446209714026327,1.145866026846508,14,1,47.19394188300225,-289.5551520653654,-53.68588288697231,54.0388647515293,40.34901901447521,0,0,0.5417334726002826,6.687472135532769,630.0,90.0,1.2738042162919563,157.01000000000002,42.98999999999998,11.215,-1.215,0.8916629514043691,0.31,0.6,0,8,1.8533214444939812,4,0.0891662951404369,1.4285714285714293,0.8333333333333339,0.7142857142857146,1.7833259028087385,0.5714285714285714,95.0,-193.0,-48.73737373737374,203.0,False,False,183.66375545851528,165.74235807860262,51.26262626262626,39.36357142857144,1,396.0,27.58015642819249,0,0,0,5,0,11015,0.982166740971913,5,1,1,41.0,0,0.0,0.35714285714285715,0.0178332590280873,1069.3950000000002,917.0883838383838,27.0,0.6536541080344984,2,1306.0
Lags 1,0.922603655818101,2025-5,15,28.0487579787234,28.15472074468085,28.15472074468085,-0.0009573359929076207,32.6,-0.004285714285713877,0.00285714285714247,6.5600000000000005,27.67854880516591,27.67854880516591,25.0,28.0,23.0,3.1547207446808514,3.1547207446808514,0.3432508519464519,0,0,78.04038657407406,0.015086929563493334,20.6,86.8,-0.004642857142852209,64.3,0.03642857142857036,8,1,1,17.420104166666647,17.420104166666647,1.644886849905446,0,0,0,0,0.5333333333333333,0.0,60.0,70.0,60.0,376.9985465116279,36.33720930232558,1.0006359011627908,1.001544331395349,1.1453488372093024,15,1,46.36779312015504,-343.0014534883721,-53.66279069767442,52.360909237726105,40.37467700258398,0,0,0.5264378684030431,7.400802496656264,720.0,90.0,1.2304948729380298,168.22500000000002,38.77499999999998,11.215,-4.215,0.6241640659830584,0.2995169082125604,0.5797101449275363,0,8,1.8533214444939812,4,0.0624164065983058,0.6999999999999996,1.0,0.5833333333333335,1.845742309407044,0.5333333333333333,95.0,-210.81767955801104,-48.02225046879522,228.18232044198896,False,True,203.0,183.66375545851528,51.97774953120478,39.36357142857144,1,439.0,27.586715919990716,0,0,0,6,0,11008,0.98154257690593,6,1,1,43.0,0,0.0,0.4,0.0184574230940704,1069.3950000000002,929.8819391132535,27.0,0.6540697674418605,2,1306.0
Lags 1,0.922603655818101,2025-5,16,28.055380651595744,28.15472074468085,28.15472074468085,0.0015490196078424832,32.6,0.006176470588235273,0.00014705882352960298,6.593750000000002,27.67854880516591,27.67854880516591,22.0,25.0,19.0,6.154720744680851,6.154720744680851,0.33266824456218425,0,0,78.00161892361109,-0.0012581699346398607,20.71875,86.8,0.00294117647058908,64.3,-0.0051470588235293015,9,1,1,17.420104166666647,17.420104166666647,1.5966598857044563,0,0,0,0,0.5625,0.0,60.0,70.0,60.0,418.3719872669395,40.92769440654843,1.1263301500682128,1.1270463847203274,1.1280695770804912,16,1,45.97433423174614,-401.6280127330605,-59.07230559345157,51.02097405694385,40.92769440654843,0,0,0.5094730431522944,8.203299152920197,820.0,100.0,1.2260365581810075,179.44,40.56,11.215,1.785,1.15916183682568,0.2818181818181818,0.5454545454545454,0,9,1.8533214444939812,4,0.1159161836825679,1.8571428571428568,1.2999999999999992,1.8571428571428568,1.961658493089612,0.5625,95.0,-230.29281767955803,-47.38535343200783,255.707182320442,False,True,228.18232044198896,203.0,52.614646567992175,39.36357142857144,1,486.0,27.592455475314168,0,0,0,7,0,10995,0.980383415069104,7,1,1,47.0,0,0.0,0.4375,0.0196165849308961,1069.3950000000002,941.2760271013801,27.0,0.654843110504775,2,1306.0
Lags 1,0.922603655818101,2025-5,17,28.061224186483102,28.15472074468085,28.15472074468085,0.003238694635656403,32.6,0.01323529411764781,-0.0017156862745096953,6.623529411764707,27.67854880516591,27.67854880516591,22.0,25.0,19.0,6.154720744680851,6.154720744680851,0.3230044863171194,0,0,77.96741217320259,-0.012450725081697955,20.823529411764707,86.8,0.008088235294117879,64.3,-0.03357843137254884,10,1,1,17.420104166666647,17.420104166666647,1.552379414432507,0,0,0,0,0.5882352941176471,0.0,60.0,70.0,60.0,459.8852563518805,40.97987432838539,1.0012749294235497,1.127766141517166,1.1284832893179126,17,1,45.48370109636012,-460.1147436481195,-59.02012567161461,49.98752786433485,40.97987432838539,0,0,0.49665149349588755,9.005795809184129,920.0,100.0,1.2273478272271903,190.655,43.345,11.215,2.785,1.2483281319661168,0.2649572649572649,0.5128205128205128,0,10,1.8533214444939812,4,0.1248328131966116,1.076923076923077,2.0,1.3999999999999992,2.086491306286224,0.5882352941176471,95.0,-250.5966850828729,-46.84050188464914,284.4033149171271,False,True,255.707182320442,228.18232044198896,53.15949811535086,39.36357142857144,1,535.0,27.59751978883486,0,0,0,8,0,10981,0.979135086937138,8,1,1,49.0,0,0.0,0.47058823529411764,0.0208649130628622,1069.3950000000002,951.0234212836268,27.0,0.6556779892541663,2,1306.0
Lags 1,0.922603655818101,2025-5,18,28.066418439716312,28.15472074468085,28.15472074468085,0.004367612293144941,32.6,0.017956656346749637,-0.002992776057791638,6.650000000000001,27.67854880516591,27.67854880516591,22.0,25.0,19.0,6.154720744680851,6.154720744680851,0.3141343223836966,0,0,77.93700617283947,-0.020086715972939997,20.916666666666668,86.8,0.011558307533539123,64.3,-0.05294117647058917,11,1,1,17.420104166666647,17.420104166666647,1.5115440907004354,0,0,0,0,0.6111111111111112,0.0,60.0,70.0,60.0,514.9940752893993,54.68963631391851,1.3345486585847537,1.3362501139367422,1.5050587913590374,18,1,49.85863798992497,-515.0059247106007,-55.31036368608149,49.99942478537858,49.71785119447137,0,0,0.48251461663852413,10.075791350869371,1030.0,110.0,1.208698667459256,201.87,42.129999999999995,11.215,-1.215,0.8916629514043691,0.2540983606557377,0.4918032786885246,0,10,1.8533214444939812,4,0.0891662951404369,0.7142857142857146,0.7692307692307697,1.4285714285714293,2.1756576014266606,0.5555555555555556,95.0,-271.7292817679558,-46.37018460204024,314.2707182320442,False,True,284.4033149171271,255.707182320442,53.62981539795976,39.36357142857144,1,586.0,27.60202140085325,0,0,0,9,0,10971,0.978243423985734,9,1,1,51.0,0,0.0,0.5,0.0217565760142666,1069.3950000000002,959.4373974695002,27.0,0.6562756357670222,2,1306.0
Lags 1,0.922603655818101,2025-5,19,28.07106592945129,28.15472074468085,28.15472074468085,0.005106717369665029,32.6,0.02105263157894782,-0.0038596491228077463,6.673684210526316,27.67854880516591,27.67854880516591,22.0,25.0,19.0,6.154720744680851,6.154720744680851,0.305955084348544,0,0,77.90980080409354,-0.02523531920078015,21.0,86.8,0.013859649122806817,64.3,-0.06596491228070359,12,1,1,17.420104166666647,17.420104166666647,1.473735603502126,0,0,0,0,0.631578947368421,0.0,60.0,70.0,60.0,570.0994253397793,54.72954483261881,1.0007297272644349,1.335522515126638,1.337225212076986,19,1,49.88142659352519,-569.9005746602207,-55.27045516738119,50.00872152103327,49.7541316660171,0,0,0.4718874743953043,11.145786892554614,1140.0,110.0,1.1826266513363213,213.085,38.91499999999999,11.215,-3.215,0.7133303611234953,0.246031746031746,0.4761904761904761,0,10,1.8533214444939812,4,0.0713330361123495,0.7999999999999997,0.5714285714285715,0.6153846153846155,2.2469906375390103,0.5263157894736842,95.0,-294.5193370165746,-45.94685444876359,346.4806629834254,False,True,314.2707182320442,284.4033149171271,54.05314555123641,39.36357142857144,1,641.0,27.60604915897497,0,0,0,10,0,10963,0.97753009362461,10,1,1,55.0,0,0.0,0.5263157894736842,0.0224699063753901,1069.3950000000002,967.0107739116194,27.0,0.6567545379914257,2,1306.0
Lags 1,0.922603655818101,2025-5,20,28.075248670212765,28.15472074468085,28.15472074468085,0.005572255105849221,32.6,0.023007518796991894,-0.0044360902255641725,6.695,27.67854880516591,27.67854880516591,22.0,25.0,19.0,6.154720744680851,6.154720744680851,0.2983817289455857,0,0,77.88531597222217,-0.028625939849627004,21.075,86.8,0.015338345864659823,64.3,-0.07451127819548961,13,1,1,17.420104166666647,17.420104166666647,1.4386022452258416,0,0,0,0,0.65,0.0,60.0,70.0,60.0,639.269406392694,68.4931506849315,1.25148401826484,1.2523972602739726,1.6713850837138509,20,1,53.90664637239979,-620.730593607306,-51.50684931506849,50.73566717402333,57.077625570776256,0,0,0.4593592376505472,12.483281319661168,1260.0,120.0,1.1814534106107892,224.3,40.69999999999999,11.215,1.785,1.15916183682568,0.2339622641509434,0.4528301886792453,0,11,1.8533214444939812,4,0.1159161836825679,1.6249999999999996,1.2999999999999992,0.9285714285714284,2.3629068212215785,0.55,95.0,-318.1381215469613,-45.578527442258064,379.8618784530387,False,True,346.4806629834254,314.2707182320442,54.421472557741936,39.36357142857144,1,698.0,27.60967414128451,0,0,0,11,0,10950,0.976370931787784,11,1,1,57.0,0,0.0,0.55,0.0236290682122157,1069.3950000000002,973.6001440580031,27.0,0.6575342465753424,2,1306.0
Lags 1,0.922603655818101,2025-5,21,28.079033054711246,28.15472074468085,28.15472074468085,0.005844507000092577,32.6,0.024155844155843622,-0.004805194805194726,6.714285714285714,27.67854880516591,27.67854880516591,22.0,25.0,19.0,6.154720744680851,6.154720744680851,0.29134314175351406,0,0,77.86316302910048,-0.030764114357864858,21.142857142857142,86.8,0.016233766233766607,64.3,-0.07987012987012937,14,1,1,17.420104166666647,17.420104166666647,1.4058461543278493,0,0,0,0,0.6666666666666666,0.0,60.0,70.0,60.0,713.3058984910837,73.15957933241884,1.0681298582533152,1.336747447035513,1.3377229080932789,21,1,56.32757466717031,-666.6941015089163,-46.84042066758116,51.68883322399157,60.96631611034904,0,0,0.44896178922150953,13.90994204190816,1380.0,120.0,1.1888839352058256,235.51500000000001,44.484999999999985,11.215,3.785,1.3374944271065536,0.2214285714285714,0.4285714285714285,0,12,1.8533214444939812,4,0.1337494427106553,1.1538461538461542,1.875,1.4999999999999996,2.4966562639322336,0.5714285714285714,95.0,-343.0,-45.25065963060686,415.0,False,False,379.8618784530387,346.4806629834254,54.74934036939314,30.285714285714285,1,758.0,27.612953887183625,0,0,0,12,0,10935,0.975033437360678,12,1,1,60.0,0,0.0,0.5714285714285714,0.0249665626393223,839.0,979.4656992084433,27.0,0.6584362139917695,2,1306.0
Lags 2,0.905545454545454,2025-5,1,27.6166666666667,28.15472074468085,28.15472074468085,0.0,28.1,0.0,0.0,1.5,27.25445805303816,27.25445805303816,30.0,32.0,28.0,2.383333333333301,-2.383333333333301,0.0,0,0,82.5,0.0,5.5,83.5,0.0,78.0,0.0,1,1,1,12.5,12.5,0.0,0,0,0,0,1.0,0.0,70.0,80.0,70.0,9.116601331023794,9.116601331023794,3.0,3.0,3.0,1,1,91.16601331023794,-0.8833986689762057,-0.8833986689762057,91.16601331023794,91.16601331023794,0,0,0.0,0.1818181818181818,10.0,10.0,2.8181818181818183,11.0,20.0,11.0,20.0,2.8181818181818183,2.4838709677419355,4.903225806451613,0,1,1.8181818181818183,1,0.2818181818181818,3.0,3.0,3.0,0.2818181818181818,1.0,106.75,0.0,0.0,64.0,True,False,669.9717991631799,637.6489644351465,100.0,39.36357142857144,0,64.0,27.25445805303816,1,1,1,0,0,10969,0.997181818181818,0,0,0,11.0,0,1.0,0.0,0.0028181818181818,1069.3950000000002,1789.0,34.0,0.6563952958337131,1,1176.0
Lags 2,0.905545454545454,2025-5,2,28.1827777777778,27.6166666666667,28.15472074468085,1.1322222222221985,31.5,3.3999999999999915,-1.5961066023064364e-15,3.2,28.362165241768203,28.362165241768203,30.0,32.0,28.0,1.2511111111111006,-1.2511111111111006,0.8006020111434199,1,1,82.0722222222222,-0.8555555555555996,8.25,85.5,1.999999999999989,74.5,-3.5000000000000067,2,1,1,11.644444444444405,11.644444444444405,0.6049691350151866,0,0,0,0,1.0,0.0,70.0,80.0,70.0,22.841480127912288,13.704888076747372,1.5032891731384197,3.0,3.0,2,1,72.33135373838891,-7.158519872087712,-6.295111923252627,76.13826709304095,68.52444038373686,0,0,1.058334375149148,0.4545454545454546,30.0,20.0,2.5,22.0,33.0,11.0,13.0,2.1818181818181817,1.4,2.763636363636364,0,2,1.8181818181818183,2,0.2181818181818182,0.7741935483870969,3.0,3.0,0.5,1.0,106.75,0.0,0.0,77.0,True,False,64.0,637.6489644351465,100.0,39.36357142857144,0,77.0,27.80831164740318,1,1,0,0,0,10945,0.995,0,0,0,13.0,0,0.5,0.0,0.005,1069.3950000000002,1789.0,34.0,0.6578346276838739,2,1176.0
Lags 2,0.905545454545454,2025-5,3,28.17342543341215,28.7488888888889,27.6166666666667,0.2690270390070767,32.6,2.2500000000000018,-0.5499999999999979,4.500000000000001,28.362165241768203,27.67854880516591,30.0,32.0,28.0,1.8452792553191488,-1.8452792553191488,0.5663428194643642,1,1,80.52151620370368,-2.5399479166666694,13.0,86.8,1.6500000000000081,64.3,-6.85,2,1,0,7.420104166666647,7.420104166666647,2.71975390334662,1,0,0,0,0.6666666666666666,0.0,70.0,80.0,70.0,36.61997619701548,13.7324910738808,1.002014098690836,1.5063169458939851,3.0,3,1,70.95120388171748,-13.380023802984525,-6.267508926119199,73.23995239403095,68.662455369404,0,0,1.03950049393425,0.7272727272727274,50.0,20.0,2.3333333333333335,33.0,44.0,11.0,11.0,2.0,1.0,1.974025974025974,0,3,1.8181818181818183,3,0.2,0.9166666666666666,0.7096774193548387,3.0,0.7000000000000001,1.0,106.75,0.0,0.0,91.0,True,False,77.0,64.0,100.0,39.36357142857144,0,91.0,27.76505736665742,1,1,0,0,0,10923,0.993,0,0,0,14.0,0,0.3333333333333333,0.0,0.007,1069.3950000000002,1789.0,34.0,0.6591595715462785,3,1176.0
Lags 2,0.905545454545454,2025-5,4,28.168749261229323,28.15472074468085,28.7488888888889,0.10199940898343637,32.6,1.459999999999998,-0.44000000000000483,5.15,28.362165241768203,27.67854880516591,30.0,32.0,28.0,1.8452792553191488,-1.8452792553191488,0.4625115412445012,1,1,79.74616319444442,-1.946402777777794,15.375,86.8,1.119999999999986,64.3,-5.130000000000012,2,1,0,7.420104166666647,7.420104166666647,2.7085168178141963,1,0,0,0,0.5,0.0,70.0,80.0,70.0,55.05597357313268,18.351991191044227,1.3363919985318409,1.3390836239065271,2.0130299137456413,4,1,73.40796476417691,-19.94402642686732,-6.6480088089557725,73.40796476417691,73.40796476417691,0,0,0.8846196212063843,1.0909090909090908,75.0,25.0,2.3181818181818183,44.0,58.0,11.0,14.0,2.272727272727273,0.7549019607843137,1.4901960784313726,0,4,1.8181818181818183,4,0.2272727272727273,1.1363636363636365,1.0416666666666667,0.806451612903226,0.9272727272727272,1.0,106.75,0.0,0.0,107.0,True,False,91.0,77.0,100.0,39.36357142857144,0,107.0,27.743430226284545,1,1,0,0,0,10898,0.990727272727273,0,0,0,16.0,0,0.25,0.0,0.0092727272727272,1069.3950000000002,1789.0,34.0,0.6606716828775923,4,1176.0
Lags 2,0.905545454545454,2025-5,5,28.165943557919626,28.15472074468085,28.15472074468085,0.04819400118202025,32.6,1.009999999999998,-0.33000000000000357,5.540000000000001,28.362165241768203,27.67854880516591,28.0,30.0,26.0,0.1547207446808514,0.1547207446808514,0.40059587390983337,1,1,79.28095138888887,-1.4384131944444498,16.8,86.8,0.7899999999999928,64.3,-3.76000000000001,2,1,0,7.420104166666647,7.420104166666647,2.5659613470253317,1,0,0,0,0.4,0.0,70.0,80.0,70.0,73.5361706039158,18.38404265097895,1.001746484051843,1.3387259858442873,1.341422312099764,5,1,73.5361706039158,-26.463829396084197,-6.615957349021048,73.5361706039158,73.5361706039158,0,0,0.829070936821285,1.4545454545454546,100.0,25.0,2.2,55.0,66.0,11.0,8.0,1.7272727272727273,0.6363636363636364,1.256198347107438,1,5,1.8181818181818183,5,0.1727272727272727,0.7599999999999998,0.8636363636363634,0.7916666666666665,1.1,1.0,106.75,0.0,0.0,125.0,True,False,107.0,91.0,100.0,39.36357142857144,0,125.0,27.73045394206082,1,1,0,0,0,10879,0.989,0,0,0,18.0,0,0.2,0.0,0.011,1069.3950000000002,1789.0,34.0,0.6618255354352423,4,1176.0
Lags 2,0.905545454545454,2025-5,6,28.164073089046497,28.15472074468085,28.15472074468085,0.025936170212758954,32.6,0.7371428571428588,-0.25142857142857183,5.800000000000001,28.362165241768203,27.67854880516591,28.0,30.0,26.0,0.1547207446808514,0.1547207446808514,0.3583331344959583,1,1,78.97081018518516,-1.087785714285717,17.75,86.8,0.5828571428571413,64.3,-2.831428571428572,2,1,0,7.420104166666647,7.420104166666647,2.4175300422023995,1,0,0,0,0.3333333333333333,0.0,70.0,80.0,70.0,92.03018590097552,18.406037180195103,1.0011963924167129,1.0029449659488312,1.3403276274618074,6,1,60.37959286624849,-42.96981409902448,-16.593962819804897,68.17050807479669,52.58867765770029,0,0,0.7768921515323847,1.818181818181818,135.0,35.0,2.0303030303030303,66.0,68.0,11.0,2.0,1.181818181818182,0.5746268656716418,1.1343283582089552,1,6,1.8181818181818183,6,0.1181818181818182,0.6842105263157896,0.52,0.5909090909090909,1.2181818181818185,1.0,106.75,0.0,0.0,145.0,True,False,125.0,107.0,100.0,39.36357142857144,0,145.0,27.72180308591167,1,1,0,0,0,10866,0.987818181818182,0,0,0,20.0,0,0.16666666666666666,0.0,0.0121818181818181,1069.3950000000002,1789.0,34.0,0.6626173384870238,4,1176.0
Lags 2,0.905545454545454,2025-5,7,28.162737039851404,28.15472074468085,28.15472074468085,0.015208069486658439,32.6,0.5607142857142854,-0.19642857142857187,5.985714285714287,28.362165241768203,27.67854880516591,28.0,30.0,26.0,0.1547207446808514,0.1547207446808514,0.32713100014659385,1,1,78.74928075396824,-0.8460131448412723,18.428571428571427,86.8,0.44642857142857123,64.3,-2.196428571428569,2,1,0,7.420104166666647,7.420104166666647,2.283397310236006,1,0,0,0,0.2857142857142857,0.0,70.0,80.0,70.0,110.61946902654869,18.436578171091444,1.0016592920353982,1.002857669616519,1.0046091445427727,7,1,58.87310676482983,-59.38053097345133,-16.563421828908556,65.07027589796981,52.67593763168984,0,0,0.7313374393577565,2.1818181818181817,170.0,35.0,1.974025974025974,77.0,75.0,11.0,7.0,1.6363636363636365,0.506578947368421,1.0,1,7,1.8181818181818183,7,0.1636363636363636,1.384615384615384,0.9473684210526316,0.7199999999999999,1.3818181818181818,1.0,91.0,-76.0,-45.50898203592814,91.0,False,False,145.0,125.0,54.49101796407185,39.36357142857144,1,167.0,27.71562390294799,1,1,0,0,0,10848,0.986181818181818,0,0,0,22.0,0,0.14285714285714285,0.0,0.0138181818181818,1069.3950000000002,974.8443113772455,34.0,0.6637168141592921,4,1176.0
Lags 2,0.905545454545454,2025-5,8,28.16173500295509,28.15472074468085,28.15472074468085,0.009470688393557886,32.6,0.4404761904761917,-0.1571428571428559,6.125000000000001,28.362165241768203,27.67854880516591,28.0,30.0,26.0,0.1547207446808514,0.1547207446808514,0.302877715990698,1,1,78.58313368055553,-0.6747734788359743,18.9375,86.8,0.35238095238095885,64.3,-1.7488095238095207,3,1,1,12.420104166666649,12.420104166666649,2.165617406473927,0,0,0,0,0.375,0.0,65.0,75.0,65.0,129.30636372032882,18.472337674332685,1.001939595455805,1.0036021058464948,1.0048028077953264,8,1,47.86014761077105,-90.69363627967118,-31.527662325667315,58.77561987287674,36.94467534866537,0,0,0.6920381746747871,2.5454545454545454,220.0,50.0,1.9659090909090908,88.0,85.0,11.0,10.0,1.9090909090909087,0.4450867052023121,0.8786127167630058,1,8,1.8181818181818183,8,0.1909090909090909,1.1666666666666667,1.615384615384615,1.105263157894737,1.5727272727272728,1.0,91.0,-94.01310043668124,-48.965156477438136,97.98689956331876,False,True,91.0,145.0,51.03484352256186,39.36357142857144,1,192.0,27.710989515725228,1,1,0,0,0,10827,0.984272727272727,0,0,0,25.0,0,0.125,0.0,0.0157272727272727,1069.3950000000002,913.0133506186315,34.0,0.6650041562759768,4,1176.0
Lags 2,0.905545454545454,2025-5,9,28.16095564092462,28.15472074468085,28.15472074468085,0.006161864657208176,32.6,0.3550000000000002,-0.12833333333333166,6.233333333333334,28.362165241768203,27.67854880516591,25.0,28.0,23.0,3.1547207446808514,3.1547207446808514,0.28332580827528764,0,1,78.45390817901233,-0.5498767361111068,19.333333333333332,86.8,0.2850000000000077,64.3,-1.4233333333333293,4,1,1,12.420104166666649,12.420104166666649,2.062511691981854,0,0,0,0,0.4444444444444444,0.0,65.0,75.0,65.0,152.56588072122054,23.11604253351826,1.251386962552011,1.2538141470180306,1.2558945908460473,9,1,51.36898340781836,-117.43411927877946,-26.88395746648174,56.5058817486002,46.23208506703652,0,0,0.6482815030661061,3.0,270.0,50.0,1.8686868686868685,99.0,86.0,11.0,1.0,1.0909090909090908,0.4162162162162162,0.8216216216216217,1,9,1.8181818181818183,9,0.1090909090909091,0.5714285714285715,0.6666666666666669,0.923076923076923,1.681818181818182,1.0,91.0,-114.1877729257642,-51.90353314807463,105.8122270742358,False,True,97.98689956331876,91.0,48.09646685192537,39.36357142857144,1,220.0,27.70738499232975,1,1,0,1,0,10815,0.983181818181818,1,1,1,28.0,0,0.1111111111111111,0.1111111111111111,0.0168181818181818,1069.3950000000002,860.4457919809448,34.0,0.665742024965326,4,1176.0
Lags 2,0.905545454545454,2025-5,10,28.160332151300242,28.15472074468085,28.15472074468085,0.004141270864673185,32.6,0.29212121212121317,-0.10666666666666572,6.320000000000001,28.362165241768203,27.67854880516591,25.0,28.0,23.0,3.1547207446808514,3.1547207446808514,0.2671294100903185,0,1,78.35052777777776,-0.4562996632996586,19.65,86.8,0.23515151515151478,64.3,-1.18,5,1,1,12.420104166666649,12.420104166666649,1.9718437930819588,0,0,0,0,0.5,0.0,65.0,75.0,65.0,175.94221687193257,23.15029169367534,1.0014816186683952,1.2532410408371146,1.2556718214649505,10,1,45.94982139199196,-154.05778312806743,-36.84970830632466,53.31582329452503,38.5838194894589,0,0,0.620751034202471,3.4545454545454546,330.0,60.0,1.827272727272727,110.0,91.0,11.0,5.0,1.4545454545454546,0.3830845771144278,0.7562189054726368,1,10,1.8181818181818183,10,0.1454545454545454,1.3333333333333326,0.7619047619047616,0.8888888888888886,1.8272727272727272,1.0,91.0,-135.08296943231443,-54.25018852703391,113.9170305676856,False,True,105.8122270742358,97.98689956331876,45.7498114729661,39.36357142857144,1,249.0,27.70450137361336,1,1,0,2,0,10799,0.981727272727273,2,1,1,29.0,0,0.1,0.2,0.0182727272727272,1069.3950000000002,818.4641272513636,34.0,0.6667284007778498,4,1176.0
Lags 2,0.905545454545454,2025-5,11,28.15982202342575,28.15472074468085,28.15472074468085,0.0028508892112601328,32.6,0.24454545454545484,-0.08999999999999904,6.3909090909090915,28.362165241768203,27.67854880516591,25.0,28.0,23.0,3.1547207446808514,3.1547207446808514,0.25342685748872995,0,1,78.26594381313129,-0.3845167297979789,19.90909090909091,86.8,0.19727272727272804,64.3,-0.9936363636363628,6,1,1,12.420104166666649,12.420104166666649,1.8915734370393127,0,0,0,0,0.5454545454545454,0.0,65.0,75.0,65.0,203.9302929180571,27.808676307007783,1.2012235817575083,1.2030033370411568,1.5054226918798663,11,1,49.318806270975344,-186.0697070819429,-32.19132369299221,52.28981869693772,46.34779384501298,0,0,0.5898105747038435,4.0,390.0,60.0,1.752066115702479,121.0,91.0,11.0,0.0,1.0,0.3632075471698113,0.7169811320754716,1,10,1.8181818181818183,10,0.1,0.6875000000000003,0.9166666666666666,0.523809523809524,1.927272727272727,0.9090909090909091,91.0,-158.86026200873363,-56.33342624423179,123.13973799126636,False,True,113.9170305676856,105.8122270742358,43.66657375576822,39.36357142857144,1,282.0,27.702142049209048,1,1,0,3,0,10788,0.980727272727273,3,1,1,33.0,0,0.09090909090909091,0.2727272727272727,0.0192727272727272,1069.3950000000002,781.1950044906933,34.0,0.6674082313681868,4,1176.0
Lags 2,0.905545454545454,2025-5,12,28.159396916863674,28.15472074468085,28.15472074468085,0.0019967886723187044,32.6,0.20769230769230734,-0.0769230769230761,6.45,28.362165241768203,27.67854880516591,25.0,28.0,23.0,3.1547207446808514,3.1547207446808514,0.24163751504039985,0,1,78.19545717592591,-0.32831439393939005,20.125,86.8,0.16783216783216823,64.3,-0.8479020979020946,7,1,1,12.420104166666649,12.420104166666649,1.8199981266814624,0,0,0,0,0.5833333333333334,0.0,65.0,75.0,65.0,232.10472565221428,27.852567078265714,1.001578312134435,1.203119487512766,1.204902051805775,12,1,45.12346529760439,-227.8952743477857,-42.147432921734286,50.45754905482919,39.7893815403796,0,0,0.5689316335662126,4.545454545454546,460.0,70.0,1.7348484848484846,132.0,97.0,11.0,6.0,1.5454545454545454,0.3362445414847161,0.6637554585152838,1,11,1.8181818181818183,10,0.1545454545454545,1.545454545454545,1.0625000000000002,1.4166666666666663,2.081818181818182,0.9166666666666666,91.0,-184.0786026200873,-58.06895981706225,132.92139737991266,False,True,123.13973799126636,113.9170305676856,41.93104018293775,39.36357142857144,1,317.0,27.70017594553879,1,1,0,4,0,10771,0.979181818181818,4,1,1,35.0,0,0.08333333333333333,0.3333333333333333,0.0208181818181818,1069.3950000000002,750.1463088727563,34.0,0.6684616098783771,4,1176.0
Lags 2,0.905545454545454,2025-5,13,28.15903721131115,28.15472074468085,28.15472074468085,0.0014147458628839312,32.6,0.17857142857142877,-0.06648351648351711,6.5,28.362165241768203,27.67854880516591,25.0,28.0,23.0,3.1547207446808514,3.1547207446808514,0.23135394239942525,0,1,78.13581463675212,-0.2835223977411477,20.307692307692307,86.8,0.14450549450549868,64.3,-0.7318681318681285,8,1,1,12.420104166666649,12.420104166666649,1.7557347288980256,0,0,0,0,0.6153846153846154,0.0,65.0,75.0,65.0,269.6169579769431,37.18854592785422,1.335192760629726,1.3373001115656378,1.606396429899591,13,1,48.20737435092214,-270.3830420230569,-42.81145407214578,49.929066292026505,46.48568240981778,0,0,0.544963578006414,5.2727272727272725,540.0,80.0,1.7062937062937062,143.0,101.0,11.0,4.0,1.3636363636363635,0.3155737704918033,0.6229508196721312,1,12,1.8181818181818183,10,0.1363636363636363,0.8823529411764703,1.3636363636363629,0.9375,2.2181818181818183,0.9230769230769231,91.0,-211.4585152838428,-59.56577895319515,143.5414847161572,False,True,132.92139737991266,123.13973799126636,40.43422104680484,39.36357142857144,1,355.0,27.69851231935626,1,1,0,5,0,10756,0.977818181818182,5,1,1,38.0,0,0.07692307692307693,0.38461538461538464,0.0221818181818181,1069.3950000000002,723.3682145273388,34.0,0.6693938267013759,4,1176.0
Lags 2,0.905545454545454,2025-5,14,28.15872889226613,28.15472074468085,28.15472074468085,0.0010084690722973997,32.6,0.15516483516483384,-0.058021978021979066,6.542857142857143,28.362165241768203,27.67854880516591,25.0,28.0,23.0,3.1547207446808514,3.1547207446808514,0.2222806716744153,0,1,78.08469246031744,-0.24726678876679045,20.464285714285715,86.8,0.12571428571428034,64.3,-0.6380219780219806,9,1,1,12.420104166666649,12.420104166666649,1.697665955616384,0,0,0,0,0.6428571428571429,0.0,65.0,75.0,65.0,307.2053621299572,37.23701359150997,1.0013032954757028,1.336932911313846,1.3390430087506984,14,1,45.06860771988309,-322.79463787004283,-52.76298640849004,48.76275589364399,41.37445954612218,0,0,0.5288530159777539,6.0,630.0,90.0,1.6753246753246753,154.0,104.0,11.0,3.0,1.2727272727272727,0.2984496124031007,0.5891472868217055,1,13,1.8181818181818183,10,0.1272727272727273,0.933333333333334,0.8235294117647062,1.2727272727272727,2.345454545454545,0.9285714285714286,91.0,-241.0,-60.858585858585855,155.0,False,False,143.5414847161572,132.92139737991266,39.14141414141415,39.36357142857144,1,396.0,27.69708635405695,1,1,0,6,0,10742,0.976545454545454,6,1,1,41.0,0,0.07142857142857142,0.42857142857142855,0.0234545454545454,1069.3950000000002,700.239898989899,34.0,0.6702662446471793,4,1176.0
Lags 2,0.905545454545454,2025-5,15,28.15846168242711,28.15472074468085,28.15472074468085,0.0007191774316093294,32.6,0.13607142857142837,-0.05107142857142774,6.579999999999999,28.362165241768203,27.67854880516591,25.0,28.0,23.0,3.1547207446808514,3.1547207446808514,0.2141975148633639,0,1,78.04038657407406,-0.21751897321428348,20.6,86.8,0.11035714285714061,64.3,-0.5610714285714272,10,1,1,17.420104166666647,17.420104166666647,1.6448868499054459,0,0,0,0,0.6666666666666666,0.0,60.0,70.0,60.0,344.8597259763258,37.28213253798117,1.0012116693074842,1.0025165439463135,1.3385528318886506,15,1,44.66088793612328,-375.1402740236742,-52.71786746201883,47.89718416337859,41.424591708867965,0,0,0.5139783367140583,6.727272727272728,720.0,90.0,1.6424242424242423,165.0,106.0,11.0,2.0,1.181818181818182,0.2841328413284132,0.5608856088560885,1,14,1.8181818181818183,10,0.1181818181818182,0.9285714285714286,0.8666666666666671,0.7647058823529415,2.463636363636364,0.9333333333333333,91.0,-262.61878453038673,-59.82204659006531,176.38121546961327,False,True,155.0,143.5414847161572,40.17795340993469,39.36357142857144,1,439.0,27.695850517464216,1,1,0,7,0,10729,0.975363636363636,7,1,1,43.0,0,0.06666666666666667,0.4666666666666667,0.0246363636363636,1069.3950000000002,718.7835865037315,34.0,0.6710783856836611,4,1176.0
Lags 2,0.905545454545454,2025-5,16,28.15822787381797,28.15472074468085,28.15472074468085,0.0005097430816286512,32.6,0.12029411764705965,-0.045294117647058416,6.612500000000001,28.362165241768203,27.67854880516591,22.0,25.0,19.0,6.154720744680851,6.154720744680851,0.20693657243750552,0,1,78.00161892361109,-0.19281597222221963,20.71875,86.8,0.09764705882353016,64.3,-0.49720588235294066,11,1,1,17.420104166666647,17.420104166666647,1.5966598857044563,0,0,0,0,0.6875,0.0,60.0,70.0,60.0,392.15686274509807,46.68534080298786,1.252217553688142,1.2537348272642388,1.2553688141923436,16,1,47.25467422741454,-427.84313725490193,-53.31465919701214,47.82400765184123,46.68534080298786,0,0,0.4965558598514162,7.636363636363637,820.0,100.0,1.6477272727272727,176.0,114.0,11.0,8.0,1.7272727272727273,0.2655172413793103,0.5241379310344828,1,15,1.8181818181818183,10,0.1727272727272727,1.4615384615384612,1.3571428571428568,1.266666666666667,2.636363636363636,0.9375,91.0,-286.2486187845304,-58.8988927540186,199.7513812154696,False,True,176.38121546961327,155.0,41.1011072459814,39.36357142857144,1,486.0,27.694769160445567,1,1,0,8,0,10710,0.973636363636364,8,1,1,47.0,0,0.0625,0.5,0.0263636363636363,1069.3950000000002,735.2988086306073,34.0,0.6722689075630253,4,1176.0
Lags 2,0.905545454545454,2025-5,17,28.012155645946326,28.15472074468085,28.15472074468085,-0.0482659567225245,26.0,-0.02230392156862665,-0.038480392156861984,6.247058823529413,28.362165241768203,25.05464333465289,22.0,25.0,19.0,3.6750000000000007,3.6750000000000007,0.6347258867341721,0,1,77.5196609477124,-0.32133263548474705,19.58823529411765,70.6,-0.23063725490195972,69.1,-0.3495098039215674,11,1,0,9.808333333333394,9.808333333333394,2.5176992384425674,1,0,0,0,0.6470588235294118,0.0,60.0,70.0,60.0,439.4576905095839,46.75081813931744,1.0014025245441796,1.2539738195418422,1.2554932211313696,17,1,47.25897920604915,-480.5423094904161,-53.24918186068256,47.767140272780864,46.75081813931744,0,0,0.48435637645644636,8.545454545454545,920.0,100.0,1.6310160427807485,187.0,118.0,11.0,4.0,1.3636363636363635,0.2524590163934426,0.4983606557377049,1,16,1.8181818181818183,10,0.1363636363636363,0.7894736842105261,1.153846153846153,1.0714285714285707,2.772727272727273,0.9411764705882353,91.0,-310.8839779005525,-58.10915474776682,224.11602209944752,False,True,199.7513812154696,176.38121546961327,41.890845252233184,39.36357142857144,1,535.0,27.53946764128129,1,1,0,8,0,10695,0.972272727272727,9,1,1,49.0,0,0.058823529411764705,0.5294117647058824,0.0277272727272727,1069.3950000000002,749.4272215624516,34.0,0.6732117812061711,4,1176.0
Lags 2,0.905545454545454,2025-5,18,27.93914236931968,25.675,28.15472074468085,-0.0637018403852763,29.4,-0.062332301341589354,-0.05407636738906097,6.177777777777779,28.362165241768203,26.08294695182549,22.0,25.0,19.0,4.6979166666667,4.6979166666667,0.6893005159178304,0,1,77.13176311728392,-0.3930899552803567,19.27777777777778,77.1,-0.34293085655314814,63.1,-0.34499484004127773,12,1,1,10.537499999999897,10.537499999999897,2.9452170368493475,0,0,0,0,0.6666666666666666,0.0,60.0,70.0,60.0,496.1153234110269,56.16399887672002,1.2013479359730412,1.2030328559393428,1.5064588598708228,18,1,49.61235852525797,-533.8846765889732,-53.83600112327998,48.16653625349775,51.0581807970182,0,0,0.46994033611760894,9.636363636363637,1030.0,110.0,1.601010101010101,198.0,119.0,11.0,1.0,1.0909090909090908,0.2429022082018927,0.4794952681388013,1,17,1.8181818181818183,10,0.1090909090909091,0.8000000000000005,0.6315789473684212,0.923076923076923,2.8818181818181814,0.9444444444444444,91.0,-336.52486187845307,-57.427450832500526,249.47513812154696,False,True,224.11602209944752,199.7513812154696,42.57254916749948,39.36357142857144,1,586.0,27.458549825200414,1,1,0,9,0,10683,0.971181818181818,10,1,1,51.0,0,0.05555555555555555,0.5555555555555556,0.0288181818181818,1069.3950000000002,761.6229046065657,34.0,0.6739679865206403,4,1176.0
Lags 2,0.905545454545454,2025-5,19,27.89826645514496,26.6979166666667,25.675,-0.06640933857990196,31.0,-0.064736842105263,-0.07070175438596553,6.2210526315789485,28.362165241768203,26.68728657896236,22.0,25.0,19.0,5.162500000000001,5.162500000000001,0.6931700859155752,0,1,77.13228435672512,-0.3339700901559488,19.05263157894737,83.6,-0.31526315789474024,68.6,-0.24947368421052854,13,1,1,17.141666666666595,17.141666666666595,2.862237378721214,0,0,0,0,0.6842105263157895,0.0,60.0,70.0,60.0,553.0040303683569,56.23769800356172,1.0013122129534164,1.2029243602961852,1.204611491236292,19,1,49.817152737073215,-586.9959696316431,-53.76230199643828,48.5091254709085,51.12518000323792,0,0,0.4596407153802385,10.727272727272728,1140.0,110.0,1.5837320574162679,209.0,122.0,11.0,3.0,1.2727272727272727,0.2326283987915408,0.459214501510574,1,18,1.8181818181818183,10,0.1272727272727273,1.1666666666666667,0.933333333333334,0.7368421052631581,3.0090909090909093,0.9473684210526315,91.0,-364.1767955801105,-56.81385266460381,276.8232044198895,False,True,249.47513812154696,224.11602209944752,43.18614733539618,39.36357142857144,1,641.0,27.41795702276683,1,1,0,10,0,10669,0.969909090909091,11,1,1,55.0,0,0.05263157894736842,0.5789473684210527,0.030090909090909,1069.3950000000002,772.6001758302376,34.0,0.6748523760427406,4,1176.0
Lags 2,0.905545454545454,2025-5,20,27.88554063238771,27.1625,26.6979166666667,-0.06055823957055861,31.0,-0.0655639097744366,-0.05751879699248153,6.175000000000001,28.362165241768203,27.244847941983267,22.0,25.0,19.0,5.643750000000001,5.643750000000001,0.6770783021960987,0,1,77.31608680555554,-0.2337450918964099,18.825,86.1,-0.25488721804511605,71.6,-0.1334586466165444,14,1,1,20.80833333333329,20.80833333333329,2.9046325965074695,0,0,0,0,0.7,0.0,60.0,70.0,60.0,610.2713360247864,56.33273870998028,1.0016899821612997,1.003004412731199,1.2049572810064784,20,1,47.689090971411886,-649.7286639752136,-63.66726129001972,48.43423301784019,46.94394892498357,0,0,0.4499329883728005,11.818181818181818,1260.0,120.0,1.5863636363636364,220.0,129.0,11.0,7.0,1.6363636363636365,0.2206303724928366,0.4355300859598854,1,19,1.8181818181818183,10,0.1636363636363636,1.2857142857142854,1.4999999999999996,1.2000000000000004,3.172727272727273,0.95,91.0,-392.8342541436464,-56.27997910367427,305.1657458563536,False,True,276.8232044198895,249.47513812154696,43.720020896325735,39.36357142857144,1,698.0,27.409301568727653,1,1,0,11,0,10651,0.968272727272727,12,1,1,57.0,0,0.05,0.6,0.0317272727272727,1069.3950000000002,782.1511738352674,34.0,0.6759928645197634,4,1176.0
Lags 2,0.905545454545454,2025-5,21,27.877399808623213,27.64375,27.1625,-0.054520522473980794,31.5,-0.05883116883116879,-0.05220779220779213,6.176190476190477,28.362165241768203,27.238154299727935,22.0,25.0,19.0,5.714583333333302,5.714583333333302,0.660987903960708,0,1,77.31373346560845,-0.2025125811688332,18.904761904761905,85.6,-0.21337662337662314,65.1,-0.13025974025974074,15,1,1,17.266666666666595,17.266666666666595,2.83110619670935,0,0,0,0,0.7142857142857143,0.0,60.0,70.0,60.0,667.6069581570287,56.41748942172073,1.0015044663845791,1.003196991067231,1.0045133991537376,21,1,47.69594516329048,-712.3930418429713,-63.58251057827927,48.37731580848034,47.01457451810061,0,0,0.4407825234428335,12.909090909090908,1380.0,120.0,1.58008658008658,231.0,134.0,11.0,5.0,1.4545454545454546,0.210958904109589,0.4164383561643835,1,20,1.8181818181818183,10,0.1454545454545454,0.8888888888888886,1.142857142857142,1.3333333333333326,3.318181818181818,0.9523809523809523,91.0,-423.0,-55.8047493403694,335.0,False,False,305.1657458563536,276.8232044198895,44.19525065963061,25.714285714285715,1,758.0,27.401151698775287,1,1,0,12,0,10635,0.966818181818182,13,1,1,60.0,0,0.047619047619047616,0.6190476190476191,0.0331818181818181,695.0,790.6530343007915,34.0,0.6770098730606487,4,1176.0
Lags 3,0.921891891891892,2025-5,1,28.15472074468085,28.15472074468085,28.15472074468085,0.0,32.6,0.0,0.0,7.100000000000001,27.67854880516591,27.67854880516591,30.0,32.0,28.0,1.8452792553191488,-1.8452792553191488,0.0,1,0,77.42010416666665,0.0,22.5,86.8,0.0,64.3,0.0,0,0,0,7.420104166666647,7.420104166666647,0.0,1,0,0,0,0.0,0.0,70.0,80.0,70.0,9.035056017347308,9.035056017347308,3.0,3.0,3.0,1,1,90.35056017347308,-0.9649439826526932,-0.9649439826526932,90.35056017347308,90.35056017347308,0,0,0.0,0.1801801801801802,10.0,10.0,2.882882882882883,11.1,20.9,11.1,20.9,2.882882882882883,2.6875,4.8125,0,1,1.8828828828828832,1,0.2882882882882883,3.0,3.0,3.0,0.2882882882882883,1.0,106.75,0.0,0.0,64.0,True,False,669.9717991631799,637.6489644351465,100.0,39.36357142857144,0,64.0,27.67854880516591,0,0,0,0,0,11068,0.997117117117117,0,0,0,11.0,0,0.0,0.0,0.0028828828828828,1069.3950000000002,1789.0,29.5,0.6505240332490061,1,1182.0
Lags 3,0.921891891891892,2025-5,2,28.15472074468085,28.15472074468085,28.15472074468085,-6.783381100595097e-15,32.6,-6.772789795300852e-15,-4.066460168369259e-15,7.100000000000001,27.67854880516591,27.67854880516591,30.0,32.0,28.0,1.8452792553191488,-1.8452792553191488,0.0,1,0,77.42010416666665,-1.1658284442341368e-14,22.5,86.8,-1.7209744916952118e-14,64.3,-2.2316770830227838e-14,0,0,0,7.420104166666647,7.420104166666647,0.0,1,0,0,0,0.0,0.0,70.0,80.0,70.0,18.117583114412536,9.058791557206268,1.00262704955159,3.0,3.0,2,1,52.84295075036989,-11.882416885587464,-10.941208442793732,60.39194371470845,45.29395778603134,0,0,1.4123559578206526,0.3603603603603604,30.0,20.0,2.747747747747748,22.2,38.8,11.1,17.9,2.612612612612613,1.4098360655737705,2.5245901639344264,0,2,1.8828828828828832,2,0.2612612612612612,0.9062499999999998,3.0,3.0,0.5495495495495496,1.0,106.75,0.0,0.0,77.0,True,False,64.0,637.6489644351465,100.0,39.36357142857144,0,77.0,27.67854880516591,0,0,0,0,0,11039,0.994504504504504,0,0,0,13.0,0,0.0,0.0,0.0054954954954954,1069.3950000000002,1789.0,29.5,0.6522329921188513,2,1182.0
Lags 3,0.921891891891892,2025-5,3,28.154720744680855,28.15472074468085,28.15472074468085,-1.2895420286198467e-15,32.6,2.30148056710964e-15,2.3936246954295856e-15,7.100000000000001,27.67854880516591,27.67854880516591,30.0,32.0,28.0,1.8452792553191488,-1.8452792553191488,4.351167857633658e-15,1,0,77.42010416666665,1.136476922109094e-14,22.5,86.8,1.802190973325158e-15,64.3,-3.3130325148630877e-15,0,0,0,7.420104166666647,7.420104166666647,0.0,1,0,0,0,0.0,0.0,70.0,80.0,70.0,31.77773742509533,13.619030325040857,1.5034047575812604,1.507354276375522,3.0,3,1,65.82531323769747,-18.22226257490467,-6.380969674959143,63.55547485019066,68.09515162520428,0,0,1.0392364453187768,0.6306306306306306,50.0,20.0,2.582582582582583,33.3,52.699999999999996,11.1,13.9,2.2522522522522523,1.0,1.7906976744186047,0,3,1.8828828828828832,3,0.2252252252252252,0.8620689655172414,0.7812499999999999,3.0,0.7747747747747747,1.0,106.75,0.0,0.0,91.0,True,False,77.0,64.0,100.0,39.36357142857144,0,91.0,27.678548805165907,0,0,0,0,0,11014,0.992252252252252,0,0,0,14.0,0,0.0,0.0,0.0077477477477477,1069.3950000000002,1789.0,29.5,0.6537134556019611,3,1182.0
Lags 3,0.921891891891892,2025-5,4,28.15472074468085,28.15472074468085,28.15472074468085,-4.860576503336004e-15,32.6,-2.22671580167811e-15,-3.4693771706650844e-15,7.100000000000001,27.67854880516591,27.67854880516591,30.0,32.0,28.0,1.8452792553191488,-1.8452792553191488,0.0,1,0,77.42010416666665,-1.0656246691081632e-14,22.5,86.8,-1.1688067064152732e-14,64.3,-8.691606854378891e-15,0,0,0,7.420104166666647,7.420104166666647,0.0,1,0,0,0,0.0,0.0,70.0,80.0,70.0,45.471080392870135,13.64132411786104,1.0016369588941434,1.5058657693706805,1.50982175336486,4,1,57.59670183096884,-29.528919607129865,-11.35867588213896,60.62810719049352,54.56529647144417,0,0,0.9453967898810846,0.9009009009009008,75.0,25.0,2.3423423423423424,44.4,59.599999999999994,11.1,6.9,1.6216216216216215,0.8269230769230769,1.4807692307692308,0,4,1.8828828828828832,4,0.1621621621621621,0.7199999999999998,0.6206896551724137,0.5624999999999998,0.9369369369369368,1.0,106.75,0.0,0.0,107.0,True,False,91.0,77.0,100.0,39.36357142857144,0,107.0,27.67854880516591,0,0,0,0,0,10996,0.990630630630631,0,0,0,16.0,0,0.0,0.0,0.0093693693693693,1069.3950000000002,1789.0,29.5,0.65478355765733,3,1182.0
Lags 3,0.921891891891892,2025-5,5,28.15472074468085,28.15472074468085,28.15472074468085,-3.371434273386755e-15,32.6,-3.764398267022435e-15,-4.80122207299609e-16,7.100000000000001,27.67854880516591,27.67854880516591,28.0,30.0,26.0,0.1547207446808514,0.1547207446808514,0.0,1,0,77.42010416666665,-4.822292063407377e-15,22.5,86.8,-3.627382670784715e-15,64.3,-3.145486211302101e-15,0,0,0,7.420104166666647,7.420104166666647,0.0,1,0,0,0,0.0,0.0,70.0,80.0,70.0,68.30601092896175,22.76867030965392,1.6690953248330298,1.6718275652701884,2.513433515482696,5,1,79.69034608378871,-31.69398907103825,-2.231329690346083,68.30601092896175,91.07468123861568,0,0,0.8189548929729112,1.351351351351351,100.0,25.0,2.1621621621621623,55.5,64.5,11.1,4.9,1.4414414414414416,0.7166666666666667,1.2833333333333334,1,5,1.8828828828828832,5,0.1441441441441441,0.888888888888889,0.6399999999999998,0.5517241379310344,1.0810810810810811,1.0,106.75,0.0,0.0,125.0,True,False,107.0,91.0,100.0,39.36357142857144,0,125.0,27.67854880516591,0,0,0,0,0,10980,0.989189189189189,0,0,0,18.0,0,0.0,0.0,0.0108108108108108,1069.3950000000002,1789.0,29.5,0.6557377049180327,3,1182.0
Lags 3,0.921891891891892,2025-5,6,28.154720744680848,28.15472074468085,28.15472074468085,-1.3488542533772615e-15,32.6,-3.003278291787231e-16,-6.929659921216828e-16,7.100000000000001,27.67854880516591,27.67854880516591,28.0,30.0,26.0,0.1547207446808514,0.1547207446808514,3.891802844472395e-15,1,0,77.42010416666665,-3.2804718226432046e-15,22.5,86.8,-5.226196707538049e-15,64.3,-1.2637676618891283e-15,0,0,0,7.420104166666647,7.420104166666647,0.0,1,0,0,0,0.0,0.0,70.0,80.0,70.0,91.24087591240875,22.81021897810219,1.001824817518248,1.672141119221411,1.6748783454987834,6,1,66.3789441161704,-43.759124087591246,-12.189781021897812,67.58583400919167,65.17205422314912,0,0,0.7768157104368293,1.8018018018018016,135.0,35.0,2.102102102102102,66.6,73.4,11.1,8.9,1.8018018018018016,0.6142857142857143,1.1,1,6,1.8828828828828832,6,0.1801801801801801,1.2499999999999998,1.1111111111111112,0.7999999999999997,1.2612612612612613,1.0,106.75,0.0,0.0,145.0,True,False,125.0,107.0,100.0,39.36357142857144,0,145.0,27.678548805165914,0,0,0,0,0,10960,0.987387387387387,0,0,0,20.0,0,0.0,0.0,0.0126126126126126,1069.3950000000002,1789.0,29.5,0.656934306569343,3,1182.0
Lags 3,0.921891891891892,2025-5,7,28.154720744680848,28.15472074468085,28.15472074468085,-3.895921039444663e-16,32.6,1.656277457553702e-15,1.2138620989631208e-15,7.100000000000001,27.67854880516591,27.67854880516591,28.0,30.0,26.0,0.1547207446808514,0.1547207446808514,3.837369354665453e-15,1,0,77.42010416666665,2.54453727244602e-15,22.5,86.8,2.9813600726655495e-15,64.3,-1.585001016368459e-15,0,0,0,7.420104166666647,7.420104166666647,0.0,1,0,0,0,0.0,0.0,70.0,80.0,70.0,109.62908825141604,18.27151470856934,0.80102320482368,0.8024849260003655,1.3394238382361898,7,1,58.34601335509537,-60.37091174858397,-16.72848529143066,64.4876989714212,52.20432773876955,0,0,0.7607464804004765,2.1621621621621623,170.0,35.0,1.9819819819819817,77.69999999999999,76.30000000000001,11.1,2.9000000000000004,1.2612612612612613,0.5584415584415584,1.0,1,7,1.8828828828828832,7,0.1261261261261261,0.7000000000000002,0.8750000000000001,0.7777777777777779,1.3873873873873874,1.0,92.0,-75.0,-44.91017964071856,92.0,False,False,145.0,125.0,55.08982035928144,39.36357142857144,1,167.0,27.678548805165914,0,0,0,0,0,10946,0.986126126126126,0,0,0,22.0,0,0.0,0.0,0.0138738738738738,1069.3950000000002,985.556886227545,29.5,0.6577745295084962,3,1182.0
Lags 3,0.921891891891892,2025-5,8,27.97808898492908,28.15472074468085,28.15472074468085,-0.1177545065011771,27.9,-0.3916666666666658,0.06666666666666793,6.412500000000001,27.67854880516591,26.189037797974848,28.0,30.0,26.0,1.2583333333333009,-1.2583333333333009,0.4995900603735559,1,0,76.91967447916664,-0.3336197916666576,20.0,74.5,-1.0249999999999946,72.0,0.6416666666666722,0,0,0,8.4166666666667,8.4166666666667,1.4154289021532407,1,0,0,0,0.0,0.0,65.0,75.0,65.0,128.04097311139566,18.29156758734224,1.0010974940552404,0.8019023230290837,0.803365648436071,8,1,47.39178874902307,-91.95902688860434,-31.708432412657764,58.20044232336167,36.58313517468447,0,0,0.7201321370627589,2.5225225225225225,220.0,50.0,1.8693693693693694,88.8,77.19999999999999,11.1,0.9000000000000004,1.0810810810810811,0.5180722891566265,0.927710843373494,1,8,1.8828828828828832,8,0.1081081081081081,0.8571428571428573,0.6000000000000003,0.7500000000000002,1.4954954954954955,1.0,92.0,-91.70305676855897,-47.762008733624455,100.29694323144103,False,True,92.0,145.0,52.23799126637555,39.36357142857144,1,192.0,27.492359929267028,0,0,0,0,0,10934,0.985045045045045,0,0,0,25.0,0,0.0,0.0,0.0149549549549549,1069.3950000000002,934.5376637554583,29.5,0.6584964331443205,3,1182.0
Lags 3,0.921891891891892,2025-5,9,27.94464391252955,26.7416666666667,28.15472074468085,-0.1024951979905428,30.2,-0.3949999999999998,0.040000000000000806,6.222222222222224,27.67854880516591,27.10507433903456,25.0,28.0,23.0,2.6770833333333,2.6770833333333,0.47797343616704857,1,0,76.47420138888886,-0.5008177083333317,19.37777777777778,79.5,-1.1016666666666615,65.1,0.43833333333333374,0,0,0,7.910416666666606,7.910416666666606,1.8812298031803898,1,0,0,0,0.0,0.0,65.0,75.0,65.0,146.66788889907417,18.33348611238427,1.002291685764048,1.003391694930791,0.8037400311669265,9,1,45.49420627887949,-123.33211110092584,-31.66651388761573,54.321440332990434,36.66697222476854,0,0,0.6848372435367137,2.882882882882883,270.0,50.0,1.9119119119119121,99.89999999999999,91.1,11.1,13.9,2.2522522522522523,0.450261780104712,0.806282722513089,1,9,1.8828828828828832,9,0.2252252252252252,2.083333333333333,1.785714285714286,1.2500000000000004,1.720720720720721,1.0,92.0,-110.41048034934498,-50.186581976974985,109.58951965065502,False,True,100.29694323144103,92.0,49.81341802302501,39.36357142857144,1,220.0,27.449328197018975,0,0,0,0,0,10909,0.982792792792793,0,0,0,28.0,0,0.0,0.0,0.0172072072072072,1069.3950000000002,891.1620484319175,29.5,0.6600055000458337,4,1182.0
Lags 3,0.921891891891892,2025-5,10,27.90726285460993,27.6770833333333,26.7416666666667,-0.09493163013110137,30.8,-0.34242424242424113,-0.003030303030302292,6.1800000000000015,27.67854880516591,27.157105608374497,25.0,28.0,23.0,2.570833333333301,2.570833333333301,0.46588383860474364,1,0,76.83719791666665,-0.1662329545454508,18.87,85.6,-0.747878787878789,71.3,0.6490909090909083,1,1,1,15.1041666666667,15.1041666666667,2.1126914825795717,0,0,0,0,0.1,0.0,65.0,75.0,65.0,170.00551369233597,22.973718066531887,1.2531014519389816,1.2559731666972982,1.25735158978129,10,1,44.90317622094869,-159.99448630766403,-37.02628193346811,51.5168223310109,38.28953011088648,0,0,0.6461458627350675,3.333333333333333,330.0,60.0,1.9639639639639639,110.99999999999999,107.0,11.1,15.9,2.4324324324324325,0.3944954128440367,0.7064220183486238,1,10,1.8828828828828832,10,0.2432432432432432,1.0799999999999998,2.25,1.9285714285714288,1.963963963963964,1.0,92.0,-129.78602620087338,-52.12290208870417,119.21397379912663,False,True,109.58951965065502,100.29694323144103,47.87709791129584,39.36357142857144,1,249.0,27.420105938154528,0,0,0,0,0,10882,0.98036036036036,0,0,0,29.0,0,0.0,0.0,0.0196396396396396,1069.3950000000002,856.5212816330825,29.5,0.6616430803161184,5,1182.0
Lags 3,0.921891891891892,2025-5,11,27.87724653449387,27.5708333333333,27.6770833333333,-0.08620688265635312,30.4,-0.3163636363636365,0.01909090909091026,6.018181818181819,27.67854880516591,27.23457828303404,25.0,28.0,23.0,2.5770833333332988,2.5770833333332988,0.45304939043352377,1,0,77.43438446969695,0.17391856060606484,18.381818181818183,88.3,-0.3981818181818161,74.8,0.893636363636365,2,1,1,18.40625,18.40625,2.817812687321537,0,0,0,0,0.18181818181818182,0.0,65.0,75.0,65.0,197.86489968709736,27.609055770292656,1.201766979569299,1.5059359469906128,1.5093870789618995,11,1,48.37484130692303,-192.13510031290264,-32.390944229707344,50.7345896633583,46.01509295048776,0,0,0.6140876529248368,3.8738738738738734,390.0,60.0,1.9164619164619163,122.09999999999998,111.9,11.1,4.9,1.4414414414414416,0.3675213675213675,0.6581196581196581,1,11,1.8828828828828832,11,0.1441441441441441,0.5925925925925924,0.6399999999999998,1.3333333333333328,2.108108108108108,1.0,92.0,-151.8340611353712,-53.841865650840845,130.1659388646288,False,True,119.21397379912663,109.58951965065502,46.15813434915915,39.36357142857144,1,282.0,27.403239787689028,0,0,0,0,0,10866,0.978918918918919,0,0,0,33.0,0,0.0,0.0,0.021081081081081,1069.3950000000002,825.7690235064572,29.5,0.6626173384870238,5,1182.0
Lags 3,0.921891891891892,2025-5,12,27.835739878841608,27.5770833333333,27.5708333333333,-0.0854699046520853,30.9,-0.2699300699300702,0.011888111888111829,5.966666666666669,27.67854880516591,26.99863006960481,25.0,28.0,23.0,2.3791666666666984,2.3791666666666984,0.4552668974344388,1,0,77.78082465277777,0.2936789772727317,18.39166666666667,87.8,-0.2003496503496516,69.3,0.7888111888111898,3,1,1,16.591666666666697,16.591666666666697,2.942531826785581,0,0,0,0,0.25,0.0,65.0,75.0,65.0,225.6816507000737,27.63448784082535,1.000921149594694,1.202873986735446,1.5073231392778186,12,1,44.26953409283357,-234.3183492999263,-42.36551215917465,49.061228413059496,39.477839772607645,0,0,0.5923794024199156,4.414414414414415,460.0,70.0,1.8318318318318318,133.2,110.80000000000001,11.1,-1.0999999999999996,0.9009009009009008,0.3524590163934426,0.6311475409836066,1,11,1.8828828828828832,11,0.09009009009009,0.6249999999999997,0.3703703703703701,0.3999999999999996,2.1981981981981984,0.9166666666666666,92.0,-175.2183406113537,-55.27392448307688,141.7816593886463,False,True,130.1659388646288,119.21397379912663,44.72607551692312,39.36357142857144,1,317.0,27.36952231118201,0,0,0,0,0,10856,0.978018018018018,0,0,0,35.0,0,0.0,0.0,0.0219819819819819,1069.3950000000002,800.1494909977547,29.5,0.6632277081798084,5,1182.0
Lags 3,0.921891891891892,2025-5,13,27.7449382842335,27.3791666666667,27.5770833333333,-0.10606989420154131,29.8,-0.2692307692307691,-0.03901098901098822,5.946153846153848,27.67854880516591,26.31995245329499,25.0,28.0,23.0,1.6553191489362007,1.6553191489362007,0.5451419113330268,1,0,78.22387087424985,0.42062471991660877,17.961538461538463,88.8,-0.041208791208790035,76.0,0.9203296703296733,4,1,1,18.540425531914806,18.540425531914806,3.2386296220826454,0,0,0,0,0.3076923076923077,0.0,65.0,75.0,65.0,262.7939142461964,36.88335638543107,1.3346857230674656,1.3359151682803134,1.6054587367450437,13,1,47.3848675785052,-277.2060857538036,-43.11664361456893,48.66553967522155,46.10419548178884,0,0,0.5673171012631525,5.135135135135135,540.0,80.0,1.7671517671517671,144.29999999999998,110.70000000000002,11.1,-0.0999999999999996,0.990990990990991,0.3372549019607843,0.6039215686274509,1,11,1.8828828828828832,11,0.0990990990990991,1.100000000000001,0.6875000000000002,0.4074074074074075,2.297297297297298,0.8461538461538461,92.0,-200.6069868995633,-56.509010394243184,154.3930131004367,False,True,141.7816593886463,130.1659388646288,43.490989605756816,39.36357142857144,1,355.0,27.288786168267624,0,0,0,0,0,10845,0.977027027027027,0,0,0,38.0,0,0.0,0.0,0.0229729729729729,1069.3950000000002,778.0538040469894,29.5,0.6639004149377593,5,1182.0
Lags 3,0.921891891891892,2025-5,14,27.67803793059777,26.6553191489362,27.3791666666667,-0.111616056815527,30.1,-0.2525274725274738,-0.05560439560439631,5.914285714285716,27.67854880516591,26.4179019306078,25.0,28.0,23.0,1.8083333333333016,1.8083333333333016,0.5804988619561142,1,0,78.42097533561295,0.41534156047852694,17.992857142857144,89.0,0.06571428571428166,70.6,0.8224175824175812,5,1,1,15.983333333333306,15.983333333333306,3.197780391865772,0,0,0,0,0.35714285714285715,0.0,65.0,75.0,65.0,300.06462930477335,36.93103129904903,1.001292586095467,1.3364109192749207,1.3376419536515556,14,1,44.33189273000925,-329.93537069522665,-53.068968700950975,47.62930623885291,41.03447922116558,0,0,0.5505050851551573,5.855855855855856,630.0,90.0,1.7310167310167308,155.39999999999998,113.60000000000002,11.1,2.9000000000000004,1.2612612612612613,0.3197026022304832,0.5724907063197026,1,12,1.8828828828828832,11,0.1261261261261261,1.2727272727272725,1.400000000000001,0.8750000000000001,2.423423423423423,0.8571428571428571,92.0,-228.0,-57.57575757575758,168.0,False,False,154.3930131004367,141.7816593886463,42.42424242424242,39.36357142857144,1,396.0,27.226580151291923,0,0,0,0,0,10831,0.975765765765766,0,0,0,41.0,0,0.0,0.0,0.0242342342342342,1069.3950000000002,758.969696969697,29.5,0.6647585633828824,5,1182.0
Lags 3,0.921891891891892,2025-5,15,27.590424054373518,26.8083333333333,26.6553191489362,-0.12354324974670818,29.8,-0.24285714285714208,-0.07500000000000011,5.893333333333334,27.67854880516591,26.0819665914656,25.0,28.0,23.0,1.3638297872339995,1.3638297872339995,0.6542567346669336,1,0,78.92794577423165,0.5275789323708199,17.393333333333334,88.6,0.12357142857142793,79.6,0.9632142857142872,6,1,1,26.025531914893502,26.025531914893502,3.6538569448968796,0,0,0,0,0.4,0.0,60.0,70.0,60.0,337.3070880694945,36.96516033638296,1.0009241290084097,1.002217909620183,1.337645935372578,15,1,43.96030352503877,-382.6929119305055,-53.03483966361704,46.84820667631868,41.072400373758846,0,0,0.5349975657914811,6.576576576576577,720.0,90.0,1.6756756756756757,166.49999999999997,112.50000000000003,11.1,-1.0999999999999996,0.9009009009009008,0.3082437275985663,0.5519713261648745,1,12,1.8828828828828832,11,0.09009009009009,0.7142857142857139,0.9090909090909082,1.0,2.5135135135135136,0.8,92.0,-249.26243093922653,-56.77959702488076,189.73756906077347,False,True,168.0,154.3930131004367,43.22040297511924,39.36357142857144,1,439.0,27.150272580636837,0,0,0,0,0,10821,0.974864864864865,0,0,0,43.0,0,0.0,0.0,0.0251351351351351,1069.3950000000002,773.2130092248832,29.5,0.6653728860548933,5,1182.0
Lags 3,0.921891891891892,2025-5,16,27.568017231826232,26.363829787234,26.8083333333333,-0.10964979010221224,32.1,-0.18029411764705813,-0.08852941176470494,6.025,27.67854880516591,26.88902236845877,22.0,25.0,19.0,5.231914893616999,5.231914893616999,0.6383949673568463,0,0,79.2019970356826,0.5312007424645367,17.43125,90.1,0.1926470588235324,72.1,0.8707352941176486,7,1,1,23.3127659574467,23.3127659574467,3.696253694120401,0,0,0,0,0.4375,0.0,60.0,70.0,60.0,379.20828708842026,41.620421753607104,1.1259364594894563,1.1269769700332963,1.1284336847946728,16,1,43.93266740658528,-440.7917129115797,-58.379578246392896,46.24491305956344,41.620421753607104,0,0,0.5178123542760785,7.387387387387387,820.0,100.0,1.6216216216216217,177.6,110.39999999999999,11.1,-2.1,0.8108108108108109,0.2986111111111111,0.5347222222222222,1,12,1.8828828828828832,11,0.081081081081081,0.9,0.6428571428571425,0.8181818181818173,2.5945945945945943,0.75,92.0,-272.50276243093924,-56.07052724916445,213.4972375690608,False,True,189.73756906077347,168.0,43.92947275083554,39.36357142857144,1,486.0,27.133944442375704,0,0,0,1,0,10812,0.974054054054054,1,1,1,47.0,0,0.0,0.0625,0.0259459459459459,1069.3950000000002,785.898267512448,29.5,0.6659267480577137,5,1182.0
Lags 3,0.921891891891892,2025-5,17,27.415486806424692,27.231914893617,26.363829787234,-0.14221830021902482,27.4,-0.22598039215686128,-0.09215686274509731,5.852941176470588,27.67854880516591,24.68791922249042,22.0,25.0,19.0,2.9750000000000014,2.9750000000000014,0.8818108625968931,1,0,79.57364426887773,0.5665496964521621,16.688235294117646,87.1,0.17745098039215987,82.3,0.9901960784313725,8,1,1,25.52,25.52,3.89313067872115,0,0,0,0,0.47058823529411764,0.0,60.0,70.0,60.0,430.4758378078134,50.91649694501018,1.2233536999321113,1.377418533604888,1.3786914460285131,17,1,48.85367444032104,-489.5241621921866,-49.08350305498982,46.79085193563189,50.91649694501018,0,0,0.5013943041694869,8.378378378378379,920.0,100.0,1.579226285108638,188.7,109.3,11.1,-1.0999999999999996,0.9009009009009008,0.2885906040268456,0.5167785234899329,1,12,1.8828828828828832,11,0.09009009009009,1.1111111111111112,1.0,0.7142857142857139,2.684684684684685,0.7058823529411765,92.0,-296.73204419889504,-55.46393349512056,238.26795580110496,False,True,213.4972375690608,189.73756906077347,44.53606650487944,39.36357142857144,1,535.0,26.99006060591186,0,0,0,1,0,10802,0.973153153153153,1,1,0,49.0,0,0.0,0.058823529411764705,0.0268468468468468,1069.3950000000002,796.750229772293,29.5,0.6665432327346787,5,1182.0
Lags 3,0.921891891891892,2025-5,18,27.520181983845543,24.975,27.231914893617,-0.08670114415680512,29.3,-0.22074303405572726,-0.005366357069142736,5.527777777777778,28.887052104156812,28.887052104156812,22.0,25.0,19.0,7.300000000000001,7.300000000000001,0.9639238709233073,0,1,79.63066403171786,0.49510072211975426,15.761111111111111,80.6,0.04963880288957585,80.6,1.0268317853457176,9,1,1,20.599999999999994,20.599999999999994,3.7846310507259733,0,0,0,0,0.5,0.0,60.0,70.0,60.0,482.0617409845184,50.98729952720868,1.0013905627143784,1.2250548499737337,1.3793339204598127,18,1,46.57710062723829,-547.9382590154817,-59.01270047279132,46.80211077519596,46.35209047928062,0,0,0.4897364616414591,9.36936936936937,1030.0,110.0,1.5665665665665667,199.79999999999998,113.2,11.1,3.9,1.351351351351351,0.2747603833865815,0.4920127795527156,1,13,1.8828828828828832,11,0.1351351351351351,1.5000000000000009,1.6666666666666676,1.5000000000000009,2.81981981981982,0.7222222222222222,92.0,-321.9502762430939,-54.94032017800238,264.0497237569061,False,True,238.26795580110496,213.4972375690608,45.05967982199762,39.36357142857144,1,586.0,27.095449022481024,0,0,0,2,0,10787,0.971801801801802,2,1,1,51.0,0,0.0,0.1111111111111111,0.0281981981981981,1069.3950000000002,806.1176720155374,29.5,0.6674701029016409,5,1182.0
Lags 3,0.921891891891892,2025-5,19,27.553578760731614,29.3,24.975,-0.06367693946746418,32.6,-0.16140350877193096,-0.003157894736842908,5.610526315789474,28.887052104156812,27.67854880516591,22.0,25.0,19.0,6.154720744680851,6.154720744680851,0.9480091649079186,0,1,79.51431877566253,0.3859320369851902,16.11578947368421,86.8,0.055263157894734835,64.3,0.7794736842105257,10,1,1,17.420104166666647,17.420104166666647,3.712798689783732,0,0,0,0,0.5263157894736842,0.0,60.0,70.0,60.0,533.6922220159644,51.04882123630964,1.001206608501949,1.0025988490811213,1.2265330115710662,19,1,46.61156325005943,-606.3077779840356,-58.951178763690365,46.81510719438284,46.40801930573603,0,0,0.4788048984971113,10.36036036036036,1140.0,110.0,1.545756282598388,210.89999999999998,115.10000000000001,11.1,1.9000000000000004,1.1711711711711712,0.263803680981595,0.4723926380368098,1,14,1.8828828828828832,11,0.1171171171171171,0.8666666666666668,1.3000000000000012,1.4444444444444458,2.9369369369369367,0.7368421052631579,92.0,-349.14640883977904,-54.46901853974712,291.85359116022096,False,True,264.0497237569061,238.26795580110496,45.53098146025288,39.36357142857144,1,641.0,27.126138484727598,0,0,0,3,0,10774,0.970630630630631,3,1,1,55.0,0,0.0,0.15789473684210525,0.0293693693693693,1069.3950000000002,814.5492583239239,29.5,0.6682754780025989,5,1182.0
Lags 3,0.921891891891892,2025-5,20,27.583635859929075,28.15472074468085,29.3,-0.04599249120140899,32.6,-0.11586466165413642,-0.0015037593984968973,5.685,28.887052104156812,27.67854880516591,22.0,25.0,19.0,6.154720744680851,6.154720744680851,0.9324638523292238,0,1,79.40960804521274,0.30088153728736483,16.435,86.8,0.05857142857142893,64.3,0.5881203007518769,11,1,1,17.420104166666647,17.420104166666647,3.6439869871119375,0,0,0,0,0.55,0.0,60.0,70.0,60.0,590.2584123443019,55.77244841048522,1.0925315621355778,1.0938498200070983,1.0953708867819298,20,1,46.661473041841134,-669.7415876556981,-64.22755158951477,46.84590574161126,46.47704034207101,0,0,0.4668680190506734,11.44144144144144,1260.0,120.0,1.5405405405405406,221.99999999999997,120.00000000000001,11.1,4.9,1.4414414414414416,0.2514619883040935,0.4502923976608187,1,15,1.8828828828828832,11,0.1441441441441441,1.2307692307692304,1.0666666666666669,1.600000000000001,3.081081081081081,0.75,92.0,-377.3314917127072,-54.05895296743656,320.6685082872928,False,True,291.85359116022096,264.0497237569061,45.94104703256344,39.36357142857144,1,698.0,27.15375900074951,0,0,0,4,0,10758,0.969189189189189,4,1,1,57.0,0,0.0,0.2,0.0308108108108108,1069.3950000000002,821.8853314125599,29.5,0.6692693809258227,5,1182.0
Lags 3,0.921891891891892,2025-5,21,27.57696168854529,28.15472074468085,28.15472074468085,-0.041541016414975165,31.1,-0.10012987012986986,-0.026233766233766376,5.776190476190475,28.887052104156812,26.922816216567863,22.0,25.0,19.0,5.4434782608696,5.4434782608696,0.909367818840367,0,1,79.20687308653801,0.2045608843823454,16.7,85.5,0.0433766233766226,63.5,0.4284415584415582,12,1,1,15.152173913043498,15.152173913043498,3.6712177594055597,0,0,0,0,0.5714285714285714,0.0,60.0,70.0,60.0,646.8124709167055,55.83992554676594,1.0012098650535133,1.093853377892466,1.0951732306781168,21,1,46.701870097989634,-733.1875290832945,-64.16007445323406,46.87046890700765,46.53327128897162,0,0,0.45734382770772297,12.522522522522523,1380.0,120.0,1.522951522951523,233.09999999999997,121.90000000000002,11.1,1.9000000000000004,1.1711711711711712,0.2422535211267605,0.4338028169014084,1,16,1.8828828828828832,11,0.1171171171171171,0.8125000000000002,1.0,0.8666666666666668,3.198198198198198,0.7619047619047619,92.0,-407.0,-53.693931398416886,351.0,False,False,320.6685082872928,291.85359116022096,46.30606860158312,26.142857142857142,1,758.0,27.14276172531229,0,0,0,5,0,10745,0.968018018018018,5,1,1,60.0,0,0.0,0.23809523809523808,0.0319819819819819,717.0,828.415567282322,29.5,0.6700791065611913,5,1182.0
Tags 1,0.952702702702703,2025-5,1,29.5276595744681,28.15472074468085,28.15472074468085,0.0,34.8,0.0,0.0,9.6,29.10662813458183,29.10662813458183,30.0,32.0,28.0,0.4723404255319003,-0.4723404255319003,0.0,1,1,80.2978723404255,0.0,29.4,92.7,0.0,63.3,0.0,1,1,1,20.2978723404255,20.2978723404255,0.0,0,0,0,0,1.0,0.0,60.0,70.0,60.0,14.098406880022557,14.098406880022557,3.0,3.0,3.0,0,0,140.98406880022557,4.098406880022557,4.098406880022557,140.98406880022557,140.98406880022557,1,1,0.0,0.2815315315315315,10.0,10.0,1.548423423423423,7.104,3.896,7.104,3.896,1.548423423423423,2.909090909090909,6.454545454545454,0,1,0.5484234234234233,1,0.1548423423423423,3.0,3.0,3.0,0.1548423423423423,1.0,106.75,0.0,0.0,64.0,True,False,669.9717991631799,637.6489644351465,100.0,39.36357142857144,0,64.0,29.10662813458183,0,0,0,0,0,7093,0.998451576576576,0,0,0,11.0,1,0.0,0.0,0.0015484234234234,1069.3950000000002,1789.0,29.0,1.015085295361624,0,1702.0
Tags 1,0.952702702702703,2025-5,2,29.43882978723405,29.5276595744681,28.15472074468085,-0.17765957446810132,34.6,-0.19999999999999446,1.2999999999999974,8.85,29.10662813458183,28.947461106758297,30.0,32.0,28.0,0.6499999999999986,-0.6499999999999986,0.12562428984910867,1,2,80.6885195035461,0.7812943262411776,26.5,88.5,-4.200000000000028,64.9,1.5999999999999932,2,1,1,21.07916666666669,21.07916666666669,0.5524585161877237,0,0,0,0,1.0,0.0,60.0,70.0,60.0,28.23662289990117,14.118311449950586,1.001411831144995,3.0,3.0,1,1,82.3568167913784,-1.763377100098829,-5.881688550049415,94.1220763330039,70.59155724975292,1,0,1.4132152469965786,0.5630630630630631,30.0,20.0,1.4780405405405403,14.208,6.792,7.104,2.896,1.4076576576576576,1.5238095238095235,3.380952380952381,0,2,0.5484234234234233,2,0.1407657657657657,0.909090909090909,3.0,3.0,0.2956081081081081,1.0,106.75,0.0,0.0,77.0,True,False,64.0,637.6489644351465,100.0,39.36357142857144,0,77.0,29.02704462067006,0,0,0,0,0,7083,0.997043918918919,0,0,0,13.0,1,0.0,0.0,0.002956081081081,1069.3950000000002,1789.0,29.0,1.0165184243964422,0,1702.0
Tags 1,0.952702702702703,2025-5,3,29.363849487785668,29.35,29.5276595744681,-0.15688534278959396,34.2,-0.29999999999999166,0.7000000000000034,8.433333333333332,29.10662813458183,28.799393704681197,30.0,32.0,28.0,0.7861111111111008,-0.7861111111111008,0.15734315052189063,1,3,80.6284574468085,0.10523049645390654,27.3,88.9,-1.8999999999999808,60.0,-1.649999999999988,3,1,1,20.508333333333297,20.508333333333297,0.4042617444587388,0,0,0,0,1.0,0.0,60.0,70.0,60.0,42.42081447963801,14.14027149321267,1.0015554298642533,1.0029694570135748,3.0,2,1,77.77149321266968,-7.579185520361989,-5.859728506787331,84.84162895927602,70.70135746606334,1,0,1.1538439661419306,0.8445945945945945,50.0,20.0,1.5015015015015012,21.312,10.687999999999999,7.104,3.896,1.548423423423423,1.0,2.21875,0,3,0.5484234234234233,3,0.1548423423423423,1.1000000000000003,1.0,3.0,0.4504504504504504,1.0,106.75,0.0,0.0,91.0,True,False,77.0,64.0,100.0,39.36357142857144,0,91.0,28.951160982007107,0,0,0,0,0,7072,0.995495495495496,0,0,0,14.0,1,0.0,0.0,0.0045045045045045,1069.3950000000002,1789.0,29.0,1.0180995475113122,0,1702.0
Tags 1,0.952702702702703,2025-5,4,28.997887115839248,29.2138888888889,29.35,-0.501908983451547,31.0,-1.1800000000000028,0.24999999999999653,7.574999999999999,29.10662813458183,27.58804905364729,30.0,32.0,28.0,2.1000000000000014,-2.1000000000000014,0.7431139944405302,0,3,81.69412086288415,1.3208882978723337,25.075000000000003,91.8,-0.2300000000000059,73.4,2.5399999999999974,4,1,1,24.8911111111111,24.8911111111111,2.156734979269201,0,0,0,0,1.0,0.0,60.0,70.0,60.0,63.70328425821064,21.234428086070213,1.5016987542468856,1.5040345413363532,1.5061579841449604,3,1,84.93771234428085,-11.296715741789356,-3.7655719139297865,84.93771234428085,84.93771234428085,1,0,0.9457568557593369,1.266891891891892,75.0,25.0,1.4076576576576576,28.416,11.584,7.104,0.8959999999999999,1.1261261261261262,0.8,1.775,0,4,0.5484234234234233,4,0.1126126126126126,0.7272727272727274,0.8000000000000004,0.7272727272727274,0.5630630630630631,1.0,106.75,0.0,0.0,107.0,True,False,91.0,77.0,100.0,39.36357142857144,0,107.0,28.61038299991715,1,1,1,0,0,7064,0.994369369369369,0,0,0,16.0,1,0.25,0.0,0.0056306306306306,1069.3950000000002,1789.0,29.0,1.0192525481313703,0,1702.0
Tags 1,0.952702702702703,2025-5,5,28.85622635933806,27.9,29.2138888888889,-0.39261524822696203,32.9,-0.7400000000000024,0.06999999999999731,7.4799999999999995,29.10662813458183,27.92554626297055,28.0,30.0,26.0,0.2895833333333009,0.2895833333333009,0.7172884051847396,1,4,81.86946335697398,0.8357866430259941,25.1,90.7,-0.07000000000000627,65.5,1.2899999999999945,5,1,1,22.570833333333297,22.570833333333297,1.9084952919173523,0,0,0,0,1.0,0.0,60.0,70.0,60.0,85.04606661941885,21.261516654854717,1.0012756909992913,1.5036144578313253,1.5059532246633591,4,1,85.04606661941885,-14.953933380581148,-3.738483345145287,85.04606661941885,85.04606661941885,1,0,0.8654130391032331,1.6891891891891893,100.0,25.0,1.3795045045045045,35.52,13.48,7.104,1.896,1.266891891891892,0.6530612244897959,1.4489795918367347,1,5,0.5484234234234233,5,0.1266891891891892,1.1250000000000002,0.8181818181818186,0.9000000000000006,0.6897522522522522,1.0,106.75,0.0,0.0,125.0,True,False,107.0,91.0,100.0,39.36357142857144,0,125.0,28.47341565252783,1,1,0,0,0,7055,0.993102477477478,0,0,0,18.0,1,0.2,0.0,0.0068975225225225,1069.3950000000002,1789.0,29.0,1.020552799433026,0,1702.0
Tags 1,0.952702702702703,2025-5,6,28.867688632781718,28.2895833333333,27.9,-0.21452676460655598,33.6,-0.4085714285714289,0.06571428571428543,7.466666666666666,29.10662813458183,28.55071398937772,28.0,30.0,26.0,0.9250000000000008,0.9250000000000008,0.6421763209936634,1,5,81.93288613081165,0.5319547450185693,25.25,91.1,0.0428571428571431,65.1,0.6914285714285718,6,1,1,22.25,22.25,1.7140647924930217,0,0,0,0,1.0,0.0,60.0,70.0,60.0,106.48871219650717,21.297742439301437,1.0017038193951442,1.0029816839415022,1.5061763453073975,5,1,69.86561011834333,-28.511287803492834,-13.702257560698566,78.88052755296827,60.85069268371838,1,0,0.8004577318814894,2.1114864864864864,135.0,35.0,1.4311186186186184,42.624,18.376,7.104,4.896,1.6891891891891893,0.5245901639344263,1.1639344262295082,1,6,0.6891891891891893,6,0.1689189189189189,1.333333333333333,1.4999999999999998,1.090909090909091,0.8586711711711712,1.0,106.75,0.0,0.0,145.0,True,False,125.0,107.0,100.0,39.36357142857144,0,145.0,28.48629870866948,1,1,0,0,0,7043,0.991413288288288,0,0,0,20.0,1,0.16666666666666666,0.0,0.0085867117117117,1069.3950000000002,1789.0,29.0,1.0222916370864688,0,1702.0
Tags 1,0.952702702702703,2025-5,7,28.81456644714623,28.925,28.2895833333333,-0.17392086710571245,32.9,-0.32142857142857145,0.05714285714285836,7.357142857142857,29.10662813458183,28.14558071595441,28.0,30.0,26.0,0.4958333333333016,0.4958333333333016,0.6028370058462204,1,6,82.1207476359338,0.47336784447822644,25.2,91.0,0.067857142857152,66.1,0.5107142857142895,7,1,1,23.247916666666697,23.247916666666697,1.641764917134638,0,0,0,0,1.0,0.0,60.0,70.0,60.0,127.96815014929618,21.32802502488269,1.0014218683349922,1.003128110336983,1.0044077918384755,6,1,68.10629839878507,-42.03184985070382,-13.671974975117305,75.27538244076246,60.9372143568077,1,0,0.7474809926810481,2.533783783783784,170.0,35.0,1.4277670527670527,49.728,21.272000000000002,7.104,2.896,1.4076576576576576,0.4507042253521127,1.0,1,7,0.6891891891891893,7,0.1407657657657657,0.833333333333333,1.1111111111111105,1.2499999999999996,0.9994369369369368,1.0,108.0,-59.0,-35.32934131736527,108.0,False,False,145.0,125.0,64.67065868263472,39.36357142857144,0,167.0,28.437624709710185,1,1,0,0,0,7033,0.990005630630631,0,0,0,22.0,1,0.14285714285714285,0.0,0.0099943693693693,1069.3950000000002,1156.9580838323354,29.0,1.0237452011943693,0,1702.0
Tags 1,0.952702702702703,2025-5,8,28.75102689125295,28.4958333333333,28.925,-0.15830694866599263,33.4,-0.21666666666666282,-0.009523809523806088,7.425,29.10662813458183,27.94962804499913,28.0,30.0,26.0,0.3062499999999986,0.3062499999999986,0.5863399967888281,1,7,82.21997709810873,0.3817315377687798,25.049999999999997,90.8,0.05595238095239126,66.8,0.45119047619047825,8,1,1,27.914583333333297,27.914583333333297,1.5456739391864986,0,0,0,0,1.0,0.0,55.0,65.0,55.0,156.60592255125286,28.47380410022779,1.335041761579347,1.336940015186029,1.3392179195140472,7,1,64.06605922551253,-63.39407744874714,-21.52619589977221,71.18451025056947,56.947608200455576,1,0,0.6920823625269213,3.096846846846846,220.0,50.0,1.4076576576576576,56.832,23.168,7.104,1.896,1.266891891891892,0.4,0.8875,1,8,0.6891891891891893,8,0.1266891891891892,0.9000000000000006,0.7500000000000002,1.0,1.1261261261261262,1.0,108.0,-70.1353711790393,-36.52883915574963,121.8646288209607,False,True,108.0,145.0,63.47116084425036,39.36357142857144,0,192.0,28.376625126621303,1,1,0,0,0,7024,0.988738738738739,0,0,0,25.0,1,0.125,0.0,0.0112612612612612,1069.3950000000002,1135.499067503639,29.0,1.0250569476082003,0,1702.0
Tags 1,0.952702702702703,2025-5,9,28.603135014447066,28.30625,28.4958333333333,-0.19954999014972596,33.9,-0.1199999999999993,-0.019999999999999366,7.5,29.10662813458183,27.142842071551048,25.0,28.0,23.0,2.4200000000000017,2.4200000000000017,0.7054561169070201,1,7,82.68759869038236,0.5477850318023207,25.355555555555554,90.7,0.04000000000000438,62.9,0.13333333333333558,9,1,1,31.4285714285714,31.4285714285714,2.014571670986166,0,0,0,0,1.0,0.0,55.0,65.0,55.0,185.2643579877441,28.502208921191396,1.0009975773122417,1.336373568951594,1.3382737162130065,8,1,62.81042336336622,-84.73564201225594,-21.497791078808607,68.61642888434966,57.00441784238278,1,0,0.658080826212553,3.6599099099099095,270.0,50.0,1.3607357357357357,63.936,23.064,7.104,-0.104,0.9853603603603605,0.367816091954023,0.8160919540229885,1,8,0.6891891891891893,8,0.098536036036036,0.7777777777777775,0.7000000000000002,0.5833333333333333,1.224662162162162,0.8888888888888888,108.0,-82.60698689956331,-37.548630408892414,137.3930131004367,False,True,121.8646288209607,108.0,62.45136959110759,39.36357142857144,0,220.0,28.239538120502388,1,1,0,0,0,7017,0.987753378378378,0,0,0,28.0,1,0.1111111111111111,0.0,0.0122466216216216,1069.3950000000002,1117.2550019849148,29.0,1.02607952116289,0,1702.0
Tags 1,0.952702702702703,2025-5,10,28.554071513002363,27.42,28.30625,-0.17188917544236781,33.6,-0.08060606060606085,-0.06787878787878784,7.609999999999999,29.10662813458183,27.76378780281984,25.0,28.0,23.0,3.1125000000000007,3.1125000000000007,0.682967146494176,0,7,82.7423804880108,0.42827009456264936,25.369999999999997,92.1,0.10606060606060763,66.6,0.16606060606060496,10,1,1,28.23541666666669,28.23541666666669,1.9072401882751415,0,0,0,0,1.0,0.0,55.0,65.0,55.0,213.94950791613175,28.52660105548424,1.0008557980316646,1.0018542290686063,1.337517234821471,9,1,56.18875965474168,-116.05049208386822,-31.47339894451576,64.83318421700963,47.54433509247373,1,0,0.6284033596309342,4.222972972972973,330.0,60.0,1.3091216216216215,71.04,21.96,7.104,-1.104,0.8445945945945946,0.3440860215053763,0.7634408602150538,1,8,0.6891891891891893,8,0.0844594594594594,0.8571428571428569,0.6666666666666662,0.5999999999999999,1.3091216216216215,0.8,108.0,-95.52401746724892,-38.36305922379474,153.4759825327511,False,True,137.3930131004367,121.8646288209607,61.63694077620527,39.36357142857144,0,249.0,28.191963088734134,1,1,0,1,0,7011,0.986908783783784,1,1,1,29.0,1,0.1,0.1,0.0130912162162162,1069.3950000000002,1102.684870486312,29.0,1.0269576379974326,0,1702.0
Tags 1,0.952702702702703,2025-5,11,28.444231678486993,28.1125,27.42,-0.1838367988394607,32.2,-0.11909090909090883,-0.10454545454545455,7.6,29.10662813458183,27.03781479002961,25.0,28.0,23.0,2.3458333333332995,2.3458333333332995,0.7433117734715078,1,7,82.94477771637345,0.42240118510331576,25.30909090909091,93.7,0.2100000000000021,69.0,0.2854545454545475,11,1,1,29.96875,29.96875,1.929875550581526,0,0,0,0,1.0,0.0,55.0,65.0,55.0,242.7531058117949,28.5591889190347,1.0011423675567614,1.0019991432243325,1.0029987148364987,10,1,54.9215171519898,-147.24689418820506,-31.4408110809653,62.24438610558845,47.59864819839116,1,0,0.6022506916060256,4.786036036036036,390.0,60.0,1.2924856674856675,78.144,22.856,7.104,0.8959999999999999,1.1261261261261262,0.3168316831683168,0.7029702970297029,1,9,0.6891891891891893,8,0.1126126126126126,1.333333333333334,1.1428571428571432,0.8888888888888887,1.4217342342342345,0.8181818181818182,108.0,-110.2227074235808,-39.0860664622627,171.7772925764192,False,True,153.4759825327511,137.3930131004367,60.91393353773731,39.36357142857144,0,282.0,28.087040516124627,1,1,0,1,0,7003,0.985782657657658,1,1,0,33.0,1,0.09090909090909091,0.09090909090909091,0.0142173423423423,1069.3950000000002,1089.7502709901205,29.0,1.0281308010852492,0,1702.0
Tags 1,0.952702702702703,2025-5,12,28.31199960598896,27.3458333333333,28.1125,-0.20244310949098354,30.8,-0.19055944055944088,-0.11398601398601359,7.458333333333333,29.10662813458183,26.660995930925917,25.0,28.0,23.0,1.8574468085105984,1.8574468085105984,0.8438648263918102,1,7,83.54671999887425,0.6027435035413802,24.424999999999997,93.9,0.26958041958041884,79.2,0.7356643356643355,12,1,1,35.168085106383,35.168085106383,2.7809800744659467,0,0,0,0,1.0,0.0,55.0,65.0,55.0,278.7307032590052,35.7347055460263,1.2512507146941108,1.2526801029159518,1.2537521440823327,11,1,55.82160524736406,-181.26929674099483,-34.2652944539737,60.593631143262,51.049579351466136,1,0,0.574227669620112,5.489864864864865,460.0,70.0,1.2668918918918919,85.248,22.752000000000002,7.104,-0.104,0.9853603603603605,0.2962962962962963,0.6574074074074074,1,9,0.6891891891891893,8,0.098536036036036,0.8749999999999998,1.166666666666667,1.0,1.5202702702702704,0.75,108.0,-125.8122270742358,-39.68839970796082,191.1877729257642,False,True,171.7772925764192,153.4759825327511,60.31160029203918,39.36357142857144,0,317.0,27.96820346735807,1,1,0,1,0,6996,0.984797297297297,1,1,0,35.0,1,0.08333333333333333,0.08333333333333333,0.0152027027027027,1069.3950000000002,1078.974529224581,29.0,1.0291595197255574,0,1702.0
Tags 1,0.952702702702703,2025-5,13,28.224080222378085,26.8574468085106,27.3458333333333,-0.19674217900471871,30.5,-0.2373626373626371,-0.09285714285714247,7.261538461538462,29.10662813458183,26.961278201639335,25.0,28.0,23.0,2.1690476190476,2.1690476190476,0.8679015836918843,1,7,84.01730197698281,0.6752621719719046,23.823076923076922,94.8,0.32637362637362755,78.2,0.9505494505494507,13,1,1,34.6642857142857,34.6642857142857,3.1572422833219624,0,0,0,0,1.0,0.0,55.0,65.0,55.0,314.9155453764672,35.785857429144,1.0014314342971655,1.2530417978814772,1.254473232178643,12,1,51.525007687332334,-225.0844546235328,-44.214142570856,58.31769358823466,44.73232178643,1,0,0.5543741500705818,6.193693693693693,540.0,80.0,1.2777200277200278,92.352,25.648000000000003,7.104,2.896,1.4076576576576576,0.2711864406779661,0.6016949152542372,1,10,0.6891891891891893,8,0.1407657657657657,1.4285714285714284,1.2499999999999996,1.666666666666667,1.661036036036036,0.7692307692307693,108.0,-142.73799126637556,-40.20788486376776,212.26200873362444,False,True,191.1877729257642,171.7772925764192,59.79211513623224,39.36357142857144,0,355.0,27.8907476776874,1,1,0,1,0,6986,0.98338963963964,1,1,0,38.0,1,0.07692307692307693,0.07692307692307693,0.0166103603603603,1069.3950000000002,1069.6809397871948,29.0,1.030632693959347,0,1702.0
Tags 1,0.952702702702703,2025-5,14,28.112687587446317,27.1690476190476,26.8574468085106,-0.2019507971764842,29.6,-0.28571428571428714,-0.10549450549450665,7.1000000000000005,29.10662813458183,26.485431421549716,25.0,28.0,23.0,1.6645833333333009,1.6645833333333009,0.9322162173675711,1,7,84.51428040719831,0.7390011096637237,23.24285714285714,95.0,0.35846153846153833,79.3,1.0898901098901084,14,1,1,35.974999999999994,35.974999999999994,3.5579800012978127,0,0,0,0,1.0,0.0,55.0,65.0,55.0,351.0531594784353,35.82175096718728,1.0010030090270814,1.0024358790657688,1.2542986101160625,13,1,47.76233462291637,-278.9468405215647,-54.17824903281272,55.722723726735765,39.801945519096975,1,0,0.5363925154206788,6.8975225225225225,630.0,90.0,1.2568371943371943,99.456,25.544000000000004,7.104,-0.104,0.9853603603603605,0.256,0.568,1,10,0.6891891891891893,8,0.098536036036036,0.7000000000000002,1.0,0.8749999999999998,1.7595720720720722,0.7142857142857143,108.0,-161.0,-40.65656565656566,235.0,False,False,212.26200873362444,191.1877729257642,59.34343434343434,39.36357142857144,0,396.0,27.790367945106137,1,1,0,1,0,6979,0.982404279279279,1,1,0,41.0,1,0.07142857142857142,0.07142857142857142,0.0175957207207207,1069.3950000000002,1061.6540404040404,29.0,1.0316664278549936,0,1702.0
Tags 1,0.952702702702703,2025-5,15,28.15809174828323,26.6645833333333,27.1690476190476,-0.1470584623920511,32.5,-0.23749999999999963,-0.056071428571428016,7.006666666666667,29.10662813458183,28.492590837064785,25.0,28.0,23.0,3.7937499999999993,3.7937499999999993,0.9153560950126076,0,8,84.58346726894065,0.6263834747551512,23.07333333333333,93.4,0.3303571428571449,72.7,0.9882142857142866,15,1,1,35.5520833333333,35.5520833333333,3.4390105984880655,0,0,0,0,1.0,0.0,50.0,60.0,50.0,394.5480631276901,43.0416068866571,1.2015494978479195,1.202754662840746,1.2044763271162124,14,1,51.31117487645464,-325.4519368723099,-46.9583931133429,54.79834210106807,47.82400765184122,1,0,0.5169063902016121,7.742117117117116,720.0,90.0,1.2575075075075075,106.56,27.440000000000005,7.104,1.896,1.266891891891892,0.2388059701492537,0.5298507462686567,1,11,0.6891891891891893,8,0.1266891891891892,1.2857142857142865,0.9000000000000006,1.2857142857142865,1.8862612612612617,0.7333333333333333,108.0,-177.03591160220992,-40.32708692533256,261.9640883977901,False,True,235.0,212.26200873362444,59.67291307466744,39.36357142857144,0,439.0,27.837182804570045,1,1,0,2,0,6970,0.981137387387388,2,1,1,43.0,1,0.06666666666666667,0.13333333333333333,0.0188626126126126,1069.3950000000002,1067.5484149058007,29.0,1.0329985652797704,0,1702.0
Tags 1,0.952702702702703,2025-5,16,28.199773514015526,28.79375,26.6645833333333,-0.10639575759381849,33.2,-0.1845588235294105,-0.0438235294117645,7.03125,29.10662813458183,28.55534485394583,22.0,25.0,19.0,6.824999999999999,6.824999999999999,0.8998979065119607,0,9,84.73450056463187,0.5691510835717283,23.11875,94.4,0.32632352941176823,70.6,0.8520588235294118,16,1,1,37.0,37.0,3.376879902009634,0,0,0,0,1.0,0.0,50.0,60.0,50.0,445.1464675473866,50.25847214244687,1.1676718361095155,1.4030155083285467,1.4044227455485354,15,1,52.27231336069824,-374.8535324526134,-49.74152785755313,54.28615457894959,50.25847214244688,1,0,0.4995513620611279,8.727477477477477,820.0,100.0,1.2317004504504505,113.664,26.336,7.104,-1.104,0.8445945945945946,0.2285714285714285,0.5071428571428571,1,11,0.6891891891891893,8,0.0844594594594594,0.6666666666666662,0.8571428571428569,0.5999999999999999,1.970720720720721,0.6875,108.0,-194.56353591160223,-40.03364936452721,291.43646408839777,False,True,261.9640883977901,235.0,59.96635063547279,39.36357142857144,0,486.0,27.882067932656028,1,1,0,3,0,6964,0.980292792792793,3,1,1,47.0,1,0.0625,0.1875,0.0197072072072072,1069.3950000000002,1072.798012868608,29.0,1.0338885697874785,0,1702.0
Tags 1,0.952702702702703,2025-5,17,28.18045910562806,28.825,28.79375,-0.09510126745733792,32.2,-0.1642156862745091,-0.02867647058823445,6.976470588235294,29.10662813458183,27.642140090861083,22.0,25.0,19.0,5.871428571428599,5.871428571428599,0.8749540075476278,0,9,84.96986607763672,0.5527477406447232,22.72941176470588,93.3,0.2955882352941202,76.8,0.8634803921568635,17,1,1,38.735714285714295,38.735714285714295,3.410624316113387,0,0,0,0,1.0,0.0,50.0,60.0,50.0,510.3507763082231,64.69235192639448,1.287192968044032,1.5030189764232318,1.805951696377228,16,1,60.0826311973398,-409.6492236917769,-35.30764807360552,55.47291046828512,64.69235192639448,1,0,0.48398909547735136,9.99436936936937,920.0,100.0,1.2254901960784315,120.768,27.232,7.104,0.8959999999999999,1.1261261261261262,0.2162162162162162,0.4797297297297297,1,12,0.6891891891891893,8,0.1126126126126126,1.333333333333334,0.8888888888888887,1.1428571428571432,2.083333333333333,0.7058823529411765,108.0,-212.8370165745856,-39.78261992048329,322.1629834254144,False,True,291.43646408839777,261.9640883977901,60.2173800795167,39.36357142857144,0,535.0,27.8679545301975,1,1,0,4,0,6956,0.979166666666666,4,1,1,49.0,1,0.058823529411764705,0.23529411764705882,0.0208333333333333,1069.3950000000002,1077.288929622554,29.0,1.0350776308223115,0,1702.0
Tags 1,0.952702702702703,2025-5,18,28.184901192352427,27.8714285714286,28.825,-0.0786825136300626,34.4,-0.10846233230134107,-0.03684210526315771,7.111111111111111,29.10662813458183,27.934335814551737,22.0,25.0,19.0,6.2604166666667,6.2604166666667,0.8490392590633845,0,10,84.93311425850875,0.4538659439761986,22.988888888888887,92.0,0.24602683178534848,64.6,0.6423116615067068,18,1,1,34.308333333333294,34.308333333333294,3.3124634928122982,0,0,0,0,1.0,0.0,50.0,60.0,50.0,582.8176716074255,71.9527989638797,1.1122303768727717,1.431655119955595,1.6717033625941384,17,1,60.99793769179739,-447.1823283925745,-38.0472010361203,56.58423996188597,65.41163542170881,1,0,0.47023793383528756,11.402027027027026,1030.0,110.0,1.2121496496496498,127.872,27.128,7.104,-0.104,0.9853603603603605,0.2064516129032258,0.4580645161290322,1,12,0.6891891891891893,8,0.098536036036036,0.8749999999999998,1.166666666666667,0.7777777777777775,2.181869369369369,0.6666666666666666,108.0,-231.8563535911602,-39.565930646955664,354.1436464088398,False,True,322.1629834254144,291.43646408839777,60.434069353044336,39.36357142857144,0,586.0,27.871642379328293,1,1,0,5,0,6949,0.978181306306306,5,1,1,51.0,1,0.05555555555555555,0.2777777777777778,0.0218186936936936,1069.3950000000002,1081.1655007259633,29.0,1.0361203050798675,0,1702.0
Tags 1,0.952702702702703,2025-5,19,28.174621305035632,28.2604166666667,27.8714285714286,-0.06996410278059237,33.4,-0.08263157894736926,-0.03421052631578937,7.152631578947369,29.10662813458183,27.67772647654015,22.0,25.0,19.0,5.9895833333333,5.9895833333333,0.82633365264198,0,10,84.93202929753461,0.38546056408752233,22.910526315789472,91.7,0.20192982456140296,70.2,0.5622807017543853,19,1,1,34.912499999999994,34.912499999999994,3.2191393538631665,0,0,0,0,1.0,0.0,50.0,60.0,50.0,655.3363099524701,72.01497911565606,1.0008641797493878,1.113191543841119,1.432892327318368,18,1,61.47690202815775,-484.66369004752994,-37.98502088434394,57.485641223900885,65.4681628324146,1,0,0.4596212920466682,12.809684684684685,1140.0,110.0,1.1928046467520153,134.976,26.024,7.104,-1.104,0.8445945945945946,0.1987577639751552,0.4409937888198758,1,12,0.6891891891891893,8,0.0844594594594594,0.8571428571428569,0.7499999999999996,1.0,2.266328828828829,0.631578947368421,108.0,-252.3674033149172,-39.37088975271719,388.6325966850828,False,True,354.1436464088398,322.1629834254144,60.62911024728281,39.36357142857144,0,641.0,27.861436279181547,1,1,0,6,0,6943,0.977336711711712,6,1,1,55.0,1,0.05263157894736842,0.3157894736842105,0.0226632882882882,1069.3950000000002,1084.6547823238893,29.0,1.0370156992654471,0,1702.0
Tags 1,0.952702702702703,2025-5,20,28.173702739783852,27.9895833333333,28.2604166666667,-0.06023167816958877,34.1,-0.05263157894736885,-0.037518796992481875,7.245,29.10662813458183,27.835541806780064,22.0,25.0,19.0,6.15625,6.15625,0.8043046074061917,0,11,84.91219866599121,0.32472887449119164,23.084999999999997,91.2,0.159774436090222,64.8,0.4187969924812012,20,1,1,34.535416666666606,34.535416666666606,3.134535000624377,0,0,0,0,1.0,0.0,50.0,60.0,50.0,735.4001441961067,79.30785868781543,1.101268925739005,1.1022206200432587,1.2259232556276536,19,1,62.227486524530505,-524.5998558038933,-40.692141312184575,58.36509080921481,66.08988223984619,1,0,0.4479484630518958,14.358108108108109,1260.0,120.0,1.189470720720721,142.08,26.92,7.104,0.8959999999999999,1.1261261261261262,0.1893491124260355,0.4201183431952662,1,13,0.6891891891891893,8,0.1126126126126126,1.333333333333334,1.1428571428571432,1.0,2.378941441441442,0.65,108.0,-273.6243093922652,-39.20119045734459,424.3756906077348,False,True,388.6325966850828,354.1436464088398,60.798809542655405,39.36357142857144,0,698.0,27.860141555561473,1,1,0,7,0,6935,0.976210585585586,7,1,1,57.0,1,0.05,0.35,0.0237894144144144,1069.3950000000002,1087.6907027181053,29.0,1.0382119682768565,0,1702.0
Tags 1,0.952702702702703,2025-5,21,28.222970863286204,28.15625,27.9895833333333,-0.03858150655491147,33.6,-0.03623376623376651,-0.03558441558441583,7.29047619047619,29.10662813458183,28.83463290138249,22.0,25.0,19.0,7.2083333333333,7.2083333333333,0.8158032325765788,0,12,84.78979238030908,0.24706413187454143,23.247619047619043,90.6,0.11870129870129789,64.1,0.2980519480519485,21,1,1,32.3416666666667,32.3416666666667,3.1062346113738166,0,0,0,0,1.0,0.0,50.0,60.0,50.0,822.9858504187121,86.63008951775917,1.092326674192109,1.202945423043604,1.203984984117817,20,1,65.91419854612111,-557.0141495812879,-33.369910482240826,59.63665582744291,72.19174126479932,1,0,0.4372213696297774,16.0472972972973,1380.0,120.0,1.1931574431574432,149.18400000000003,28.816000000000003,7.104,1.896,1.266891891891892,0.1797752808988764,0.398876404494382,1,14,0.6891891891891893,8,0.1266891891891892,1.1250000000000002,1.500000000000001,1.2857142857142865,2.505630630630631,0.6666666666666666,108.0,-296.0,-39.050131926121374,462.0,False,False,424.3756906077348,388.6325966850828,60.94986807387863,32.42857142857143,0,758.0,27.906545905362474,1,1,0,8,0,6926,0.974943693693694,8,1,1,60.0,1,0.047619047619047616,0.38095238095238093,0.0250563063063063,916.0,1090.3931398416887,29.0,1.03956107421311,0,1702.0
Tags 2,0.954866008462624,2025-5,1,28.15472074468085,28.15472074468085,28.15472074468085,0.0,32.6,0.0,0.0,7.100000000000001,27.67854880516591,27.67854880516591,30.0,32.0,28.0,1.8452792553191488,-1.8452792553191488,0.0,1,0,77.42010416666665,0.0,22.5,86.8,0.0,64.3,0.0,1,1,1,17.420104166666647,17.420104166666647,0.0,0,0,0,0,1.0,0.0,60.0,70.0,60.0,7.063144511936715,7.063144511936715,3.0,3.0,3.0,1,1,70.63144511936714,-2.9368554880632853,-2.9368554880632853,70.63144511936714,70.63144511936714,0,0,0.0,0.1410437235543018,10.0,10.0,1.5514809590973202,7.09,3.91,7.09,3.91,1.5514809590973202,2.272727272727273,5.0,0,1,0.5514809590973202,1,0.155148095909732,3.0,3.0,3.0,0.155148095909732,1.0,106.75,0.0,0.0,64.0,True,False,669.9717991631799,637.6489644351465,100.0,39.36357142857144,0,64.0,27.67854880516591,0,0,0,0,0,7079,0.998448519040903,0,0,0,11.0,1,0.0,0.0,0.0015514809590973,1069.3950000000002,1789.0,29.0,1.017092809718887,0,1776.0
Tags 2,0.954866008462624,2025-5,2,28.15472074468085,28.15472074468085,28.15472074468085,-6.783381100595097e-15,32.6,-6.772789795300852e-15,-4.066460168369259e-15,7.100000000000001,27.67854880516591,27.67854880516591,30.0,32.0,28.0,1.8452792553191488,-1.8452792553191488,0.0,1,0,77.42010416666665,-1.1658284442341368e-14,22.5,86.8,-1.7209744916952118e-14,64.3,-2.2316770830227838e-14,2,1,1,17.420104166666647,17.420104166666647,0.0,0,0,0,0,1.0,0.0,60.0,70.0,60.0,21.21340687314383,14.142271248762553,2.002262763399802,3.0,3.0,2,1,70.71135624381276,-8.786593126856172,-5.857728751237449,70.71135624381276,70.71135624381274,0,0,0.7055067658423269,0.4231311706629055,30.0,20.0,1.3399153737658676,14.18,4.82,7.09,0.91,1.1283497884344147,1.3157894736842106,2.8947368421052637,0,2,0.5514809590973202,2,0.1128349788434414,0.727272727272727,3.0,3.0,0.2679830747531734,1.0,106.75,0.0,0.0,77.0,True,False,64.0,637.6489644351465,100.0,39.36357142857144,0,77.0,27.67854880516591,0,0,0,0,0,7071,0.997320169252468,0,0,0,13.0,1,0.0,0.0,0.0026798307475317,1069.3950000000002,1789.0,29.0,1.0182435299109036,0,1776.0
Tags 2,0.954866008462624,2025-5,3,28.154720744680855,28.15472074468085,28.15472074468085,-1.2895420286198467e-15,32.6,2.30148056710964e-15,2.3936246954295856e-15,7.100000000000001,27.67854880516591,27.67854880516591,30.0,32.0,28.0,1.8452792553191488,-1.8452792553191488,4.351167857633658e-15,1,0,77.42010416666665,1.136476922109094e-14,22.5,86.8,1.802190973325158e-15,64.3,-3.3130325148630877e-15,3,1,1,17.420104166666647,17.420104166666647,0.0,0,0,0,0,1.0,0.0,60.0,70.0,60.0,35.38570417551309,14.154281670205236,1.0008492569002123,2.003963198867657,3.0,3,1,70.77140835102618,-14.61429582448691,-5.845718329794764,70.77140835102618,70.77140835102618,0,0,0.9995759349123037,0.7052186177715092,50.0,20.0,1.1753643629525155,21.27,3.7300000000000004,7.09,-1.09,0.846262341325811,1.0,2.2,0,2,0.5514809590973202,2,0.0846262341325811,0.7500000000000003,0.5454545454545455,3.0,0.3526093088857546,0.6666666666666666,106.75,0.0,0.0,91.0,True,False,77.0,64.0,100.0,39.36357142857144,0,91.0,27.678548805165907,0,0,0,0,0,7065,0.996473906911142,0,0,0,14.0,1,0.0,0.0,0.0035260930888575,1069.3950000000002,1789.0,29.0,1.019108280254777,0,1776.0
Tags 2,0.954866008462624,2025-5,4,28.15472074468085,28.15472074468085,28.15472074468085,-4.860576503336004e-15,32.6,-2.22671580167811e-15,-3.4693771706650844e-15,7.100000000000001,27.67854880516591,27.67854880516591,30.0,32.0,28.0,1.8452792553191488,-1.8452792553191488,0.0,1,0,77.42010416666665,-1.0656246691081632e-14,22.5,86.8,-1.1688067064152732e-14,64.3,-8.691606854378891e-15,4,1,1,17.420104166666647,17.420104166666647,0.0,0,0,0,0,1.0,0.0,60.0,70.0,60.0,49.58911873051856,14.168319637291017,1.0009917823746104,1.0018418815528478,2.005950694247662,4,1,61.39605176159441,-25.41088126948144,-10.831680362708983,66.11882497402475,56.67327854916407,0,0,0.9571437435509768,0.9873060648801129,75.0,25.0,1.1283497884344147,28.36,3.6400000000000006,7.09,-0.0899999999999998,0.9873060648801129,0.78125,1.71875,0,2,0.5514809590973202,2,0.0987306064880112,1.166666666666666,0.8749999999999998,0.6363636363636359,0.4513399153737658,0.5,106.75,0.0,0.0,107.0,True,False,91.0,77.0,100.0,39.36357142857144,0,107.0,27.67854880516591,0,0,0,0,0,7058,0.995486600846262,0,0,0,16.0,1,0.0,0.0,0.0045133991537376,1069.3950000000002,1789.0,29.0,1.0201190138849532,0,1776.0
Tags 2,0.954866008462624,2025-5,5,28.15472074468085,28.15472074468085,28.15472074468085,-3.371434273386755e-15,32.6,-3.764398267022435e-15,-4.80122207299609e-16,7.100000000000001,27.67854880516591,27.67854880516591,28.0,30.0,26.0,0.1547207446808514,0.1547207446808514,0.0,1,0,77.42010416666665,-4.822292063407377e-15,22.5,86.8,-3.627382670784715e-15,64.3,-3.145486211302101e-15,5,1,1,17.420104166666647,17.420104166666647,0.0,0,0,0,0,1.0,0.0,60.0,70.0,60.0,70.92198581560284,21.27659574468085,1.5017021276595746,1.5031914893617022,1.504468085106383,5,1,78.01418439716312,-29.07801418439716,-3.723404255319149,70.92198581560284,85.1063829787234,0,0,0.8363764601589742,1.4104372355430184,100.0,25.0,1.1283497884344147,35.45,4.550000000000001,7.09,0.91,1.1283497884344147,0.625,1.375,0,3,0.5514809590973202,2,0.1128349788434414,1.1428571428571432,1.3333333333333326,1.0,0.5641748942172073,0.6,106.75,0.0,0.0,125.0,True,False,107.0,91.0,100.0,39.36357142857144,0,125.0,27.67854880516591,0,0,0,0,0,7050,0.994358251057828,0,0,0,18.0,1,0.0,0.0,0.005641748942172,1069.3950000000002,1789.0,29.0,1.0212765957446808,0,1776.0
Tags 2,0.954866008462624,2025-5,6,28.154720744680848,28.15472074468085,28.15472074468085,-1.3488542533772615e-15,32.6,-3.003278291787231e-16,-6.929659921216828e-16,7.100000000000001,27.67854880516591,27.67854880516591,28.0,30.0,26.0,0.1547207446808514,0.1547207446808514,3.891802844472395e-15,1,0,77.42010416666665,-3.2804718226432046e-15,22.5,86.8,-5.226196707538049e-15,64.3,-1.2637676618891283e-15,6,1,1,17.420104166666647,17.420104166666647,0.0,0,0,0,0,1.0,0.0,60.0,70.0,60.0,92.29021723697288,21.297742439301437,1.0009938946471677,1.5031946613658953,1.5046855033366464,6,1,64.60690828147878,-42.70978276302712,-13.702257560698566,68.36312387923917,60.85069268371838,0,0,0.800828428867323,1.833568406205924,135.0,35.0,1.1048425011753644,42.540000000000006,4.460000000000001,7.09,-0.0899999999999998,0.9873060648801129,0.5319148936170213,1.1702127659574468,0,3,0.5514809590973202,2,0.0987306064880112,0.8749999999999998,1.0,1.166666666666666,0.6629055007052186,0.5,106.75,0.0,0.0,145.0,True,False,125.0,107.0,100.0,39.36357142857144,0,145.0,27.678548805165914,0,0,0,0,0,7043,0.993370944992948,0,0,0,20.0,1,0.0,0.0,0.0066290550070521,1069.3950000000002,1789.0,29.0,1.0222916370864688,0,1776.0
Tags 2,0.954866008462624,2025-5,7,28.154720744680848,28.15472074468085,28.15472074468085,-3.895921039444663e-16,32.6,1.656277457553702e-15,1.2138620989631208e-15,7.100000000000001,27.67854880516591,27.67854880516591,28.0,30.0,26.0,0.1547207446808514,0.1547207446808514,3.837369354665453e-15,1,0,77.42010416666665,2.54453727244602e-15,22.5,86.8,2.9813600726655495e-15,64.3,-1.585001016368459e-15,7,1,1,17.420104166666647,17.420104166666647,0.0,0,0,0,0,1.0,0.0,60.0,70.0,60.0,113.71712864250178,21.32196162046908,1.001137171286425,1.0021321961620469,1.504904051172708,7,1,63.90615947871687,-56.28287135749822,-13.678038379530918,66.89242861323635,60.91989034419738,0,0,0.7635764163861997,2.2566995768688294,170.0,35.0,1.1082006850695145,49.63000000000001,5.370000000000001,7.09,0.91,1.1283497884344147,0.4545454545454545,1.0,0,4,0.5514809590973202,2,0.1128349788434414,1.1428571428571432,1.0,1.1428571428571432,0.7757404795486601,0.5714285714285714,105.0,-62.0,-37.12574850299401,105.0,False,False,145.0,125.0,62.87425149700599,39.36357142857144,1,167.0,27.678548805165914,0,0,0,0,0,7035,0.992242595204514,0,0,0,22.0,1,0.0,0.0,0.0077574047954866,1069.3950000000002,1124.820359281437,29.0,1.023454157782516,0,1776.0
Tags 2,0.954866008462624,2025-5,8,28.15472074468085,28.15472074468085,28.15472074468085,2.560235073882277e-15,32.6,2.821334018596945e-15,1.5927353798953544e-15,7.100000000000001,27.67854880516591,27.67854880516591,28.0,30.0,26.0,0.1547207446808514,0.1547207446808514,0.0,1,0,77.42010416666665,6.1910039907492395e-15,22.5,86.8,3.730138838203249e-15,64.3,1.0375528248368055e-15,8,1,1,22.420104166666647,22.420104166666647,0.0,0,0,0,0,1.0,0.0,55.0,65.0,55.0,135.15436050647318,21.340162185232607,1.0008536064874094,1.0019917484706218,1.002987622705933,8,1,52.05706230034015,-84.84563949352682,-28.659837814767396,61.43380023021509,42.680324370465215,0,0,0.7287257910261437,2.679830747531735,220.0,50.0,1.0754583921015515,56.72,4.280000000000001,7.09,-1.09,0.846262341325811,0.4098360655737705,0.9016393442622952,0,4,0.5514809590973202,2,0.0846262341325811,0.7500000000000003,0.8571428571428578,0.7500000000000003,0.8603667136812413,0.5,105.0,-69.75109170305677,-36.32869359534208,122.24890829694324,False,True,105.0,145.0,63.67130640465793,39.36357142857144,1,192.0,27.67854880516591,0,0,0,0,0,7029,0.991396332863188,0,0,0,25.0,1,0.0,0.0,0.0086036671368124,1069.3950000000002,1139.0796715793306,29.0,1.0243277848911652,0,1776.0
Tags 2,0.954866008462624,2025-5,9,28.15472074468085,28.15472074468085,28.15472074468085,1.0383261863092424e-15,32.6,1.926709849426818e-15,5.833989137158367e-16,7.100000000000001,27.67854880516591,27.67854880516591,25.0,28.0,23.0,3.1547207446808514,3.1547207446808514,0.0,0,0,77.42010416666665,2.9175697731988434e-15,22.5,86.8,-6.967445516541836e-16,64.3,2.4487606206954734e-15,9,1,1,22.420104166666647,22.420104166666647,0.0,0,0,0,0,1.0,0.0,55.0,65.0,55.0,163.7243735763098,28.47380410022779,1.3342824601366745,1.3354214123006836,1.336940015186029,9,1,58.79313254028516,-106.2756264236902,-21.52619589977221,60.63865688011474,56.947608200455576,0,0,0.6825468622324483,3.2440056417489425,270.0,50.0,1.0343206393982134,63.81,2.1900000000000013,7.09,-2.09,0.7052186177715092,0.3787878787878788,0.8333333333333334,0,4,0.5514809590973202,2,0.0705218617771509,0.8333333333333333,0.6250000000000002,0.7142857142857147,0.930888575458392,0.4444444444444444,105.0,-78.43231441048033,-35.65105200476379,141.56768558951967,False,True,122.24890829694324,105.0,64.34894799523622,39.36357142857144,1,220.0,27.67854880516591,0,0,0,1,0,7024,0.990691114245416,1,1,1,28.0,1,0.0,0.1111111111111111,0.0093088857545839,1069.3950000000002,1151.202679634776,29.0,1.0250569476082003,0,1776.0
Tags 2,0.954866008462624,2025-5,10,28.15472074468085,28.15472074468085,28.15472074468085,1.0489235393749254e-15,32.6,4.151382088140757e-16,-1.8871550300651993e-16,7.100000000000001,27.67854880516591,27.67854880516591,25.0,28.0,23.0,3.1547207446808514,3.1547207446808514,0.0,0,0,77.42010416666665,5.929324924733543e-15,22.5,86.8,3.621045517473897e-15,64.3,2.5895147748354023e-15,10,1,1,22.420104166666647,22.420104166666647,0.0,0,0,0,0,1.0,0.0,55.0,65.0,55.0,192.36249643773155,28.498147620404676,1.000854944428612,1.335423197492163,1.3365631233969792,10,1,52.89428914393292,-137.63750356226845,-31.501852379595327,58.291665587191375,47.49691270067446,0,0,0.6574705424608069,3.80818053596615,330.0,60.0,1.0155148095909732,70.9,1.1000000000000012,7.09,-1.09,0.846262341325811,0.3472222222222222,0.7638888888888888,0,4,0.5514809590973202,2,0.0846262341325811,1.2000000000000002,1.0,0.7500000000000003,1.0155148095909732,0.4,105.0,-87.4235807860262,-35.10987180161695,161.5764192139738,False,True,141.56768558951967,122.24890829694324,64.89012819838305,39.36357142857144,1,249.0,27.67854880516591,0,0,0,2,0,7018,0.98984485190409,2,1,1,29.0,1,0.0,0.2,0.0101551480959097,1069.3950000000002,1160.8843934690728,29.0,1.0259333143345684,0,1776.0
Tags 2,0.954866008462624,2025-5,11,28.154720744680848,28.15472074468085,28.15472074468085,1.302138512516356e-15,32.6,9.227997508175206e-16,9.90452133024727e-16,7.100000000000002,27.67854880516591,27.67854880516591,25.0,28.0,23.0,3.1547207446808514,3.1547207446808514,3.7261175413410954e-15,0,0,77.42010416666665,1.130364682040006e-15,22.5,86.8,-4.780300776693633e-15,64.3,2.5869885263541635e-15,11,1,1,22.420104166666647,22.420104166666647,0.0,0,0,0,0,1.0,0.0,55.0,65.0,55.0,221.11269614835948,28.530670470756064,1.0011412268188302,1.001997146932953,1.3369472182596291,11,1,52.12334028311204,-168.88730385164052,-31.469329529243936,56.69556311496397,47.5511174512601,0,0,0.6343450566259564,4.372355430183357,390.0,60.0,1.025772534940377,77.99000000000001,2.010000000000001,7.09,0.91,1.1283497884344147,0.3125,0.6875,0,5,0.5514809590973202,2,0.1128349788434414,1.3333333333333326,1.5999999999999994,1.3333333333333326,1.1283497884344147,0.45454545454545453,105.0,-97.65502183406112,-34.62944036668835,184.34497816593887,False,True,161.5764192139738,141.56768558951967,65.37055963331166,39.36357142857144,1,282.0,27.678548805165914,0,0,0,3,0,7010,0.988716502115656,3,1,1,33.0,1,0.0,0.2727272727272727,0.0112834978843441,1069.3950000000002,1169.4793118399455,29.0,1.0271041369472182,0,1776.0
Tags 2,0.954866008462624,2025-5,12,28.154720744680848,28.15472074468085,28.15472074468085,1.3229991297389886e-15,32.6,1.2743436555537021e-15,6.067178005271581e-16,7.100000000000001,27.67854880516591,27.67854880516591,25.0,28.0,23.0,3.1547207446808514,3.1547207446808514,3.710688416924011e-15,0,0,77.42010416666665,-2.675605527985585e-16,22.5,86.8,5.750770099106333e-16,64.3,2.500081457902131e-15,12,1,1,22.420104166666647,22.420104166666647,0.0,0,0,0,0,1.0,0.0,55.0,65.0,55.0,257.1428571428572,35.714285714285715,1.2517857142857145,1.2532142857142858,1.2542857142857142,12,1,53.46051464063887,-202.85714285714283,-34.285714285714285,55.90062111801243,51.02040816326531,0,0,0.6054823914308065,5.077574047954866,460.0,70.0,1.0578279266572637,85.08000000000001,4.920000000000002,7.09,2.91,1.4104372355430184,0.2777777777777778,0.6111111111111112,0,6,0.5514809590973202,2,0.1410437235543018,1.2500000000000004,1.6666666666666663,2.0,1.2693935119887163,0.5,105.0,-108.50655021834064,-34.229195652473386,208.49344978165936,False,True,184.34497816593887,161.5764192139738,65.7708043475266,39.36357142857144,1,317.0,27.678548805165914,0,0,0,4,0,7000,0.987306064880113,4,1,1,35.0,1,0.0,0.3333333333333333,0.0126939351198871,1069.3950000000002,1176.639689777251,29.0,1.0285714285714285,0,1776.0
Tags 2,0.954866008462624,2025-5,13,28.154720744680848,28.15472074468085,28.15472074468085,1.3814364750221513e-15,32.6,8.805487397987455e-16,6.915014398866306e-16,7.1000000000000005,27.67854880516591,27.67854880516591,25.0,28.0,23.0,3.1547207446808514,3.1547207446808514,3.697781635498623e-15,0,0,77.42010416666665,4.691331236161485e-16,22.5,86.8,1.1752006107247913e-15,64.3,3.7511504141718706e-16,13,1,1,22.420104166666647,22.420104166666647,0.0,0,0,0,0,1.0,0.0,55.0,65.0,55.0,293.1502931502931,35.75003575003575,1.0010010010010009,1.253038753038753,1.2544687544687545,13,1,49.48731800583652,-246.84970684970688,-44.24996424996425,54.28709132412836,44.68754468754469,0,0,0.587342841046456,5.782792665726375,540.0,80.0,1.0524031680590213,92.17000000000002,4.830000000000002,7.09,-0.0899999999999998,0.9873060648801129,0.2577319587628865,0.5670103092783505,0,6,0.5514809590973202,2,0.0987306064880112,0.6999999999999995,0.8749999999999998,1.166666666666666,1.368124118476728,0.46153846153846156,105.0,-120.2882096069869,-33.88400270619349,234.7117903930131,False,True,208.49344978165936,184.34497816593887,66.1159972938065,39.36357142857144,1,355.0,27.678548805165914,0,0,0,5,0,6993,0.986318758815233,5,1,1,38.0,1,0.0,0.38461538461538464,0.0136812411847672,1069.3950000000002,1182.8151915861984,29.0,1.0296010296010296,0,1776.0
Tags 2,0.954866008462624,2025-5,14,28.154720744680848,28.15472074468085,28.15472074468085,-1.1784087075527521e-15,32.6,-2.0809458693257514e-16,-5.592533086358858e-16,7.1000000000000005,27.67854880516591,27.67854880516591,25.0,28.0,23.0,3.1547207446808514,3.1547207446808514,3.6868252213847854e-15,0,0,77.42010416666665,-1.1536256484809611e-15,22.5,86.8,-3.163651978215829e-15,64.3,-3.2683870908612468e-15,14,1,1,22.420104166666647,22.420104166666647,0.0,0,0,0,0,1.0,0.0,55.0,65.0,55.0,336.33891512809504,42.93688278231001,1.2010304851867757,1.20223271790468,1.5049377415199656,14,1,50.54738846065596,-293.66108487190496,-47.06311721768999,53.38712938541191,47.70764753590001,0,0,0.5651253883802915,6.6290550070521865,630.0,90.0,1.0376788232923635,99.26000000000002,3.740000000000002,7.09,-1.09,0.846262341325811,0.2427184466019417,0.5339805825242718,0,6,0.5514809590973202,2,0.0846262341325811,0.8571428571428578,0.6000000000000001,0.7500000000000003,1.4527503526093088,0.42857142857142855,105.0,-133.0,-33.58585858585859,263.0,False,False,234.7117903930131,208.49344978165936,66.41414141414141,39.36357142857144,1,396.0,27.678548805165914,0,0,0,6,0,6987,0.985472496473907,6,1,1,41.0,1,0.0,0.42857142857142855,0.014527503526093,1069.3950000000002,1188.1489898989898,29.0,1.03048518677544,0,1776.0
Tags 2,0.954866008462624,2025-5,15,28.154720744680848,28.15472074468085,28.15472074468085,6.749739647783442e-16,32.6,1.0081494731066054e-15,1.8703946384252295e-17,7.1,27.67854880516591,27.67854880516591,25.0,28.0,23.0,3.1547207446808514,3.1547207446808514,3.677408027917051e-15,0,0,77.42010416666666,1.5900097704633351e-15,22.5,86.8,5.515100672047428e-16,64.3,2.6097092304976443e-15,15,1,1,27.420104166666647,27.420104166666647,1.4709632111668204e-14,0,0,0,0,1.0,0.0,50.0,60.0,50.0,386.70867946147234,50.12890289315382,1.1675021483815524,1.4022056717272986,1.403609281008307,15,1,54.70415990324327,-333.29132053852766,-39.87109710684618,53.709538814093385,55.69878099239314,0,0,0.5457593655654119,7.6163610719323,720.0,90.0,1.0155148095909732,106.35000000000002,1.6500000000000021,7.09,-2.09,0.7052186177715092,0.2314814814814814,0.5092592592592593,0,6,0.5514809590973202,2,0.0705218617771509,0.8333333333333333,0.7142857142857147,0.5,1.52327221438646,0.4,105.0,-140.24585635359114,-31.946664317446725,298.75414364640886,False,True,263.0,234.7117903930131,68.05333568255327,39.36357142857144,1,439.0,27.678548805165914,0,0,0,7,0,6982,0.984767277856135,7,1,1,43.0,1,0.0,0.4666666666666667,0.0152327221438645,1069.3950000000002,1217.474175360878,29.0,1.0312231452305929,0,1776.0
Tags 2,0.954866008462624,2025-5,16,28.15472074468085,28.15472074468085,28.15472074468085,1.5813273989799056e-16,32.6,1.5717935348164534e-16,3.228517626001621e-16,7.100000000000001,27.67854880516591,27.67854880516591,22.0,25.0,19.0,6.154720744680851,6.154720744680851,0.0,0,0,77.42010416666665,1.871900716300118e-15,22.5,86.8,2.0567295693817746e-16,64.3,9.139689238489229e-16,16,1,1,27.420104166666647,27.420104166666647,0.0,0,0,0,0,1.0,0.0,50.0,60.0,50.0,437.2759856630825,50.17921146953405,1.0010035842293907,1.168673835125448,1.4036129032258065,16,1,51.75277559227206,-382.7240143369176,-49.82078853046595,53.32633971501005,50.17921146953406,0,0,0.5324475507867477,8.603667136812412,820.0,100.0,1.0137517630465445,113.44,1.5600000000000014,7.09,-0.0899999999999998,0.9873060648801129,0.217391304347826,0.4782608695652174,0,6,0.5514809590973202,2,0.0987306064880112,1.399999999999999,1.166666666666666,1.0,1.622002820874471,0.375,105.0,-148.16574585635362,-30.48677898278881,337.8342541436464,False,True,298.75414364640886,263.0,69.5132210172112,39.36357142857144,1,486.0,27.67854880516591,0,0,0,8,0,6975,0.983779971791255,8,1,1,47.0,1,0.0,0.5,0.0162200282087447,1069.3950000000002,1243.591523997908,29.0,1.032258064516129,0,1776.0
Tags 2,0.954866008462624,2025-5,17,28.15472074468085,28.15472074468085,28.15472074468085,2.2001058081580336e-16,32.6,1.186892062423421e-15,4.864884510362301e-16,7.100000000000001,27.67854880516591,27.67854880516591,22.0,25.0,19.0,6.154720744680851,6.154720744680851,0.0,0,0,77.42010416666665,6.022236032311191e-16,22.5,86.8,1.263118031787766e-15,64.3,8.71767300245397e-16,17,1,1,27.420104166666647,27.420104166666647,0.0,0,0,0,0,1.0,0.0,50.0,60.0,50.0,495.1916176259509,57.41352088416822,1.1441694519059238,1.1453177223236073,1.3371609013922778,17,1,55.61934835653797,-424.8083823740491,-42.58647911583178,53.82517582890771,57.41352088416822,0,0,0.516579475543255,9.732016925246826,920.0,100.0,1.020492823363478,120.53,2.4700000000000015,7.09,0.91,1.1283497884344147,0.2032520325203252,0.4471544715447154,0,7,0.5514809590973202,2,0.1128349788434414,1.1428571428571432,1.5999999999999994,1.3333333333333326,1.7348377997179123,0.4117647058823529,105.0,-156.42265193370167,-29.23787886611246,378.5773480662983,False,True,337.8342541436464,298.75414364640886,70.76212113388753,39.36357142857144,1,535.0,27.67854880516591,0,0,0,9,0,6967,0.982651622002821,9,1,1,49.0,1,0.0,0.5294117647058824,0.0173483779971791,1069.3950000000002,1265.934347085248,29.0,1.033443375915028,0,1776.0
Tags 2,0.954866008462624,2025-5,18,28.15472074468085,28.15472074468085,28.15472074468085,-1.7647952568228598e-17,32.6,1.1070840286678213e-15,3.542439194105686e-17,7.1000000000000005,27.67854880516591,27.67854880516591,22.0,25.0,19.0,6.154720744680851,6.154720744680851,0.0,0,0,77.42010416666663,1.702138358297548e-15,22.5,86.8,-1.7252547885169917e-16,64.3,1.752434374497493e-15,18,1,1,27.420104166666647,27.420104166666647,1.4622848863937366e-14,0,0,0,0,1.0,0.0,50.0,60.0,50.0,553.0814538141071,57.46300818847867,1.0008619451228271,1.145155663184682,1.1463049233484517,18,1,52.96816343940195,-476.91854618589286,-52.53699181152133,53.69722852564147,52.239098353162426,0,0,0.5051922805390457,10.86036671368124,1030.0,110.0,1.0108133521391633,127.62,1.3800000000000014,7.09,-1.09,0.846262341325811,0.1937984496124031,0.4263565891472868,0,7,0.5514809590973202,2,0.0846262341325811,0.7500000000000003,0.8571428571428578,1.2000000000000002,1.8194640338504933,0.3888888888888889,105.0,-165.01657458563534,-28.15982501461354,420.9834254143647,False,True,378.5773480662983,337.8342541436464,71.84017498538647,39.36357142857144,1,586.0,27.67854880516591,0,0,0,10,0,6961,0.981805359661495,10,1,1,51.0,1,0.0,0.5555555555555556,0.0181946403385049,1069.3950000000002,1285.220730488564,29.0,1.034334147392616,0,1776.0
Tags 2,0.954866008462624,2025-5,19,28.15472074468085,28.15472074468085,28.15472074468085,-5.782140136194443e-17,32.6,-1.7194294039342074e-16,-5.364148713100298e-16,7.1000000000000005,27.67854880516591,27.67854880516591,22.0,25.0,19.0,6.154720744680851,6.154720744680851,0.0,0,0,77.42010416666663,-1.4353930018144514e-15,22.5,86.8,-1.9829105871501126e-15,64.3,-1.3722342670087318e-15,19,1,1,27.420104166666647,27.420104166666647,1.460026530009149e-14,0,0,0,0,1.0,0.0,50.0,60.0,50.0,611.1590451538683,57.52085130859937,1.0010066148979004,1.0018694276675295,1.1463083939356589,19,1,52.95106278258724,-528.8409548461317,-52.47914869140063,53.61044255735688,52.29168300781761,0,0,0.49443825099633515,11.988716502115656,1140.0,110.0,1.00957612649395,134.71,1.2900000000000016,7.09,-0.0899999999999998,0.9873060648801129,0.1838235294117647,0.4044117647058823,0,7,0.5514809590973202,2,0.0987306064880112,1.166666666666666,0.8749999999999998,1.0,1.9181946403385048,0.3684210526315789,105.0,-174.28453038674036,-27.189474319304267,466.7154696132597,False,True,420.9834254143647,378.5773480662983,72.81052568069573,39.36357142857144,1,641.0,27.678548805165907,0,0,0,11,0,6954,0.980818053596615,11,1,1,55.0,1,0.0,0.5789473684210527,0.019181946403385,1069.3950000000002,1302.5803044276468,29.0,1.035375323554789,0,1776.0
Tags 2,0.954866008462624,2025-5,20,28.15472074468085,28.15472074468085,28.15472074468085,-5.442263828874997e-16,32.6,-9.691266599549078e-16,-5.813148627227794e-16,7.1,27.67854880516591,27.67854880516591,22.0,25.0,19.0,6.154720744680851,6.154720744680851,0.0,0,0,77.42010416666662,-4.466182372025889e-16,22.5,86.8,-2.1388666837618357e-15,64.3,-2.5265903670384886e-15,20,1,1,27.420104166666647,27.420104166666647,2.9160058604848984e-14,0,0,0,0,1.0,0.0,50.0,60.0,50.0,669.4500431903253,57.58710048949035,1.0011517420097895,1.002159516268356,1.0030233227756982,20,1,50.5601031083323,-590.5499568096747,-62.41289951050965,53.13095580875598,47.98925040790863,0,0,0.48427509916794764,13.117066290550072,1260.0,120.0,1.0155148095909734,141.8,2.2000000000000015,7.09,0.91,1.1283497884344147,0.1736111111111111,0.3819444444444444,0,8,0.5514809590973202,2,0.1128349788434414,1.1428571428571432,1.3333333333333326,1.0,2.0310296191819464,0.4,105.0,-183.889502762431,-26.34520096882966,514.110497237569,False,True,466.7154696132597,420.9834254143647,73.65479903117034,39.36357142857144,1,698.0,27.678548805165907,0,0,0,12,0,6946,0.97968970380818,12,1,1,57.0,1,0.0,0.6,0.0203102961918194,1069.3950000000002,1317.6843546676375,29.0,1.0365678088108263,0,1776.0
Tags 2,0.954866008462624,2025-5,21,28.15472074468085,28.15472074468085,28.15472074468085,3.699089913415334e-16,32.6,4.710350753166894e-16,9.018783009343824e-18,7.1,27.67854880516591,27.67854880516591,22.0,25.0,19.0,6.154720744680851,6.154720744680851,0.0,0,0,77.42010416666662,-2.761629654335141e-16,22.5,86.8,5.702983905072954e-16,64.3,2.8944045821345144e-17,21,1,1,27.420104166666647,27.420104166666647,2.912358572177595e-14,0,0,0,0,1.0,0.0,50.0,60.0,50.0,735.1881216664264,64.86954014703763,1.1264595646533084,1.127756955456249,1.1288921724088223,21,1,53.66622584628112,-644.8118783335736,-55.130459852962375,53.2745015700309,54.05795012253135,0,0,0.4725610794524298,14.386459802538788,1380.0,120.0,1.0276042716099136,148.89000000000001,4.110000000000001,7.09,1.91,1.2693935119887163,0.1633986928104575,0.3594771241830065,0,9,0.5514809590973202,2,0.1269393511988716,1.1250000000000002,1.2857142857142865,1.4999999999999991,2.1579689703808183,0.42857142857142855,105.0,-194.0,-25.593667546174142,564.0,False,False,514.110497237569,466.7154696132597,74.40633245382587,43.0,1,758.0,27.678548805165903,0,0,0,13,0,6937,0.978420310296192,13,1,1,60.0,1,0.0,0.6190476190476191,0.0215796897038081,1166.0,1331.1292875989445,29.0,1.037912642352602,0,1776.0
Tags 3,0.952936218038775,2025-5,1,27.7869565217391,28.15472074468085,28.15472074468085,0.0,32.8,0.0,0.0,8.3,27.45182608127976,27.45182608127976,30.0,32.0,28.0,2.2130434782609,-2.2130434782609,0.0,0,0,83.7934782608695,0.0,24.5,92.3,0.0,67.8,0.0,1,1,1,23.793478260869502,23.793478260869502,0.0,0,0,0,0,1.0,0.0,60.0,70.0,60.0,7.034327518289252,7.034327518289252,3.0,3.0,3.0,1,1,70.34327518289251,-2.9656724817107483,-2.9656724817107483,70.34327518289251,70.34327518289251,0,0,0.0,0.1404889013767912,10.0,10.0,1.4048890137679122,7.118,2.882,7.118,2.882,1.4048890137679122,2.7,6.5,0,1,0.4048890137679122,1,0.1404889013767912,3.0,3.0,3.0,0.1404889013767912,1.0,106.75,0.0,0.0,64.0,True,False,669.9717991631799,637.6489644351465,100.0,39.36357142857144,0,64.0,27.45182608127976,1,1,1,0,0,7108,0.998595110986232,0,0,0,11.0,1,1.0,0.0,0.0014048890137679,1069.3950000000002,1789.0,29.0,1.0129431626336522,0,1738.0
Tags 3,0.952936218038775,2025-5,2,27.83410326086955,27.7869565217391,28.15472074468085,0.09429347826089392,33.0,0.20000000000000026,0.09999999999999876,8.350000000000001,27.543854137643663,27.543854137643663,30.0,32.0,28.0,2.1187499999999986,-2.1187499999999986,0.06667555789994976,0,0,83.75090579710141,-0.08514492753621755,23.75,91.8,-0.5000000000000154,68.8,0.9999999999999798,2,1,1,23.7083333333333,23.7083333333333,0.06020655564448827,0,0,0,0,1.0,0.0,60.0,70.0,60.0,21.12676056338028,14.084507042253522,2.0022535211267605,3.0,3.0,2,1,70.42253521126761,-8.87323943661972,-5.915492957746478,70.4225352112676,70.42253521126761,0,0,0.7055133011162681,0.4214667041303737,30.0,20.0,1.264400112391121,14.236,3.764,7.118,0.8819999999999997,1.12391121101433,1.5,3.611111111111111,0,2,0.4048890137679122,2,0.112391121101433,0.8000000000000003,3.0,3.0,0.2528800224782242,1.0,106.75,0.0,0.0,77.0,True,False,64.0,637.6489644351465,100.0,39.36357142857144,0,77.0,27.497840109461713,2,1,1,0,0,7100,0.997471199775218,0,0,0,13.0,1,1.0,0.0,0.0025288002247822,1069.3950000000002,1789.0,29.0,1.0140845070422535,0,1738.0
Tags 3,0.952936218038775,2025-5,3,27.983419267930135,27.88125,27.7869565217391,0.24754738015610156,32.7,-0.049999999999994445,0.050000000000003424,8.266666666666667,27.88838320478787,27.88838320478787,30.0,32.0,28.0,1.7179487179487012,-1.7179487179487012,0.26288519339092253,1,1,82.90487736900776,-1.2903288740244978,25.03333333333333,91.9,-0.19999999999999507,64.3,-1.749999999999993,3,1,1,21.2128205128205,21.2128205128205,1.4659825094792382,0,0,0,0,1.0,0.0,60.0,70.0,60.0,35.255958256945426,14.10238330277817,1.00126921449725,2.0047948103229447,3.0,3,1,70.51191651389085,-14.744041743054574,-5.89761669722183,70.51191651389085,70.51191651389085,0,0,0.9993658298423514,0.7024445068839561,50.0,20.0,1.264400112391121,21.354,5.646,7.118,1.882,1.264400112391121,1.0,2.4074074074074074,0,3,0.4048890137679122,3,0.1264400112391121,1.125,0.9000000000000001,3.0,0.3793200337173363,1.0,106.75,0.0,0.0,91.0,True,False,77.0,64.0,100.0,39.36357142857144,0,91.0,27.6280211412371,2,1,0,0,0,7091,0.996206799662827,0,0,0,14.0,1,0.6666666666666666,0.0,0.0037932003371733,1069.3950000000002,1789.0,29.0,1.0153715978000282,0,1738.0
Tags 3,0.952936218038775,2025-5,4,28.0097235418567,28.2820512820513,27.88125,0.13058408077431205,31.1,-0.5400000000000044,0.5399999999999964,7.400000000000001,27.88838320478787,27.71071086470257,30.0,32.0,28.0,1.9113636363636,-1.9113636363636,0.2209979092887621,1,1,82.65024893584672,-0.8216856694030659,22.525,86.4,-1.7600000000000202,71.4,0.6299999999999909,4,1,1,21.8863636363636,21.8863636363636,1.3007993829291613,0,0,0,0,1.0,0.0,60.0,70.0,60.0,49.43502824858757,14.124293785310735,1.0015536723163845,1.002824858757062,2.007909604519774,4,1,61.20527306967985,-25.56497175141243,-10.875706214689265,65.91337099811676,56.49717514124294,0,0,0.9568864598310692,0.9834223096375384,75.0,25.0,1.3346445630795167,28.472,9.528,7.118,3.882,1.5453779151447036,0.7105263157894737,1.7105263157894737,0,4,0.5453779151447036,4,0.1545377915144703,1.222222222222222,1.3749999999999991,1.1,0.5338578252318067,1.0,106.75,0.0,0.0,107.0,True,False,91.0,77.0,100.0,39.36357142857144,0,107.0,27.64869357210347,2,1,0,0,0,7080,0.994661421747682,0,0,0,16.0,1,0.5,0.0,0.005338578252318,1069.3950000000002,1789.0,29.0,1.0169491525423728,0,1738.0
Tags 3,0.952936218038775,2025-5,5,28.01458734412366,28.0886363636364,28.2820512820513,0.07015584265411534,32.6,-0.23000000000000104,0.4099999999999986,7.300000000000002,27.88838320478787,27.63214114141783,28.0,30.0,26.0,0.0340425531915009,0.0340425531915009,0.1916985649267187,1,1,82.27466723378375,-0.7864245367645085,22.04,87.4,-1.5200000000000093,67.3,0.1599999999999955,5,1,1,20.77234042553189,20.77234042553189,1.4051218276698427,0,0,0,0,1.0,0.0,60.0,70.0,60.0,70.72135785007072,21.216407355021214,1.5021216407355025,1.5044554455445545,1.5063649222065063,5,1,77.7934936350778,-29.278642149929283,-3.783592644978782,70.72135785007072,84.86562942008487,0,0,0.8361451215222458,1.4048890137679122,100.0,25.0,1.3486934532171957,35.59,12.41,7.118,2.882,1.4048890137679122,0.5625,1.3541666666666667,1,5,0.5453779151447036,5,0.1404889013767912,0.9090909090909092,1.111111111111111,1.2499999999999996,0.674346726608598,1.0,106.75,0.0,0.0,125.0,True,False,107.0,91.0,100.0,39.36357142857144,0,125.0,27.64538308596634,2,1,0,0,0,7070,0.993256532733914,0,0,0,18.0,1,0.4,0.0,0.0067434672660859,1069.3950000000002,1789.0,29.0,1.0183875530410185,0,1738.0
Tags 3,0.952936218038775,2025-5,6,28.097971722939935,28.0340425531915,28.0886363636364,0.11156137764487366,33.2,-0.02285714285714235,0.2857142857142852,7.366666666666668,28.12031428606596,28.12031428606596,28.0,30.0,26.0,0.5148936170213005,0.5148936170213005,0.2666765824354013,1,2,82.10052056716022,-0.5986540209713024,22.666666666666668,90.8,-0.7485714285714306,65.0,-0.325714285714284,6,1,1,21.229787234042604,21.229787234042604,1.3271986473214565,0,0,0,0,1.0,0.0,60.0,70.0,60.0,92.06798866855524,21.246458923512748,1.0014164305949007,1.5042492917847023,1.506586402266289,6,1,64.45133923887465,-42.93201133144476,-13.753541076487252,68.19851012485574,60.70416835289356,0,0,0.8006141434040733,1.826355717898286,135.0,35.0,1.3580593799756484,42.708000000000006,15.292,7.118,2.882,1.4048890137679122,0.4655172413793103,1.1206896551724137,1,6,0.5453779151447036,6,0.1404889013767912,1.0,0.9090909090909092,1.111111111111111,0.8148356279853891,1.0,106.75,0.0,0.0,145.0,True,False,125.0,107.0,100.0,39.36357142857144,0,145.0,27.724538285982945,2,1,0,0,0,7060,0.991851643720146,0,0,0,20.0,1,0.3333333333333333,0.0,0.0081483562798538,1069.3950000000002,1789.0,29.0,1.019830028328612,0,1738.0
Tags 3,0.952936218038775,2025-5,7,28.14453476873113,28.5148936170213,28.0340425531915,0.10464814537144303,32.2,-0.053571428571426626,0.3178571428571442,7.128571428571431,28.12031428606596,28.02040145711517,28.0,30.0,26.0,0.4239130434783007,0.4239130434783007,0.272837840086363,1,3,81.91473191470877,-0.5135002524456602,22.342857142857145,87.0,-0.799999999999993,66.6,-0.2928571428571452,7,1,1,20.8,20.8,1.3074793197350003,0,0,0,0,1.0,0.0,60.0,70.0,60.0,113.42691053452432,21.26754572522331,1.0009924854671772,1.0024103218488587,1.5057422373458105,7,1,63.743064218456425,-56.57308946547569,-13.73245427477669,66.72171207913195,60.764416357780895,0,0,0.7634379618158865,2.24782242202866,170.0,35.0,1.3045397984987754,49.82600000000001,15.174,7.118,-0.1180000000000003,0.9834223096375386,0.4153846153846154,1.0,1,6,0.5453779151447036,6,0.0983422309637538,0.6999999999999997,0.6999999999999997,0.6363636363636361,0.9131778589491428,0.8571428571428571,106.0,-61.0,-36.52694610778443,106.0,False,False,145.0,125.0,63.47305389221557,39.36357142857144,1,167.0,27.766804453287552,2,1,0,0,0,7053,0.990868221410509,0,0,0,22.0,1,0.2857142857142857,0.0,0.0091317785894914,1069.3950000000002,1135.5329341317365,29.0,1.020842194810719,0,1738.0
Tags 3,0.952936218038775,2025-5,8,28.14561685880995,28.4239130434783,28.5148936170213,0.07048682363351057,32.7,-0.020238095238094,0.22976190476190683,7.125,28.12031428606596,27.750751852355155,28.0,30.0,26.0,0.1531914893616992,0.1531914893616992,0.25261729760888646,1,3,81.7727308509021,-0.4370008775015542,22.175,88.3,-0.6464285714285708,67.3,-0.1964285714285655,8,1,1,25.778723404255302,25.778723404255302,1.27538307679654,0,0,0,0,1.0,0.0,55.0,65.0,55.0,134.7900113507378,21.282633371169126,1.0007094211123722,1.0017026106696936,1.003121452894438,8,1,51.91672685997317,-85.20998864926221,-28.717366628830877,61.26818697760809,42.56526674233825,0,0,0.7286343038269978,2.669289126159033,220.0,50.0,1.2292778870469232,56.944,13.056000000000001,7.118,-2.1180000000000003,0.7024445068839561,0.3857142857142857,0.9285714285714286,1,6,0.5453779151447036,6,0.0702444506883956,0.7142857142857146,0.5,0.5,0.9834223096375384,0.75,106.0,-70.17030567685589,-36.54703420669578,121.82969432314412,False,True,106.0,145.0,63.45296579330423,39.36357142857144,1,192.0,27.764797878171,2,1,0,0,0,7048,0.990165776903625,0,0,0,25.0,1,0.25,0.0,0.0098342230963753,1069.3950000000002,1135.1735580422126,29.0,1.021566401816118,0,1738.0
Tags 3,0.952936218038775,2025-5,9,28.05419911259297,28.1531914893617,28.4239130434783,-0.005509871186732062,33.1,0.023333333333333827,0.1733333333333334,7.166666666666667,28.12031428606596,26.985256808511625,25.0,28.0,23.0,2.3228571428570994,2.3228571428570994,0.3620129839941514,1,3,81.9735385341352,-0.18541600431123342,22.066666666666666,87.4,-0.5916666666666648,66.2,-0.2116666666666647,9,1,1,28.58,28.58,1.336484296322124,0,0,0,0,1.0,0.0,55.0,65.0,55.0,163.35227272727272,28.40909090909091,1.334848484848485,1.3357954545454545,1.3371212121212122,9,1,58.659511784511785,-106.64772727272728,-21.59090909090909,60.50084175084175,56.81818181818182,0,0,0.682455032362784,3.231244731666198,270.0,50.0,1.2175704785988573,64.062,13.938,7.118,0.8819999999999997,1.12391121101433,0.3461538461538461,0.8333333333333334,1,7,0.5453779151447036,6,0.112391121101433,1.6000000000000003,1.1428571428571437,0.8000000000000003,1.0958134307389715,0.7777777777777778,106.0,-80.44104803493451,-36.56411274315205,139.5589519650655,False,True,121.82969432314412,106.0,63.43588725684795,39.36357142857144,1,220.0,27.6781822037644,2,1,0,0,0,7040,0.98904186569261,0,0,0,28.0,1,0.2222222222222222,0.0,0.0109581343073897,1069.3950000000002,1134.8680230250097,29.0,1.0227272727272727,0,1738.0
Tags 3,0.952936218038775,2025-5,10,28.057848968775527,27.3228571428571,28.1531914893617,-0.0020163483998620175,32.5,0.011515151515152816,0.14060606060606012,7.13,28.12031428606596,27.686691506390208,25.0,28.0,23.0,3.0906976744186,3.0906976744186,0.34150421099674816,0,3,81.84525444816354,-0.20482114093816367,22.06,88.3,-0.4824242424242444,66.3,-0.20242424242424048,10,1,1,25.6906976744186,25.6906976744186,1.3237419519741793,0,0,0,0,1.0,0.0,55.0,65.0,55.0,191.84311496376296,28.42120221685377,1.0004263180332529,1.335417554829236,1.3363649282364642,10,1,52.75147381158465,-138.15688503623704,-31.57879778314623,58.13427726174635,47.36867036142296,0,0,0.657428687519065,3.793200337173363,330.0,60.0,1.1379601011520089,71.17999999999999,9.82,7.118,-4.118,0.4214667041303737,0.3333333333333333,0.8024691358024691,1,7,0.5453779151447036,6,0.0421466704130373,0.3749999999999994,0.5999999999999992,0.4285714285714281,1.1379601011520093,0.7,106.0,-91.07860262008734,-36.577752056259975,157.92139737991266,False,True,139.5589519650655,121.82969432314412,63.42224794374003,39.36357142857144,1,249.0,27.67903313402698,2,1,0,1,0,7037,0.98862039898848,1,1,1,29.0,1,0.2,0.1,0.01137960101152,1069.3950000000002,1134.6240157135092,29.0,1.0231632798067358,0,1738.0
Tags 3,0.952936218038775,2025-5,11,27.974180880705024,28.0906976744186,27.3228571428571,-0.043346305335145996,31.7,-0.031818181818181135,0.057272727272727544,7.145454545454545,28.12031428606596,26.78340973031027,25.0,28.0,23.0,2.1374999999999997,2.1374999999999997,0.4265752595858882,1,3,81.92909495287596,-0.11169560334742094,22.0,90.9,-0.2827272727272721,69.5,-0.042727272727269616,11,1,1,27.7675,27.7675,1.2862289891032275,0,0,0,0,1.0,0.0,55.0,65.0,55.0,220.48364153627315,28.44950213371266,1.00099573257468,1.0014224751066856,1.3367472735893788,11,1,51.97505197505198,-169.51635846372687,-31.55049786628734,56.534267060582856,47.4158368895211,0,0,0.6343231478672146,4.355155942680528,390.0,60.0,1.1239112110143297,78.29799999999999,9.702,7.118,-0.1180000000000003,0.9834223096375386,0.3068181818181818,0.7386363636363636,1,7,0.5453779151447036,6,0.0983422309637538,2.333333333333336,0.8749999999999993,1.3999999999999997,1.236302332115763,0.6363636363636364,106.0,-103.18340611353712,-36.58986032394934,178.81659388646287,False,True,157.92139737991266,139.5589519650655,63.41013967605066,39.36357142857144,1,282.0,27.597612824598187,2,1,0,1,0,7030,0.987636976678842,1,1,0,33.0,1,0.18181818181818182,0.09090909090909091,0.0123630233211576,1069.3950000000002,1134.4073988045463,29.0,1.0241820768136558,0,1738.0
Tags 3,0.952936218038775,2025-5,12,27.942018748489406,27.1375,28.0906976744186,-0.048187372818862095,30.1,-0.1171328671328654,0.022377622377623106,6.991666666666666,28.12031428606596,27.303203848894952,25.0,28.0,23.0,2.588235294117599,2.588235294117599,0.42170710254761307,1,3,82.27568998131275,0.0740472413189693,21.058333333333334,91.1,-0.1489510489510485,80.4,0.47027972027972226,12,1,1,31.088235294117595,31.088235294117595,1.7162528193022881,0,0,0,0,1.0,0.0,55.0,65.0,55.0,263.3451957295373,42.70462633451957,1.501067615658363,1.502562277580071,1.5032028469750889,12,1,59.12778232134568,-196.65480427046265,-27.295373665480422,57.24895559337768,61.00660904931368,0,0,0.6063800354154508,5.198089350941276,460.0,70.0,1.088788985670132,85.41599999999998,7.584,7.118,-2.1180000000000003,0.7024445068839561,0.2903225806451613,0.6989247311827957,1,7,0.5453779151447036,6,0.0702444506883956,0.7142857142857146,1.666666666666669,0.6249999999999998,1.3065467828041584,0.5833333333333334,106.0,-116.0218340611354,-36.59994765335502,200.9781659388646,False,True,178.81659388646287,157.92139737991266,63.40005234664498,39.36357142857144,1,317.0,27.573078743289585,2,1,0,1,0,7025,0.986934532171958,1,1,0,35.0,1,0.16666666666666666,0.08333333333333333,0.0130654678280415,1069.3950000000002,1134.2269364814788,29.0,1.0249110320284698,0,1738.0
Tags 3,0.952936218038775,2025-5,13,28.084940383220992,27.5882352941176,27.1375,0.023390621955859173,29.9,-0.17142857142857074,0.16208791208791293,6.4692307692307685,29.39654835475579,29.39654835475579,25.0,28.0,23.0,4.800000000000001,4.800000000000001,0.6546471248522923,0,4,82.18909844428869,0.0210693165974538,19.446153846153848,81.2,-0.38956043956043873,81.1,0.7879120879120889,13,1,1,26.15000000000001,26.15000000000001,1.672584423522646,0,0,0,0,1.0,0.0,55.0,65.0,55.0,306.2241845890899,42.72895598917533,1.000569719413189,1.501922803019513,1.5034183164791342,13,1,55.059688658891055,-233.77581541091013,-37.27104401082467,56.70818233131294,53.41119498646917,0,0,0.5891696671164973,6.041022759202023,540.0,80.0,1.0482633410422115,92.53399999999998,4.465999999999999,7.118,-3.1180000000000003,0.561955605507165,0.2783505154639175,0.6701030927835051,1,7,0.5453779151447036,6,0.0561955605507165,0.8000000000000003,0.5714285714285718,1.3333333333333357,1.362742343354875,0.5384615384615384,106.0,-129.96069868995633,-36.60864751829756,225.03930131004367,False,True,200.9781659388646,178.81659388646287,63.39135248170245,39.36357142857144,1,355.0,27.713345636479293,2,1,0,2,0,7021,0.986372576566451,2,1,1,38.0,1,0.15384615384615385,0.15384615384615385,0.0136274234335487,1069.3950000000002,1134.0712958976567,29.0,1.025494943740208,0,1738.0
Tags 3,0.952936218038775,2025-5,14,28.168158927276636,29.8,27.5882352941176,0.051999915186944655,29.6,-0.20923076923076928,0.22241758241758153,6.057142857142857,29.39654835475579,28.927185755099032,25.0,28.0,23.0,4.25,4.25,0.7018198126481527,0,5,82.3648771268395,0.0871669262982835,18.692857142857143,89.1,-0.30395604395604947,80.2,0.9393406593406555,14,1,1,29.65000000000001,29.65000000000001,1.7363517518344034,0,0,0,0,1.0,0.0,55.0,65.0,55.0,349.30139720558884,42.7715996578272,1.000998003992016,1.0015682919874536,1.5034217279726263,14,1,51.48433292145867,-280.6986027944112,-47.2284003421728,55.44466622310934,47.523999619808,0,0,0.5730295107680601,6.88395616746277,630.0,90.0,1.0436318387990204,99.65199999999997,4.347999999999999,7.118,-0.1180000000000003,0.9834223096375386,0.2596153846153846,0.625,1,7,0.5453779151447036,6,0.0983422309637538,1.749999999999999,1.3999999999999997,1.0,1.4610845743186287,0.5,106.0,-145.0,-36.61616161616162,251.0,False,False,225.03930131004367,200.9781659388646,63.38383838383839,39.36357142857144,1,396.0,27.80004850209499,2,1,0,3,0,7014,0.985389154256814,3,1,1,41.0,1,0.14285714285714285,0.21428571428571427,0.0146108457431862,1069.3950000000002,1133.9368686868686,29.0,1.0265183917878529,0,1738.0
Tags 3,0.952936218038775,2025-5,15,28.310281665458195,29.25,29.8,0.09554595790747682,30.3,-0.211071428571428,0.2910714285714291,5.653333333333333,29.817430024993147,29.817430024993147,25.0,28.0,23.0,5.300000000000001,5.300000000000001,0.8719816065908361,0,6,82.0605519850502,-0.04329880055362787,17.446666666666665,77.8,-0.523214285714287,77.8,0.9542857142857141,15,1,1,27.8,27.8,2.046649222920679,0,0,0,0,1.0,0.0,50.0,60.0,50.0,399.5433789954338,49.94292237442922,1.1676655251141552,1.1688308599695585,1.1694967656012176,15,1,55.49213597158803,-320.4566210045662,-40.05707762557078,55.49213597158803,55.49213597158803,0,0,0.55341798870085,7.867378477100309,720.0,90.0,1.0302519434298023,106.76999999999997,3.2299999999999986,7.118,-1.1180000000000003,0.8429334082607474,0.2454545454545454,0.5909090909090909,1,7,0.5453779151447036,6,0.0842933408260747,0.8571428571428573,1.4999999999999991,1.1999999999999995,1.5453779151447036,0.4666666666666667,106.0,-146.54419889502765,-33.381366490894685,292.45580110497235,False,True,251.0,225.03930131004367,66.61863350910532,39.36357142857144,1,439.0,27.934540603621535,2,1,0,4,0,7008,0.984546220848553,4,1,1,43.0,1,0.13333333333333333,0.26666666666666666,0.015453779151447,1069.3950000000002,1191.8073534778941,29.0,1.0273972602739727,0,1738.0
Tags 3,0.952936218038775,2025-5,16,28.30055910790961,30.3,29.25,0.0752534156125399,32.6,-0.156911764705882,0.22470588235294112,5.74375,29.817430024993147,27.67854880516591,22.0,25.0,19.0,6.154720744680851,6.154720744680851,0.8433114751314933,0,6,81.77052399640122,-0.13802065527321458,17.7625,86.8,-0.45985294117647085,64.3,0.6454411764705876,16,1,1,27.420104166666647,27.420104166666647,2.2924618323466124,0,0,0,0,1.0,0.0,50.0,60.0,50.0,450.0,50.0,1.0011428571428571,1.169,1.1701666666666666,16,1,52.4390243902439,-370.0,-50.0,54.87804878048781,50.0,0,0,0.5398867793733311,8.850800786737848,820.0,100.0,1.0361056476538353,113.888,4.111999999999997,7.118,0.8819999999999997,1.12391121101433,0.2288135593220339,0.5508474576271186,1,8,0.5453779151447036,6,0.112391121101433,1.333333333333334,1.1428571428571437,2.0,1.6577690362461366,0.5,106.0,-148.23204419889504,-30.500420617056594,337.76795580110496,False,True,292.45580110497235,251.0,69.49957938294341,39.36357142857144,1,486.0,27.91854111621806,2,1,0,5,0,7000,0.983422309637539,5,1,1,47.0,1,0.125,0.3125,0.0165776903624613,1069.3950000000002,1243.3474751608576,29.0,1.0285714285714285,0,1738.0
Tags 3,0.952936218038775,2025-5,17,28.29198038066086,28.15472074468085,30.3,0.05985160392753351,32.6,-0.11666666666666678,0.17475490196078408,5.823529411764706,29.817430024993147,27.67854880516591,22.0,25.0,19.0,6.154720744680851,6.154720744680851,0.8172985754138266,0,6,81.51461694759331,-0.20031956233031462,18.041176470588233,86.8,-0.4073529411764688,64.3,0.42083333333333484,17,1,1,27.420104166666647,27.420104166666647,2.4576865186941403,0,0,0,0,1.0,0.0,50.0,60.0,50.0,500.7153075822604,50.07153075822604,1.0014306151645207,1.0025751072961373,1.1706723891273247,17,1,52.248553834670645,-419.2846924177396,-49.92846924177396,54.42557691111526,50.07153075822603,0,0,0.5271654064427062,9.834223096375386,920.0,100.0,1.0577987868370164,121.006,6.993999999999998,7.118,2.882,1.4048890137679122,0.2109375,0.5078125,1,9,0.5453779151447036,6,0.1404889013767912,1.2499999999999996,1.6666666666666672,1.4285714285714293,1.798257937622928,0.5294117647058824,106.0,-149.99171270718227,-28.035834150875196,385.0082872928177,False,True,337.76795580110496,292.45580110497235,71.96416584912481,39.36357142857144,1,535.0,27.904423921450284,2,1,0,6,0,6990,0.982017420623771,6,1,1,49.0,1,0.11764705882352941,0.35294117647058826,0.0179825793762292,1069.3950000000002,1287.4389270408428,29.0,1.0300429184549356,0,1738.0
Tags 3,0.952936218038775,2025-5,18,28.284354845328636,28.15472074468085,28.15472074468085,0.04799328688669497,32.6,-0.08637770897832808,0.13663570691434457,5.894444444444444,29.817430024993147,27.67854880516591,22.0,25.0,19.0,6.154720744680851,6.154720744680851,0.7935558437461036,0,6,81.2871440153196,-0.24052371531196443,18.288888888888888,86.8,-0.3633642930856523,64.3,0.25583075335397415,18,1,1,27.420104166666647,27.420104166666647,2.5722182286821096,0,0,0,0,1.0,0.0,50.0,60.0,50.0,558.4192439862543,57.2737686139748,1.1438389788905252,1.145475372279496,1.1467844869906727,18,1,53.14126147876523,-471.5807560137457,-52.7262313860252,54.21546058118973,52.067062376340736,0,0,0.512233497744555,10.958134307389717,1030.0,110.0,1.045861821360557,128.124,5.875999999999998,7.118,-1.1180000000000003,0.8429334082607474,0.2014925373134328,0.4850746268656716,1,9,0.5453779151447036,6,0.0842933408260747,0.5999999999999999,0.7499999999999996,1.0,1.8825512784490024,0.5,106.0,-151.82320441988952,-25.908396658684214,434.1767955801105,False,True,385.0082872928177,337.76795580110496,74.09160334131577,39.36357142857144,1,586.0,27.891875303878933,2,1,0,7,0,6984,0.98117448721551,7,1,1,51.0,1,0.1111111111111111,0.3888888888888889,0.01882551278449,1069.3950000000002,1325.4987837761394,29.0,1.0309278350515465,0,1738.0
Tags 3,0.952936218038775,2025-5,19,28.277531997926122,28.15472074468085,28.15472074468085,0.038747439632934734,32.6,-0.06333333333333392,0.10719298245613951,5.957894736842104,29.817430024993147,27.67854880516591,22.0,25.0,19.0,6.154720744680851,6.154720744680851,0.7717708870515089,0,6,81.0836156022326,-0.26550368194127133,18.510526315789473,86.8,-0.3261403508771953,64.3,0.13368421052631477,19,1,1,27.420104166666647,27.420104166666647,2.652505704033309,0,0,0,0,1.0,0.0,50.0,60.0,50.0,616.2224132989395,57.32301519059902,1.000859845227859,1.144822503377963,1.1464603038119805,19,1,53.08321482462769,-523.7775867010605,-52.67698480940098,54.05459765780171,52.11183199145366,0,0,0.5013137271851452,12.082045518404046,1140.0,110.0,1.0351813785658301,135.242,4.757999999999997,7.118,-1.1180000000000003,0.8429334082607474,0.1928571428571428,0.4642857142857143,1,9,0.5453779151447036,6,0.0842933408260747,1.0,0.5999999999999999,0.7499999999999996,1.9668446192750773,0.47368421052631576,106.0,-153.79834254143643,-23.99350117651115,487.2016574585636,False,True,434.1767955801105,385.0082872928177,76.00649882348885,39.36357142857144,1,641.0,27.88064759342035,2,1,0,8,0,6978,0.980331553807249,8,1,1,55.0,1,0.10526315789473684,0.42105263157894735,0.0196684461927507,1069.3950000000002,1359.7562639522157,29.0,1.0318142734307825,0,1738.0
Tags 3,0.952936218038775,2025-5,20,28.27139143526386,28.15472074468085,28.15472074468085,0.03145764463901148,32.6,-0.04563909774436107,0.08421052631578883,6.014999999999999,29.817430024993147,27.67854880516591,22.0,25.0,19.0,6.154720744680851,6.154720744680851,0.7516884121948544,0,6,80.90044003045429,-0.2799104621720312,18.71,86.8,-0.29436090225563954,64.3,0.04278195488721648,20,1,1,27.420104166666647,27.420104166666647,2.7086062391387196,0,0,0,0,1.0,0.0,50.0,60.0,50.0,674.4152676137179,57.39704405223131,1.001291433491175,1.0021523891519586,1.1463009655002767,20,1,50.677945641355024,-585.5847323862821,-62.60295594776869,53.52502123918396,47.83087004352609,0,0,0.49098857244330196,13.205956729418377,1260.0,120.0,1.046642315257095,142.35999999999999,6.639999999999997,7.118,1.882,1.264400112391121,0.1812080536912751,0.436241610738255,1,10,0.5453779151447036,6,0.1264400112391121,1.5000000000000009,1.5000000000000009,0.9000000000000001,2.093284630514189,0.5,106.0,-155.84530386740337,-22.32740743086008,542.1546961325967,False,True,487.2016574585636,434.1767955801105,77.67259256913992,39.36357142857144,1,698.0,27.870542654007625,2,1,0,9,0,6969,0.979067153694858,9,1,1,57.0,1,0.1,0.45,0.0209328463051418,1069.3950000000002,1389.5626810619133,29.0,1.0331467929401636,0,1738.0
Tags 3,0.952936218038775,2025-5,21,28.26583568809324,28.15472074468085,28.15472074468085,0.025652762050796262,32.6,-0.03194805194805168,0.06610389610389646,6.0666666666666655,29.817430024993147,27.67854880516591,22.0,25.0,19.0,6.154720744680851,6.154720744680851,0.7330974617577943,0,6,80.7347097512263,-0.286940020756201,18.89047619047619,86.8,-0.2670129870129873,64.3,-0.02506493506493455,21,1,1,27.420104166666647,27.420104166666647,2.7470925367156513,0,0,0,0,1.0,0.0,50.0,60.0,50.0,739.7299626544096,64.63659867854065,1.1261311404768746,1.1275854639471417,1.1285550129273196,21,1,53.7337263571604,-640.2700373455904,-55.36340132145935,53.6036204822036,53.8638322321172,0,0,0.4791272504023989,14.470356841809496,1380.0,120.0,1.0436318387990209,149.47799999999998,6.521999999999997,7.118,-0.1180000000000003,0.9834223096375386,0.173076923076923,0.4166666666666667,1,10,0.5453779151447036,6,0.0983422309637538,0.7777777777777772,1.1666666666666663,1.1666666666666663,2.191626861477943,0.47619047619047616,106.0,-158.0,-20.844327176781004,600.0,False,False,542.1546961325967,487.2016574585636,79.15567282321899,49.857142857142854,1,758.0,27.861400089777064,2,1,0,10,0,6962,0.97808373138522,10,1,1,60.0,1,0.09523809523809523,0.47619047619047616,0.0219162686147794,1298.0,1416.0949868073878,29.0,1.0341855788566503,0,1738.0
Lags 1,0.9178911746371,2026-1,1,30.0434782608696,28.15472074468085,28.15472074468085,0.0,34.6,0.0,0.0,8.6,29.377993293149387,29.377993293149387,30.0,32.0,28.0,0.0434782608695982,0.0434782608695982,0.0,1,1,69.8130434782609,0.0,29.0,83.9,0.0,54.9,0.0,0,0,0,0.1869565217391056,-0.1869565217391056,0.0,0,1,1,1,0.0,1.0,70.0,80.0,70.0,8.952551477170994,8.952551477170994,3.0,3.0,3.0,1,1,89.52551477170994,-1.047448522829006,-1.047448522829006,89.52551477170994,89.52551477170994,0,0,0.0,0.1781102502449016,10.0,10.0,5.254252382224597,11.229,47.771,11.229,47.771,5.254252382224597,2.169491525423729,3.76271186440678,0,1,4.254252382224597,1,0.5254252382224597,3.0,3.0,3.0,0.5254252382224597,1.0,106.75,0.0,0.0,64.0,True,False,669.9717991631799,637.6489644351465,100.0,39.36357142857144,0,64.0,29.377993293149387,0,0,0,0,1,11170,0.994745747617776,0,0,0,11.0,0,0.0,0.0,0.0052542523822245,1069.3950000000002,1789.0,37.0,0.6445837063563116,1,1605.9999999999998
Lags 1,0.9178911746371,2026-1,2,29.2529891304348,30.0434782608696,28.15472074468085,-1.5809782608696052,34.9,0.2999999999999881,-1.8999999999999997,9.7,29.377993293149387,27.935971011077896,30.0,32.0,28.0,1.5375000000000014,-1.5375000000000014,1.1179204491694084,1,2,72.5336050724638,5.4411231884058004,30.25,88.4,4.4999999999999725,56.9,1.9999999999999833,0,0,0,5.2541666666667055,5.2541666666667055,3.8474551037931177,1,1,1,0,0.0,0.5,70.0,80.0,70.0,22.4517287831163,13.47103726986978,1.5047148630444545,3.0,3.0,2,1,71.09714114653497,-7.548271216883698,-6.528962730130219,74.839095943721,67.35518634934891,0,0,1.0573262601487217,0.445275625612254,30.0,20.0,4.185590880755187,22.458,71.542,11.229,23.771,3.1169293792857777,1.3617021276595744,2.3617021276595747,0,2,4.254252382224597,2,0.3116929379285778,0.5932203389830508,3.0,3.0,0.8371181761510376,1.0,106.75,0.0,0.0,77.0,True,False,64.0,637.6489644351465,100.0,39.36357142857144,0,77.0,28.656982152113642,0,0,0,0,2,11135,0.99162881823849,0,0,0,13.0,0,0.0,0.0,0.0083711817615103,1069.3950000000002,1789.0,37.0,0.6466097889537494,2,1605.9999999999998
Lags 1,0.9178911746371,2026-1,3,28.766576086956533,28.4625,30.0434782608696,-1.1248641304347995,31.5,-1.549999999999998,-0.6999999999999985,8.766666666666666,29.377993293149387,27.345646799330897,30.0,32.0,28.0,2.2062500000000007,-2.2062500000000007,1.1552774610165886,0,2,74.55157004830924,4.387228260869614,27.5,87.4,1.7500000000000122,65.4,5.250000000000008,0,0,0,8.587500000000105,8.587500000000105,4.429221525174425,1,1,1,0,0.0,0.3333333333333333,70.0,80.0,70.0,36.03278983875327,13.512296189532474,1.003062787136294,1.5093234843707772,3.0,3,1,69.81353031258445,-13.967210161246731,-6.487703810467526,72.06557967750653,67.56148094766236,0,0,1.0388527869869242,0.7124410009796064,50.0,20.0,3.7996853385579006,33.687,94.313,11.229,22.771,3.027874254163327,1.0,1.734375,0,3,4.254252382224597,3,0.3027874254163327,0.9714285714285714,0.576271186440678,3.0,1.13990560156737,1.0,106.75,0.0,0.0,91.0,True,False,77.0,64.0,100.0,39.36357142857144,0,91.0,28.219870367852725,1,1,1,0,3,11101,0.988600943984326,0,0,0,14.0,0,0.3333333333333333,0.0,0.0113990560156737,1069.3950000000002,1789.0,37.0,0.6485902170975588,3,1605.9999999999998
Lags 1,0.9178911746371,2026-1,4,28.6139945652174,27.79375,28.4625,-0.6330434782608848,32.6,-0.9400000000000068,-0.2800000000000062,8.5,29.377993293149387,27.59269924523573,30.0,32.0,28.0,1.84375,-1.84375,0.9914140529534277,1,2,74.28399003623193,1.4337952898550674,27.85,85.4,0.34999999999998976,56.5,1.3299999999999956,0,0,0,3.481250000000003,3.481250000000003,3.655826189910037,1,1,1,0,0.0,0.25,70.0,80.0,70.0,49.67036936692857,13.5464643727987,1.002528673349589,1.00559920527409,1.5131400704416147,4,1,60.20650832354978,-25.32963063307143,-11.4535356272013,66.22715915590476,54.1858574911948,0,0,0.945047337146458,0.9796063763469588,75.0,25.0,3.473149879775581,44.916,111.084,11.229,16.771,2.493543503428622,0.8205128205128205,1.4230769230769231,0,4,4.254252382224597,4,0.2493543503428622,0.8235294117647058,0.7999999999999999,0.4745762711864407,1.3892599519102324,1.0,106.75,0.0,0.0,107.0,True,False,91.0,77.0,100.0,39.36357142857144,0,107.0,28.063077587198478,1,1,0,0,3,11073,0.986107400480898,0,0,0,16.0,0,0.25,0.0,0.0138925995191023,1069.3950000000002,1789.0,37.0,0.6502302898943376,4,1605.9999999999998
Lags 1,0.9178911746371,2026-1,5,28.28311054579094,28.15625,27.79375,-0.6474057585569029,32.4,-0.670000000000004,-0.520000000000005,8.68,29.377993293149387,26.3487855318841,28.0,30.0,26.0,1.0404255319148987,-1.0404255319148987,1.1334008734133765,1,2,73.59655373111318,0.029461339808776972,28.74,85.0,-0.08000000000000589,52.7,-0.47999999999999854,0,0,0,0.8468085106381977,0.8468085106381977,3.519466183400641,1,1,1,0,0.0,0.2,70.0,80.0,70.0,72.39819004524887,22.624434389140276,1.6701357466063351,1.6743589743589744,1.6794871794871795,5,1,81.44796380090497,-27.601809954751133,-2.375565610859727,72.39819004524887,90.49773755656108,0,0,0.8186562823329024,1.4248820019592128,100.0,25.0,3.1881734793837384,56.144999999999996,122.855,11.229,11.771,2.048267877816368,0.7150837988826816,1.2402234636871508,1,5,4.254252382224597,5,0.2048267877816368,0.8214285714285713,0.676470588235294,0.657142857142857,1.5940867396918694,1.0,106.75,0.0,0.0,125.0,True,False,107.0,91.0,100.0,39.36357142857144,0,125.0,27.7202191761356,1,1,0,0,3,11050,0.984059132603081,0,0,0,18.0,0,0.2,0.0,0.0159408673969186,1069.3950000000002,1789.0,37.0,0.6515837104072398,5,1605.9999999999998
Lags 1,0.9178911746371,2026-1,6,27.966481010381333,26.9595744680851,28.15625,-0.6413428923836073,33.3,-0.3685714285714289,-0.7285714285714306,9.200000000000001,29.377993293149387,25.782063051385745,28.0,30.0,26.0,1.6166666666666991,-1.6166666666666991,1.27640260421451,1,2,73.16761422037209,-0.35082738645877504,29.28333333333333,85.2,-0.1628571428571457,53.2,-0.85714285714286,0,0,0,1.0229166666666032,1.0229166666666032,3.318621460204433,1,1,1,0,0.0,0.16666666666666666,70.0,80.0,70.0,95.2467343976778,22.677793904209,1.0023584905660377,1.6740747460087082,1.6783079342041605,6,1,67.6734167300205,-39.7532656023222,-12.322206095791003,70.55313659087244,64.79369686916856,0,0,0.776591327231305,1.8701576275714669,135.0,35.0,3.042716775017069,67.374,137.626,11.229,14.771,2.3154332531837207,0.624390243902439,1.0829268292682928,1,6,4.254252382224597,6,0.2315433253183721,1.130434782608696,0.9285714285714288,0.7647058823529413,1.8256300650102413,1.0,106.75,0.0,0.0,145.0,True,False,125.0,107.0,100.0,39.36357142857144,0,145.0,27.397193155343956,1,1,0,0,3,11024,0.981743699349898,0,0,0,20.0,0,0.16666666666666666,0.0,0.0182563006501024,1069.3950000000002,1789.0,37.0,0.6531204644412192,6,1605.9999999999998
Lags 1,0.9178911746371,2026-1,7,27.711448008898287,26.3833333333333,26.9595744680851,-0.5921140588520367,31.6,-0.4035714285714268,-0.7035714285714267,9.3,29.377993293149387,25.62551119871405,28.0,30.0,26.0,1.8187500000000012,-1.8187500000000012,1.3464629576373368,1,2,73.14991933174748,-0.23253828300518337,28.67142857142857,84.7,-0.2285714285714318,59.7,-0.2035714285714296,0,0,0,3.043749999999904,3.043749999999904,3.0298347744321905,1,1,1,0,0.0,0.14285714285714285,70.0,80.0,70.0,118.10665939856456,22.71281911510857,1.0015444716998274,1.0039066048877985,1.6766603070773145,7,1,67.18413721443878,-51.893340601435455,-12.287180884891434,69.47450552856738,64.89376890031019,0,0,0.736575827032607,2.3154332531837207,170.0,35.0,2.824319682454868,78.603,143.397,11.229,5.770999999999999,1.5139371270816635,0.5765765765765766,1.0,1,7,4.254252382224597,7,0.1513937127081663,0.6538461538461535,0.7391304347826085,0.6071428571428569,1.977023777718408,1.0,103.5,-63.5,-38.02395209580838,103.5,False,False,145.0,125.0,61.97604790419161,39.36357142857144,1,167.0,27.144095732968253,1,1,0,0,3,11007,0.980229762222816,0,0,0,22.0,0,0.14285714285714285,0.0,0.019770237777184,1069.3950000000002,1108.751497005988,37.0,0.6541291905151267,6,1605.9999999999998
Lags 1,0.9178911746371,2026-1,8,27.46183992445266,26.18125,26.3833333333333,-0.561148095531773,28.9,-0.6095238095238087,-0.5595238095238065,8.925,29.377993293149387,25.0968605593726,28.0,30.0,26.0,2.2854166666666984,-2.2854166666666984,1.4326204733031431,0,2,72.74992941527904,-0.4216854663157493,27.7125,80.2,-0.6119047619047581,59.2,0.04404761904762368,0,0,0,4.949999999999903,4.949999999999903,3.0246355347293328,1,1,1,0,0.0,0.125,65.0,75.0,65.0,150.19115237575096,31.85872929182596,1.402676133260513,1.4048425268523577,1.4081558346987073,8,1,65.99308210449664,-69.80884762424904,-18.14127070817404,68.26870562534134,63.71745858365192,0,0,0.6821866834478925,2.9388191290408767,220.0,50.0,2.705049425594443,89.832,153.168,11.229,9.771,1.8701576275714664,0.5267489711934157,0.9135802469135802,1,8,4.254252382224597,8,0.1870157627571466,1.2352941176470589,0.8076923076923073,0.9130434782608694,2.1640395404755544,1.0,103.5,-67.10480349344978,-34.95041848617176,124.89519650655022,False,True,103.5,145.0,65.04958151382823,39.36357142857144,1,192.0,26.8881913362688,2,1,1,0,3,10986,0.978359604595244,0,0,0,25.0,0,0.25,0.0,0.0216403954047555,1069.3950000000002,1163.7370132823874,37.0,0.6553795740032768,6,1605.9999999999998
Lags 1,0.9178911746371,2026-1,9,27.129968821735698,25.7145833333333,26.18125,-0.5919263285024182,29.6,-0.6183333333333336,-0.6149999999999997,8.97777777777778,29.377993293149387,23.698038479518967,25.0,28.0,23.0,0.5249999999999986,-0.5249999999999986,1.6694601230123947,1,2,71.53720577654433,-1.0228140096618534,27.188888888888886,71.2,-1.3499999999999985,48.2,-0.576666666666663,0,0,0,3.164583333333397,-3.164583333333397,4.608812777572732,0,2,1,1,0.0,0.2222222222222222,65.0,75.0,65.0,182.43181610872932,31.92556781902764,1.0020979658852505,1.405618899936149,1.407789838547843,9,1,65.70923746879234,-87.56818389127065,-18.07443218097236,67.5673392995294,63.85113563805528,0,0,0.6552372417959659,3.5622050048980323,270.0,50.0,2.6320736980635457,101.06099999999999,164.93900000000002,11.229,11.771,2.048267877816368,0.4812030075187969,0.8345864661654135,1,9,4.254252382224597,9,0.2048267877816368,1.0952380952380956,1.3529411764705883,0.8846153846153844,2.368866328257192,1.0,103.5,-71.14218340611353,-32.337356093687966,148.85781659388647,False,True,124.89519650655022,103.5,67.66264390631204,39.36357142857144,1,220.0,26.53372990774104,2,1,0,0,3,10963,0.976311336717428,0,0,0,28.0,0,0.2222222222222222,0.0,0.0236886632825719,1069.3950000000002,1210.4846994839222,37.0,0.6567545379914257,7,1605.9999999999998
Lags 1,0.9178911746371,2026-1,10,26.815513606228798,24.475,25.7145833333333,-0.6020129019146143,30.2,-0.556363636363634,-0.7078787878787869,9.260000000000002,29.377993293149387,23.30773622651748,25.0,28.0,23.0,1.0145833333332988,-1.0145833333332988,1.8617842173864252,1,2,71.0047351988899,-1.0343032312019433,27.259999999999998,79.7,-1.1884848484848431,51.8,-0.6648484848484832,0,0,0,1.2125000000001052,1.2125000000001052,4.660072533958965,1,2,1,0,0.0,0.2,65.0,75.0,65.0,219.4386029075615,36.57310048459358,1.145574001750284,1.147977376924986,1.6102404681356863,10,1,63.72585690497367,-110.56139709243853,-23.42689951540642,66.4965463356247,60.95516747432264,0,0,0.6229315741213272,4.274646005877639,330.0,60.0,2.6004096535755634,112.28999999999999,179.71000000000004,11.229,14.771,2.3154332531837207,0.4383561643835616,0.7602739726027398,1,10,4.254252382224597,10,0.2315433253183721,1.130434782608696,1.2380952380952388,1.5294117647058831,2.600409653575563,1.0,103.5,-75.32375545851528,-30.25050420020694,173.67624454148472,False,True,148.85781659388647,124.89519650655022,69.74949579979307,39.36357142857144,1,249.0,26.211130539618686,2,1,0,0,3,10937,0.973995903464244,0,0,0,29.0,0,0.2,0.0,0.0260040965357556,1069.3950000000002,1247.818479858298,37.0,0.6583158087226845,8,1605.9999999999998
Lags 1,0.9178911746371,2026-1,11,26.63361085414739,23.9854166666667,24.475,-0.5424610524766648,30.4,-0.48818181818181927,-0.6490909090909087,9.354545454545455,29.377993293149387,24.17678329426352,25.0,28.0,23.0,0.1854166666667005,-0.1854166666667005,1.866438091194284,1,2,70.78252442323324,-0.8868328112297876,27.14545454545454,80.3,-1.0190909090909055,54.3,-0.5690909090909064,0,0,0,3.560416666666697,3.560416666666697,4.481941804238438,1,2,1,0,0.0,0.18181818181818182,65.0,75.0,65.0,261.1324903793293,41.23144584936779,1.1273708081363387,1.2914866881331972,1.2941961831461557,11,1,67.83806261541281,-128.86750962067072,-18.76855415063221,66.95704881521264,68.71907641561297,0,0,0.595604930075107,5.076142131979696,390.0,60.0,2.5502149466883637,123.51899999999999,191.48100000000005,11.229,11.771,2.048267877816368,0.4063492063492063,0.7047619047619048,1,11,4.254252382224597,11,0.2048267877816368,0.8846153846153844,1.0,1.0952380952380956,2.8052364413572,1.0,103.5,-80.08209606986901,-28.39790640775497,201.917903930131,False,True,173.67624454148472,148.85781659388647,71.60209359224503,39.36357142857144,1,282.0,26.02618988095004,2,1,0,0,3,10914,0.971947635586428,0,0,0,33.0,0,0.18181818181818182,0.0,0.028052364413572,1069.3950000000002,1280.9614543652635,37.0,0.6597031335898845,9,1605.9999999999998
Lags 1,0.9178911746371,2026-1,12,26.58115717185733,24.8145833333333,23.9854166666667,-0.4414871245005394,31.9,-0.3723776223776213,-0.5479020979020974,9.466666666666667,29.377993293149387,25.46995811629441,25.0,28.0,23.0,1.0041666666666984,1.0041666666666984,1.788831380902917,1,2,71.0487376657416,-0.5593114351729075,26.50833333333333,83.3,-0.7667832167832168,63.8,-0.1265734265734268,0,0,0,8.977083333333397,8.977083333333397,4.371735624856767,1,2,1,0,0.0,0.16666666666666666,65.0,75.0,65.0,302.8912345112437,41.30335016062414,1.001743919229004,1.1293368517668656,1.2937389366026355,12,1,62.425353244835655,-157.10876548875632,-28.69664983937586,65.84592054592254,59.00478594374877,0,0,0.5767722957822959,5.877638258081753,460.0,70.0,2.4787009825748805,134.748,199.25200000000004,11.229,7.770999999999999,1.692047377326565,0.3832335329341317,0.6646706586826348,1,12,4.254252382224597,12,0.1692047377326565,0.8260869565217392,0.7307692307692307,0.8260869565217392,2.974441179089857,1.0,103.5,-85.12882096069868,-26.854517653217247,231.87117903930127,False,True,201.917903930131,173.67624454148472,73.14548234678276,39.36357142857144,1,317.0,25.979837233895406,2,1,0,0,3,10895,0.970255588209101,0,0,0,35.0,0,0.16666666666666666,0.0,0.0297444117908985,1069.3950000000002,1308.5726791839431,37.0,0.6608536025699863,9,1605.9999999999998
Lags 1,0.9178911746371,2026-1,13,26.667702774022153,26.0041666666667,24.8145833333333,-0.30979176832264155,33.0,-0.2538461538461529,-0.4225274725274716,9.53846153846154,29.377993293149387,27.08145382473402,25.0,28.0,23.0,2.7062500000000007,2.7062500000000007,1.7408703962378644,1,2,71.01037322991532,-0.4559008858471143,26.469230769230766,83.3,-0.5890109890109885,57.3,-0.06923076923076937,0,0,0,5.550000000000097,5.550000000000097,4.187903230139134,1,2,1,0,0.0,0.15384615384615385,65.0,75.0,65.0,349.2326072971234,45.95165885488466,1.1125407182754852,1.114480899427136,1.2564332322396838,13,1,61.05613931181435,-190.76739270287655,-34.04834114511534,64.67270505502286,57.43957356860583,0,0,0.555264293791771,6.768189509306261,540.0,80.0,2.3839371955856055,145.97699999999998,202.02300000000002,11.229,2.770999999999999,1.246771751714311,0.367816091954023,0.6379310344827587,1,13,4.254252382224597,13,0.1246771751714311,0.7368421052631579,0.6086956521739131,0.5384615384615383,3.099118354261288,1.0,103.5,-90.60812227074234,-25.52341472415277,264.39187772925766,False,True,231.87117903930127,201.917903930131,74.47658527584723,39.36357142857144,1,355.0,26.064576971652222,2,1,0,0,3,10881,0.969008816457387,0,0,0,38.0,0,0.15384615384615385,0.0,0.0309911835426128,1069.3950000000002,1332.3861105849069,37.0,0.6617038875103392,9,1605.9999999999998
Lags 1,0.9178911746371,2026-1,14,26.80344436919079,27.70625,26.0041666666667,-0.19353677659066357,34.2,-0.13780219780219824,-0.3030769230769233,9.614285714285716,29.377993293149387,27.857833498377182,25.0,28.0,23.0,3.5680851063829984,3.5680851063829984,1.7479889305645997,0,3,70.73774778644112,-0.47377088606737194,26.449999999999996,78.3,-0.6032967032967047,52.1,-0.17978021978022285,0,0,0,2.193617021276495,2.193617021276495,4.150898741257844,1,2,1,0,0.0,0.14285714285714285,65.0,75.0,65.0,400.4050073637703,50.6259204712813,1.1017212812960235,1.225709785632466,1.227847324496809,14,1,59.90368656053487,-229.59499263622973,-39.3740795287187,63.55635037520163,56.251022745868106,0,0,0.5362635796309192,7.747795885653221,630.0,90.0,2.3217943335496094,157.20599999999996,207.794,11.229,5.770999999999999,1.5139371270816635,0.3506849315068493,0.6082191780821918,1,14,4.254252382224597,14,0.1513937127081663,1.2142857142857135,0.8947368421052628,0.7391304347826085,3.250512066969454,1.0,103.5,-96.51999999999998,-24.37373737373737,299.48,False,False,264.39187772925766,231.87117903930127,75.62626262626263,39.36357142857144,1,396.0,26.19266672356115,2,1,0,0,3,10864,0.967494879330306,1,1,1,41.0,0,0.14285714285714285,0.07142857142857142,0.0325051206696945,1069.3950000000002,1352.9538383838385,37.0,0.6627393225331369,9,1605.9999999999998
Lags 1,0.9178911746371,2026-1,15,26.828075855689182,28.568085106383,27.70625,-0.14801182354301468,34.5,-0.05142857142857041,-0.27535714285714175,9.853333333333333,29.377993293149387,26.50376263546465,25.0,28.0,23.0,2.172916666666701,2.172916666666701,1.6871035628426305,1,3,70.5759257117895,-0.4456221229240984,26.86,82.6,-0.4899999999999969,50.0,-0.2996428571428561,0,0,0,8.310416666666697,8.310416666666697,4.048709011962458,1,2,1,0,0.0,0.13333333333333333,60.0,70.0,60.0,456.1791539950235,55.294442908487696,1.092216050468746,1.2033176665745091,1.3387399010843857,15,1,62.39824286548091,-263.8208460049765,-34.705557091512304,63.35821583264215,61.43826989831966,0,0,0.5193065994221214,8.816457387122629,720.0,90.0,2.24418915308576,168.43499999999995,209.565,11.229,1.770999999999999,1.1577166265918604,0.3386243386243386,0.5873015873015873,1,15,4.254252382224597,15,0.115771662659186,0.7647058823529412,0.9285714285714284,0.6842105263157893,3.36628372962864,1.0,103.5,-110.59359116022095,-25.192161995494526,328.40640883977903,False,True,299.48,264.39187772925766,74.80783800450548,39.36357142857144,1,439.0,26.21340645102138,2,1,0,0,3,10851,0.966337162703714,1,1,0,43.0,0,0.13333333333333333,0.06666666666666667,0.0336628372962864,1069.3950000000002,1338.312221900603,37.0,0.6635333149018524,9,1605.9999999999998
Lags 1,0.9178911746371,2026-1,16,26.857050281375273,27.1729166666667,28.568085106383,-0.1116658220873893,34.5,0.007500000000001091,-0.2463235294117644,10.05,29.377993293149387,26.566295424018097,22.0,25.0,19.0,5.2916666666667,5.2916666666667,1.6340122848805745,0,3,70.28146681313598,-0.4709095948740251,27.4625,82.5,-0.4055882352941173,46.0,-0.4614705882352934,0,0,0,5.8645833333333,5.8645833333333,4.084915956775135,1,2,1,0,0.0,0.125,60.0,70.0,60.0,521.602658788774,64.62333825701624,1.1687130723781387,1.2764871760440444,1.4063330871491877,16,1,64.11670929855532,-298.39734121122603,-35.37666174298376,63.61008034009439,64.62333825701624,0,0,0.5024414977879027,10.06322913883694,820.0,100.0,2.2096802921008103,179.664,217.336,11.229,7.770999999999999,1.692047377326565,0.3224181360201511,0.5591939546599496,1,16,4.254252382224597,16,0.1692047377326565,1.461538461538462,1.11764705882353,1.3571428571428572,3.5354884673612967,1.0,103.5,-125.9763535911602,-25.921060409703745,360.0236464088398,False,True,328.40640883977903,299.48,74.07893959029626,39.36357142857144,1,486.0,26.23546201183367,2,1,0,0,3,10832,0.964645115326387,2,1,1,47.0,0,0.125,0.125,0.0353548846736129,1069.3950000000002,1325.2722292704,37.0,0.6646971935007385,9,1605.9999999999998
Lags 1,0.9178911746371,2026-1,17,26.868155166784568,27.2916666666667,27.1729166666667,-0.08935322326972613,33.6,0.0301470588235298,-0.21568627450980346,10.15294117647059,29.377993293149387,26.360741638466862,22.0,25.0,19.0,5.045833333333299,5.045833333333299,1.5827879839395917,0,3,70.11968935353974,-0.44635048226043483,27.58235294117647,80.0,-0.3887254901960771,50.5,-0.47524509803921416,0,0,0,7.53125,7.53125,4.011053828473804,1,2,1,0,0.0,0.11764705882352941,60.0,70.0,60.0,586.930400221832,64.70098900083187,1.0012015897957298,1.1701173860800445,1.2780209900091588,17,1,64.24888581681985,-333.069599778168,-35.29901099916813,63.79678263280783,64.70098900083187,0,0,0.49087399427902545,11.310000890551253,920.0,100.0,2.147800076482637,190.89299999999997,219.107,11.229,1.770999999999999,1.1577166265918604,0.3121951219512195,0.5414634146341464,1,17,4.254252382224597,17,0.115771662659186,0.6842105263157893,1.0,0.7647058823529412,3.6512601300204826,1.0,103.5,-142.01370165745857,-26.54461713223525,392.98629834254143,False,True,360.0236464088398,328.40640883977903,73.45538286776475,39.36357142857144,1,535.0,26.24283140163562,2,1,0,0,3,10819,0.963487398699795,3,1,1,49.0,0,0.11764705882352941,0.17647058823529413,0.0365126013002048,1069.3950000000002,1314.1167995043113,37.0,0.6654958868656993,9,1605.9999999999998
Lags 1,0.9178911746371,2026-1,18,26.847586361222465,27.0458333333333,27.2916666666667,-0.08174023187832923,34.1,0.05428276573787445,-0.2167182662538697,10.355555555555558,29.377993293149387,25.808929903221017,22.0,25.0,19.0,4.4979166666667005,4.4979166666667005,1.5380076114113257,0,3,69.95030846352829,-0.42936279243345976,27.755555555555553,81.5,-0.34375644994840054,50.8,-0.47131062951496255,0,0,0,7.070833333333397,7.070833333333397,3.9570930367421076,1,2,1,0,0.0,0.1111111111111111,60.0,70.0,60.0,652.5965009719522,64.79681569934277,1.0014810700731278,1.0026844395075445,1.171850411922614,18,1,61.13253983991076,-377.4034990280478,-45.20318430065723,63.35888358950992,58.90619609031161,0,0,0.4799610415498965,12.556772642265564,1030.0,110.0,2.1076379612313354,202.12199999999996,223.878,11.229,4.770999999999999,1.4248820019592126,0.3004694835680751,0.5211267605633803,1,18,4.254252382224597,18,0.1424882001959212,1.2307692307692306,0.8421052631578944,1.2307692307692306,3.793748330216404,1.0,103.5,-158.70563535911606,-27.082872928176805,427.294364640884,False,True,392.98629834254143,360.0236464088398,72.9171270718232,39.36357142857144,1,586.0,26.218725762834808,2,1,0,0,3,10803,0.962062516697836,4,1,1,51.0,0,0.1111111111111111,0.2222222222222222,0.037937483302164,1069.3950000000002,1304.4874033149172,37.0,0.6664815329075257,9,1605.9999999999998
Lags 1,0.9178911746371,2026-1,19,26.834994096596716,26.4979166666667,27.0458333333333,-0.07325687648430372,35.1,0.08649122807017517,-0.22824561403508856,10.63684210526316,29.377993293149387,25.88454844802059,22.0,25.0,19.0,4.608333333333299,4.608333333333299,1.495682216894506,0,3,69.71926152685135,-0.43427245457152336,28.252631578947366,82.8,-0.28561403508772204,45.6,-0.5431578947368435,0,0,0,5.5604166666665975,5.5604166666665975,3.9752905488537302,1,2,1,0,0.0,0.10526315789473684,60.0,70.0,60.0,718.4574024288495,64.89292667099286,1.001483266895337,1.002966533790674,1.0041716881431353,19,1,61.008074430664,-421.5425975711505,-45.107073329007136,63.022579160425394,58.99356970090261,0,0,0.46966926715723467,13.803544393979877,1140.0,110.0,2.0717034370591185,213.35099999999994,228.64899999999997,11.229,4.770999999999999,1.4248820019592126,0.2895927601809955,0.502262443438914,1,19,4.254252382224597,19,0.1424882001959212,1.0,1.2307692307692306,0.8421052631578944,3.936236530412325,1.0,103.5,-176.7067403314918,-27.56735418588016,464.2932596685082,False,True,427.294364640884,392.98629834254143,72.43264581411985,39.36357142857144,1,641.0,26.201137483107747,2,1,0,0,3,10787,0.960637634695877,5,1,1,55.0,0,0.10526315789473684,0.2631578947368421,0.0393623653041232,1069.3950000000002,1295.820033614604,37.0,0.6674701029016409,9,1605.9999999999998
Lags 1,0.9178911746371,2026-1,20,26.923765225100215,26.6083333333333,26.4979166666667,-0.0374284288426896,34.9,0.10586466165413495,-0.1976691729323314,10.755,29.377993293149387,27.901359640357548,22.0,25.0,19.0,6.610416666666701,6.610416666666701,1.5089503903117656,0,4,69.59663178384213,-0.4072706019210873,27.939999999999998,78.6,-0.2991729323308297,56.6,-0.43060150375939993,0,0,0,7.266666666666595,7.266666666666595,3.9079358498970347,1,2,1,0,0.0,0.1,60.0,70.0,60.0,793.6507936507936,74.2597233825304,1.1443423373247934,1.14603970243068,1.1477370675365663,20,1,62.4356305225144,-466.3492063492064,-45.7402766174696,62.98815822625347,61.88310281877533,0,0,0.45753046344251447,15.228426395939088,1260.0,120.0,2.030456852791878,224.57999999999993,231.41999999999996,11.229,2.770999999999999,1.246771751714311,0.2807017543859649,0.4868421052631579,1,20,4.254252382224597,20,0.1246771751714311,0.8750000000000003,0.8750000000000003,1.076923076923077,4.060913705583756,1.0,103.5,-195.3624309392266,-27.988886954043927,502.6375690607734,False,True,464.2932596685082,427.294364640884,72.01111304595608,39.36357142857144,1,698.0,26.286148590970235,2,1,0,0,3,10773,0.959390862944162,6,1,1,57.0,0,0.1,0.3,0.0406091370558375,1069.3950000000002,1288.2788123921541,37.0,0.6683375104427736,9,1605.9999999999998
Lags 1,0.9178911746371,2026-1,21,27.042077992158934,28.6104166666667,26.6083333333333,-5.74338935803703e-05,35.4,0.12532467532467542,-0.14259740259740278,10.776190476190477,29.377993293149387,28.730443868870736,22.0,25.0,19.0,7.4083333333332995,7.4083333333332995,1.567495085871668,0,5,69.5680223338179,-0.35953627893845275,27.738095238095237,80.6,-0.2793506493506502,56.9,-0.33779220779220714,0,0,0,8.995833333333394,8.995833333333394,3.8112403479457178,1,2,1,0,0.0,0.09523809523809523,60.0,70.0,60.0,873.9308293045742,79.02566009669022,1.0641792952770548,1.2177854220899962,1.2195917228922064,21,1,64.59151885567071,-506.0691706954258,-40.97433990330978,63.32832096409958,65.85471674724185,0,0,0.4473135990192121,16.74236352302075,1380.0,120.0,2.005860675377106,235.8089999999999,237.19099999999995,11.229,5.770999999999999,1.5139371270816635,0.2706131078224101,0.4693446088794926,1,21,4.254252382224597,21,0.1513937127081663,1.2142857142857135,1.0625,1.0625,4.212307418291923,1.0,103.5,-215.0000000000001,-28.364116094986823,542.9999999999999,False,False,502.6375690607734,464.2932596685082,71.63588390501317,34.78857142857141,1,758.0,26.402543604203597,2,1,0,0,3,10756,0.957876925817081,7,1,1,60.0,0,0.09523809523809523,0.3333333333333333,0.0421230741829192,1030.0399999999995,1281.5659630606858,37.0,0.6693938267013759,9,1605.9999999999998
Lags 2,0.883729237363815,2026-1,1,24.475,28.15472074468085,28.15472074468085,0.0,29.6,0.0,0.0,9.4,24.11191445192228,24.11191445192228,30.0,32.0,28.0,5.524999999999999,-5.524999999999999,0.0,0,0,81.6833333333333,0.0,9.5,84.6,0.0,75.1,0.0,1,1,1,11.683333333333294,11.683333333333294,0.0,0,0,0,0,1.0,0.0,70.0,80.0,70.0,8.949346697691068,8.949346697691068,3.0,3.0,3.0,1,1,89.49346697691067,-1.0506533023089322,-1.0506533023089322,89.49346697691067,89.49346697691067,0,0,0.0,0.1786033220217896,10.0,10.0,2.143239864261475,11.198,12.802,11.198,12.802,2.143239864261475,3.7083333333333335,6.75,0,1,1.1432398642614752,1,0.2143239864261475,3.0,3.0,3.0,0.2143239864261475,1.0,106.75,0.0,0.0,64.0,True,False,669.9717991631799,637.6489644351465,100.0,39.36357142857144,0,64.0,24.11191445192228,1,1,1,0,0,11174,0.997856760135739,0,0,0,11.0,0,1.0,0.0,0.0021432398642614,1069.3950000000002,1789.0,38.0,0.6443529622337569,1,1972.0
Lags 2,0.883729237363815,2026-1,2,24.23020833333335,24.475,28.15472074468085,-0.48958333333330384,30.2,0.5999999999999939,-1.8000000000000065,10.600000000000001,24.11191445192228,23.562559252612097,30.0,32.0,28.0,6.014583333333299,-6.014583333333299,0.34618769495589047,0,0,80.1416666666666,-3.0833333333334125,12.75,85.6,0.9999999999999889,69.6,-5.5000000000000115,1,1,0,8.599999999999895,8.599999999999895,2.1802459086585686,1,0,0,0,0.5,0.0,70.0,80.0,70.0,22.44769686630152,13.46861811978091,1.504983388704319,3.0,3.0,2,1,71.08437340995481,-7.552303133698484,-6.53138188021909,74.82565622100506,67.34309059890455,0,0,1.057136383833709,0.446508305054474,30.0,20.0,2.723700660832291,22.396,38.604,11.198,25.802,3.3041614574031075,1.459016393442623,2.6557377049180326,0,2,2.3041614574031075,2,0.3304161457403107,1.5416666666666663,3.0,3.0,0.5447401321664583,1.0,106.75,0.0,0.0,77.0,True,False,64.0,637.6489644351465,100.0,39.36357142857144,0,77.0,23.83723685226719,2,1,1,0,1,11137,0.994552598678336,0,0,0,13.0,0,1.0,0.0,0.0054474013216645,1069.3950000000002,1789.0,38.0,0.6464936697494837,2,1972.0
Lags 2,0.883729237363815,2026-1,3,24.425,23.9854166666667,24.475,0.16979166666665405,30.4,0.40000000000000197,-0.04999999999999704,10.500000000000002,24.48807664104029,24.48807664104029,30.0,32.0,28.0,5.1854166666667005,-5.1854166666667005,0.41683850623202917,0,0,81.2805555555555,0.9375000000000064,13.333333333333334,90.1,2.749999999999997,75.6,0.2500000000000008,2,1,1,13.558333333333294,13.558333333333294,2.503585391955903,0,0,0,0,0.6666666666666666,0.0,70.0,80.0,70.0,45.00855162480871,22.504275812404355,1.6708674648183155,2.514627779278063,3.0,2,0,101.2692411558196,-4.99144837519129,2.504275812404355,90.01710324961742,112.52137906202178,1,1,0.8194698988611181,0.893016610108948,50.0,20.0,2.649282609989879,33.594,55.406,11.198,16.802,2.500446508305054,1.0,1.820224719101124,0,3,2.3041614574031075,3,0.2500446508305055,0.756756756756757,1.166666666666667,3.0,0.7947847829969639,1.0,106.75,0.0,0.0,91.0,True,False,77.0,64.0,100.0,39.36357142857144,0,91.0,24.054183448524892,3,1,1,0,1,11109,0.99205215217003,0,0,0,14.0,0,1.0,0.0,0.0079478478299696,1069.3950000000002,1789.0,38.0,0.6481231433972455,3,1972.0
Lags 2,0.883729237363815,2026-1,4,24.819791666666674,24.8145833333333,23.9854166666667,0.541666666666663,31.9,0.7099999999999932,0.46999999999999525,10.55,25.785527374252883,25.785527374252883,30.0,32.0,28.0,3.9958333333333016,-3.9958333333333016,0.8598128093542426,0,0,83.21197916666662,2.6927083333333397,12.0,91.6,2.5499999999999865,83.6,3.149999999999989,3,1,1,19.006249999999994,19.006249999999994,4.370379297662864,0,0,0,0,0.75,0.0,70.0,80.0,70.0,67.64679354198611,22.54893118066204,1.0019843059438984,1.6741829770602208,2.5196175701271764,3,1,90.19572472264817,-7.3532064580138865,-2.451068819337962,90.19572472264817,90.19572472264817,1,0,0.8525288344104475,1.339524915163422,75.0,25.0,2.4781210930523305,44.792,66.208,11.198,10.802,1.9646365422396856,0.8018018018018018,1.4594594594594594,0,4,2.3041614574031075,4,0.1964636542239685,0.7857142857142854,0.5945945945945945,0.9166666666666664,0.9912484372209324,1.0,106.75,0.0,0.0,107.0,True,False,91.0,77.0,100.0,39.36357142857144,0,107.0,24.487019429956888,4,1,1,0,1,11087,0.990087515627791,0,0,0,16.0,0,1.0,0.0,0.0099124843722093,1069.3950000000002,1789.0,38.0,0.6494092180030666,3,1972.0
Lags 2,0.883729237363815,2026-1,5,25.397083333333338,26.0041666666667,24.8145833333333,0.8481249999999995,33.0,0.8499999999999976,0.76,10.52,27.421038790545968,27.421038790545968,28.0,30.0,26.0,0.2937499999999993,-0.2937499999999993,1.4902304829660096,1,0,83.7895833333333,1.9239583333333488,12.9,93.1,2.3000000000000007,76.6,1.6999999999999975,4,1,1,16.099999999999994,16.099999999999994,3.9991616960100065,0,0,0,0,0.8,0.0,70.0,80.0,70.0,90.35872413481522,22.589681033703805,1.0018071744826962,1.0037950664136623,1.6772085178157286,4,1,90.35872413481522,-9.64127586518478,-2.4103189662961952,90.35872413481522,90.35872413481522,1,0,0.8190014510366146,1.786033220217896,100.0,25.0,2.3397035184854436,55.99,75.00999999999999,11.198,8.802,1.786033220217896,0.6793893129770993,1.236641221374046,1,5,2.3041614574031075,5,0.1786033220217896,0.9090909090909094,0.7142857142857142,0.5405405405405407,1.1698517592427218,1.0,106.75,0.0,0.0,125.0,True,False,107.0,91.0,100.0,39.36357142857144,0,125.0,25.073823302074704,4,1,0,0,1,11067,0.988301482407573,0,0,0,18.0,0,0.8,0.0,0.0116985175924272,1069.3950000000002,1789.0,38.0,0.6505828137706695,3,1972.0
Lags 2,0.883729237363815,2026-1,6,25.92558362884162,27.70625,26.0041666666667,0.9376431104356657,34.2,0.9400000000000011,0.8771428571428573,10.533333333333333,28.31022955241981,28.31022955241981,28.0,30.0,26.0,0.5680851063829984,0.5680851063829984,1.8580917329354054,1,1,84.40869533096924,1.6300721884498623,12.416666666666666,91.1,1.6142857142857159,81.1,1.6857142857142817,5,1,1,17.504255319148896,17.504255319148896,3.885155519457032,0,0,0,0,0.8333333333333334,0.0,70.0,80.0,70.0,122.12773656594898,31.662746517097883,1.401646462818889,1.404179482540257,1.4069658042337616,5,1,90.46499004885108,-12.87226343405102,-3.337253482902117,90.46499004885108,90.46499004885108,1,0,0.7387548382272512,2.4111448472941595,135.0,35.0,2.1432398642614747,67.188,76.812,11.198,1.802,1.1609215931416323,0.6180555555555556,1.125,1,6,2.3041614574031075,6,0.1160921593141632,0.6499999999999997,0.5909090909090908,0.464285714285714,1.2859439185568853,1.0,106.75,0.0,0.0,145.0,True,False,125.0,107.0,100.0,39.36357142857144,0,145.0,25.613224343798887,4,1,0,0,1,11054,0.987140560814431,0,0,0,20.0,0,0.6666666666666666,0.0,0.0128594391855688,1069.3950000000002,1789.0,38.0,0.6513479283517278,3,1972.0
Lags 2,0.883729237363815,2026-1,7,26.10377406281663,28.568085106383,27.70625,0.7196697695035514,34.5,0.9035714285714302,0.5785714285714302,10.914285714285715,28.31022955241981,26.90491211272398,28.0,30.0,26.0,0.8270833333332988,-0.8270833333332988,1.7604971519404693,1,1,84.7529888551165,1.277015260891602,12.142857142857142,90.1,1.0892857142857197,79.6,1.3392857142857155,6,1,1,16.818749999999994,16.818749999999994,3.661756508020116,0,0,0,0,0.8571428571428571,0.0,70.0,80.0,70.0,154.0413193185937,31.714389271475174,1.0016310257339616,1.403932584269663,1.4064697354113809,6,1,90.61254077564335,-15.958680681406292,-3.2856107285248264,90.61254077564335,90.61254077564335,1,0,0.7109265149534485,3.0362564743704232,170.0,35.0,2.0666955833949934,78.386,83.614,11.198,6.802,1.6074298981961064,0.5493827160493827,1.0,1,7,2.3041614574031075,7,0.1607429898196106,1.3846153846153848,0.8999999999999998,0.8181818181818182,1.446686908376496,1.0,107.5,-59.5,-35.62874251497006,107.5,False,False,145.0,125.0,64.37125748502994,39.36357142857144,0,167.0,25.797751167931043,4,1,0,0,1,11036,0.985533130916235,0,0,0,22.0,0,0.5714285714285714,0.0,0.0144668690837649,1069.3950000000002,1151.6017964071857,38.0,0.6524102935846321,3,1972.0
Lags 2,0.883729237363815,2026-1,8,26.252260638297887,27.1729166666667,28.568085106383,0.5787708966565407,34.5,0.8130952380952402,0.4226190476190479,11.175,28.31022955241981,26.94616920662579,28.0,30.0,26.0,0.7083333333333002,-0.7083333333333002,1.6831434904215687,1,1,84.55938608156025,0.7222749915569174,12.625,88.6,0.6547619047619129,72.6,0.5000000000000016,7,1,1,18.204166666666595,18.204166666666595,3.4340679385111477,0,0,0,0,0.875,0.0,65.0,75.0,65.0,186.1774589047316,31.78639542275906,1.002270456815911,1.0039051857233676,1.407120152574698,7,1,74.09945426474351,-33.82254109526838,-18.21360457724094,84.62611768396891,63.57279084551812,1,0,0.6824020191854063,3.661368101446687,220.0,50.0,2.0874263261296657,89.584,97.416,11.198,13.802,2.23254152527237,0.4759358288770053,0.8663101604278075,1,8,2.3041614574031075,8,0.223254152527237,1.388888888888889,1.923076923076924,1.2499999999999998,1.6699410609037328,1.0,107.5,-55.29694323144105,-28.800491266375545,136.70305676855895,False,True,107.5,145.0,71.19950873362446,39.36357142857144,0,192.0,25.941303422767888,4,1,0,0,1,11011,0.983300589390963,0,0,0,25.0,0,0.5,0.0,0.0166994106090373,1069.3950000000002,1273.7592112445416,38.0,0.6538915629824721,4,1972.0
Lags 2,0.883729237363815,2026-1,9,26.34043538219071,27.2916666666667,27.1729166666667,0.4580444739952726,33.6,0.6566666666666671,0.3416666666666681,11.244444444444445,28.31022955241981,26.566276165693807,25.0,28.0,23.0,2.0458333333332988,2.0458333333332988,1.5965035475453926,1,1,83.70857466509058,-0.004894355791954196,13.38888888888889,84.1,0.10833333333333904,64.6,-0.4583333333333276,8,1,1,11.902083333333294,11.902083333333294,4.102881960046795,0,0,0,0,0.8888888888888888,0.0,65.0,75.0,65.0,218.20165469588144,31.821074643149377,1.0010910082734794,1.0033639421765614,1.0050004545867806,8,1,72.22878847572001,-51.79834530411856,-18.178925356850623,80.81542766514127,63.64214928629875,1,0,0.6554923270581055,4.28647972852295,270.0,50.0,1.9745589490186737,100.78200000000001,98.21799999999999,11.198,0.8019999999999996,1.0716199321307376,0.4472361809045226,0.8140703517587939,1,9,2.3041614574031075,9,0.1071619932130737,0.4799999999999997,0.6666666666666664,0.9230769230769228,1.7771030541168065,1.0,107.5,-50.589519650655006,-22.995236204843184,169.410480349345,False,True,136.70305676855895,107.5,77.00476379515682,39.36357142857144,0,220.0,26.010744838648545,4,1,0,0,1,10999,0.982228969458832,0,0,0,28.0,0,0.4444444444444444,0.0,0.017771030541168,1069.3950000000002,1377.6152242953553,38.0,0.6546049640876443,4,1972.0
Lags 2,0.883729237363815,2026-1,10,26.35618351063831,27.0458333333333,27.2916666666667,0.341713142058888,34.1,0.5684848484848485,0.19999999999999987,11.5,28.31022955241981,26.09490975016489,25.0,28.0,23.0,1.4979166666667003,1.4979166666667003,1.506021577905929,1,1,83.36855053191486,-0.1890272404899954,13.3,83.8,-0.19212121212121025,71.3,-0.5557575757575767,9,1,1,15.308333333333394,15.308333333333394,4.014897259338446,0,0,0,0,0.9,0.0,65.0,75.0,65.0,259.6337797212353,40.99480732440558,1.288291102174677,1.2896966384257995,1.2926248389489712,9,1,73.50079090991909,-70.36622027876467,-19.005192675594422,78.67690294582889,68.3246788740093,1,0,0.6189855596431858,5.090194677621003,330.0,60.0,1.9735667083407749,111.98000000000002,109.01999999999998,11.198,10.802,1.9646365422396856,0.4027149321266968,0.7330316742081447,1,10,2.3041614574031075,10,0.1964636542239685,1.833333333333334,0.8799999999999998,1.222222222222222,1.9735667083407755,1.0,107.5,-45.71397379912662,-18.359025622139207,203.28602620087335,False,True,169.410480349345,136.70305676855895,81.6409743778608,39.36357142857144,0,249.0,26.01916132980018,4,1,0,0,1,10977,0.980264332916592,0,0,0,29.0,0,0.4,0.0,0.0197356670834077,1069.3950000000002,1460.5570316199294,38.0,0.6559169171904892,4,1972.0
Lags 2,0.883729237363815,2026-1,11,26.3791062217924,26.4979166666667,27.0458333333333,0.2677462121212114,35.1,0.5400000000000003,0.0727272727272722,11.881818181818181,28.31022955241981,26.288340864749344,25.0,28.0,23.0,1.6083333333332988,1.6083333333332988,1.4307588375962002,1,1,83.44943987749838,-0.10132575757574384,12.863636363636363,87.8,-0.16545454545454513,79.3,-0.2199999999999985,10,1,1,19.2583333333334,19.2583333333334,3.8183024960389447,0,0,0,0,0.9090909090909091,0.0,65.0,75.0,65.0,305.7127212995072,45.628764373060775,1.1130376589401958,1.4339165123979871,1.435480927176492,10,1,77.21790893902593,-84.28727870049278,-14.371235626939225,78.3878772562839,76.04794062176796,1,0,0.5930217705700621,5.983211287729952,390.0,60.0,1.9483998766013408,123.17800000000003,116.82199999999997,11.198,7.802,1.6967315592070011,0.3708333333333333,0.675,1,11,2.3041614574031075,11,0.1696731559207001,0.8636363636363638,1.583333333333334,0.7599999999999999,2.143239864261475,1.0,107.5,-40.16593886462883,-14.243240732137885,241.8340611353712,False,True,203.28602620087335,169.410480349345,85.75675926786211,39.36357142857144,0,282.0,26.04363219661374,4,1,0,0,1,10958,0.978567601357385,0,0,0,33.0,0,0.36363636363636365,0.0,0.0214323986426147,1069.3950000000002,1534.1884233020535,38.0,0.6570542069720752,4,1972.0
Lags 2,0.883729237363815,2026-1,12,26.56504875886526,26.6083333333333,26.4979166666667,0.29177825720378997,34.9,0.49510489510489697,0.09265734265734256,11.975,28.31022955241981,28.245236803443824,25.0,28.0,23.0,3.610416666666701,3.610416666666701,1.5085983648251524,0,2,83.37795877659573,-0.11093416778256222,12.625,87.8,-0.14370629370629148,77.8,-0.07552447552447485,11,1,1,17.591666666666697,17.591666666666697,3.64901979142541,0,0,0,0,0.9166666666666666,0.0,65.0,75.0,65.0,360.8624154942445,54.81454412570802,1.201315549059017,1.337109446373104,1.7225862023961789,11,1,78.37742140127764,-99.13758450575553,-15.185455874291982,78.44835119440098,78.30649160815432,1,0,0.5673356030822762,7.054831219860689,460.0,70.0,1.8753348812287907,134.37600000000003,117.62399999999997,11.198,0.8019999999999996,1.0716199321307376,0.3531746031746032,0.6428571428571429,1,12,2.3041614574031075,12,0.1071619932130737,0.6315789473684208,0.5454545454545453,1.0,2.250401857474549,1.0,107.5,-34.28165938864629,-10.814403592632898,282.7183406113537,False,True,241.8340611353712,203.28602620087335,89.1855964073671,39.36357142857144,0,317.0,26.227099247182917,4,1,0,1,1,10946,0.977495981425254,1,1,1,35.0,0,0.3333333333333333,0.08333333333333333,0.0225040185747454,1069.3950000000002,1595.5303197277974,38.0,0.6577745295084962,4,1972.0
Lags 2,0.883729237363815,2026-1,13,26.783762956901263,28.6104166666667,26.6083333333333,0.32298900124697905,35.4,0.4681318681318692,0.17747252747252723,11.915384615384614,29.09577810952461,29.09577810952461,25.0,28.0,23.0,4.4083333333333,4.4083333333333,1.6456244953360248,0,3,83.51378887070376,-0.028949662925712192,12.153846153846153,87.8,-0.12582417582417305,81.3,0.1296703296703317,12,1,1,20.143750000000097,20.143750000000097,3.5278294894188544,0,0,0,0,0.9230769230769231,0.0,65.0,75.0,65.0,416.24736986552006,54.88976305918946,1.0013722440764798,1.2029640472051963,1.3389442868904948,12,1,72.84752504768971,-123.75263013447994,-25.110236940810537,77.0828462713926,68.61220382398683,1,0,0.551676637052437,8.126451151991427,540.0,80.0,1.834118729992993,145.57400000000004,121.42599999999997,11.198,3.802,1.339524915163422,0.3333333333333333,0.6067415730337079,1,13,2.3041614574031075,13,0.1339524915163422,1.2500000000000009,0.7894736842105264,0.681818181818182,2.3843543489908914,1.0,107.5,-27.893013100436637,-7.85718678885539,327.10698689956337,False,True,282.7183406113537,241.8340611353712,92.1428132111446,39.36357142857144,0,355.0,26.44776685197843,4,1,0,2,1,10931,0.976156456510091,2,1,1,38.0,0,0.3076923076923077,0.15384615384615385,0.0238435434899089,1069.3950000000002,1648.4349283473769,38.0,0.6586771567102735,4,1972.0
Lags 2,0.883729237363815,2026-1,14,26.927779888551175,29.4083333333333,28.6104166666667,0.31599797365754645,35.3,0.43494505494505464,0.20285714285714135,11.914285714285713,29.09577810952461,28.520158861886827,25.0,28.0,23.0,3.8000000000000007,3.8000000000000007,1.6703707395328309,0,4,83.72917299898684,0.06299392097265245,11.678571428571429,88.8,-0.08241758241758826,83.3,0.31208791208790915,13,1,1,21.529166666666697,21.529166666666697,3.483919207878461,0,0,0,0,0.9285714285714286,0.0,65.0,75.0,65.0,480.9013465237703,64.1201795365027,1.1681628041891852,1.1697658086775975,1.4052578547219934,13,1,73.78909549835629,-149.09865347622974,-25.879820463497296,76.33354706726512,71.24464392944745,1,0,0.5316328518457641,9.376674406143954,630.0,90.0,1.7924119102901026,156.77200000000005,124.22799999999998,11.198,2.802,1.250223254152527,0.3167259786476868,0.5765124555160143,1,14,2.3041614574031075,14,0.1250223254152527,0.9333333333333332,1.1666666666666672,0.736842105263158,2.509376674406144,1.0,107.5,-21.0,-5.303030303030303,375.0,False,False,327.10698689956337,282.7183406113537,94.6969696969697,39.36357142857144,0,396.0,26.595794852686172,4,1,0,3,1,10917,0.974906233255939,3,1,1,41.0,0,0.2857142857142857,0.21428571428571427,0.0250937667440614,1069.3950000000002,1694.128787878788,38.0,0.6595218466611706,4,1972.0
Lags 2,0.883729237363815,2026-1,15,27.072177895981095,28.8,29.4083333333333,0.3108976063829784,34.8,0.39000000000000024,0.21678571428571414,11.873333333333333,29.09577810952461,28.72915930394581,25.0,28.0,23.0,4.09375,4.09375,1.703996647648878,0,5,83.66236702127661,0.026130319148947583,11.666666666666666,87.8,-0.07714285714285599,76.3,0.24785714285714322,14,1,1,22.7270833333334,22.7270833333334,3.3671442725407994,0,0,0,0,0.9333333333333333,0.0,60.0,70.0,60.0,545.8715596330276,64.22018348623853,1.0015596330275227,1.169984709480122,1.1715902140672785,14,1,73.58562691131499,-174.12844036697243,-25.779816513761475,75.81549439347606,71.35575942915392,1,0,0.5184998470203308,10.626897660296482,720.0,90.0,1.77412633208311,167.97000000000006,130.02999999999997,11.198,5.802,1.5181282371852116,0.2986577181208054,0.5436241610738255,1,15,2.3041614574031075,15,0.1518128237185211,1.2142857142857135,1.1333333333333329,1.416666666666667,2.661189498124665,1.0,107.5,-11.259668508287293,-2.5648447627078115,427.7403314917127,False,True,375.0,327.10698689956337,97.4351552372922,39.36357142857144,0,439.0,26.738019149436816,4,1,0,4,1,10900,0.973388105018754,4,1,1,43.0,0,0.26666666666666666,0.26666666666666666,0.0266118949812466,1069.3950000000002,1743.1149271951574,38.0,0.6605504587155964,4,1972.0
Lags 2,0.883729237363815,2026-1,16,27.191755319148943,29.09375,28.8,0.2982371193158119,35.0,0.3557352941176474,0.24779411764705928,11.775,29.09577810952461,28.599026988658338,22.0,25.0,19.0,6.985416666666701,6.985416666666701,1.7142960943067713,0,6,83.54076074911347,-0.021400774405495985,11.55,86.8,-0.09397058823529292,77.0,0.2148529411764705,15,1,1,21.716666666666697,21.716666666666697,3.2891375590218064,0,0,0,0,0.9375,0.0,60.0,70.0,60.0,611.3818148386504,64.35598050933162,1.0021145536453069,1.0036774846005332,1.1724587049125064,15,1,69.45736920824206,-208.61818516134963,-35.644019490668384,74.55875790715248,64.35598050933162,1,0,0.5060861874751755,11.877120914449009,820.0,100.0,1.791614574031077,179.168,141.832,11.198,11.802,2.0539382032505804,0.2772585669781931,0.5046728971962616,1,16,2.3041614574031075,16,0.205393820325058,1.3529411764705888,1.6428571428571428,1.5333333333333332,2.866583318449724,1.0,107.5,-0.6132596685083058,-0.1261851169770176,485.3867403314917,False,True,427.7403314917127,375.0,99.873814883023,39.36357142857144,0,486.0,26.854332139388163,4,1,0,5,1,10877,0.971334166815503,5,1,1,47.0,0,0.25,0.3125,0.0286658331844972,1069.3950000000002,1786.7425482572812,38.0,0.6619472280959824,5,1972.0
Lags 2,0.883729237363815,2026-1,17,27.193568573620258,28.9854166666667,29.09375,0.24913535092028102,33.4,0.29387254901960774,0.2210784313725492,11.723529411764707,29.09577810952461,26.877183887589485,22.0,25.0,19.0,5.222580645161301,5.222580645161301,1.6598768928540928,0,6,83.52033649252427,-0.024642064200984862,11.488235294117647,87.5,-0.08995098039215599,77.0,0.18799019607843234,16,1,1,23.1935483870968,23.1935483870968,3.185806933714786,0,0,0,0,0.9411764705882353,0.0,60.0,70.0,60.0,686.0668569849894,73.67160880375725,1.1447515556549537,1.1471721942299344,1.1489613618723111,16,1,74.1220466293237,-233.9331430150106,-26.328391196242748,74.57248445489016,73.67160880375725,1,0,0.4909964500685391,13.305947490623325,920.0,100.0,1.7807801813349022,190.366,148.634,11.198,6.802,1.6074298981961064,0.2625368731563421,0.4778761061946903,1,17,2.3041614574031075,17,0.1607429898196106,0.7826086956521738,1.058823529411765,1.2857142857142856,3.0273263082693336,1.0,107.5,10.486187845303904,1.9600351112717571,545.4861878453039,False,True,485.3867403314917,427.7403314917127,101.96003511127176,39.36357142857144,0,535.0,26.855676359870593,4,1,0,6,1,10859,0.969726736917307,6,1,1,49.0,0,0.23529411764705882,0.35294117647058826,0.0302732630826933,1069.3950000000002,1824.0650281406517,38.0,0.6630444792338153,5,1972.0
Lags 2,0.883729237363815,2026-1,18,27.177844003740773,27.2225806451613,28.9854166666667,0.20483253660250395,30.8,0.19969040247678063,0.21775025799793593,11.472222222222221,29.09577810952461,26.636678672816288,22.0,25.0,19.0,4.9105263157895,4.9105263157895,1.6116984645881962,0,6,83.68587335405068,0.03152358641804123,10.933333333333334,87.5,-0.08555211558307668,86.0,0.3237358101135194,17,1,1,26.5,26.5,3.1694776297646343,0,0,0,0,0.9444444444444444,0.0,60.0,70.0,60.0,775.1222663098644,87.66263726123466,1.189910722524684,1.362152150700642,1.3650324944963683,17,1,77.4739477816226,-254.87773369013564,-22.337362738765336,75.25458896212275,79.69330660112243,1,0,0.47666618786371256,15.002679049830329,1030.0,110.0,1.79099442360739,201.56400000000002,159.43599999999998,11.198,10.802,1.9646365422396856,0.2465373961218836,0.4487534626038781,1,18,2.3041614574031075,18,0.1964636542239685,1.222222222222222,0.9565217391304346,1.2941176470588238,3.2237899624933024,1.0,107.5,22.038674033149164,3.7608658759640208,608.0386740331492,False,True,545.4861878453039,485.3867403314917,103.76086587596404,39.36357142857144,0,586.0,26.84350982170091,4,1,0,7,1,10837,0.967762100375067,7,1,1,51.0,0,0.2222222222222222,0.3888888888888889,0.032237899624933,1069.3950000000002,1856.2818905209965,38.0,0.6643905139798837,5,1972.0
Lags 2,0.883729237363815,2026-1,19,27.13701449477196,26.9105263157895,27.2225806451613,0.16185880342148345,32.4,0.1543859649122799,0.16614035087719217,11.484210526315788,29.09577810952461,25.93825170177366,22.0,25.0,19.0,4.402083333333302,4.402083333333302,1.5763680774938909,0,6,83.35609602839891,-0.07213814924020485,11.542105263157895,86.8,-0.09210526315789677,64.3,0.07315789473684293,18,1,1,17.420104166666647,17.420104166666647,3.3990894081163527,0,0,0,0,0.9473684210526315,0.0,60.0,70.0,60.0,864.6998982706002,87.85720891519468,1.0022195505410154,1.1925517895126236,1.365175516243675,18,1,77.86052909612758,-275.3001017293998,-22.142791084805324,75.8508682693509,79.87018992290426,1,0,0.4670231431183286,16.699410609037326,1140.0,110.0,1.8095336573260261,212.76200000000003,172.23799999999997,11.198,12.802,2.143239864261475,0.2311688311688311,0.4207792207792207,1,19,2.3041614574031075,19,0.2143239864261475,1.090909090909091,1.3333333333333337,1.0434782608695652,3.43811394891945,1.0,107.5,34.49723756906076,5.381784332146764,675.4972375690608,False,True,608.0386740331492,545.4861878453039,105.38178433214676,39.36357142857144,0,641.0,26.79586465749421,4,1,0,8,1,10813,0.965618860510806,8,1,1,55.0,0,0.21052631578947367,0.42105263157894735,0.0343811394891945,1069.3950000000002,1885.2801217021056,38.0,0.6658651623046333,6,1972.0
Lags 2,0.883729237363815,2026-1,20,27.1628721033667,26.4020833333333,26.9105263157895,0.1461240053883397,35.7,0.16631578947368397,0.14045112781954835,11.61,29.09577810952461,27.18151920658244,22.0,25.0,19.0,5.6541666666667005,5.6541666666667005,1.5386755708418232,0,6,83.05929643531229,-0.14663258308777805,12.09,86.8,-0.09556390977443682,64.3,-0.11045112781954997,19,1,1,17.420104166666647,17.420104166666647,3.5647599601188316,0,0,0,0,0.95,0.0,60.0,70.0,60.0,958.7772116720704,92.63547938860584,1.054386777504205,1.056727042246654,1.2574108383510885,19,1,76.64483116081078,-301.2227883279296,-27.36452061139417,76.09342949778336,77.1962328238382,1,0,0.45660946901394284,18.485443829255225,1260.0,120.0,1.7994284693695302,223.96000000000004,179.03999999999996,11.198,6.802,1.6074298981961064,0.2208436724565756,0.401985111662531,1,20,2.3041614574031075,20,0.1607429898196106,0.7499999999999999,0.8181818181818182,1.0,3.5988569387390603,1.0,107.5,47.408839779005575,6.792097389542345,745.4088397790056,False,True,675.4972375690608,608.0386740331492,106.79209738954232,39.36357142857144,0,698.0,26.815147384948624,4,1,0,9,1,10795,0.964011430612609,9,1,1,57.0,0,0.2,0.45,0.0359885693873906,1069.3950000000002,1910.5106222989127,38.0,0.666975451597962,6,1972.0
Lags 2,0.883729237363815,2026-1,21,27.120592479396855,27.6541666666667,26.4020833333333,0.11466719811633634,31.6,0.11974025974025931,0.1092207792207793,11.566666666666666,29.09577810952461,25.81206312979615,22.0,25.0,19.0,4.274999999999999,4.274999999999999,1.5121789858855328,0,6,82.79076347013867,-0.1998734940776971,12.585714285714285,86.8,-0.09688311688311539,64.3,-0.24493506493506523,20,1,1,17.420104166666647,17.420104166666647,3.685979776896037,0,0,0,0,0.9523809523809523,0.0,60.0,70.0,60.0,1067.3844440319288,106.73844440319289,1.1522415073324672,1.2149082098228678,1.2176047599972644,20,1,83.1477012561104,-312.61555596807125,-13.261555596807128,77.34669884289339,88.94870366932739,1,0,0.44543812515865255,20.5393820325058,1380.0,120.0,1.8030430604104473,235.15800000000004,188.84199999999996,11.198,9.802,1.8753348812287909,0.2099056603773585,0.3820754716981132,1,21,2.3041614574031075,21,0.187533488122879,1.1666666666666663,0.8749999999999998,0.9545454545454544,3.786390426861939,1.0,107.5,61.0,8.047493403693931,819.0,False,False,745.4088397790056,675.4972375690608,108.04749340369392,63.42857142857143,0,758.0,26.7673814680366,4,1,0,10,1,10774,0.962136095731381,10,1,1,60.0,0,0.19047619047619047,0.47619047619047616,0.0378639042686193,1707.0,1932.9696569920845,38.0,0.6682754780025989,6,1972.0
Lags 3,0.91872602373093,2026-1,1,28.15472074468085,28.15472074468085,28.15472074468085,0.0,32.6,0.0,0.0,7.100000000000001,27.67854880516591,27.67854880516591,30.0,32.0,28.0,1.8452792553191488,-1.8452792553191488,0.0,1,0,77.42010416666665,0.0,22.5,86.8,0.0,64.3,0.0,0,0,0,7.420104166666647,7.420104166666647,0.0,1,0,0,0,0.0,0.0,70.0,80.0,70.0,8.949346697691068,8.949346697691068,3.0,3.0,3.0,1,1,89.49346697691067,-1.0506533023089322,-1.0506533023089322,89.49346697691067,89.49346697691067,0,0,0.0,0.1784280488892854,10.0,10.0,3.1224908555624946,11.209,23.791,11.209,23.791,3.1224908555624946,2.685714285714285,5.314285714285714,0,1,2.1224908555624946,1,0.3122490855562494,3.0,3.0,3.0,0.3122490855562494,1.0,106.75,0.0,0.0,64.0,True,False,669.9717991631799,637.6489644351465,100.0,39.36357142857144,0,64.0,27.67854880516591,0,0,0,0,1,11174,0.996877509144438,0,0,0,11.0,0,0.0,0.0,0.0031224908555624,1069.3950000000002,1789.0,36.0,0.6443529622337569,1,1691.4399999999998
Lags 3,0.91872602373093,2026-1,2,28.15472074468085,28.15472074468085,28.15472074468085,-6.783381100595097e-15,32.6,-6.772789795300852e-15,-4.066460168369259e-15,7.100000000000001,27.67854880516591,27.67854880516591,30.0,32.0,28.0,1.8452792553191488,-1.8452792553191488,0.0,1,0,77.42010416666665,-1.1658284442341368e-14,22.5,86.8,-1.7209744916952118e-14,64.3,-2.2316770830227838e-14,0,0,0,7.420104166666647,7.420104166666647,0.0,1,0,0,0,0.0,0.0,70.0,80.0,70.0,17.94848783989949,8.974243919949744,1.0027820156151843,3.0,3.0,2,1,52.349756199706846,-12.051512160100511,-11.025756080050256,59.828292799664965,44.87121959974873,0,0,1.4122463802662313,0.3568560977785708,30.0,20.0,2.944062806673209,22.418,43.582,11.209,19.791,2.7656347577839235,1.4242424242424243,2.8181818181818183,0,2,2.1224908555624946,2,0.2765634757783923,0.8857142857142856,3.0,3.0,0.5888125613346418,1.0,106.75,0.0,0.0,77.0,True,False,64.0,637.6489644351465,100.0,39.36357142857144,0,77.0,27.67854880516591,0,0,0,0,1,11143,0.994111874386654,0,0,0,13.0,0,0.0,0.0,0.0058881256133464,1069.3950000000002,1789.0,36.0,0.6461455622363815,2,1691.4399999999998
Lags 3,0.91872602373093,2026-1,3,28.154720744680855,28.15472074468085,28.15472074468085,-1.2895420286198467e-15,32.6,2.30148056710964e-15,2.3936246954295856e-15,7.100000000000001,27.67854880516591,27.67854880516591,30.0,32.0,28.0,1.8452792553191488,-1.8452792553191488,4.351167857633658e-15,1,0,77.42010416666665,1.136476922109094e-14,22.5,86.8,1.802190973325158e-15,64.3,-3.3130325148630877e-15,0,0,0,7.420104166666647,7.420104166666647,0.0,1,0,0,0,0.0,0.0,70.0,80.0,70.0,26.99055330634278,8.99685110211426,1.002519118308592,1.0053081421502474,3.0,3,1,49.482681061628426,-23.00944669365722,-11.00314889788574,53.98110661268556,44.984255510571295,0,0,1.1531702403221467,0.5352841466678562,50.0,20.0,2.7953727659321377,33.626999999999995,60.373000000000005,11.209,16.791,2.497992684449996,1.0,1.9787234042553192,0,3,2.1224908555624946,3,0.2497992684449995,0.9032258064516128,0.7999999999999999,3.0,0.8386118297796414,1.0,106.75,0.0,0.0,91.0,True,False,77.0,64.0,100.0,39.36357142857144,0,91.0,27.678548805165907,0,0,0,0,1,11115,0.991613881702204,0,0,0,14.0,0,0.0,0.0,0.0083861182977964,1069.3950000000002,1789.0,36.0,0.6477732793522267,3,1691.4399999999998
Lags 3,0.91872602373093,2026-1,4,28.15472074468085,28.15472074468085,28.15472074468085,-4.860576503336004e-15,32.6,-2.22671580167811e-15,-3.4693771706650844e-15,7.100000000000001,27.67854880516591,27.67854880516591,30.0,32.0,28.0,1.8452792553191488,-1.8452792553191488,0.0,1,0,77.42010416666665,-1.0656246691081632e-14,22.5,86.8,-1.1688067064152732e-14,64.3,-8.691606854378891e-15,0,0,0,7.420104166666647,7.420104166666647,0.0,1,0,0,0,0.0,0.0,70.0,80.0,70.0,45.09379509379509,18.03751803751804,2.0048701298701297,2.009920634920635,2.0155122655122657,4,1,66.13756613756614,-29.906204906204906,-6.962481962481963,60.12506012506012,72.15007215007215,0,0,0.9564683831907351,0.892140244446427,75.0,25.0,2.6987242394504416,44.836,76.164,11.209,15.791,2.408778660005353,0.7768595041322314,1.537190082644628,0,4,2.1224908555624946,4,0.2408778660005353,0.9642857142857144,0.8709677419354841,0.7714285714285715,1.0794896957801767,1.0,106.75,0.0,0.0,107.0,True,False,91.0,77.0,100.0,39.36357142857144,0,107.0,27.67854880516591,0,0,0,0,1,11088,0.989205103042198,0,0,0,16.0,0,0.0,0.0,0.0107948969578017,1069.3950000000002,1789.0,36.0,0.6493506493506493,4,1691.4399999999998
Lags 3,0.91872602373093,2026-1,5,28.15472074468085,28.15472074468085,28.15472074468085,-3.371434273386755e-15,32.6,-3.764398267022435e-15,-4.80122207299609e-16,7.100000000000001,27.67854880516591,27.67854880516591,28.0,30.0,26.0,0.1547207446808514,0.1547207446808514,0.0,1,0,77.42010416666665,-4.822292063407377e-15,22.5,86.8,-3.627382670784715e-15,64.3,-3.145486211302101e-15,0,0,0,7.420104166666647,7.420104166666647,0.0,1,0,0,0,0.0,0.0,70.0,80.0,70.0,63.25682270016266,18.073377914332188,1.0019880715705765,2.0088559551780225,2.013916500994036,5,1,67.7751671787457,-36.74317729983734,-6.9266220856678125,63.256822700162665,72.29351165732875,0,0,0.8937506984021099,1.248996342224998,100.0,25.0,2.551521099116781,56.045,86.955,11.209,10.791,1.9627085377821396,0.6573426573426573,1.3006993006993006,1,5,2.1224908555624946,5,0.1962708537782139,0.8148148148148147,0.7857142857142858,0.7096774193548387,1.2757605495583906,1.0,106.75,0.0,0.0,125.0,True,False,107.0,91.0,100.0,39.36357142857144,0,125.0,27.67854880516591,0,0,0,0,1,11066,0.987242394504416,0,0,0,18.0,0,0.0,0.0,0.0127576054955839,1069.3950000000002,1789.0,36.0,0.6506416049159588,4,1691.4399999999998
Lags 3,0.91872602373093,2026-1,6,28.154720744680848,28.15472074468085,28.15472074468085,-1.3488542533772615e-15,32.6,-3.003278291787231e-16,-6.929659921216828e-16,7.100000000000001,27.67854880516591,27.67854880516591,28.0,30.0,26.0,0.1547207446808514,0.1547207446808514,3.891802844472395e-15,1,0,77.42010416666665,-3.2804718226432046e-15,22.5,86.8,-5.226196707538049e-15,64.3,-1.2637676618891283e-15,0,0,0,7.420104166666647,7.420104166666647,0.0,1,0,0,0,0.0,0.0,70.0,80.0,70.0,86.02734764103957,22.638775695010413,1.2526034592049262,1.2550937245313774,2.516299918500408,6,1,64.20308874352159,-48.97265235896043,-12.361224304989587,63.72396121558487,64.68221627145833,0,0,0.8120522773857074,1.6950664644482114,135.0,35.0,2.468254676301781,67.254,98.746,11.209,11.791,2.0519225622267823,0.5662650602409639,1.120481927710843,1,6,2.1224908555624946,6,0.2051922562226782,1.0454545454545456,0.8518518518518519,0.8214285714285716,1.4809528057810688,1.0,106.75,0.0,0.0,145.0,True,False,125.0,107.0,100.0,39.36357142857144,0,145.0,27.678548805165914,0,0,0,0,1,11043,0.985190471942189,0,0,0,20.0,0,0.0,0.0,0.0148095280578106,1069.3950000000002,1789.0,36.0,0.6519967400162999,5,1691.4399999999998
Lags 3,0.91872602373093,2026-1,7,28.154720744680848,28.15472074468085,28.15472074468085,-3.895921039444663e-16,32.6,1.656277457553702e-15,1.2138620989631208e-15,7.100000000000001,27.67854880516591,27.67854880516591,28.0,30.0,26.0,0.1547207446808514,0.1547207446808514,3.837369354665453e-15,1,0,77.42010416666665,2.54453727244602e-15,22.5,86.8,2.9813600726655495e-15,64.3,-1.585001016368459e-15,0,0,0,7.420104166666647,7.420104166666647,0.0,1,0,0,0,0.0,0.0,70.0,80.0,70.0,108.86328585684478,22.679851220175998,1.001814388097614,1.254876168012338,1.2573709516465572,7,1,64.41840094470157,-61.13671414315522,-12.320148779824006,64.03722697461458,64.79957491478855,0,0,0.7691156055625937,2.1411365866714247,170.0,35.0,2.370544078100506,78.46300000000001,107.53699999999999,11.209,8.791,1.784280488892854,0.5053763440860215,1.0,1,7,2.1224908555624946,7,0.1784280488892854,0.8695652173913044,0.9090909090909092,0.7407407407407407,1.659380854670354,1.0,101.5,-65.5,-39.221556886227546,101.5,False,False,145.0,125.0,60.77844311377245,39.36357142857144,1,167.0,27.678548805165914,0,0,0,0,1,11023,0.983406191453296,0,0,0,22.0,0,0.0,0.0,0.0165938085467035,1069.3950000000002,1087.3263473053892,36.0,0.6531797151410687,5,1691.4399999999998
Lags 3,0.91872602373093,2026-1,8,28.15472074468085,28.15472074468085,28.15472074468085,2.560235073882277e-15,32.6,2.821334018596945e-15,1.5927353798953544e-15,7.100000000000001,27.67854880516591,27.67854880516591,28.0,30.0,26.0,0.1547207446808514,0.1547207446808514,0.0,1,0,77.42010416666665,6.1910039907492395e-15,22.5,86.8,3.730138838203249e-15,64.3,1.0375528248368055e-15,1,1,1,12.420104166666649,12.420104166666649,0.0,0,0,0,0,0.125,0.0,65.0,75.0,65.0,131.74632018898782,22.7148827912048,1.001544612029802,1.0033618026530984,1.2568144648373616,8,1,52.65722828870203,-88.25367981101218,-27.285117208795203,59.88469099499446,45.4297655824096,0,0,0.730803734959272,2.587206708894638,220.0,50.0,2.2638058702828086,89.672,113.328,11.209,5.791,1.516638415558926,0.4630541871921182,0.916256157635468,1,8,2.1224908555624946,8,0.1516638415558925,0.8499999999999994,0.7391304347826083,0.7727272727272724,1.8110446962262468,1.0,101.5,-78.70960698689956,-40.99458697234352,113.29039301310044,False,True,101.5,145.0,59.00541302765648,39.36357142857144,1,192.0,27.67854880516591,0,0,0,0,1,11006,0.981889553037738,0,0,0,25.0,0,0.0,0.0,0.0181104469622624,1069.3950000000002,1055.6068390647745,36.0,0.6541886243866981,5,1691.4399999999998
Lags 3,0.91872602373093,2026-1,9,28.15472074468085,28.15472074468085,28.15472074468085,1.0383261863092424e-15,32.6,1.926709849426818e-15,5.833989137158367e-16,7.100000000000001,27.67854880516591,27.67854880516591,25.0,28.0,23.0,3.1547207446808514,3.1547207446808514,0.0,0,0,77.42010416666665,2.9175697731988434e-15,22.5,86.8,-6.967445516541836e-16,64.3,2.4487606206954734e-15,2,1,1,12.420104166666649,12.420104166666649,0.0,0,0,0,0,0.2222222222222222,0.0,65.0,75.0,65.0,159.2936464591298,27.307482250136538,1.202184598580011,1.2040415073730204,1.2062261059530313,9,1,56.80630566849391,-110.7063535408702,-22.692517749863462,58.99764683671474,54.61496450027308,0,0,0.6870553800248554,3.1224908555624946,270.0,50.0,2.2105252723505915,100.881,122.119,11.209,8.791,1.784280488892854,0.42152466367713,0.8340807174887892,1,9,2.1224908555624946,9,0.1784280488892854,1.1764705882352948,1.0,0.8695652173913044,1.9894727451155323,1.0,101.5,-93.50436681222708,-42.50198491464867,126.49563318777292,False,True,113.29039301310044,101.5,57.49801508535133,39.36357142857144,1,220.0,27.67854880516591,0,0,0,1,1,10986,0.980105272548845,1,1,1,28.0,0,0.0,0.1111111111111111,0.0198947274511553,1069.3950000000002,1028.6394898769354,36.0,0.6553795740032768,5,1691.4399999999998
Lags 3,0.91872602373093,2026-1,10,28.15472074468085,28.15472074468085,28.15472074468085,1.0489235393749254e-15,32.6,4.151382088140757e-16,-1.8871550300651993e-16,7.100000000000001,27.67854880516591,27.67854880516591,25.0,28.0,23.0,3.1547207446808514,3.1547207446808514,0.0,0,0,77.42010416666665,5.929324924733543e-15,22.5,86.8,3.621045517473897e-15,64.3,2.5895147748354023e-15,3,1,1,12.420104166666649,12.420104166666649,0.0,0,0,0,0,0.3,0.0,65.0,75.0,65.0,187.04379562043795,27.37226277372263,1.0023722627737226,1.205036496350365,1.2068978102189782,10,1,51.15018801150188,-142.95620437956205,-32.627737226277375,56.67993806679937,45.62043795620438,0,0,0.6590001463538211,3.657775002230351,330.0,60.0,2.221429208671603,112.09,136.91,11.209,14.791,2.31956463556071,0.3775100401606425,0.7469879518072289,1,10,2.1224908555624946,10,0.231956463556071,1.2999999999999998,1.5294117647058831,1.2999999999999998,2.221429208671603,1.0,101.5,-108.82751091703057,-43.70582767752232,140.17248908296943,False,True,126.49563318777292,113.29039301310044,56.294172322477685,39.36357142857144,1,249.0,27.67854880516591,0,0,0,2,1,10960,0.977785707913284,2,1,1,29.0,0,0.0,0.2,0.022214292086716,1069.3950000000002,1007.1027428491258,36.0,0.656934306569343,6,1691.4399999999998
Lags 3,0.91872602373093,2026-1,11,28.154720744680848,28.15472074468085,28.15472074468085,1.302138512516356e-15,32.6,9.227997508175206e-16,9.90452133024727e-16,7.100000000000002,27.67854880516591,27.67854880516591,25.0,28.0,23.0,3.1547207446808514,3.1547207446808514,3.7261175413410954e-15,0,0,77.42010416666665,1.130364682040006e-15,22.5,86.8,-4.780300776693633e-15,64.3,2.5869885263541635e-15,4,1,1,12.420104166666649,12.420104166666649,0.0,0,0,0,0,0.36363636363636365,0.0,65.0,75.0,65.0,224.5852048767073,36.66697222476854,1.339566718611544,1.342744522871024,1.6142267852232104,11,1,59.34878517150037,-165.4147951232927,-23.333027775231457,57.58594996838649,61.11162037461424,0,0,0.625186744269928,4.371487197787492,390.0,60.0,2.4331097575811644,123.299,176.701,11.209,39.791,4.549915246676778,0.3133333333333333,0.62,1,11,3.549915246676778,11,0.4549915246676778,1.961538461538462,2.5500000000000003,3.0,2.6764207333392807,1.0,101.5,-126.264192139738,-44.774536219765245,155.735807860262,False,True,140.17248908296943,126.49563318777292,55.22546378023476,39.36357142857144,1,282.0,27.678548805165914,0,0,0,3,2,10909,0.973235792666607,3,1,1,33.0,0,0.0,0.2727272727272727,0.0267642073333928,1069.3950000000002,987.9835470283998,36.0,0.6600055000458337,7,1691.4399999999998
Lags 3,0.91872602373093,2026-1,12,28.154720744680848,28.15472074468085,28.15472074468085,1.3229991297389886e-15,32.6,1.2743436555537021e-15,6.067178005271581e-16,7.100000000000001,27.67854880516591,27.67854880516591,25.0,28.0,23.0,3.1547207446808514,3.1547207446808514,3.710688416924011e-15,0,0,77.42010416666665,-2.675605527985585e-16,22.5,86.8,5.750770099106333e-16,64.3,2.500081457902131e-15,5,1,1,12.420104166666649,12.420104166666649,0.0,0,0,0,0,0.4166666666666667,0.0,65.0,75.0,65.0,271.3641799282495,45.99392880139821,1.2543694232361329,1.680311532211081,1.6842976727072023,12,1,62.34891280065317,-188.6358200717505,-24.006071198601788,58.992213027880325,65.70561257342602,0,0,0.5966860608896809,5.263627442233919,460.0,70.0,2.512861688524103,134.508,203.492,11.209,26.791,3.390132928896423,0.2781065088757396,0.5502958579881657,1,12,3.549915246676778,12,0.3390132928896422,0.7450980392156862,1.4615384615384617,1.9,3.015434026228923,1.0,101.5,-144.75764192139738,-45.66487126857962,172.24235807860262,False,True,155.735807860262,140.17248908296943,54.33512873142039,39.36357142857144,1,317.0,27.678548805165914,0,0,0,4,3,10871,0.969845659737711,4,1,1,35.0,0,0.0,0.3333333333333333,0.0301543402622892,1069.3950000000002,972.0554530051107,36.0,0.6623125747401343,8,1691.4399999999998
Lags 3,0.91872602373093,2026-1,13,28.154720744680848,28.15472074468085,28.15472074468085,1.3814364750221513e-15,32.6,8.805487397987455e-16,6.915014398866306e-16,7.1000000000000005,27.67854880516591,27.67854880516591,25.0,28.0,23.0,3.1547207446808514,3.1547207446808514,3.697781635498623e-15,0,0,77.42010416666665,4.691331236161485e-16,22.5,86.8,1.1752006107247913e-15,64.3,3.7511504141718706e-16,6,1,1,12.420104166666649,12.420104166666649,0.0,0,0,0,0,0.46153846153846156,0.0,65.0,75.0,65.0,318.03097345132744,46.091445427728615,1.0021202064896757,1.2570289454277286,1.683874139626352,13,1,58.25446574893478,-221.96902654867256,-33.908554572271385,58.89462471320879,57.614306784660776,0,0,0.5788683772284514,6.155767686680346,540.0,80.0,2.477404832655078,145.717,215.283,11.209,11.791,2.0519225622267823,0.260387811634349,0.5152354570637119,1,13,3.549915246676778,13,0.2051922562226782,0.6052631578947368,0.4509803921568627,0.8846153846153847,3.220626282451602,1.0,101.5,-164.83624454148472,-46.4327449412633,190.16375545851528,False,True,172.24235807860262,155.735807860262,53.5672550587367,39.36357142857144,1,355.0,27.678548805165914,0,0,0,5,3,10848,0.967793737175484,5,1,1,38.0,0,0.0,0.38461538461538464,0.032206262824516,1069.3950000000002,958.3181930007995,36.0,0.6637168141592921,9,1691.4399999999998
Lags 3,0.91872602373093,2026-1,14,28.154720744680848,28.15472074468085,28.15472074468085,-1.1784087075527521e-15,32.6,-2.0809458693257514e-16,-5.592533086358858e-16,7.1000000000000005,27.67854880516591,27.67854880516591,25.0,28.0,23.0,3.1547207446808514,3.1547207446808514,3.6868252213847854e-15,0,0,77.42010416666665,-1.1536256484809611e-15,22.5,86.8,-3.163651978215829e-15,64.3,-3.2683870908612468e-15,7,1,1,12.420104166666649,12.420104166666649,0.0,0,0,0,0,0.5,0.0,65.0,75.0,65.0,369.4126339120798,50.794237162910974,1.1020317694865165,1.1043683043960104,1.3852858330254894,14,1,57.53748365495687,-260.5873660879202,-39.20576283708903,58.63692601779045,56.43804129212331,0,0,0.5590089907171075,7.137121955571416,630.0,90.0,2.4278959509577764,156.92600000000002,224.07399999999998,11.209,8.791,1.784280488892854,0.2467191601049868,0.4881889763779528,1,14,3.549915246676778,14,0.1784280488892854,0.8695652173913044,0.5263157894736843,0.392156862745098,3.3990543313408867,1.0,101.5,-186.5,-47.0959595959596,209.5,False,False,190.16375545851528,172.24235807860262,52.90404040404041,39.36357142857144,1,396.0,27.678548805165914,0,0,0,6,3,10828,0.966009456686591,6,1,1,41.0,0,0.0,0.42857142857142855,0.0339905433134088,1069.3950000000002,946.4532828282828,36.0,0.6649427410417437,9,1691.4399999999998
Lags 3,0.91872602373093,2026-1,15,28.154720744680848,28.15472074468085,28.15472074468085,6.749739647783442e-16,32.6,1.0081494731066054e-15,1.8703946384252295e-17,7.1,27.67854880516591,27.67854880516591,25.0,28.0,23.0,3.1547207446808514,3.1547207446808514,3.677408027917051e-15,0,0,77.42010416666666,1.5900097704633351e-15,22.5,86.8,5.515100672047428e-16,64.3,2.6097092304976443e-15,8,1,1,17.420104166666647,17.420104166666647,1.4709632111668204e-14,0,0,0,0,0.5333333333333333,0.0,60.0,70.0,60.0,416.1657264403958,46.24063627115509,0.9103520173528497,1.0032368445389808,1.005363913807454,15,1,54.58964004233587,-303.8342735596042,-43.75936372884491,57.80079533894386,51.37848474572788,0,0,0.5478902935620509,8.029262200017843,720.0,90.0,2.3552502453385675,168.13500000000002,227.86499999999998,11.209,3.791,1.3382103666696403,0.2373737373737373,0.4696969696969697,1,15,3.549915246676778,15,0.133821036666964,0.7499999999999997,0.652173913043478,0.394736842105263,3.532875368007851,1.0,101.5,-203.664364640884,-46.39279376785512,235.33563535911605,False,True,209.5,190.16375545851528,53.60720623214488,39.36357142857144,1,439.0,27.678548805165914,0,0,0,7,3,10813,0.964671246319922,7,1,1,43.0,0,0.0,0.4666666666666667,0.0353287536800785,1069.3950000000002,959.032919493072,36.0,0.6658651623046333,9,1691.4399999999998
Lags 3,0.91872602373093,2026-1,16,28.15472074468085,28.15472074468085,28.15472074468085,1.5813273989799056e-16,32.6,1.5717935348164534e-16,3.228517626001621e-16,7.100000000000001,27.67854880516591,27.67854880516591,22.0,25.0,19.0,6.154720744680851,6.154720744680851,0.0,0,0,77.42010416666665,1.871900716300118e-15,22.5,86.8,2.0567295693817746e-16,64.3,9.139689238489229e-16,9,1,1,17.420104166666647,17.420104166666647,0.0,0,0,0,0,0.5625,0.0,60.0,70.0,60.0,467.7658391997036,50.94479436828455,1.1017321230085215,1.0029640607632455,1.1052982586143014,16,1,53.99470445241688,-352.2341608002964,-49.05520563171545,57.04461453654922,50.94479436828456,0,0,0.5310226519317015,9.010616468908912,820.0,100.0,2.3028370059773398,179.344,233.65599999999998,11.209,5.791,1.516638415558926,0.2276029055690072,0.4503631961259079,1,16,3.549915246676778,16,0.1516638415558925,1.133333333333333,0.8499999999999994,0.7391304347826083,3.6845392095637433,1.0,101.5,-222.4254143646409,-45.766546165563966,263.57458563535914,False,True,235.33563535911605,209.5,54.23345383443604,39.36357142857144,1,486.0,27.67854880516591,0,0,0,8,3,10796,0.963154607904363,8,1,1,47.0,0,0.0,0.5,0.0368453920956374,1069.3950000000002,970.2364890980607,36.0,0.6669136717302705,9,1691.4399999999998
Lags 3,0.91872602373093,2026-1,17,28.15472074468085,28.15472074468085,28.15472074468085,2.2001058081580336e-16,32.6,1.186892062423421e-15,4.864884510362301e-16,7.100000000000001,27.67854880516591,27.67854880516591,22.0,25.0,19.0,6.154720744680851,6.154720744680851,0.0,0,0,77.42010416666665,6.022236032311191e-16,22.5,86.8,1.263118031787766e-15,64.3,8.71767300245397e-16,10,1,1,17.420104166666647,17.420104166666647,0.0,0,0,0,0,0.5882352941176471,0.0,60.0,70.0,60.0,524.021517343721,55.64830272676684,1.0923255931603175,1.2034501947690597,1.0955633125916933,17,1,56.30358165380304,-395.97848265627897,-44.35169727323317,56.95886058083924,55.64830272676684,0,0,0.515793650565277,10.081184762244623,920.0,100.0,2.2408463786977904,190.553,236.44699999999997,11.209,2.7910000000000004,1.248996342224998,0.2201405152224824,0.4355971896955503,1,17,3.549915246676778,17,0.1248996342224997,0.8235294117647058,0.9333333333333332,0.6999999999999995,3.809438843786243,1.0,101.5,-241.98480662983425,-45.23080497753911,293.0151933701658,False,True,263.57458563535914,235.33563535911605,54.76919502246089,39.36357142857144,1,535.0,27.67854880516591,0,0,0,9,3,10782,0.961905611562138,9,1,1,49.0,0,0.0,0.5294117647058824,0.0380943884378624,1069.3950000000002,979.8208989518254,36.0,0.667779632721202,9,1691.4399999999998
Lags 3,0.91872602373093,2026-1,18,28.15472074468085,28.15472074468085,28.15472074468085,-1.7647952568228598e-17,32.6,1.1070840286678213e-15,3.542439194105686e-17,7.1000000000000005,27.67854880516591,27.67854880516591,22.0,25.0,19.0,6.154720744680851,6.154720744680851,0.0,0,0,77.42010416666663,1.702138358297548e-15,22.5,86.8,-1.7252547885169917e-16,64.3,1.752434374497493e-15,11,1,1,17.420104166666647,17.420104166666647,1.4622848863937366e-14,0,0,0,0,0.6111111111111112,0.0,60.0,70.0,60.0,580.3156917363045,55.710306406685234,1.0011142061281335,1.0935426690301342,1.204791086350975,18,1,53.49353119588671,-449.6843082636954,-54.289693593314766,56.341329294786846,50.645733096986575,0,0,0.503861006672781,11.151753055580338,1030.0,110.0,2.175830929511008,201.762,237.23799999999997,11.209,0.7910000000000004,1.0705682933357124,0.214123006833713,0.4236902050113895,1,18,3.549915246676778,18,0.1070568293335712,0.8571428571428574,0.7058823529411767,0.8000000000000002,3.9164956731198144,1.0,101.5,-262.34254143646405,-44.76835178096656,323.65745856353595,False,True,293.0151933701658,263.57458563535914,55.23164821903344,39.36357142857144,1,586.0,27.67854880516591,0,0,0,10,3,10770,0.960835043268802,10,1,1,51.0,0,0.0,0.5555555555555556,0.0391649567311981,1069.3950000000002,988.0941866385082,36.0,0.6685236768802229,9,1691.4399999999998
Lags 3,0.91872602373093,2026-1,19,28.15472074468085,28.15472074468085,28.15472074468085,-5.782140136194443e-17,32.6,-1.7194294039342074e-16,-5.364148713100298e-16,7.1000000000000005,27.67854880516591,27.67854880516591,22.0,25.0,19.0,6.154720744680851,6.154720744680851,0.0,0,0,77.42010416666663,-1.4353930018144514e-15,22.5,86.8,-1.9829105871501126e-15,64.3,-1.3722342670087318e-15,12,1,1,17.420104166666647,17.420104166666647,1.460026530009149e-14,0,0,0,0,0.631578947368421,0.0,60.0,70.0,60.0,636.8538490145036,55.78281889178133,1.001301599107475,1.0024172554853106,1.0949660231921297,19,1,53.28801312927676,-503.1461509854964,-54.21718110821867,55.864372720570486,50.71165353798303,0,0,0.49265584223752923,12.222321348916052,1140.0,110.0,2.127050161759113,212.971,240.02899999999997,11.209,2.7910000000000004,1.248996342224998,0.2075055187637969,0.4105960264900662,1,19,3.549915246676778,19,0.1248996342224997,1.1666666666666663,1.0,0.8235294117647058,4.041395307342315,1.0,101.5,-284.2969613259668,-44.35210005085285,356.7030386740332,False,True,323.65745856353595,293.0151933701658,55.64789994914715,39.36357142857144,1,641.0,27.678548805165907,0,0,0,11,3,10756,0.959586046926577,11,1,1,55.0,0,0.0,0.5789473684210527,0.0404139530734231,1069.3950000000002,995.5409300902426,36.0,0.6693938267013759,9,1691.4399999999998
Lags 3,0.91872602373093,2026-1,20,28.15472074468085,28.15472074468085,28.15472074468085,-5.442263828874997e-16,32.6,-9.691266599549078e-16,-5.813148627227794e-16,7.1,27.67854880516591,27.67854880516591,22.0,25.0,19.0,6.154720744680851,6.154720744680851,0.0,0,0,77.42010416666662,-4.466182372025889e-16,22.5,86.8,-2.1388666837618357e-15,64.3,-2.5265903670384886e-15,13,1,1,17.420104166666647,17.420104166666647,2.9160058604848984e-14,0,0,0,0,0.65,0.0,60.0,70.0,60.0,698.3240223463687,60.52141527001862,1.0849472377405338,1.0863594040968343,1.0875698324022345,20,1,52.92852709053827,-561.6759776536313,-59.47858472998138,55.422541456061005,50.43451272501552,0,0,0.48053952031892083,13.382103666696404,1260.0,120.0,2.0920688732268715,224.18,244.81999999999996,11.209,4.791,1.4274243911142832,0.2004264392324093,0.3965884861407249,1,20,3.549915246676778,20,0.1427424391114283,1.1428571428571437,1.3333333333333337,1.1428571428571437,4.184137746453743,1.0,101.5,-307.049723756906,-43.98993177033038,390.950276243094,False,True,356.7030386740332,323.65745856353595,56.01006822966963,39.36357142857144,1,698.0,27.678548805165907,0,0,0,12,3,10740,0.958158622535463,12,1,1,57.0,0,0.0,0.6,0.0418413774645374,1069.3950000000002,1002.0201206287895,36.0,0.6703910614525139,9,1691.4399999999998
Lags 3,0.91872602373093,2026-1,21,28.15472074468085,28.15472074468085,28.15472074468085,3.699089913415334e-16,32.6,4.710350753166894e-16,9.018783009343824e-18,7.1,27.67854880516591,27.67854880516591,22.0,25.0,19.0,6.154720744680851,6.154720744680851,0.0,0,0,77.42010416666662,-2.761629654335141e-16,22.5,86.8,5.702983905072954e-16,64.3,2.8944045821345144e-17,14,1,1,17.420104166666647,17.420104166666647,2.912358572177595e-14,0,0,0,0,0.6666666666666666,0.0,60.0,70.0,60.0,764.497482752191,65.26198023494312,1.078328719574291,1.1699297656784138,1.171452545217229,21,1,54.891675922247714,-615.502517247809,-54.73801976505688,55.39836831537615,54.38498352911927,0,0,0.4693644260446969,14.631100008921402,1380.0,120.0,2.0519225622267823,235.389,247.61099999999996,11.209,2.7910000000000004,1.248996342224998,0.1946169772256728,0.3850931677018633,1,21,3.549915246676778,21,0.1248996342224997,0.8749999999999994,1.0,1.1666666666666663,4.3090373806762425,1.0,101.5,-330.99999999999994,-43.66754617414247,427.00000000000006,False,False,390.950276243094,356.7030386740332,56.332453825857534,31.07142857142858,1,758.0,27.678548805165903,0,0,0,13,3,10726,0.956909626193238,13,1,1,60.0,0,0.0,0.6190476190476191,0.0430903738067624,862.0000000000002,1007.7875989445912,36.0,0.6712660824165579,9,1691.4399999999998
Tags 1,0.941110330288124,2026-1,1,25.525,28.15472074468085,28.15472074468085,0.0,32.0,0.0,0.0,10.6,24.952326108104703,24.952326108104703,30.0,32.0,28.0,4.475000000000001,-4.475000000000001,0.0,0,0,71.9708333333333,0.0,31.5,85.5,0.0,54.0,0.0,1,1,1,11.970833333333305,11.970833333333305,0.0,0,0,0,0,1.0,0.0,60.0,70.0,60.0,7.033338022225348,7.033338022225348,3.0,3.0,3.0,1,1,70.33338022225348,-2.966661977774652,-2.966661977774652,70.33338022225348,70.33338022225348,0,0,0.0,0.1405481377371749,10.0,10.0,0.8432888264230499,7.115,-1.1150000000000002,7.115,-1.1150000000000002,0.8432888264230499,4.0,12.0,0,0,0.0,0,0.0843288826423049,3.0,3.0,3.0,0.0843288826423049,0.0,106.75,0.0,0.0,64.0,True,False,669.9717991631799,637.6489644351465,100.0,39.36357142857144,0,64.0,24.952326108104703,1,1,1,0,0,7109,0.999156711173577,0,0,0,11.0,1,1.0,0.0,0.000843288826423,1069.3950000000002,1789.0,32.0,1.01280067520045,0,1446.68
Tags 1,0.941110330288124,2026-1,2,25.98125,25.525,28.15472074468085,0.912499999999999,32.5,0.4999999999999934,0.5999999999999992,10.55,25.778575389669072,25.778575389669072,30.0,32.0,28.0,3.5625,-3.5625,0.6452349378327256,0,0,70.18854166666665,-3.56458333333332,29.95,81.0,-4.500000000000019,52.6,-1.4000000000000106,1,1,0,8.40625,8.40625,2.520541047104526,1,0,0,0,0.5,0.0,60.0,70.0,60.0,14.08252358822701,7.041261794113505,1.0011266018870582,3.0,3.0,2,1,41.07402713232878,-15.91747641177299,-12.958738205886494,46.94174529409004,35.20630897056753,0,0,1.4134169345390586,0.2810962754743499,30.0,20.0,0.9838369641602249,14.23,-0.23000000000000043,7.115,0.8849999999999998,1.1243851018973998,1.7142857142857142,5.142857142857143,0,1,0.1243851018973998,1,0.11243851018974,1.333333333333335,3.0,3.0,0.1967673928320449,0.5,106.75,0.0,0.0,77.0,True,False,64.0,637.6489644351465,100.0,39.36357142857144,0,77.0,25.365450748886886,2,1,1,0,0,7101,0.99803232607168,0,0,0,13.0,1,1.0,0.0,0.0019676739283204,1069.3950000000002,1789.0,32.0,1.0139416983523448,0,1446.68
Tags 1,0.941110330288124,2026-1,3,26.27916666666667,26.4375,25.525,0.675000000000003,33.4,0.7000000000000032,0.5500000000000034,10.666666666666666,26.139328190281795,26.139328190281795,30.0,32.0,28.0,3.125,-3.125,0.6887866747646432,0,0,68.51805555555553,-3.3968750000000023,31.266666666666666,81.2,-2.149999999999994,47.3,-3.3499999999999983,1,1,0,5.1770833333333,5.1770833333333,3.3982547178389706,1,0,0,0,0.3333333333333333,0.0,60.0,70.0,60.0,28.20476660555634,14.10238330277817,2.002820476660556,2.005076857989,3.0,3,1,63.46072486250176,-21.79523339444366,-5.89761669722183,56.40953321111268,70.51191651389085,0,0,0.9994375486750705,0.5621925509486999,50.0,20.0,1.1243851018973998,21.345,2.6549999999999994,7.115,2.885,1.4054813773717498,1.0,3.0,0,2,0.4054813773717498,2,0.1405481377371749,1.249999999999999,1.6666666666666674,3.0,0.3373155305692199,0.6666666666666666,106.75,0.0,0.0,91.0,True,False,77.0,64.0,100.0,39.36357142857144,0,91.0,25.62340989601852,3,1,1,0,0,7091,0.996626844694308,0,0,0,14.0,1,1.0,0.0,0.0033731553056921,1069.3950000000002,1789.0,32.0,1.0153715978000282,0,1446.68
Tags 1,0.941110330288124,2026-1,4,26.409375,26.875,26.4375,0.426249999999998,33.2,0.4499999999999979,0.46999999999999814,10.6,26.139328190281795,26.02787423776929,30.0,32.0,28.0,3.1999999999999997,-3.1999999999999997,0.6197592778652056,0,0,67.26666666666665,-2.860416666666678,32.2,78.0,-2.2300000000000115,43.0,-3.8300000000000107,1,1,0,3.512500000000003,3.512500000000003,3.736663398873576,1,0,0,0,0.25,0.0,60.0,70.0,60.0,49.44899689177734,21.192427239333146,1.5027550155411131,3.0,3.0,4,1,75.35085240651784,-25.55100310822266,-3.8075727606668544,65.93199585570312,84.76970895733258,0,0,0.8532629311690693,0.9838369641602248,75.0,25.0,1.3000702740688685,28.46,8.54,7.115,5.885,1.8271257905832747,0.6486486486486487,1.945945945945946,0,3,0.8271257905832747,3,0.1827125790583275,1.300000000000001,1.6249999999999998,2.166666666666669,0.5200281096275474,0.75,106.75,0.0,0.0,107.0,True,False,91.0,77.0,100.0,39.36357142857144,0,107.0,25.72452598145621,4,1,1,0,0,7078,0.994799718903724,0,0,0,16.0,1,1.0,0.0,0.0052002810962754,1069.3950000000002,1789.0,32.0,1.017236507487991,0,1446.68
Tags 1,0.941110330288124,2026-1,5,26.334166666666658,26.8,26.875,0.1379166666666569,31.9,0.049999999999995944,0.2200000000000014,10.440000000000001,26.139328190281795,25.432215296048508,28.0,30.0,26.0,1.9666666666667003,-1.9666666666667003,0.5624567884636958,1,0,67.9875,-0.709374999999985,30.7,81.1,-1.1800000000000022,56.4,-0.48000000000000714,2,1,1,10.870833333333394,10.870833333333394,3.61524459609352,0,0,0,0,0.4,0.0,60.0,70.0,60.0,70.76139258420606,21.228417775261818,1.001698273422021,1.505307104443815,3.0,5,1,77.83753184262667,-29.238607415793936,-3.7715822247381823,70.76139258420606,84.91367110104727,0,0,0.8361580352534991,1.4054813773717498,100.0,25.0,1.3773717498243148,35.575,13.424999999999999,7.115,4.885,1.6865776528460998,0.4897959183673469,1.469387755102041,0,4,0.8271257905832747,4,0.1686577652846099,0.9230769230769226,1.2000000000000002,1.4999999999999991,0.6886858749121574,0.8,106.75,0.0,0.0,125.0,True,False,107.0,91.0,100.0,39.36357142857144,0,125.0,25.66606384437467,4,1,0,0,0,7066,0.993113141250878,0,0,0,18.0,1,0.8,0.0,0.0068868587491215,1069.3950000000002,1789.0,32.0,1.0189640532125672,0,1446.68
Tags 1,0.941110330288124,2026-1,6,26.22629830917873,26.0333333333333,26.8,-0.013649068322989589,32.6,0.02857142857142879,-0.05428571428571418,10.65,26.139328190281795,25.042956050711997,28.0,30.0,26.0,2.313043478260901,-2.313043478260901,0.5682425594708433,0,0,68.10878623188407,-0.30139751552793564,32.1,84.3,-0.25428571428571217,45.2,-1.0542857142857174,2,1,0,8.715217391304407,8.715217391304407,3.2471921550679035,1,0,0,0,0.3333333333333333,0.0,60.0,70.0,60.0,106.29251700680273,35.430839002267575,1.6690287226001512,1.6718631897203329,2.512400793650793,5,0,89.9830831803621,-28.707482993197274,0.4308390022675752,78.73519778281684,101.23096857790736,0,0,0.7480012654096789,2.1082220660576247,135.0,35.0,1.3820566877488873,42.690000000000005,16.31,7.115,2.885,1.4054813773717498,0.4067796610169492,1.2203389830508475,1,5,0.8271257905832747,5,0.1405481377371749,0.8333333333333331,0.7692307692307687,1.0,0.8292340126493323,0.8333333333333334,106.75,0.0,0.0,145.0,True,False,125.0,107.0,100.0,39.36357142857144,0,145.0,25.562212545430892,5,1,1,0,0,7056,0.991707659873507,0,0,0,20.0,1,0.8333333333333334,0.0,0.0082923401264933,1069.3950000000002,1789.0,32.0,1.020408163265306,0,1446.68
Tags 1,0.941110330288124,2026-1,7,26.380874741200813,25.6869565217391,26.0333333333333,0.10740165631469306,30.3,-0.22857142857142568,0.27142857142857246,9.914285714285715,26.69997794204448,26.69997794204448,28.0,30.0,26.0,0.6916666666666984,-0.6916666666666984,0.6605604580089942,1,0,68.53788819875777,0.13345302795032415,30.17142857142857,80.3,-0.32500000000000295,61.7,0.6214285714285734,3,1,1,11.112499999999995,11.112499999999995,3.1742369522615905,0,0,0,0,0.42857142857142855,0.0,60.0,70.0,60.0,141.9849495953429,35.496237398835724,1.0018458043447394,1.6721094230678215,1.6749491220597283,5,0,92.46918986251325,-28.015050404657103,0.4962373988357242,83.52055858549582,101.41782113953064,0,0,0.7315311876819555,2.8109627547435,170.0,35.0,1.4456379881537997,49.80500000000001,22.195,7.115,5.885,1.8271257905832747,0.3333333333333333,1.0,1,6,0.8271257905832747,6,0.1827125790583275,1.300000000000001,1.083333333333334,1.0,1.0119465917076598,0.8571428571428571,123.71,-43.290000000000006,-25.922155688622755,123.71,False,False,145.0,125.0,74.07784431137723,39.36357142857144,0,167.0,25.724750459232833,5,1,0,0,0,7043,0.989880534082924,0,0,0,22.0,1,0.7142857142857143,0.0,0.0101194659170765,1069.3950000000002,1325.2526347305388,32.0,1.0222916370864688,0,1446.68
Tags 1,0.941110330288124,2026-1,8,26.358525815217373,27.3083333333333,25.6869565217391,0.05670182022083635,30.1,-0.3333333333333314,0.3095238095238104,9.450000000000001,26.69997794204448,25.84035435955681,28.0,30.0,26.0,1.7979166666667012,-1.7979166666667012,0.6148183568800342,1,0,70.24382925724639,1.22626272429263,27.725,86.8,0.2142857142857176,76.2,2.4761904761904767,4,1,1,27.185416666666697,27.185416666666697,5.649624962226686,0,0,0,0,0.5,0.0,55.0,65.0,55.0,170.74558907228229,28.45759817871372,0.8017074558907228,0.803187250996016,1.3405425915386076,6,1,67.2634138769597,-49.254410927717714,-21.542401821286283,77.61163139649196,56.91519635742743,0,0,0.7333203236855269,3.3731553056922,220.0,50.0,1.528460997891778,56.92,30.08,7.115,7.885,2.1082220660576247,0.2758620689655172,0.8275862068965517,1,7,1.1082220660576247,7,0.2108222066057624,1.1538461538461533,1.5000000000000004,1.25,1.2227687983134223,0.875,123.71,-46.319475982532765,-24.124727074235818,145.68052401746723,False,True,123.71,145.0,75.87527292576418,39.36357142857144,0,192.0,25.73920094677333,5,1,0,0,0,7028,0.987772312016866,0,0,0,25.0,1,0.625,0.0,0.0122276879831342,1069.3950000000002,1357.4086326419213,32.0,1.0244735344336935,1,1446.68
Tags 1,0.941110330288124,2026-1,9,26.373087761674697,26.2020833333333,27.3083333333333,0.04842844202898151,28.2,-0.4866666666666646,0.4133333333333345,8.700000000000001,26.69997794204448,26.016690881728493,25.0,28.0,23.0,1.4895833333333002,1.4895833333333002,0.5767667318974942,1,0,70.99729267310789,1.3104619565217457,26.322222222222223,84.5,0.2983333333333377,69.4,2.7233333333333363,5,1,1,22.02500000000001,22.02500000000001,5.747855557376448,0,0,0,0,0.5555555555555556,0.0,55.0,65.0,55.0,206.6704675028506,35.63283922462942,1.2521379703534778,1.00384834663626,1.0057012542759407,7,1,73.90514802145361,-63.32953249714939,-14.36716077537058,76.54461759364838,71.26567844925884,0,0,0.6908217762153488,4.075895994378074,270.0,50.0,1.546029515108925,64.035,34.964999999999996,7.115,4.885,1.6865776528460998,0.2424242424242424,0.7272727272727273,1,8,1.1082220660576247,8,0.1686577652846099,0.7999999999999999,0.9230769230769226,1.2000000000000002,1.3914265635980323,0.8888888888888888,123.71,-49.71248908296943,-22.59658594680429,170.28751091703057,False,True,145.68052401746723,123.71,77.40341405319572,39.36357142857144,0,220.0,25.77003316176835,5,1,0,0,0,7016,0.98608573436402,0,0,0,28.0,1,0.5555555555555556,0.0,0.0139142656359803,1069.3950000000002,1384.7470774116714,32.0,1.026225769669327,1,1446.68
Tags 1,0.941110330288124,2026-1,10,26.38286231884056,26.4895833333333,26.2020833333333,0.04055226174790775,30.3,-0.42363636363636337,0.37818181818181895,8.430000000000001,26.69997794204448,25.799046850017884,25.0,28.0,23.0,1.4708333333332997,1.4708333333332997,0.5446586781636436,1,0,70.68131340579711,0.7807109134826603,26.119999999999997,79.5,0.05212121212120992,55.2,1.9260606060606078,6,1,1,12.837500000000006,12.837500000000006,5.510481011783416,0,0,0,0,0.6,0.0,55.0,65.0,55.0,249.7502497502497,42.81432852861424,1.2015413158270298,1.5044955044955044,1.2061652633081204,8,1,73.51955403903456,-80.24975024975026,-17.18567147138576,75.68189386371205,71.35721421435707,0,0,0.6568365697428362,4.919184820801124,330.0,60.0,1.5179198875614899,71.14999999999999,36.849999999999994,7.115,1.885,1.2649332396345747,0.2222222222222222,0.6666666666666666,1,9,1.1082220660576247,9,0.1264933239634574,0.7499999999999998,0.5999999999999998,0.6923076923076917,1.51791988756149,0.9,123.71,-53.22668122270741,-21.376177197874465,195.7733187772926,False,True,170.28751091703057,145.68052401746723,78.62382280212555,39.36357142857144,0,249.0,25.7729345305933,5,1,0,0,0,7007,0.984820801124385,0,0,0,29.0,1,0.5,0.0,0.0151791988756148,1069.3950000000002,1406.5801899300259,32.0,1.0275438846867415,1,1446.68
Tags 1,0.941110330288124,2026-1,11,26.377412714097478,26.4708333333333,26.4895833333333,0.027689393939393216,31.5,-0.31545454545454477,0.24181818181818263,8.51818181818182,26.69997794204448,25.7886408759159,25.0,28.0,23.0,1.3229166666666998,1.3229166666666998,0.5170246108644,1,0,70.99210309617919,0.7409280303030331,26.10909090909091,85.9,0.20636363636363675,59.9,1.6172727272727287,7,1,1,19.099999999999994,19.099999999999994,5.328353726173658,0,0,0,0,0.6363636363636364,0.0,55.0,65.0,55.0,293.02458547741566,42.88164665523156,1.001572327044025,1.2034305317324183,1.5068610634648372,9,1,73.30196009441292,-96.97541452258434,-17.118353344768437,75.13450909677324,71.46941109205261,0,0,0.6372147867094541,5.762473647224174,390.0,60.0,1.5204753082476203,78.26499999999999,40.73499999999999,7.115,3.885,1.5460295151089247,0.2016806722689075,0.6050420168067226,1,10,1.1082220660576247,10,0.1546029515108924,1.2222222222222223,0.9166666666666666,0.7333333333333332,1.6725228390723823,0.9090909090909091,123.71,-57.22558951965064,-20.292762241010863,224.77441048034936,False,True,195.7733187772926,170.28751091703057,79.70723775898914,39.36357142857144,0,282.0,25.774362380168085,5,1,0,0,0,6996,0.983274771609276,0,0,0,33.0,1,0.45454545454545453,0.0,0.0167252283907238,1069.3950000000002,1425.9624835083157,32.0,1.0291595197255574,1,1446.68
Tags 1,0.941110330288124,2026-1,12,26.43241998792269,26.3229166666667,26.4708333333333,0.046687506334245295,34.0,-0.14475524475524582,0.17307692307692416,8.758333333333335,26.69997794204448,26.5088031739914,25.0,28.0,23.0,2.0375000000000014,2.0375000000000014,0.5285099212383313,1,0,71.29553894927537,0.7099919555082599,26.641666666666666,87.0,0.32972027972028206,54.5,1.169230769230771,8,1,1,19.633333333333297,19.633333333333297,5.187986228243812,0,0,0,0,0.6666666666666666,0.0,55.0,65.0,55.0,350.651209388865,57.24917704308,1.3350508086446256,1.3371499451362054,1.6066409045369971,10,1,79.00653120657975,-109.34879061113496,-12.750822956919995,76.22852378018806,81.78453863297143,0,0,0.6078797640034094,6.886858749121574,460.0,70.0,1.4991801358632,85.37999999999998,42.61999999999999,7.115,1.885,1.2649332396345747,0.1875,0.5625,1,11,1.1082220660576247,11,0.1264933239634574,0.818181818181818,1.0,0.7499999999999998,1.79901616303584,0.9166666666666666,123.71,-61.46685589519649,-19.390175361260724,255.5331441048035,False,True,224.77441048034936,195.7733187772926,80.60982463873928,39.36357142857144,0,317.0,25.83556577965336,5,1,0,0,0,6987,0.982009838369642,0,0,0,35.0,1,0.4166666666666667,0.0,0.0179901616303584,1069.3950000000002,1442.1097627870456,32.0,1.03048518677544,1,1446.68
Tags 1,0.941110330288124,2026-1,13,26.48136845039018,27.0375,26.3229166666667,0.057660953177257605,31.2,-0.12912087912087858,0.1983516483516498,8.576923076923078,26.69997794204448,26.582579599706683,25.0,28.0,23.0,2.0687500000000014,2.0687500000000014,0.5359041125268297,1,0,71.70389492753624,0.7328605271540081,26.33076923076923,86.7,0.3835164835164855,64.1,1.1763736263736275,9,1,1,21.6041666666667,21.6041666666667,5.180741022656406,0,0,0,0,0.6923076923076923,0.0,55.0,65.0,55.0,393.98280802292265,42.97994269340974,0.7507521489971347,1.002292263610315,1.0038681948424069,11,1,63.34235381513319,-146.01719197707737,-37.02005730659026,72.9597792635042,53.72492836676217,0,0,0.6090245555686181,7.730147575544624,540.0,80.0,1.4595383534245097,92.49499999999998,42.50499999999999,7.115,-0.1150000000000002,0.9838369641602248,0.1777777777777777,0.5333333333333333,1,11,1.1082220660576247,11,0.0983836964160224,0.7777777777777777,0.6363636363636361,0.7777777777777777,1.8973998594518624,0.8461538461538461,123.71,-66.07165938864625,-18.611735039055283,288.92834061135375,False,True,255.5331441048035,224.77441048034936,81.38826496094472,39.36357142857144,0,355.0,25.893028381195922,5,1,0,0,0,6980,0.981026001405481,0,0,0,38.0,1,0.38461538461538464,0.0,0.0189739985945186,1069.3950000000002,1456.036060151301,32.0,1.0315186246418335,1,1446.68
Tags 1,0.941110330288124,2026-1,14,26.562163561076595,27.06875,27.0375,0.07844680681637076,33.4,-0.05274725274725352,0.15999999999999961,8.700000000000001,27.084578863975263,27.084578863975263,25.0,28.0,23.0,2.6125000000000007,2.6125000000000007,0.5970689496100046,1,0,71.93099767080747,0.6771295190316929,26.5,86.4,0.397802197802197,57.7,0.9643956043956032,10,1,1,19.8833333333334,19.8833333333334,5.049506448983664,0,0,0,0,0.7142857142857143,0.0,55.0,65.0,55.0,451.7424351068407,57.3641187437258,1.3346718294373536,1.0020077441560304,1.3377312491036857,12,1,67.72152907245408,-178.25756489315933,-32.6358812562742,71.70514842965726,63.737909715250886,0,0,0.5851424643360623,8.854532677442023,630.0,90.0,1.4255596827627752,99.60999999999997,42.389999999999986,7.115,-0.1150000000000002,0.9838369641602248,0.1690140845070422,0.5070422535211268,1,11,1.1082220660576247,11,0.0983836964160224,1.0,0.7777777777777777,0.6363636363636361,1.9957835558678847,0.7857142857142857,123.71,-71.03999999999996,-17.93939393939393,324.96000000000004,False,False,288.92834061135375,255.5331441048035,82.06060606060606,39.36357142857144,0,396.0,25.978139129965875,5,1,0,0,0,6973,0.980042164441321,0,0,0,41.0,1,0.35714285714285715,0.0,0.0199578355586788,1069.3950000000002,1468.0642424242426,32.0,1.0325541373870644,1,1446.68
Tags 1,0.941110330288124,2026-1,15,26.598297101449266,27.6125,27.06875,0.07728810817805605,32.5,-0.02428571428571401,0.1785714285714285,8.620000000000001,27.084578863975263,26.79894875609469,25.0,28.0,23.0,2.1041666666667,2.1041666666667,0.5921251178726921,1,0,72.80587560386475,0.8782469591097334,25.89333333333333,90.1,0.4896428571428591,72.7,1.177500000000001,11,1,1,35.0541666666667,35.0541666666667,5.9293705607032505,0,0,0,0,0.7333333333333333,0.0,50.0,60.0,50.0,523.9735859890899,71.7772035601493,1.251256101062303,1.6700162694994738,1.253768303186908,13,1,76.26327878265863,-196.0264140109101,-18.222796439850697,72.77410916515137,79.75244840016589,0,0,0.564398000296746,10.260014054813771,720.0,90.0,1.396111501522605,106.72499999999997,42.274999999999984,7.115,-0.1150000000000002,0.9838369641602248,0.1610738255033557,0.4832214765100671,1,11,1.1082220660576247,11,0.0983836964160224,1.0,1.0,0.7777777777777777,2.094167252283907,0.7333333333333333,123.71,-72.97381215469613,-16.622736253917115,366.0261878453039,False,True,324.96000000000004,288.92834061135375,83.37726374608289,39.36357142857144,0,439.0,26.032859771707795,5,1,0,0,0,6966,0.979058327477161,0,0,0,43.0,1,0.3333333333333333,0.0,0.020941672522839,1069.3950000000002,1491.619248417423,32.0,1.0335917312661498,1,1446.68
Tags 1,0.941110330288124,2026-1,16,26.70165874094202,27.1041666666667,27.6125,0.1001296089087814,32.9,0.004117647058824328,0.20029411764705915,8.537500000000001,27.85428945971946,27.85428945971946,22.0,25.0,19.0,6.2520833333333,6.2520833333333,0.7058158880563498,0,1,73.31905004528987,0.9043825927110025,25.7875,89.9,0.5358823529411757,65.7,1.1397058823529422,12,1,1,31.01666666666669,31.01666666666669,6.0849958378816655,0,0,0,0,0.75,0.0,50.0,60.0,50.0,596.4357574015522,71.85972980741593,1.0011497556769189,1.2526947398677784,1.6719363801858775,14,1,72.2978988916075,-223.56424259844775,-28.14027019258407,72.73606797579906,71.85972980741593,0,0,0.5518219721516867,11.665495432185525,820.0,100.0,1.3791286015460296,113.84,43.16,7.115,0.8849999999999998,1.1243851018973998,0.1528662420382165,0.4585987261146497,1,12,1.1082220660576247,11,0.11243851018974,1.142857142857144,1.142857142857144,1.142857142857144,2.206605762473647,0.75,123.71,-75.08751381215467,-15.450105722665567,410.9124861878453,False,True,366.0261878453039,324.96000000000004,84.54989427733443,39.36357142857144,0,486.0,26.146699127208525,5,1,0,1,0,6958,0.977933942375264,1,1,1,47.0,1,0.3125,0.0625,0.0220660576247364,1069.3950000000002,1512.5976086215128,32.0,1.0347801092267892,1,1446.68
Tags 1,0.941110330288124,2026-1,17,26.79592391304347,28.2520833333333,27.1041666666667,0.11486306479113582,33.5,0.03529411764706012,0.19754901960784407,8.541176470588237,27.85428945971946,27.848074634781707,22.0,25.0,19.0,6.304166666666699,6.304166666666699,0.7861938367893777,0,2,73.61658141517478,0.8528292838874704,25.964705882352945,89.0,0.539460784313728,60.2,0.9835784313725493,13,1,1,28.377083333333303,28.377083333333303,6.018130899495491,0,0,0,0,0.7647058823529411,0.0,50.0,60.0,50.0,676.0644418872267,79.11392405063292,1.1009493670886077,1.1022151898734176,1.3791534810126584,15,1,76.29959473657878,-243.9355581127733,-20.886075949367083,73.48526542252465,79.11392405063292,0,0,0.5369178758131206,13.211524947294448,920.0,100.0,1.3476086147740896,120.955,42.044999999999995,7.115,-1.1150000000000002,0.8432888264230499,0.147239263803681,0.4417177914110429,1,12,1.1082220660576247,11,0.0843288826423049,0.749999999999999,0.857142857142857,0.857142857142857,2.290934645115952,0.7058823529411765,123.71,-77.29116022099447,-14.446945835699902,457.70883977900553,False,True,410.9124861878453,366.0261878453039,85.55305416430011,39.36357142857144,0,535.0,26.246780039418713,5,1,0,2,0,6952,0.97709065354884,2,1,1,49.0,1,0.29411764705882354,0.11764705882352941,0.0229093464511595,1069.3950000000002,1530.5441389993289,32.0,1.0356731875719218,1,1446.68
Tags 1,0.941110330288124,2026-1,18,26.879483695652166,28.3041666666667,28.2520833333333,0.123114091174229,33.3,0.05304437564499489,0.1939112487100105,8.527777777777779,27.85428945971946,27.833730524108,22.0,25.0,19.0,6.300000000000001,6.300000000000001,0.8410839151179054,0,3,73.85535929951692,0.7935755709606516,25.92777777777778,87.6,0.50794633642931,62.3,0.8936016511867908,14,1,1,27.914583333333297,27.914583333333297,5.925681619065271,0,0,0,0,0.7777777777777778,0.0,50.0,60.0,50.0,763.2488479262673,86.40552995391705,1.0921658986175116,1.2024193548387097,1.2038018433179722,16,1,76.32615583602117,-266.75115207373267,-23.594470046082947,74.10182989575411,78.55048177628822,0,0,0.5233303667521105,14.898102600140549,1030.0,110.0,1.3352073085031622,128.07,42.92999999999999,7.115,0.8849999999999998,1.1243851018973998,0.1403508771929824,0.4210526315789473,1,13,1.1082220660576247,11,0.11243851018974,1.333333333333335,1.0,1.142857142857144,2.403373155305692,0.7222222222222222,123.71,-79.58475138121548,-13.581015594064077,506.4152486187845,False,True,457.70883977900553,410.9124861878453,86.41898440593593,39.36357142857144,0,586.0,26.33494395523478,5,1,0,3,0,6944,0.975966268446943,3,1,1,51.0,1,0.2777777777777778,0.16666666666666666,0.0240337315530569,1069.3950000000002,1546.0356310221937,32.0,1.036866359447005,1,1446.68
Tags 1,0.941110330288124,2026-1,19,26.930234553775737,28.3,28.3041666666667,0.11987223493516481,33.6,0.06964912280701671,0.17087719298245518,8.589473684210526,27.85428945971946,27.212392630857867,22.0,25.0,19.0,5.84375,5.84375,0.8467929286393988,0,3,73.66922196796338,0.6186980358504947,26.41052631578948,87.5,0.47578947368421165,52.4,0.6587719298245608,15,1,1,20.318749999999994,20.318749999999994,5.815602841488129,0,0,0,0,0.7894736842105263,0.0,50.0,60.0,50.0,850.2666090214728,86.4677907479464,1.0007205649228996,1.0929528750540425,1.203285776048422,17,1,76.59593638158728,-289.73339097852715,-23.532209252053605,74.58479026504148,78.60708249813308,0,0,0.5130340789453367,16.584680252986647,1140.0,110.0,1.3019195916706734,135.185,40.81499999999999,7.115,-2.115,0.7027406886858749,0.1363636363636363,0.4090909090909091,1,13,1.1082220660576247,11,0.0702740688685874,0.6249999999999991,0.8333333333333333,0.6249999999999991,2.47364722417428,0.6842105263157895,123.71,-82.05823204419892,-12.80159626274554,558.9417679558011,False,True,506.4152486187845,457.70883977900553,87.19840373725447,39.36357142857144,0,641.0,26.381125464478103,5,1,0,4,0,6939,0.975263527758257,4,1,1,55.0,1,0.2631578947368421,0.21052631578947367,0.0247364722417428,1069.3950000000002,1559.9794428594823,32.0,1.0376134889753568,1,1446.68
Tags 1,0.941110330288124,2026-1,20,26.96601449275361,27.84375,28.3,0.11297046965239173,33.6,0.0807518796992474,0.14451127819548792,8.67,27.85428945971946,26.96732523868613,22.0,25.0,19.0,5.6458333333333,5.6458333333333,0.8395965912434714,0,3,73.39211503623189,0.45113919309142186,26.795000000000005,81.0,0.35270676691729363,46.9,0.39969924812029956,16,1,1,18.127083333333303,18.127083333333303,5.794560929698747,0,0,0,0,0.8,0.0,50.0,60.0,50.0,937.6803231390652,86.55510675129833,1.0010098095787652,1.001731102135026,1.0940565493364107,18,1,73.27416444554356,-322.3196768609348,-33.444893248701675,74.41907326500518,72.12925562608193,0,0,0.5032076185419114,18.271257905832748,1260.0,120.0,1.286015460295151,142.3,40.69999999999999,7.115,-0.1150000000000002,0.9838369641602248,0.1311475409836065,0.3934426229508196,1,13,1.1082220660576247,11,0.0983836964160224,1.4000000000000006,0.8749999999999991,1.166666666666667,2.572030920590302,0.65,123.71,-84.6216574585635,-12.12344662730136,613.3783425414365,False,True,558.9417679558011,506.4152486187845,87.87655337269864,39.36357142857144,0,698.0,26.410435453188505,5,1,0,5,0,6932,0.974279690794097,5,1,1,57.0,1,0.25,0.25,0.025720309205903,1069.3950000000002,1572.1115398375787,32.0,1.03866128101558,1,1446.68
Tags 1,0.941110330288124,2026-1,21,27.00840665976535,27.6458333333333,27.84375,0.10912690570299312,33.5,0.08662337662337678,0.12961038961038995,8.714285714285714,27.85428945971946,27.245061685279406,22.0,25.0,19.0,5.856249999999999,5.856249999999999,0.8410798574031109,0,3,73.2889190821256,0.361475861095426,26.890476190476193,83.5,0.28948051948051845,54.7,0.30402597402597487,17,1,1,21.224999999999994,21.224999999999994,5.667603290052477,0,0,0,0,0.8095238095238095,0.0,50.0,60.0,50.0,1032.789253213925,93.88993211035678,1.084741682314989,1.085837064856276,1.0866194809571958,19,1,76.54070552474738,-347.21074678607533,-26.11006788964322,74.83980095753078,78.24161009196399,0,0,0.49204441044555475,20.098383696416025,1380.0,120.0,1.2850115450255999,149.41500000000002,42.58499999999999,7.115,1.885,1.2649332396345747,0.125,0.375,1,14,1.1082220660576247,11,0.1264933239634574,1.2857142857142858,1.800000000000001,1.124999999999999,2.6985242445537594,0.6666666666666666,123.71,-87.32000000000005,-11.519788918205812,670.68,False,False,613.3783425414365,558.9417679558011,88.4802110817942,49.38857142857142,0,758.0,26.45017955947855,5,1,0,6,0,6923,0.973014757554462,6,1,1,60.0,1,0.23809523809523808,0.2857142857142857,0.0269852424455375,1362.12,1582.9109762532983,32.0,1.040011555683952,1,1446.68
Tags 2,0.939755652296026,2026-1,1,28.15472074468085,28.15472074468085,28.15472074468085,0.0,32.6,0.0,0.0,7.100000000000001,27.67854880516591,27.67854880516591,30.0,32.0,28.0,1.8452792553191488,-1.8452792553191488,0.0,1,0,77.42010416666665,0.0,22.5,86.8,0.0,64.3,0.0,1,1,1,17.420104166666647,17.420104166666647,0.0,0,0,0,0,1.0,0.0,60.0,70.0,60.0,7.033338022225348,7.033338022225348,3.0,3.0,3.0,1,1,70.33338022225348,-2.966661977774652,-2.966661977774652,70.33338022225348,70.33338022225348,0,0,0.0,0.1404297149276786,10.0,10.0,1.6851565791321443,7.121,4.879,7.121,4.879,1.6851565791321443,2.75,5.75,0,1,0.6851565791321443,1,0.1685156579132144,3.0,3.0,3.0,0.1685156579132144,1.0,106.75,0.0,0.0,64.0,True,False,669.9717991631799,637.6489644351465,100.0,39.36357142857144,0,64.0,27.67854880516591,0,0,0,0,0,7109,0.998314843420868,0,0,0,11.0,1,0.0,0.0,0.0016851565791321,1069.3950000000002,1789.0,32.0,1.01280067520045,0,1550.16
Tags 2,0.939755652296026,2026-1,2,28.15472074468085,28.15472074468085,28.15472074468085,-6.783381100595097e-15,32.6,-6.772789795300852e-15,-4.066460168369259e-15,7.100000000000001,27.67854880516591,27.67854880516591,30.0,32.0,28.0,1.8452792553191488,-1.8452792553191488,0.0,1,0,77.42010416666665,-1.1658284442341368e-14,22.5,86.8,-1.7209744916952118e-14,64.3,-2.2316770830227838e-14,2,1,1,17.420104166666647,17.420104166666647,0.0,0,0,0,0,1.0,0.0,60.0,70.0,60.0,14.084507042253522,7.042253521126761,1.0012676056338028,3.0,3.0,2,1,41.07981220657277,-15.915492957746478,-12.95774647887324,46.948356807511736,35.21126760563381,0,0,1.4133172298335628,0.2808594298553574,30.0,20.0,1.474512006740626,14.242,6.757999999999999,7.121,1.879,1.263867434349108,1.5714285714285714,3.2857142857142856,0,2,0.6851565791321443,2,0.1263867434349108,0.75,3.0,3.0,0.2949024013481253,1.0,106.75,0.0,0.0,77.0,True,False,64.0,637.6489644351465,100.0,39.36357142857144,0,77.0,27.67854880516591,0,0,0,0,0,7100,0.997050975986519,0,0,0,13.0,1,0.0,0.0,0.0029490240134812,1069.3950000000002,1789.0,32.0,1.0140845070422535,0,1550.16
Tags 2,0.939755652296026,2026-1,3,28.154720744680855,28.15472074468085,28.15472074468085,-1.2895420286198467e-15,32.6,2.30148056710964e-15,2.3936246954295856e-15,7.100000000000001,27.67854880516591,27.67854880516591,30.0,32.0,28.0,1.8452792553191488,-1.8452792553191488,4.351167857633658e-15,1,0,77.42010416666665,1.136476922109094e-14,22.5,86.8,1.802190973325158e-15,64.3,-3.3130325148630877e-15,3,1,1,17.420104166666647,17.420104166666647,0.0,0,0,0,0,1.0,0.0,60.0,70.0,60.0,28.21670428893905,14.108352144469526,2.0033860045146725,2.005925507900677,3.0,3,1,63.48758465011287,-21.783295711060948,-5.891647855530474,56.43340857787811,70.54176072234763,0,0,0.9993674604186406,0.5617188597107148,50.0,20.0,1.5447268642044654,21.363,11.636999999999999,7.121,4.879,1.6851565791321443,1.0,2.090909090909091,0,3,0.6851565791321443,3,0.1685156579132144,1.3333333333333337,1.0,3.0,0.4634180592613396,1.0,106.75,0.0,0.0,91.0,True,False,77.0,64.0,100.0,39.36357142857144,0,91.0,27.678548805165907,0,0,0,0,0,7088,0.995365819407386,0,0,0,14.0,1,0.0,0.0,0.0046341805926133,1069.3950000000002,1789.0,32.0,1.015801354401806,0,1550.16
Tags 2,0.939755652296026,2026-1,4,28.15472074468085,28.15472074468085,28.15472074468085,-4.860576503336004e-15,32.6,-2.22671580167811e-15,-3.4693771706650844e-15,7.100000000000001,27.67854880516591,27.67854880516591,30.0,32.0,28.0,1.8452792553191488,-1.8452792553191488,0.0,1,0,77.42010416666665,-1.0656246691081632e-14,22.5,86.8,-1.1688067064152732e-14,64.3,-8.691606854378891e-15,4,1,1,17.420104166666647,17.420104166666647,0.0,0,0,0,0,1.0,0.0,60.0,70.0,60.0,49.442011583557,21.189433535810146,1.501907049018223,3.0,3.0,4,1,75.34020812732496,-25.557988416443003,-3.810566464189858,65.92268211140933,84.75773414324057,0,0,0.8533666372336189,0.9830080044937508,75.0,25.0,1.474512006740626,28.484,13.515999999999998,7.121,1.879,1.263867434349108,0.7857142857142857,1.6428571428571428,0,4,0.6851565791321443,4,0.1263867434349108,0.75,1.0,0.75,0.5898048026962506,1.0,106.75,0.0,0.0,107.0,True,False,91.0,77.0,100.0,39.36357142857144,0,107.0,27.67854880516591,0,0,0,0,0,7079,0.994101951973038,0,0,0,16.0,1,0.0,0.0,0.0058980480269625,1069.3950000000002,1789.0,32.0,1.017092809718887,0,1550.16
Tags 2,0.939755652296026,2026-1,5,28.15472074468085,28.15472074468085,28.15472074468085,-3.371434273386755e-15,32.6,-3.764398267022435e-15,-4.80122207299609e-16,7.100000000000001,27.67854880516591,27.67854880516591,28.0,30.0,26.0,0.1547207446808514,0.1547207446808514,0.0,1,0,77.42010416666665,-4.822292063407377e-15,22.5,86.8,-3.627382670784715e-15,64.3,-3.145486211302101e-15,5,1,1,17.420104166666647,17.420104166666647,0.0,0,0,0,0,1.0,0.0,60.0,70.0,60.0,70.71135624381276,21.21340687314383,1.001131381699901,1.5036062791684346,3.0,5,1,77.78249186819403,-29.28864375618724,-3.786593126856172,70.71135624381276,84.85362749257531,0,0,0.8363486647396101,1.4042971492767868,100.0,25.0,1.4042971492767868,35.605000000000004,14.394999999999998,7.121,0.8789999999999996,1.1234377194214296,0.66,1.38,1,5,0.6851565791321443,5,0.1123437719421429,0.8888888888888886,0.6666666666666664,0.8888888888888886,0.7021485746383935,1.0,106.75,0.0,0.0,125.0,True,False,107.0,91.0,100.0,39.36357142857144,0,125.0,27.67854880516591,0,0,0,0,0,7071,0.992978514253616,0,0,0,18.0,1,0.0,0.0,0.0070214857463839,1069.3950000000002,1789.0,32.0,1.0182435299109036,0,1550.16
Tags 2,0.939755652296026,2026-1,6,28.154720744680848,28.15472074468085,28.15472074468085,-1.3488542533772615e-15,32.6,-3.003278291787231e-16,-6.929659921216828e-16,7.100000000000001,27.67854880516591,27.67854880516591,28.0,30.0,26.0,0.1547207446808514,0.1547207446808514,3.891802844472395e-15,1,0,77.42010416666665,-3.2804718226432046e-15,22.5,86.8,-5.226196707538049e-15,64.3,-1.2637676618891283e-15,6,1,1,17.420104166666647,17.420104166666647,0.0,0,0,0,0,1.0,0.0,60.0,70.0,60.0,106.20220900594732,35.40073633531578,1.6687907108467857,1.6706787501180027,2.509204191447182,5,0,89.90663196270674,-28.79779099405268,0.4007363353157771,78.66830296736839,101.14496095804508,0,0,0.7481724443531816,2.10644572391518,135.0,35.0,1.3808921967888406,42.726000000000006,16.273999999999997,7.121,1.879,1.263867434349108,0.559322033898305,1.1694915254237288,1,6,0.6851565791321443,6,0.1263867434349108,1.1250000000000002,1.0,0.75,0.8285353180733043,1.0,106.75,0.0,0.0,145.0,True,False,125.0,107.0,100.0,39.36357142857144,0,145.0,27.678548805165914,0,0,0,0,0,7062,0.991714646819267,0,0,0,20.0,1,0.0,0.0,0.008285353180733,1069.3950000000002,1789.0,32.0,1.0195412064570943,0,1550.16
Tags 2,0.939755652296026,2026-1,7,28.154720744680848,28.15472074468085,28.15472074468085,-3.895921039444663e-16,32.6,1.656277457553702e-15,1.2138620989631208e-15,7.100000000000001,27.67854880516591,27.67854880516591,28.0,30.0,26.0,0.1547207446808514,0.1547207446808514,3.837369354665453e-15,1,0,77.42010416666665,2.54453727244602e-15,22.5,86.8,2.9813600726655495e-15,64.3,-1.585001016368459e-15,7,1,1,17.420104166666647,17.420104166666647,0.0,0,0,0,0,1.0,0.0,60.0,70.0,60.0,141.80374361883153,35.45093590470788,1.0014180374361883,1.6711571185479297,1.6730478351295142,5,0,92.35117756688608,-28.196256381168467,0.4509359047078831,83.41396683460678,101.28838829916538,0,0,0.7317136686858242,2.8085942985535737,170.0,35.0,1.3842357614299756,49.84700000000001,19.153,7.121,2.879,1.4042971492767868,0.4782608695652174,1.0,1,7,0.6851565791321443,7,0.1404297149276786,1.1111111111111107,1.2499999999999998,1.1111111111111107,0.9689650330009828,1.0,124.99,-42.010000000000005,-25.155688622754496,124.99,False,False,145.0,125.0,74.8443113772455,39.36357142857144,0,167.0,27.678548805165914,0,0,0,0,0,7052,0.99031034966999,0,0,0,22.0,1,0.0,0.0,0.0096896503300098,1069.3950000000002,1338.9647305389221,32.0,1.0209869540555871,0,1550.16
Tags 2,0.939755652296026,2026-1,8,28.15472074468085,28.15472074468085,28.15472074468085,2.560235073882277e-15,32.6,2.821334018596945e-15,1.5927353798953544e-15,7.100000000000001,27.67854880516591,27.67854880516591,28.0,30.0,26.0,0.1547207446808514,0.1547207446808514,0.0,1,0,77.42010416666665,6.1910039907492395e-15,22.5,86.8,3.730138838203249e-15,64.3,1.0375528248368055e-15,8,1,1,22.420104166666647,22.420104166666647,0.0,0,0,0,0,1.0,0.0,55.0,65.0,55.0,177.45599091425328,35.49119818285065,1.0011357183418512,1.002555366269165,1.6730550823395796,6,1,75.8221052088173,-42.54400908574672,-14.508801817149347,80.6618140519333,70.9823963657013,0,0,0.7094200947647007,3.510742873191967,220.0,50.0,1.3516360061789072,56.968,20.031999999999996,7.121,0.8789999999999996,1.1234377194214296,0.4285714285714285,0.8961038961038961,1,8,0.6851565791321443,8,0.1123437719421429,0.8,0.8888888888888886,1.0,1.081308804943126,1.0,124.99,-49.9783406113537,-26.030385735080053,142.0216593886463,False,True,124.99,145.0,73.96961426491995,39.36357142857144,0,192.0,27.67854880516591,0,0,0,0,0,7044,0.989186911950569,0,0,0,25.0,1,0.0,0.0,0.0108130880494312,1069.3950000000002,1323.316399199418,32.0,1.0221465076660987,0,1550.16
Tags 2,0.939755652296026,2026-1,9,28.15472074468085,28.15472074468085,28.15472074468085,1.0383261863092424e-15,32.6,1.926709849426818e-15,5.833989137158367e-16,7.100000000000001,27.67854880516591,27.67854880516591,25.0,28.0,23.0,3.1547207446808514,3.1547207446808514,0.0,0,0,77.42010416666665,2.9175697731988434e-15,22.5,86.8,-6.967445516541836e-16,64.3,2.4487606206954734e-15,9,1,1,22.420104166666647,22.420104166666647,0.0,0,0,0,0,1.0,0.0,55.0,65.0,55.0,213.3409187882236,35.55681979803726,1.0018489546294975,1.002986772863035,1.0044090456549564,7,1,75.064397351412,-56.65908121177642,-14.44318020196274,79.01515510674948,71.11363959607452,0,0,0.6859103822816291,4.21289144783036,270.0,50.0,1.4042971492767868,64.089,25.910999999999994,7.121,5.879,1.8255862940598229,0.3666666666666666,0.7666666666666667,1,9,0.8255862940598229,9,0.1825586294059823,1.6250000000000009,1.3000000000000007,1.4444444444444449,1.263867434349108,1.0,124.99,-58.902882096069874,-26.7740373163954,161.09711790393013,False,True,142.0216593886463,124.99,73.2259626836046,39.36357142857144,0,220.0,27.67854880516591,0,0,0,1,0,7031,0.987361325656509,1,1,1,28.0,1,0.0,0.1111111111111111,0.012638674343491,1069.3950000000002,1310.0124724096866,32.0,1.0240364101834731,0,1550.16
Tags 2,0.939755652296026,2026-1,10,28.15472074468085,28.15472074468085,28.15472074468085,1.0489235393749254e-15,32.6,4.151382088140757e-16,-1.8871550300651993e-16,7.100000000000001,27.67854880516591,27.67854880516591,25.0,28.0,23.0,3.1547207446808514,3.1547207446808514,0.0,0,0,77.42010416666665,5.929324924733543e-15,22.5,86.8,3.621045517473897e-15,64.3,2.5895147748354023e-15,10,1,1,22.420104166666647,22.420104166666647,0.0,0,0,0,0,1.0,0.0,55.0,65.0,55.0,256.3007261853909,42.716787697565145,1.2013669372063225,1.2035882101665956,1.2049551473729176,8,1,74.43076644272715,-73.69927381460911,-17.283212302434855,77.66688672284572,71.19464616260858,0,0,0.6520156623248404,5.055469737396432,330.0,60.0,1.376211206291251,71.21,26.789999999999992,7.121,0.8789999999999996,1.1234377194214296,0.336734693877551,0.7040816326530612,1,10,0.8255862940598229,10,0.1123437719421429,0.6153846153846151,1.0,0.8,1.3762112062912513,1.0,124.99,-68.14615720524017,-27.36793462057838,180.85384279475983,False,True,161.09711790393013,142.0216593886463,72.63206537942162,39.36357142857144,0,249.0,27.67854880516591,0,0,0,2,0,7023,0.986237887937088,2,1,1,29.0,1,0.0,0.2,0.0137621120629125,1069.3950000000002,1299.3876496378527,32.0,1.0252029047415634,0,1550.16
Tags 2,0.939755652296026,2026-1,11,28.154720744680848,28.15472074468085,28.15472074468085,1.302138512516356e-15,32.6,9.227997508175206e-16,9.90452133024727e-16,7.100000000000002,27.67854880516591,27.67854880516591,25.0,28.0,23.0,3.1547207446808514,3.1547207446808514,3.7261175413410954e-15,0,0,77.42010416666665,1.130364682040006e-15,22.5,86.8,-4.780300776693633e-15,64.3,2.5869885263541635e-15,11,1,1,22.420104166666647,22.420104166666647,0.0,0,0,0,0,1.0,0.0,55.0,65.0,55.0,299.6147809958625,42.802111570837496,1.0019974318733058,1.2037665858182338,1.2059922956199174,9,1,74.08057771875721,-90.38521900413753,-17.197888429162504,76.82430281945192,71.3368526180625,0,0,0.632385562576103,5.898048026962505,390.0,60.0,1.429829824718183,78.33099999999999,33.66899999999999,7.121,6.879,1.9660160089875016,0.2946428571428571,0.6160714285714286,1,11,0.9660160089875016,11,0.1966016008987501,1.7500000000000002,1.0769230769230764,1.7500000000000002,1.5728128071900014,1.0,124.99,-78.66436681222709,-27.895165536250737,203.3356331877729,False,True,180.85384279475983,161.09711790393013,72.10483446374926,39.36357142857144,0,282.0,27.678548805165914,0,0,0,3,0,7009,0.9842718719281,3,1,1,33.0,1,0.0,0.2727272727272727,0.0157281280719,1069.3950000000002,1289.9554885564742,32.0,1.0272506777000998,0,1550.16
Tags 2,0.939755652296026,2026-1,12,28.154720744680848,28.15472074468085,28.15472074468085,1.3229991297389886e-15,32.6,1.2743436555537021e-15,6.067178005271581e-16,7.100000000000001,27.67854880516591,27.67854880516591,25.0,28.0,23.0,3.1547207446808514,3.1547207446808514,3.710688416924011e-15,0,0,77.42010416666665,-2.675605527985585e-16,22.5,86.8,5.750770099106333e-16,64.3,2.500081457902131e-15,12,1,1,22.420104166666647,22.420104166666647,0.0,0,0,0,0,1.0,0.0,55.0,65.0,55.0,349.95000714183686,49.99285816311956,1.1679998095510165,1.1703328095986287,1.4059991429795746,10,1,73.74722865677575,-110.04999285816314,-20.007141836880443,76.07608850909497,71.4183688044565,0,0,0.6066185425254523,6.881056031456255,460.0,70.0,1.4042971492767868,85.45199999999998,34.54799999999999,7.121,0.8789999999999996,1.1234377194214296,0.275,0.575,1,12,0.9660160089875016,12,0.1123437719421429,0.5714285714285714,1.0,0.6153846153846151,1.6851565791321446,1.0,124.99,-89.82004366812228,-28.334398633477058,227.1799563318777,False,True,203.3356331877729,180.85384279475983,71.66560136652294,39.36357142857144,0,317.0,27.678548805165914,0,0,0,4,0,7001,0.983148434208679,4,1,1,35.0,1,0.0,0.3333333333333333,0.0168515657913214,1069.3950000000002,1282.0976084470954,32.0,1.0284245107841736,0,1550.16
Tags 2,0.939755652296026,2026-1,13,28.154720744680848,28.15472074468085,28.15472074468085,1.3814364750221513e-15,32.6,8.805487397987455e-16,6.915014398866306e-16,7.1000000000000005,27.67854880516591,27.67854880516591,25.0,28.0,23.0,3.1547207446808514,3.1547207446808514,3.697781635498623e-15,0,0,77.42010416666665,4.691331236161485e-16,22.5,86.8,1.1752006107247913e-15,64.3,3.7511504141718706e-16,13,1,1,22.420104166666647,22.420104166666647,0.0,0,0,0,0,1.0,0.0,55.0,65.0,55.0,400.4576659038902,50.05720823798627,1.0012871853546912,1.1695032418001523,1.171839244851259,11,1,68.36516865836089,-139.5423340961098,-29.942791762013726,74.15882701923893,62.571510297482845,0,0,0.5901826176748608,7.8640640359500065,540.0,80.0,1.3934948635131192,92.57299999999998,36.426999999999985,7.121,1.879,1.263867434349108,0.2558139534883721,0.5348837209302325,1,13,0.9660160089875016,13,0.1263867434349108,1.1250000000000002,0.642857142857143,1.1250000000000002,1.8115433225670552,1.0,124.99,-101.93192139737994,-28.713217295036603,253.0680786026201,False,True,227.1799563318777,203.3356331877729,71.2867827049634,39.36357142857144,0,355.0,27.678548805165914,0,0,0,5,0,6992,0.981884566774329,5,1,1,38.0,1,0.0,0.38461538461538464,0.0181154332256705,1069.3950000000002,1275.3205425917954,32.0,1.0297482837528604,0,1550.16
Tags 2,0.939755652296026,2026-1,14,28.154720744680848,28.15472074468085,28.15472074468085,-1.1784087075527521e-15,32.6,-2.0809458693257514e-16,-5.592533086358858e-16,7.1000000000000005,27.67854880516591,27.67854880516591,25.0,28.0,23.0,3.1547207446808514,3.1547207446808514,3.6868252213847854e-15,0,0,77.42010416666665,-1.1536256484809611e-15,22.5,86.8,-3.163651978215829e-15,64.3,-3.2683870908612468e-15,14,1,1,22.420104166666647,22.420104166666647,0.0,0,0,0,0,1.0,0.0,55.0,65.0,55.0,450.9663564781675,50.10737294201861,1.0010021474588404,1.0022906227630637,1.1706752565020282,12,1,63.628410085103,-179.03364352183252,-39.892627057981386,71.58196134574088,55.674858824465126,0,0,0.5746612518474326,8.847072040443758,630.0,90.0,1.3641743735831644,99.69399999999997,36.30599999999998,7.121,-0.1210000000000004,0.9830080044937508,0.2426470588235294,0.5073529411764706,1,13,0.9660160089875016,13,0.098300800449375,0.7777777777777772,0.8749999999999997,0.4999999999999998,1.9098441230164305,0.9285714285714286,124.99,-115.0,-29.04040404040404,281.0,False,False,253.0680786026201,227.1799563318777,70.95959595959596,39.36357142857144,0,396.0,27.678548805165914,0,0,0,6,0,6985,0.980901558769836,6,1,1,41.0,1,0.0,0.42857142857142855,0.0190984412301643,1069.3950000000002,1269.4671717171718,32.0,1.0307802433786686,0,1550.16
Tags 2,0.939755652296026,2026-1,15,28.154720744680848,28.15472074468085,28.15472074468085,6.749739647783442e-16,32.6,1.0081494731066054e-15,1.8703946384252295e-17,7.1,27.67854880516591,27.67854880516591,25.0,28.0,23.0,3.1547207446808514,3.1547207446808514,3.677408027917051e-15,0,0,77.42010416666666,1.5900097704633351e-15,22.5,86.8,5.515100672047428e-16,64.3,2.6097092304976443e-15,15,1,1,27.420104166666647,27.420104166666647,1.4709632111668204e-14,0,0,0,0,1.0,0.0,50.0,60.0,50.0,501.86406653283626,50.186406653283626,1.001577287066246,1.0025810151993118,1.0038715227989676,13,1,62.73300831660453,-218.1359334671637,-39.81359334671637,69.70334257400503,55.76267405920403,0,0,0.5600310455100113,9.830080044937509,720.0,90.0,1.3762112062912513,106.81499999999997,40.18499999999998,7.121,3.879,1.5447268642044656,0.2244897959183673,0.4693877551020408,1,14,0.9660160089875016,13,0.1544726864204465,1.5714285714285725,1.222222222222222,1.3750000000000002,2.064316809436877,0.9333333333333333,124.99,-106.77060773480662,-24.3213229464252,332.2293922651934,False,True,281.0,253.0680786026201,75.6786770535748,39.36357142857144,0,439.0,27.678548805165914,0,0,0,7,0,6974,0.979356831905631,7,1,1,43.0,1,0.0,0.4666666666666667,0.0206431680943687,1069.3950000000002,1353.891532488453,32.0,1.0324060797246917,0,1550.16
Tags 2,0.939755652296026,2026-1,16,28.15472074468085,28.15472074468085,28.15472074468085,1.5813273989799056e-16,32.6,1.5717935348164534e-16,3.228517626001621e-16,7.100000000000001,27.67854880516591,27.67854880516591,22.0,25.0,19.0,6.154720744680851,6.154720744680851,0.0,0,0,77.42010416666665,1.871900716300118e-15,22.5,86.8,2.0567295693817746e-16,64.3,9.139689238489229e-16,16,1,1,27.420104166666647,27.420104166666647,0.0,0,0,0,0,1.0,0.0,50.0,60.0,50.0,559.9425699928213,57.4300071787509,1.1443339144703106,1.1461388575530715,1.1472874576966463,14,1,62.85784322308407,-260.0574300071787,-42.5699928212491,68.28567926741724,57.4300071787509,0,0,0.5425070990284805,10.95351776435894,820.0,100.0,1.3691897205448673,113.936,42.06399999999999,7.121,1.879,1.263867434349108,0.2115384615384615,0.4423076923076923,1,15,0.9660160089875016,13,0.1263867434349108,0.8181818181818183,1.2857142857142865,1.0,2.1907035528717875,0.9375,124.99,-97.77569060773487,-20.11845485755861,388.2243093922651,False,True,332.2293922651934,281.0,79.88154514244138,39.36357142857144,0,486.0,27.67854880516591,0,0,0,8,0,6965,0.978092964471282,8,1,1,47.0,1,0.0,0.5,0.0219070355287178,1069.3950000000002,1429.0808425982761,32.0,1.033740129217516,0,1550.16
Tags 2,0.939755652296026,2026-1,17,28.15472074468085,28.15472074468085,28.15472074468085,2.2001058081580336e-16,32.6,1.186892062423421e-15,4.864884510362301e-16,7.100000000000001,27.67854880516591,27.67854880516591,22.0,25.0,19.0,6.154720744680851,6.154720744680851,0.0,0,0,77.42010416666665,6.022236032311191e-16,22.5,86.8,1.263118031787766e-15,64.3,8.71767300245397e-16,17,1,1,27.420104166666647,27.420104166666647,0.0,0,0,0,0,1.0,0.0,50.0,60.0,50.0,617.993676343777,57.48778384593274,1.001006036217304,1.1454851558329568,1.147291914753829,15,1,62.33050476773686,-302.006323656223,-42.51221615406726,67.17322568954098,57.48778384593274,0,0,0.5300579391354049,12.076955483780369,920.0,100.0,1.3464731490124486,121.057,41.94299999999999,7.121,-0.1210000000000004,0.9830080044937508,0.2024539877300613,0.4233128834355828,1,15,0.9660160089875016,13,0.098300800449375,0.7777777777777772,0.636363636363636,1.0,2.289004353321163,0.8823529411764706,124.99,-88.39801104972378,-16.52299271957454,446.6019889502762,False,True,388.2243093922651,332.2293922651934,83.47700728042547,39.36357142857144,0,535.0,27.67854880516591,0,0,0,9,0,6958,0.977109956466788,9,1,1,49.0,1,0.0,0.5294117647058824,0.0228900435332116,1069.3950000000002,1493.4036602468113,32.0,1.0347801092267892,0,1550.16
Tags 2,0.939755652296026,2026-1,18,28.15472074468085,28.15472074468085,28.15472074468085,-1.7647952568228598e-17,32.6,1.1070840286678213e-15,3.542439194105686e-17,7.1000000000000005,27.67854880516591,27.67854880516591,22.0,25.0,19.0,6.154720744680851,6.154720744680851,0.0,0,0,77.42010416666663,1.702138358297548e-15,22.5,86.8,-1.7252547885169917e-16,64.3,1.752434374497493e-15,18,1,1,27.420104166666647,27.420104166666647,1.4622848863937366e-14,0,0,0,0,1.0,0.0,50.0,60.0,50.0,683.5515901568571,64.75751906749173,1.1264570441790187,1.1275903007626995,1.2903398227905352,16,1,62.61735196680086,-346.44840984314294,-45.24248093250827,66.36423205406379,58.87047187953793,0,0,0.5154473110754457,13.340822918129476,1030.0,110.0,1.341883942642263,128.178,43.82199999999999,7.121,1.879,1.263867434349108,0.191860465116279,0.4011627906976744,1,16,0.9660160089875016,13,0.1263867434349108,1.2857142857142865,1.0,0.8181818181818183,2.415391096756074,0.8888888888888888,124.99,-78.63756906077356,-13.419380385797536,507.3624309392264,False,True,446.6019889502762,388.2243093922651,86.58061961420248,39.36357142857144,0,586.0,27.67854880516591,0,0,0,10,0,6949,0.975846089032439,10,1,1,51.0,1,0.0,0.5555555555555556,0.0241539109675607,1069.3950000000002,1548.9272848980818,32.0,1.0361203050798675,0,1550.16
Tags 2,0.939755652296026,2026-1,19,28.15472074468085,28.15472074468085,28.15472074468085,-5.782140136194443e-17,32.6,-1.7194294039342074e-16,-5.364148713100298e-16,7.1000000000000005,27.67854880516591,27.67854880516591,22.0,25.0,19.0,6.154720744680851,6.154720744680851,0.0,0,0,77.42010416666663,-1.4353930018144514e-15,22.5,86.8,-1.9829105871501126e-15,64.3,-1.3722342670087318e-15,19,1,1,27.420104166666647,27.420104166666647,1.460026530009149e-14,0,0,0,0,1.0,0.0,50.0,60.0,50.0,756.1572807143885,72.01497911565606,1.1120713108326532,1.2527005617168372,1.253960823851361,17,1,65.89887442999628,-383.84271928561145,-37.98502088434394,66.32958602757795,65.4681628324146,0,0,0.5022039856871705,14.745120067406262,1140.0,110.0,1.3156046977435163,135.299,42.700999999999986,7.121,-1.1210000000000004,0.8425782895660722,0.1853932584269663,0.3876404494382022,1,16,0.9660160089875016,13,0.0842578289566072,0.6666666666666667,0.8571428571428578,0.6666666666666667,2.499648925712681,0.8421052631578947,124.99,-68.11160220994486,-10.625834978150523,572.8883977900551,False,True,507.3624309392264,446.6019889502762,89.37416502184948,39.36357142857144,0,641.0,27.678548805165907,0,0,0,11,0,6943,0.975003510742873,11,1,1,55.0,1,0.0,0.5789473684210527,0.0249964892571268,1069.3950000000002,1598.9038122408872,32.0,1.0370156992654471,0,1550.16
Tags 2,0.939755652296026,2026-1,20,28.15472074468085,28.15472074468085,28.15472074468085,-5.442263828874997e-16,32.6,-9.691266599549078e-16,-5.813148627227794e-16,7.1,27.67854880516591,27.67854880516591,22.0,25.0,19.0,6.154720744680851,6.154720744680851,0.0,0,0,77.42010416666662,-4.466182372025889e-16,22.5,86.8,-2.1388666837618357e-15,64.3,-2.5265903670384886e-15,20,1,1,27.420104166666647,27.420104166666647,2.9160058604848984e-14,0,0,0,0,1.0,0.0,50.0,60.0,50.0,836.2168396770472,79.29642445213379,1.1011101499423297,1.224513007817506,1.3793613033448673,18,1,66.2233847787481,-423.7831603229528,-40.70357554786621,66.3664158473847,66.0803537101115,0,0,0.4900989491030036,16.28984693161073,1260.0,120.0,1.298974863081028,142.42000000000002,42.579999999999984,7.121,-0.1210000000000004,0.9830080044937508,0.1783783783783784,0.372972972972973,1,16,0.9660160089875016,13,0.098300800449375,1.166666666666666,0.7777777777777772,1.0,2.597949726162056,0.8,124.99,-57.20287292817693,-8.19525400117148,640.7971270718231,False,True,572.8883977900551,507.3624309392264,91.80474599882852,39.36357142857144,0,698.0,27.678548805165907,0,0,0,12,0,6936,0.97402050273838,12,1,1,57.0,1,0.0,0.6,0.0259794972616205,1069.3950000000002,1642.3869059190422,32.0,1.038062283737024,0,1550.16
Tags 2,0.939755652296026,2026-1,21,28.15472074468085,28.15472074468085,28.15472074468085,3.699089913415334e-16,32.6,4.710350753166894e-16,9.018783009343824e-18,7.1,27.67854880516591,27.67854880516591,22.0,25.0,19.0,6.154720744680851,6.154720744680851,0.0,0,0,77.42010416666662,-2.761629654335141e-16,22.5,86.8,5.702983905072954e-16,64.3,2.8944045821345144e-17,21,1,1,27.420104166666647,27.420104166666647,2.912358572177595e-14,0,0,0,0,1.0,0.0,50.0,60.0,50.0,930.7359307359308,93.7950937950938,1.182841401023219,1.3024386724386725,1.448404681738015,19,1,72.80360541230107,-449.2640692640693,-26.20490620490621,67.44463266202398,78.16257816257816,0,0,0.4779280796140273,18.11543322567055,1380.0,120.0,1.2772416929136494,149.54100000000003,41.45899999999998,7.121,-1.1210000000000004,0.8425782895660722,0.1727748691099476,0.3612565445026178,1,16,0.9660160089875016,13,0.0842578289566072,0.8571428571428578,1.0,0.6666666666666667,2.682207555118663,0.7619047619047619,124.99,-45.72000000000014,-6.031662269129306,712.2799999999999,False,False,640.7971270718231,572.8883977900551,93.9683377308707,61.611428571428554,0,758.0,27.678548805165903,0,0,0,13,0,6930,0.973177924448813,13,1,1,60.0,1,0.0,0.6190476190476191,0.0268220755511866,1574.8399999999997,1681.0935620052767,32.0,1.0389610389610389,0,1550.16
Tags 3,0.942331976988915,2026-1,1,25.8770833333333,28.15472074468085,28.15472074468085,0.0,31.5,0.0,0.0,11.0,25.24703694540531,25.24703694540531,30.0,32.0,28.0,4.1229166666667005,-4.1229166666667005,0.0,0,0,69.45625,0.0,30.7,85.5,0.0,54.8,0.0,0,0,0,9.456249999999995,9.456249999999995,0.0,1,0,0,0,0.0,0.0,60.0,70.0,60.0,7.023458350891979,7.023458350891979,3.0,3.0,3.0,1,1,70.23458350891978,-2.9765416491080208,-2.9765416491080208,70.23458350891978,70.23458350891978,0,0,0.0,0.1403114915111547,10.0,10.0,1.122491932089238,7.127,0.8730000000000002,7.127,0.8730000000000002,1.122491932089238,3.625,9.5,0,1,0.1224919320892381,1,0.1122491932089238,3.0,3.0,3.0,0.1122491932089238,1.0,106.75,0.0,0.0,64.0,True,False,669.9717991631799,637.6489644351465,100.0,39.36357142857144,0,64.0,25.24703694540531,1,1,1,0,0,7119,0.998877508067911,0,0,0,11.0,1,1.0,0.0,0.0011224919320892,1069.3950000000002,1789.0,32.0,1.011378002528445,0,1691.4399999999998
Tags 3,0.942331976988915,2026-1,2,26.41666666666665,25.8770833333333,28.15472074468085,1.0791666666666984,31.7,0.19999999999999699,2.199999999999999,10.0,26.22100828687635,26.22100828687635,30.0,32.0,28.0,3.0437499999999997,-3.0437499999999997,0.7630860680305069,0,0,67.34895833333334,-4.214583333333308,27.549999999999997,76.5,-9.000000000000002,52.1,-2.700000000000001,0,0,0,5.241666666666703,5.241666666666703,2.9801604548757763,1,0,0,0,0.0,0.0,60.0,70.0,60.0,21.102982554867754,14.068655036578503,2.003095104108047,3.0,3.0,2,1,70.34327518289251,-8.897017445132246,-5.9313449634214965,70.34327518289251,70.34327518289251,0,0,0.7049182120832691,0.4209344745334643,30.0,20.0,1.3329591693559701,14.254,4.746,7.127,3.873,1.5434264066227024,1.5263157894736843,4.0,0,2,0.5434264066227024,2,0.1543426406622702,1.3749999999999996,3.0,3.0,0.266591833871194,1.0,106.75,0.0,0.0,77.0,True,False,64.0,637.6489644351465,100.0,39.36357142857144,0,77.0,25.73402261614083,2,1,1,0,0,7108,0.997334081661288,0,0,0,13.0,1,1.0,0.0,0.0026659183387119,1069.3950000000002,1789.0,32.0,1.0129431626336522,0,1691.4399999999998
Tags 3,0.942331976988915,2026-1,3,26.684027777777768,26.95625,25.8770833333333,0.6708333333333505,32.7,0.6000000000000014,1.4500000000000004,9.766666666666667,26.430432455202507,26.430432455202507,30.0,32.0,28.0,2.78125,-2.78125,0.7110527862366073,0,0,65.9152777777778,-3.2041666666666386,27.833333333333332,76.9,-4.29999999999998,48.5,-3.149999999999995,0,0,0,3.047916666666701,3.047916666666701,3.256838647298466,1,0,0,0,0.0,0.0,60.0,70.0,60.0,35.22118906734291,14.088475626937166,1.0014088475626937,2.005917159763314,3.0,3,1,70.44237813468584,-14.778810932657088,-5.911524373062834,70.44237813468582,70.44237813468584,0,0,0.999296529448414,0.7015574575557738,50.0,20.0,1.3563444179411626,21.381,7.619000000000001,7.127,2.873,1.4031149151115476,1.0,2.6206896551724137,0,3,0.5434264066227024,3,0.1403114915111547,0.9090909090909092,1.2499999999999996,3.0,0.4069033253823488,1.0,106.75,0.0,0.0,91.0,True,False,77.0,64.0,100.0,39.36357142857144,0,91.0,25.966159229161388,3,1,1,0,0,7098,0.995930966746176,0,0,0,14.0,1,1.0,0.0,0.0040690332538234,1069.3950000000002,1789.0,32.0,1.0143702451394758,0,1691.4399999999998
Tags 3,0.942331976988915,2026-1,4,26.734895833333326,27.21875,26.95625,0.32937500000000514,32.3,0.33999999999999425,0.9699999999999982,9.525,26.430432455202507,26.0784431033771,30.0,32.0,28.0,3.1125000000000007,-3.1125000000000007,0.5894185944758685,0,0,64.92031250000002,-2.4756250000000017,28.4,74.6,-3.2300000000000098,44.5,-3.4500000000000055,0,0,0,1.935416666666697,1.935416666666697,3.3213183525459025,1,0,0,0,0.0,0.0,60.0,70.0,60.0,49.400141143260406,14.114326040931546,1.001834862385321,1.0032462949894143,2.0095977417078337,4,1,61.16207951070336,-25.599858856739598,-10.885673959068454,65.86685485768055,56.457304163726185,0,0,0.9568501925993013,0.9821804405780834,75.0,25.0,1.4732706608671249,28.508,13.492,7.127,5.873,1.824049389645012,0.6904761904761905,1.809523809523809,0,4,0.8240493896450121,4,0.1824049389645012,1.3000000000000005,1.181818181818182,1.625,0.58930826434685,1.0,106.75,0.0,0.0,107.0,True,False,91.0,77.0,100.0,39.36357142857144,0,107.0,25.994230197715314,4,1,1,0,0,7085,0.994106917356531,0,0,0,16.0,1,1.0,0.0,0.0058930826434685,1069.3950000000002,1789.0,32.0,1.0162314749470711,0,1691.4399999999998
Tags 3,0.942331976988915,2026-1,5,26.53041666666666,26.8875,27.21875,-0.03979166666666287,30.7,-0.1000000000000037,0.2599999999999975,9.48,26.430432455202507,25.101328850033624,28.0,30.0,26.0,2.2875000000000014,-2.2875000000000014,0.6852877918355912,0,0,65.98708333333336,-0.17104166666665932,27.419999999999998,81.5,-0.9900000000000101,58.0,-0.12000000000000369,1,1,1,10.254166666666706,10.254166666666706,3.736758856746335,0,0,0,0,0.2,0.0,60.0,70.0,60.0,70.6713780918728,21.20141342756184,1.5021201413427565,1.5048763250883392,1.5069964664310955,5,1,77.73851590106008,-29.328621908127204,-3.798586572438161,70.6713780918728,84.80565371024736,0,0,0.8361329032300125,1.4031149151115476,100.0,25.0,1.4592395117160095,35.635,16.365000000000002,7.127,2.873,1.4031149151115476,0.5576923076923077,1.4615384615384617,1,5,0.8240493896450121,5,0.1403114915111547,0.7692307692307689,1.0,0.9090909090909092,0.7296197558580048,1.0,106.75,0.0,0.0,125.0,True,False,107.0,91.0,100.0,39.36357142857144,0,125.0,25.815649928178978,5,1,1,0,0,7075,0.99270380244142,0,0,0,18.0,1,1.0,0.0,0.00729619755858,1069.3950000000002,1789.0,32.0,1.017667844522968,0,1691.4399999999998
Tags 3,0.942331976988915,2026-1,6,26.26592693236715,25.7125,26.8875,-0.24944358178053147,31.3,-0.12571428571428564,-0.17999999999999927,9.783333333333333,26.430432455202507,24.33855676201715,28.0,30.0,26.0,3.0565217391304,-3.0565217391304,0.8918656868666226,0,0,66.68597524154592,0.5013121118012397,29.099999999999998,85.3,0.3342857142857111,47.8,-0.6085714285714264,2,1,1,10.1804347826087,10.1804347826087,3.755182125938457,0,0,0,0,0.3333333333333333,0.0,60.0,70.0,60.0,99.06594961788848,28.30455703368242,1.335031606755354,2.0053778658364,2.009057458250778,6,1,77.12617392775897,-35.93405038211152,-6.695442966317579,73.38218490213961,80.87016295337834,0,0,0.7626933857188055,1.9643608811561668,135.0,35.0,1.4265001636967398,42.762,18.238000000000003,7.127,1.873,1.2628034236003929,0.4754098360655737,1.2459016393442623,1,6,0.8240493896450121,6,0.1262803423600393,0.9000000000000004,0.6923076923076924,0.9000000000000004,0.855900098218044,1.0,106.75,0.0,0.0,145.0,True,False,125.0,107.0,100.0,39.36357142857144,0,145.0,25.56946773381867,6,1,1,0,0,7066,0.99144099901782,0,0,0,20.0,1,1.0,0.0,0.0085590009821804,1069.3950000000002,1789.0,32.0,1.0189640532125672,0,1691.4399999999998
Tags 3,0.942331976988915,2026-1,7,26.361270703933744,24.9434782608696,25.7125,-0.08439440993788722,29.6,-0.30357142857142827,0.14285714285714443,9.142857142857142,26.430432455202507,26.324704484737424,28.0,30.0,26.0,1.0666666666666984,-1.0666666666666984,0.852341899089909,1,0,67.29274068322982,0.7683941511387073,27.52857142857143,79.5,0.1500000000000008,61.4,0.7392857142857145,3,1,1,10.933333333333294,10.933333333333294,3.7852755215914593,0,0,0,0,0.42857142857142855,0.0,60.0,70.0,60.0,127.64146929513544,28.364770954474544,1.0021273578215857,1.337871696686049,2.009644022124521,7,1,78.06270997975136,-42.35853070486456,-6.635229045525456,75.0832172324326,81.04220272707012,0,0,0.7368738046379766,2.5256068472007858,170.0,35.0,1.5233819078353945,49.889,26.111000000000004,7.127,7.873,2.1046723726673213,0.3815789473684211,1.0,1,7,1.104672372667321,7,0.2104672372667321,1.6666666666666663,1.5000000000000002,1.1538461538461535,1.0663673354847762,1.0,120.03,-46.97,-28.12574850299401,120.03,False,False,145.0,125.0,71.87425149700599,39.36357142857144,0,167.0,25.677358698235633,6,1,0,0,0,7051,0.989336326645152,0,0,0,22.0,1,0.8571428571428571,0.0,0.0106636733548477,1069.3950000000002,1285.8303592814373,32.0,1.0211317543610836,1,1691.4399999999998
Tags 3,0.942331976988915,2026-1,8,26.284728887218627,26.9333333333333,24.9434782608696,-0.10729081776866875,29.4,-0.3690476190476178,0.1988095238095247,8.7375,26.430432455202507,25.375189468397263,28.0,30.0,26.0,2.251063829787199,-2.251063829787199,0.8182738505278738,0,0,69.06838214037928,1.6960237388587853,25.4125,85.6,0.569047619047626,75.0,2.372619047619047,4,1,1,26.497872340425506,26.497872340425506,6.124102375854614,0,0,0,0,0.5,0.0,55.0,65.0,55.0,163.3058790116444,35.50127804600966,1.2515975575120706,1.254260153365521,1.674476947836789,8,1,72.61625054865611,-56.69412098835559,-14.49872195399034,74.2299450052929,71.00255609201932,0,0,0.6902882396196864,3.22716430475656,220.0,50.0,1.4908095973060194,57.016,27.984,7.127,1.873,1.2628034236003929,0.3411764705882353,0.8941176470588236,1,8,1.104672372667321,8,0.1262803423600393,0.6000000000000001,1.0,0.9000000000000004,1.1926476778448154,1.0,120.03,-52.37938864628819,-27.280931586608432,139.6206113537118,False,True,120.03,145.0,72.71906841339157,39.36357142857144,0,192.0,25.639587544505844,7,1,1,0,0,7042,0.988073523221552,0,0,0,25.0,1,0.875,0.0,0.0119264767784481,1069.3950000000002,1300.944133915575,32.0,1.022436807725078,1,1691.4399999999998
Tags 3,0.942331976988915,2026-1,9,26.23488903450167,25.7489361702128,26.9333333333333,-0.10500748406824206,27.7,-0.4883333333333322,0.2783333333333347,8.122222222222224,26.430432455202507,25.364626612141727,25.0,28.0,23.0,0.8361702127659996,0.8361702127659996,0.7798920956902513,1,0,69.93477939664919,1.707054970963096,24.311111111111114,84.2,0.633333333333335,68.7,2.5566666666666684,5,1,1,21.86595744680849,21.86595744680849,6.290655690963613,0,0,0,0,0.5555555555555556,0.0,55.0,65.0,55.0,199.11819086900869,35.55681979803726,1.0015645000711135,1.2535556819798035,1.2562224434646565,9,1,72.43055884785369,-70.88180913099131,-14.44318020196274,73.74747809963284,71.11363959607452,0,0,0.6677591154771056,3.9287217623123336,270.0,50.0,1.4966559094523175,64.143,31.857000000000003,7.127,3.873,1.5434264066227024,0.3020833333333333,0.7916666666666666,1,9,1.104672372667321,9,0.1543426406622702,1.2222222222222217,0.7333333333333332,1.2222222222222217,1.3469903185070855,1.0,120.03,-58.437903930131,-26.562683604605,161.562096069869,False,True,139.6206113537118,120.03,73.437316395395,39.36357142857144,0,220.0,25.60903632979872,7,1,0,0,0,7031,0.986530096814929,0,0,0,28.0,1,0.7777777777777778,0.0,0.0134699031850708,1069.3950000000002,1313.7935903136165,32.0,1.0240364101834731,1,1691.4399999999998
Tags 3,0.942331976988915,2026-1,10,26.19181679771817,25.836170212766,25.7489361702128,-0.09986302665881217,29.4,-0.42969696969696874,0.2709090909090919,7.860000000000001,26.430432455202507,25.137186019489096,25.0,28.0,23.0,0.8041666666666991,0.8041666666666991,0.7477984747613848,1,0,69.71255145698427,1.120279284519564,23.740000000000002,76.9,0.23333333333333497,58.3,1.943636363636365,6,1,1,12.712500000000006,12.712500000000006,5.972375902837231,0,0,0,0,0.6,0.0,55.0,65.0,55.0,242.13075060532688,42.72895598917533,1.2017091582395671,1.2035892323030908,1.5064093433983765,10,1,72.29394068875624,-87.86924939467312,-17.271044010824667,73.37295472888692,71.21492664862555,0,0,0.6346609034566354,4.770590711379263,330.0,60.0,1.4873018100182405,71.27,34.730000000000004,7.127,2.873,1.4031149151115476,0.2735849056603773,0.7169811320754716,1,10,1.104672372667321,10,0.1403114915111547,0.9090909090909092,1.1111111111111107,0.6666666666666665,1.4873018100182405,1.0,120.03,-64.71279475982533,-25.989074200733064,184.28720524017467,False,True,161.562096069869,139.6206113537118,74.01092579926694,39.36357142857144,0,249.0,25.561851298767756,7,1,0,0,0,7021,0.985126981899818,0,0,0,29.0,1,0.7,0.0,0.0148730181001824,1069.3950000000002,1324.0554625488855,32.0,1.025494943740208,1,1691.4399999999998
Tags 3,0.942331976988915,2026-1,11,26.331954664592274,25.8041666666667,25.836170212766,-0.004828336557057808,30.4,-0.33272727272727215,0.2272727272727269,7.790909090909091,27.05432594631847,27.05432594631847,25.0,28.0,23.0,2.7333333333332988,2.7333333333332988,0.8481197686778496,1,0,69.57033297436281,0.7691002220789387,23.254545454545454,79.9,0.14090909090909298,61.5,1.6663636363636374,7,1,1,13.148148148148096,13.148148148148096,5.685493258909242,0,0,0,0,0.6363636363636364,0.0,55.0,65.0,55.0,285.2253280091272,42.783799201369085,1.0012835139760412,1.2032515687393042,1.2051340559041643,11,1,72.22051574590081,-104.77467199087278,-17.216200798630915,73.1346994895198,71.30633200228182,0,0,0.6158146817925385,5.612459660446191,390.0,60.0,1.4668928657984361,78.39699999999999,36.603,7.127,1.873,1.2628034236003929,0.2521739130434782,0.6608695652173913,1,11,1.104672372667321,11,0.1262803423600393,0.9000000000000004,0.8181818181818185,1.0,1.6135821523782796,1.0,120.03,-71.85318777292576,-25.47985382018644,210.14681222707424,False,True,184.28720524017467,161.562096069869,74.52014617981357,39.36357142857144,0,282.0,25.69753081218146,7,1,0,0,0,7012,0.983864178476217,0,0,0,33.0,1,0.6363636363636364,0.0,0.0161358215237827,1069.3950000000002,1333.1654151568646,32.0,1.026811180832858,1,1691.4399999999998
Tags 3,0.942331976988915,2026-1,12,26.65919373666057,27.7333333333333,25.8041666666667,0.1473193128337839,32.8,-0.1716783216783214,0.36258741258741295,7.566666666666666,29.4407961266942,29.4407961266942,25.0,28.0,23.0,5.258823529411799,5.258823529411799,1.3924584399952242,0,1,69.06692287355806,0.359272431996995,22.675,73.2,-0.1755244755244752,56.9,1.2653846153846176,7,1,0,8.529411764705898,8.529411764705898,5.69449498341241,1,0,0,0,0.5833333333333334,0.0,55.0,65.0,55.0,328.3369022127052,42.82655246252676,1.0009992862241257,1.0022840827980013,1.2044539614561027,12,1,66.27918833486285,-131.66309778729482,-27.17344753747324,71.3775874375446,61.18078923218109,0,0,0.5978562430059107,6.454328609513119,460.0,70.0,1.4265001636967403,85.52399999999999,36.476,7.127,-0.1269999999999997,0.9821804405780834,0.2377049180327868,0.6229508196721312,1,11,1.104672372667321,11,0.0982180440578083,0.7777777777777775,0.7000000000000001,0.6363636363636364,1.711800196436088,0.9166666666666666,120.03,-79.42633187772924,-25.05562519802184,237.5736681222708,False,True,210.14681222707424,184.28720524017467,74.94437480197816,39.36357142857144,0,317.0,26.009469588390854,7,1,0,0,0,7005,0.982881998035639,1,1,1,35.0,1,0.5833333333333334,0.08333333333333333,0.0171180019643608,1069.3950000000002,1340.7548652073892,32.0,1.0278372591006424,1,1691.4399999999998
Tags 3,0.942331976988915,2026-1,13,26.916178833840526,30.2588235294118,27.7333333333333,0.22588735887509778,30.0,-0.1609890109890106,0.5082417582417587,6.984615384615385,29.4407961266942,29.27331648303086,25.0,28.0,23.0,5.0,5.0,1.623545365477909,0,2,68.9233134217459,0.22073857436385683,20.930769230769233,67.2,-0.558791208791209,67.2,1.3208791208791226,8,1,1,12.200000000000005,12.200000000000005,5.476596399852796,0,0,0,0,0.6153846153846154,0.0,55.0,65.0,55.0,378.625517931133,50.00714387769681,1.1676668095442206,1.1688336429013668,1.1703338572176978,13,1,66.31238325051727,-161.374482068867,-29.992856122303188,70.11583665391352,62.50892984712102,0,0,0.5748471972815001,7.4365090500912014,540.0,80.0,1.3815285318021393,92.65099999999998,35.349,7.127,-1.1269999999999998,0.8418689490669287,0.2265625,0.59375,1,11,1.104672372667321,11,0.0841868949066928,0.8571428571428569,0.6666666666666662,0.5999999999999999,1.795987091342781,0.8461538461538461,120.03,-87.64860262008733,-24.68974721692601,267.35139737991267,False,True,237.5736681222708,210.14681222707424,75.31025278307399,39.36357142857144,0,355.0,26.26053473413239,7,1,0,1,0,6999,0.982040129086572,2,1,1,38.0,1,0.5384615384615384,0.15384615384615385,0.0179598709134278,1069.3950000000002,1347.3004222891936,32.0,1.0287183883411917,1,1691.4399999999998
Tags 3,0.942331976988915,2026-1,14,27.0527374885662,30.0,30.2588235294118,0.23533334899034772,32.4,-0.08109890109890276,0.4538461538461538,6.985714285714286,29.4407961266942,28.17571803761213,25.0,28.0,23.0,3.828,3.828,1.641406036346844,0,3,68.98879103447834,0.20278190458405876,21.214285714285715,83.7,-0.3123076923076912,58.8,1.0780219780219773,9,1,1,14.840000000000003,14.840000000000003,5.267444201132305,0,0,0,0,0.6428571428571429,0.0,55.0,65.0,55.0,429.1231583464455,50.06436847375197,1.0011443284222572,1.1690030038621086,1.1701711724598292,14,1,61.87093156053248,-200.87684165355452,-39.93563152624803,68.11478703911833,55.62707608194663,0,0,0.5598398623316376,8.418689490669285,630.0,90.0,1.363025917536932,99.77799999999998,36.221999999999994,7.127,0.8730000000000002,1.122491932089238,0.213235294117647,0.5588235294117647,1,12,1.104672372667321,11,0.1122491932089238,1.333333333333334,1.1428571428571432,0.8888888888888888,1.908236284551705,0.8571428571428571,120.03,-96.51999999999998,-24.37373737373737,299.48,False,False,267.35139737991267,237.5736681222708,75.62626262626263,39.36357142857144,0,396.0,26.3973335415238,7,1,0,2,0,6991,0.980917637154483,3,1,1,41.0,1,0.5,0.21428571428571427,0.019082362845517,1069.3950000000002,1352.9538383838385,32.0,1.029895580031469,1,1691.4399999999998
Tags 3,0.942331976988915,2026-1,15,27.00588832266179,28.828,30.0,0.1736399088405039,31.6,-0.04714285714285635,0.38214285714285723,7.0,29.4407961266942,26.04801794303809,25.0,28.0,23.0,1.3500000000000014,1.3500000000000014,1.5920717949235064,1,3,70.06040786406385,0.5666166085691119,20.82,89.3,-0.004285714285711119,74.0,1.2732142857142847,10,1,1,35.063043478260894,35.063043478260894,6.556641897132341,0,0,0,0,0.6666666666666666,0.0,50.0,60.0,50.0,501.0737294201861,71.58196134574088,1.4297985479087842,1.4314347070252584,1.6714387974230496,15,1,74.56454306848008,-218.9262705798139,-18.41803865425912,69.59357353058141,79.53551260637876,0,0,0.5402277492493276,9.821804405780831,720.0,90.0,1.3282821196389316,106.90499999999997,35.09499999999999,7.127,-1.1269999999999998,0.8418689490669287,0.204225352112676,0.5352112676056338,1,12,1.104672372667321,11,0.0841868949066928,0.7499999999999996,1.0,0.8571428571428569,1.9924231794583973,0.8,120.03,-92.15348066298344,-20.99168124441536,346.84651933701656,False,True,299.48,267.35139737991267,79.00831875558464,39.36357142857144,0,439.0,26.374045834958086,7,1,0,2,0,6985,0.980075768205416,3,1,0,43.0,1,0.4666666666666667,0.2,0.0199242317945839,1069.3950000000002,1413.4588225374093,32.0,1.0307802433786686,1,1691.4399999999998
Tags 3,0.942331976988915,2026-1,16,27.02812668547415,26.35,28.828,0.1508464059200726,31.6,-0.023382352941175924,0.33235294117647046,6.99375,29.4407961266942,26.97049787117232,22.0,25.0,19.0,5.361702127659601,5.361702127659601,1.5406575901220712,0,3,70.74985045766624,0.7099581224459958,20.94375,90.1,0.21955882352941242,67.3,1.2279411764705872,11,1,1,31.091489361702106,31.091489361702106,6.908609136967211,0,0,0,0,0.6875,0.0,50.0,60.0,50.0,573.2301519059903,71.65376898824879,1.0010031527658354,1.4312328542767063,1.4328706547107235,16,1,70.77994253717259,-246.7698480940097,-28.34623101175121,69.90611608609638,71.65376898824879,0,0,0.5282252502343562,11.22491932089238,820.0,100.0,1.3066507646976286,114.032,34.968,7.127,-0.1269999999999997,0.9821804405780834,0.1946308724832214,0.5100671140939598,1,12,1.104672372667321,11,0.0982180440578083,1.1666666666666672,0.8749999999999998,1.1666666666666672,2.0906412235162057,0.75,120.03,-87.38077348066298,-17.979583020712546,398.619226519337,False,True,346.84651933701656,299.48,82.02041697928745,39.36357142857144,0,486.0,26.411324087221477,7,1,0,3,0,6978,0.979093587764838,4,1,1,47.0,1,0.4375,0.25,0.020906412235162,1069.3950000000002,1467.3452597594526,32.0,1.0318142734307825,1,1691.4399999999998
Tags 3,0.942331976988915,2026-1,17,27.05404570397567,27.3617021276596,26.35,0.13434501110056718,32.4,0.009068627450981677,0.277941176470589,7.076470588235295,29.4407961266942,27.0188456132275,22.0,25.0,19.0,5.46875,5.46875,1.4955583307638314,0,3,71.20022690133294,0.7417572499272271,21.400000000000002,89.1,0.3492647058823543,60.4,1.0375000000000005,12,1,1,28.40625,28.40625,6.942196136064777,0,0,0,0,0.7058823529411765,0.0,50.0,60.0,50.0,645.6241032998565,71.73601147776183,1.001147776183644,1.002152080344333,1.4328755892600942,17,1,70.95627222256877,-274.37589670014347,-28.263988522238165,70.1765329673757,71.73601147776183,0,0,0.5167824726855388,12.628034236003929,920.0,100.0,1.2958178921912529,121.15899999999999,35.841,7.127,0.8730000000000002,1.122491932089238,0.1847133757961783,0.4840764331210191,1,13,1.104672372667321,11,0.1122491932089238,1.1428571428571432,1.333333333333334,1.0,2.20289041672513,0.7647058823529411,120.03,-82.40497237569059,-15.40279857489544,452.5950276243094,False,True,398.619226519337,346.84651933701656,84.59720142510456,39.36357142857144,0,535.0,26.447060647574773,7,1,0,4,0,6970,0.977971095832749,5,1,1,49.0,1,0.4117647058823529,0.29411764705882354,0.0220289041672512,1069.3950000000002,1513.4439334951205,32.0,1.0329985652797704,1,1691.4399999999998
Tags 3,0.942331976988915,2026-1,18,27.077284299617684,27.46875,27.3617021276596,0.12047114481374509,32.5,0.033436532507739945,0.22961816305469535,7.172222222222223,29.4407961266942,27.013818215881795,22.0,25.0,19.0,5.4723404255319,5.4723404255319,1.4542506747192145,0,3,71.57858309002955,0.7441185858429167,21.57777777777778,88.3,0.4201238390092897,63.7,0.9435500515995867,13,1,1,28.010638297872305,28.010638297872305,6.923575823637354,0,0,0,0,0.7222222222222222,0.0,50.0,60.0,50.0,725.157955198162,78.97759908098794,1.100947731188972,1.1022113727742675,1.1033170591614014,18,1,71.100751158524,-304.84204480183803,-31.022400919012057,70.40368497069534,71.79781734635267,0,0,0.5032966302816918,14.171460642626633,1030.0,110.0,1.2705985064621237,128.286,34.714,7.127,-1.1269999999999998,0.8418689490669287,0.1779141104294478,0.4662576687116564,1,13,1.104672372667321,11,0.0841868949066928,0.7499999999999996,0.8571428571428569,1.0,2.2870773116318226,0.7222222222222222,120.03,-77.22607734806638,-13.178511492844091,508.7739226519336,False,True,452.5950276243094,398.619226519337,86.8214885071559,39.36357142857144,0,586.0,26.478547179147384,7,1,0,5,0,6964,0.977129226883682,6,1,1,51.0,1,0.3888888888888889,0.3333333333333333,0.0228707731163182,1069.3950000000002,1553.236429393019,32.0,1.0338885697874785,1,1691.4399999999998
Tags 3,0.942331976988915,2026-1,19,27.08339977126252,27.4723404255319,27.46875,0.10423511458513375,32.2,0.04561403508771899,0.18192982456140333,7.273684210526317,29.4407961266942,26.554802226727503,22.0,25.0,19.0,5.1934782608696,5.1934782608696,1.4135289935205513,0,3,71.47925262991359,0.6027016599316871,22.194736842105264,86.6,0.43736842105262946,53.3,0.6971929824561396,14,1,1,19.691304347826105,19.691304347826105,6.742422470781918,0,0,0,0,0.7368421052631579,0.0,50.0,60.0,50.0,819.5542774982027,93.45794392523364,1.1833474936278674,1.302803738317757,1.3042990654205608,19,1,78.42624665054572,-320.44572250179726,-16.54205607476635,71.89072609633357,84.96176720475786,0,0,0.48959846463820395,15.995510032271644,1140.0,110.0,1.2701882389430852,135.413,36.586999999999996,7.127,1.873,1.2628034236003929,0.1686046511627907,0.4418604651162791,1,14,1.104672372667321,11,0.1262803423600393,1.500000000000001,1.125,1.2857142857142865,2.413357653991862,0.7368421052631579,120.03,-71.6409944751382,-11.176442195809392,569.3590055248618,False,True,508.7739226519336,452.5950276243094,88.82355780419061,39.36357142857144,0,641.0,26.48256060270423,7,1,0,6,0,6955,0.975866423460081,7,1,1,55.0,1,0.3684210526315789,0.3684210526315789,0.0241335765399186,1069.3950000000002,1589.05344911697,32.0,1.0352264557872035,1,1691.4399999999998
Tags 3,0.942331976988915,2026-1,20,27.079542282699396,27.1934782608696,27.4723404255319,0.0882422443406501,32.5,0.05812030075187938,0.13744360902255562,7.405000000000001,29.4407961266942,26.32949290886332,22.0,25.0,19.0,5.006250000000001,5.006250000000001,1.3759362432112516,0,3,71.29956083175125,0.4652609090379165,22.73,81.3,0.36796992481202934,48.4,0.43774436090225394,15,1,1,17.8854166666667,17.8854166666667,6.611610871574337,0,0,0,0,0.75,0.0,50.0,60.0,50.0,914.0636245861524,93.56556787102346,1.001151576219951,1.1847102084614678,1.3043040161220671,20,1,75.25801933459915,-345.9363754138477,-26.43443212897654,72.54473211001209,77.97130655918622,0,0,0.4804027263584041,17.819559421916654,1260.0,120.0,1.2628034236003927,142.54000000000002,37.459999999999994,7.127,0.8730000000000002,1.122491932089238,0.1611111111111111,0.4222222222222222,1,15,1.104672372667321,11,0.1122491932089238,0.8888888888888888,1.333333333333334,1.0,2.5256068472007858,0.75,120.03,-65.85281767955803,-9.434501100223214,632.147182320442,False,True,569.3590055248618,508.7739226519336,90.56549889977678,39.36357142857144,0,698.0,26.474907218012184,7,1,0,7,0,6947,0.974743931527992,8,1,1,57.0,1,0.35,0.4,0.0252560684720078,1069.3950000000002,1620.2167753170065,32.0,1.036418597955952,1,1691.4399999999998
Tags 3,0.942331976988915,2026-1,21,27.084980745428,27.00625,27.1934782608696,0.07769242812927087,32.5,0.0666233766233769,0.1066233766233765,7.50952380952381,29.4407961266942,26.58940906156726,22.0,25.0,19.0,5.193750000000001,5.193750000000001,1.3413283090008339,0,3,71.29690317309644,0.40109142362688804,22.97142857142857,84.3,0.35077922077922014,56.5,0.3451948051948049,16,1,1,21.24375000000001,21.24375000000001,6.444212653800618,0,0,0,0,0.7619047619047619,0.0,50.0,60.0,50.0,1008.6455331412104,93.6599423631124,1.0010086455331413,1.0021613832853025,1.1859051611212994,21,1,75.57010399699286,-371.3544668587896,-26.340057636887607,73.09025602472539,78.04995196926032,0,0,0.47162271295842345,19.643608811561663,1380.0,120.0,1.2494404244088542,149.66700000000003,37.33299999999999,7.127,-0.1269999999999997,0.9821804405780834,0.1550802139037433,0.4064171122994652,1,15,1.104672372667321,11,0.0982180440578083,0.8749999999999998,0.7777777777777775,1.1666666666666672,2.623824891258594,0.7142857142857143,120.03,-59.760000000000105,-7.883905013192625,698.2399999999999,False,False,632.147182320442,569.3590055248618,92.11609498680735,56.96571428571427,0,758.0,26.480359686752905,7,1,0,8,0,6940,0.973761751087414,9,1,1,60.0,1,0.3333333333333333,0.42857142857142855,0.0262382489125859,1495.7599999999998,1647.956939313984,32.0,1.037463976945245,1,1691.4399999999998
Lags 1,0.922162645218946,2026-2,1,32.48764706,28.15472074468085,28.15472074468085,0.0,35.4,0.0,0.0,5.3,32.049433839358315,32.049433839358315,30.0,32.0,28.0,2.4876470600000005,2.4876470600000005,0.0,0,1,80.30689076,0.0,31.7,94.1,0.0,62.4,0.0,1,1,1,10.306890760000002,10.306890760000002,0.0,0,0,0,0,1.0,0.0,70.0,80.0,70.0,8.949346697691068,8.949346697691068,3.0,3.0,3.0,1,1,89.49346697691067,-1.0506533023089322,-1.0506533023089322,89.49346697691067,89.49346697691067,0,0,0.0,0.1787310098302055,10.0,10.0,1.4298480786416443,11.19,4.8100000000000005,11.19,4.8100000000000005,1.4298480786416443,3.1875,7.5625,0,1,0.4298480786416443,1,0.1429848078641644,3.0,3.0,3.0,0.1429848078641644,1.0,106.75,0.0,0.0,64.0,True,False,669.9717991631799,637.6489644351465,100.0,39.36357142857144,0,64.0,32.049433839358315,0,0,0,1,0,11174,0.998570151921358,1,1,1,11.0,0,0.0,1.0,0.0014298480786416,1069.3950000000002,1789.0,40.0,0.6443529622337569,0,1192.0
Lags 1,0.922162645218946,2026-2,2,32.188539840000004,32.48764706,28.15472074468085,-0.5982144400000006,37.1,1.69999999999999,-0.9000000000000024,6.6,32.049433839358315,31.575215566139548,30.0,32.0,28.0,1.889432620000001,1.889432620000001,0.42300148712771274,1,2,82.905342545,5.196903569999993,29.049999999999997,95.4,1.2999999999999967,69.0,6.59999999999998,2,1,1,15.503794330000003,15.503794330000003,3.67476575551958,0,0,0,0,1.0,0.0,70.0,80.0,70.0,17.921146953405017,8.960573476702509,1.0012544802867385,3.0,3.0,2,1,52.2700119474313,-12.078853046594984,-11.039426523297491,59.73715651135005,44.80286738351255,0,0,1.4133265108554773,0.3574620196604111,30.0,20.0,1.3404825737265416,22.38,7.620000000000001,11.19,2.8100000000000005,1.2511170688114388,1.7,4.033333333333333,0,2,0.4298480786416443,2,0.1251117068811438,0.8749999999999998,3.0,3.0,0.2680965147453083,1.0,106.75,0.0,0.0,77.0,True,False,64.0,637.6489644351465,100.0,39.36357142857144,0,77.0,31.81232470274893,0,0,0,1,0,11160,0.997319034852547,1,1,0,13.0,0,0.0,0.5,0.002680965147453,1069.3950000000002,1789.0,40.0,0.6451612903225806,0,1192.0
Lags 1,0.922162645218946,2026-2,3,32.194894616666666,31.88943262,32.48764706,-0.14002144499999938,36.5,0.5500000000000013,-0.4500000000000041,6.833333333333333,32.049433839358315,31.806245386952728,30.0,32.0,28.0,2.2076041700000038,2.2076041700000038,0.299309670100346,0,3,82.54000845666667,0.7512247600000045,30.466666666666665,95.7,0.8000000000000188,62.4,7.178875080403445e-15,3,1,1,11.80934028,11.80934028,2.6743894008286717,0,0,0,0,1.0,0.0,70.0,80.0,70.0,31.421132956279735,13.466199838405602,1.5028279019660653,1.5047131699434422,3.0,3,1,65.08663255229374,-18.578867043720265,-6.533800161594398,62.84226591255948,67.330999192028,0,0,1.0398785058073112,0.6255585344057194,50.0,20.0,1.5192135835567473,33.57,17.43,11.19,9.81,1.8766756032171583,1.0,2.372549019607843,0,3,0.8766756032171583,3,0.1876675603217158,1.5000000000000009,1.3125000000000002,3.0,0.4557640750670241,1.0,106.75,-26.0,-28.57142857142857,65.0,False,False,77.0,64.0,71.42857142857143,39.36357142857144,0,91.0,31.810298264150195,0,0,0,2,0,11139,0.99544235924933,2,1,1,14.0,0,0.0,0.6666666666666666,0.0045576407506702,1069.3950000000002,1277.857142857143,40.0,0.6463775922434689,0,1192.0
Lags 1,0.922162645218946,2026-2,4,32.122316795,32.20760417,31.88943262,-0.143101964000004,36.0,0.119999999999994,0.02999999999999365,6.575,32.049433839358315,31.51691835555101,30.0,32.0,28.0,1.9045833300000008,1.9045833300000008,0.28424346348725865,1,4,82.48741085750001,0.23737278499999115,28.9,90.9,-0.9300000000000171,66.7,0.6299999999999962,4,1,1,12.32961806,12.32961806,2.1861621946374923,0,0,0,0,1.0,0.0,70.0,80.0,70.0,58.41646445582816,26.961445133459154,2.002156915610677,3.0,3.0,3,0,92.8671999041371,-16.583535544171838,1.9614451334591545,77.88861927443756,107.84578053383662,1,1,0.8531759202634476,1.161751563896336,75.0,25.0,1.4075067024128687,44.76,18.240000000000002,11.19,0.8100000000000005,1.0723860589812333,0.8095238095238095,1.9206349206349207,0,4,0.8766756032171583,4,0.1072386058981233,0.5714285714285713,0.8571428571428574,0.75,0.5630026809651474,1.0,106.75,-37.0,-34.57943925233645,70.0,False,False,65.0,77.0,65.42056074766354,39.36357142857144,0,107.0,31.7369532870004,0,0,0,2,0,11127,0.994369973190348,2,1,0,16.0,0,0.0,0.5,0.0056300268096514,1069.3950000000002,1170.3738317757009,40.0,0.6470746832030196,0,1192.0
Lags 1,0.922162645218946,2026-2,5,32.139520102000006,31.90458333,32.20760417,-0.05434767500000107,35.2,-0.1500000000000025,0.03999999999999694,6.340000000000001,32.049433839358315,31.801296467852037,28.0,30.0,26.0,4.208333330000002,4.208333330000002,0.24914961119798215,0,5,82.303275908,-0.06544855700001267,29.24,92.6,-0.7500000000000114,62.0,-0.31000000000000494,5,1,1,11.566736109999994,11.566736109999994,1.9375260653946063,0,0,0,0,1.0,0.0,70.0,80.0,70.0,85.52394670507742,27.00756211739287,1.0017104789341014,2.0055815628375946,3.0,3,0,96.77709758732443,-14.47605329492258,2.007562117392869,85.52394670507742,108.03024846957148,2,1,0.8360646737325458,1.6979445933869528,100.0,25.0,1.4655942806076854,55.949999999999996,26.05,11.19,7.81,1.6979445933869528,0.6219512195121951,1.475609756097561,1,5,0.8766756032171583,5,0.1697944593386952,1.583333333333333,0.9047619047619044,1.3571428571428572,0.7327971403038427,1.0,106.75,-37.49999999999997,-29.99999999999997,87.50000000000003,False,False,70.0,65.0,70.00000000000001,39.36357142857144,0,125.0,31.749821923170725,0,0,0,3,0,11108,0.992672028596962,3,1,1,18.0,0,0.0,0.6,0.0073279714030384,1069.3950000000002,1252.3000000000004,40.0,0.6481814908174289,0,1192.0
Lags 1,0.922162645218946,2026-2,6,32.42388828000001,32.20833333,31.90458333,0.2126883382857129,39.0,0.33714285714285713,0.1371428571428558,6.7,33.26771645080347,33.26771645080347,28.0,30.0,26.0,5.845729169999999,5.845729169999999,0.7313357552877617,0,6,81.069622285,-1.094816566571431,31.28333333333333,92.6,-0.5914285714285685,51.1,-2.0914285714285694,5,1,0,4.901354170000005,4.901354170000005,3.483477195635555,1,0,0,0,0.8333333333333334,0.0,70.0,80.0,70.0,117.26501894281076,31.571351253833665,1.1689818990919478,1.170981418004691,2.344488544109688,4,1,88.53341885995684,-17.734981057189245,-3.428648746166335,86.86297699467464,90.20386072523904,2,0,0.7787694574547246,2.323503127792672,135.0,35.0,1.5490020851951147,67.14,36.86,11.19,10.81,1.966041108132261,0.4903846153846153,1.1634615384615383,1,6,0.9660411081322612,6,0.1966041108132261,1.1578947368421058,1.8333333333333337,1.0476190476190477,0.9294012511170688,1.0,106.75,-47.0,-32.41379310344827,98.0,False,False,87.50000000000003,70.0,67.58620689655173,39.36357142857144,0,145.0,32.00280434444285,0,0,0,3,0,11086,0.990705987488829,4,1,1,20.0,0,0.0,0.6666666666666666,0.0092940125111706,1069.3950000000002,1209.1172413793104,40.0,0.6494677972217211,0,1192.0
Lags 1,0.922162645218946,2026-2,7,32.68658182,33.84572917,32.20833333,0.3299503664285718,38.4,0.41071428571428636,0.1785714285714305,6.842857142857143,33.66674562890851,33.66674562890851,28.0,30.0,26.0,6.262743059999998,6.262743059999998,0.9637246810367508,0,7,80.10449767285715,-1.4081038132142805,32.528571428571425,92.5,-0.4821428571428555,52.5,-2.353571428571424,5,1,0,4.313749999999999,4.313749999999999,4.078288419076655,1,0,0,0,0.7142857142857143,0.0,70.0,80.0,70.0,149.0649561839371,31.619839190532115,1.0015358207606828,1.1707772457614358,1.1727798355768362,5,1,89.01383301536352,-20.935043816062887,-3.3801608094678848,87.68526834349242,90.3423976872346,2,0,0.7475179522701229,2.949061662198392,170.0,35.0,1.5447465849610622,78.33,42.67,11.19,5.8100000000000005,1.519213583556747,0.4214876033057851,1.0,1,7,0.9660411081322612,7,0.1519213583556747,0.7727272727272726,0.8947368421052634,1.4166666666666667,1.0813226094727435,1.0,101.5,-65.5,-39.221556886227546,101.5,False,False,98.0,87.50000000000003,60.77844311377245,39.36357142857144,1,167.0,32.24051024222366,0,0,0,3,0,11069,0.989186773905272,5,1,1,22.0,0,0.0,0.7142857142857143,0.0108132260947274,1069.3950000000002,1087.3263473053892,40.0,0.6504652633480893,0,1192.0
Lags 1,0.922162645218946,2026-2,8,32.86691360625,34.26274306,33.84572917,0.3401881017857165,38.5,0.41547619047619155,0.22261904761904758,6.8999999999999995,33.66674562890851,33.497474146529214,28.0,30.0,26.0,6.129236110000001,6.129236110000001,1.0277358290669003,0,8,79.19561081124999,-1.5446604498809486,33.825,91.3,-0.4964285714285697,48.4,-2.6083333333333294,5,1,0,7.83340278,7.83340278,4.56781968774671,1,0,0,0,0.625,0.0,65.0,75.0,65.0,180.99547511312215,31.67420814479638,1.0017194570135748,1.0032579185520365,1.172790346907994,6,1,72.8095433977787,-39.00452488687782,-18.32579185520362,82.27067050596463,63.34841628959276,2,0,0.716414393023617,3.574620196604111,220.0,50.0,1.5638963360142986,89.52,50.480000000000004,11.19,7.81,1.6979445933869528,0.3642857142857142,0.8642857142857143,1,8,0.9660411081322612,8,0.1697944593386952,1.117647058823529,0.8636363636363633,1.0,1.2511170688114388,1.0,101.5,-81.0,-42.1875,111.0,False,False,101.5,98.0,57.8125,39.36357142857144,1,192.0,32.39763073026185,0,0,0,3,0,11050,0.987488829311886,6,1,1,25.0,0,0.0,0.75,0.0125111706881143,1069.3950000000002,1034.265625,40.0,0.6515837104072398,0,1192.0
Lags 1,0.922162645218946,2026-2,9,33.04066317444445,34.12923611,34.26274306,0.34238141216666773,39.3,0.4433333333333349,0.1950000000000002,7.088888888888889,33.781916647979024,33.781916647979024,25.0,28.0,23.0,9.43065972,9.43065972,1.0935771712980085,0,9,78.42568569,-1.5432173876666646,35.06666666666667,91.6,-0.4499999999999944,46.6,-2.6733333333333293,5,1,0,7.266284720000002,7.266284720000002,4.857151103608172,1,0,0,0,0.5555555555555556,0.0,65.0,75.0,65.0,212.95876755777076,31.717263253285,1.0013593112822836,1.0030811055731763,1.0046216583597642,7,1,71.15407206027957,-57.04123244222927,-18.282736746715,78.87361761398915,63.43452650657,2,0,0.6873631726846212,4.200178731009831,270.0,50.0,1.5390725846489923,100.71,54.290000000000006,11.19,3.810000000000001,1.3404825737265416,0.3290322580645161,0.7806451612903226,1,9,0.9660411081322612,9,0.1340482573726541,0.7894736842105263,0.8823529411764703,0.6818181818181815,1.3851653261840928,1.0,101.5,-100.0,-45.45454545454545,120.0,False,False,111.0,101.5,54.54545454545454,39.36357142857144,1,220.0,32.55144027667487,0,0,0,3,0,11035,0.986148346738159,7,1,1,28.0,0,0.0,0.7777777777777778,0.0138516532618409,1069.3950000000002,975.8181818181819,40.0,0.6524694154961486,0,1192.0
Lags 1,0.922162645218946,2026-2,10,33.205063476999996,34.43065972,34.12923611,0.3386775556969703,40.5,0.4987878787878788,0.1703030303030297,7.359999999999999,34.04061819514669,34.04061819514669,25.0,28.0,23.0,9.684666200000002,9.684666200000002,1.1546889715852524,0,10,77.83759904,-1.4431144546666668,35.45,89.1,-0.5381818181818212,50.2,-2.364242424242423,5,1,0,7.544819189999998,7.544819189999998,4.942575424681581,1,0,0,0,0.5,0.0,65.0,75.0,65.0,249.54627949183305,36.29764065335753,1.144412756028001,1.1459683691988591,1.147938812548613,8,1,68.05807622504537,-80.45372050816698,-23.702359346642467,75.62008469449485,60.49606775559588,2,0,0.6534336426628613,4.915102770330653,330.0,60.0,1.519213583556747,111.89999999999999,58.10000000000001,11.19,3.810000000000001,1.3404825737265416,0.3,0.711764705882353,1,10,0.9660411081322612,10,0.1340482573726541,1.0,0.7894736842105263,0.8823529411764703,1.5192135835567473,1.0,101.5,-121.0,-48.59437751004016,128.0,False,False,120.0,111.0,51.40562248995983,39.36357142857144,1,249.0,32.70035806852205,0,0,0,3,0,11020,0.984807864164432,8,1,1,29.0,0,0.0,0.8,0.0151921358355674,1069.3950000000002,919.6465863453815,40.0,0.6533575317604355,0,1192.0
Lags 1,0.922162645218946,2026-2,11,33.43479571181818,34.6846662,34.43065972,0.36887428418181806,41.8,0.5654545454545447,0.1990909090909092,7.6,34.99797953597436,34.99797953597436,25.0,28.0,23.0,10.732118059999998,10.732118059999998,1.3343619658288617,0,11,77.07416831909092,-1.4640512014545435,35.336363636363636,84.3,-0.7799999999999992,50.1,-2.092727272727272,5,1,0,4.439861109999995,4.439861109999995,5.328905869660788,1,0,0,0,0.45454545454545453,0.0,65.0,75.0,65.0,286.25954198473283,36.350418029807344,1.0014540167211925,1.1460767513112116,1.1476346263696318,9,1,66.99195630493341,-103.74045801526717,-23.649581970192656,73.3998825601879,60.58403004967891,2,0,0.630463526296207,5.630026809651475,390.0,60.0,1.5110894467462834,123.08999999999999,62.91000000000001,11.19,4.8100000000000005,1.4298480786416443,0.2741935483870967,0.6505376344086021,1,11,0.9660411081322612,11,0.1429848078641644,1.0666666666666669,1.0666666666666669,0.8421052631578949,1.6621983914209115,1.0,101.5,-136.0,-48.226950354609926,146.0,False,False,128.0,120.0,51.77304964539007,39.36357142857144,1,282.0,32.90923274738135,0,0,0,3,0,11004,0.983378016085791,9,1,1,33.0,0,0.0,0.8181818181818182,0.0166219839142091,1069.3950000000002,926.2198581560284,40.0,0.6543075245365322,0,1192.0
Lags 1,0.922162645218946,2026-2,12,33.6318902825,35.73211806,34.6846662,0.3747161743007001,41.5,0.5706293706293711,0.1849650349650345,7.824999999999999,35.052140145487606,35.052140145487606,25.0,28.0,23.0,10.79993056,10.79993056,1.4438876237777354,0,12,76.3968417925,-1.4388054749300667,35.275,83.5,-0.9202797202797194,48.9,-1.9017482517482471,5,1,0,3.9462500000000063,3.9462500000000063,5.596510107325661,1,0,0,0,0.4166666666666667,0.0,65.0,75.0,65.0,323.138539959949,36.40997633351538,1.001638448935008,1.0030948479883488,1.147954539543835,10,1,61.1308802959837,-136.861460040051,-33.59002366648462,70.24750868694544,52.01425190502197,2,0,0.6093795525229867,6.344950848972297,460.0,70.0,1.5192135835567473,134.28,69.72000000000001,11.19,6.8100000000000005,1.6085790884718498,0.25,0.5931372549019608,1,12,0.9660411081322612,12,0.1608579088471849,1.1249999999999996,1.1999999999999995,1.1999999999999995,1.8230563002680964,1.0,101.5,-146.00000000000003,-46.05678233438486,170.99999999999997,False,False,146.0,128.0,53.94321766561513,39.36357142857144,1,317.0,33.08780836389021,0,0,0,3,0,10986,0.981769436997319,10,1,1,35.0,0,0.0,0.8333333333333334,0.0182305630026809,1069.3950000000002,965.0441640378547,40.0,0.6553795740032768,0,1192.0
Lags 1,0.922162645218946,2026-2,13,33.674426499999996,35.79993056,35.73211806,0.3126496587362642,40.4,0.5186813186813198,0.13406593406593423,8.015384615384615,35.052140145487606,33.48515785384705,25.0,28.0,23.0,9.18486111,9.18486111,1.3908984392518866,0,13,75.91667874846154,-1.3362741777472482,35.14615384615385,83.1,-0.9879120879120848,49.5,-1.7038461538461538,5,1,0,5.1547222199999965,5.1547222199999965,5.630993109697917,1,0,0,0,0.38461538461538464,0.0,65.0,75.0,65.0,360.0729261622607,36.46308113035551,1.0014585232452142,1.0030993618960802,1.0045578851412944,11,1,56.12951146223708,-179.92707383773927,-43.53691886964449,66.68017151152976,45.57885141294439,2,0,0.5900498171526951,7.059874888293119,540.0,80.0,1.5123393139478931,145.47,74.53000000000002,11.19,4.8100000000000005,1.4298480786416443,0.2318181818181818,0.55,1,13,0.9660411081322612,13,0.1429848078641644,0.8888888888888892,1.0,1.0666666666666669,1.9660411081322613,1.0,101.5,-172.49999999999997,-48.59154929577464,182.50000000000003,False,False,170.99999999999997,146.0,51.40845070422536,39.36357142857144,1,355.0,33.1183737092715,0,0,0,3,0,10970,0.980339588918677,11,1,1,38.0,0,0.0,0.8461538461538461,0.0196604110813226,1069.3950000000002,919.6971830985917,40.0,0.6563354603463992,0,1192.0
Lags 1,0.922162645218946,2026-2,14,33.68301628285714,34.18486111,35.79993056,0.2535556401318671,41.3,0.4969230769230756,0.061098901098899164,8.335714285714285,35.052140145487606,33.12248787775496,25.0,28.0,23.0,8.794683460000002,8.794683460000002,1.3367184380764188,0,14,75.57205564,-1.2068685855824208,35.642857142857146,88.4,-0.8507692307692308,46.3,-1.6221978021978025,5,1,0,6.091955229999996,6.091955229999996,5.561628473683842,1,0,0,0,0.35714285714285715,0.0,65.0,75.0,65.0,401.5331264829349,41.0658879357547,1.1262319766380728,1.127874612155503,1.1297225771126118,12,1,54.68209063755697,-228.46687351706515,-48.9341120642453,63.73541690205315,45.62876437306078,2,0,0.5686857635781729,7.864164432529045,630.0,90.0,1.4809140814502746,156.66,75.34000000000002,11.19,0.8100000000000005,1.0723860589812333,0.2198275862068965,0.521551724137931,1,14,0.9660411081322612,14,0.1072386058981233,0.75,0.6666666666666669,0.75,2.073279714030384,1.0,101.5,-186.5,-47.0959595959596,209.5,False,False,182.50000000000003,170.99999999999997,52.90404040404041,39.36357142857144,1,396.0,33.11866757844889,0,0,0,3,0,10958,0.979267202859696,12,1,1,41.0,0,0.0,0.8571428571428571,0.0207327971403038,1069.3950000000002,946.4532828282828,40.0,0.6570542069720752,0,1192.0
Lags 1,0.922162645218946,2026-2,15,33.62708834533333,33.79468346,34.18486111,0.18504098103571504,39.9,0.435357142857143,-0.017857142857142516,8.6,35.052140145487606,32.217781206254514,25.0,28.0,23.0,7.844097220000002,7.844097220000002,1.3061797228150576,0,15,75.37279591199999,-1.055303123785714,35.826666666666675,91.2,-0.6703571428571407,52.8,-1.3660714285714286,6,1,1,12.583159719999998,12.583159719999998,5.41459785384008,0,0,0,0,0.4,0.0,60.0,70.0,60.0,443.16520467836256,41.11842105263158,1.001279239766082,1.1276726973684212,1.1293174342105263,13,1,53.61892868745939,-276.83479532163744,-48.88157894736842,61.5507228719948,45.68713450292398,2,0,0.5527931398897334,8.668453976764969,720.0,90.0,1.4655942806076856,167.85,78.15000000000002,11.19,2.8100000000000005,1.2511170688114388,0.2073170731707317,0.491869918699187,1,15,0.9660411081322612,15,0.1251117068811438,1.1666666666666663,0.8749999999999998,0.7777777777777778,2.1983914209115283,1.0,101.5,-214.8301104972376,-48.93624384902906,224.16988950276243,False,True,209.5,182.50000000000003,51.06375615097094,39.36357142857144,1,439.0,33.05860848696927,0,0,0,4,0,10944,0.978016085790885,13,1,1,43.0,0,0.0,0.8666666666666667,0.0219839142091152,1069.3950000000002,913.5305975408702,40.0,0.6578947368421053,0,1192.0
Lags 1,0.922162645218946,2026-2,16,33.611476053125,32.84409722,33.79468346,0.14687646948529534,39.8,0.38235294117647217,-0.07691176470588104,8.84375,35.052140145487606,32.622270562302,22.0,25.0,19.0,11.377291669999998,11.377291669999998,1.2634338140275942,0,16,74.88858036875,-1.0399727642647043,36.493750000000006,89.7,-0.5679411764705865,43.2,-1.3763235294117642,6,1,0,7.625347219999995,7.625347219999995,5.578062417610071,1,0,0,0,0.375,0.0,60.0,70.0,60.0,489.4784995425434,45.74565416285453,1.112534309240622,1.113957507370133,1.2545745654162856,14,1,52.71907705353357,-330.52150045745657,-54.25434583714547,59.69249994421262,45.74565416285453,2,0,0.5353873437933647,9.562109025915996,820.0,100.0,1.45218945487042,179.04,80.96000000000001,11.19,2.8100000000000005,1.2511170688114388,0.1961538461538461,0.4653846153846154,1,16,0.9660411081322612,16,0.1251117068811438,1.0,1.1666666666666663,0.8749999999999998,2.323503127792672,1.0,101.5,-245.79558011049724,-50.57522224495828,240.2044198895028,False,True,224.16988950276243,209.5,49.42477775504173,39.36357142857144,1,486.0,33.03133736667757,0,0,0,4,0,10930,0.976764968722073,14,1,1,47.0,0,0.0,0.875,0.0232350312779267,1069.3950000000002,884.2092740376964,40.0,0.6587374199451053,0,1192.0
Lags 1,0.922162645218946,2026-2,17,33.61631978176471,33.37729167,32.84409722,0.1240116341176475,39.9,0.3404411764705883,-0.10612745098039122,9.035294117647059,35.052140145487606,32.914899385263425,22.0,25.0,19.0,11.69381944,11.69381944,1.2234775391472623,0,17,74.41449312470588,-1.0246730515686244,36.670588235294126,87.1,-0.5374999999999973,47.6,-1.2700980392156855,6,1,0,6.829097219999994,6.829097219999994,5.743779654395065,1,0,0,0,0.35294117647058826,0.0,60.0,70.0,60.0,536.0087960417812,45.81271761040865,1.001466006963533,1.1141652922851382,1.1155905768330177,15,1,52.037271633562,-383.9912039582188,-54.18728238959135,58.26182565671535,45.81271761040865,2,0,0.5220040158324142,10.455764075067025,920.0,100.0,1.4508752562687273,190.23,85.77000000000001,11.19,4.8100000000000005,1.4298480786416443,0.1847826086956521,0.4384057971014493,1,17,0.9660411081322612,17,0.1429848078641644,1.1428571428571432,1.1428571428571432,1.3333333333333333,2.4664879356568368,1.0,101.5,-278.078729281768,-51.9773325760314,256.921270718232,False,True,240.2044198895028,224.16988950276243,48.0226674239686,39.36357142857144,1,535.0,33.02448807365321,0,0,0,4,0,10914,0.975335120643432,15,1,1,49.0,0,0.0,0.8823529411764706,0.0246648793565683,1069.3950000000002,859.1255202147983,40.0,0.6597031335898845,0,1192.0
Lags 1,0.922162645218946,2026-2,18,33.63378889888889,33.69381944,33.37729167,0.10994741308565505,39.8,0.30330237358101214,-0.11248710010319876,9.161111111111111,35.052140145487606,33.21012831403287,22.0,25.0,19.0,11.93076389,11.93076389,1.189259251828474,0,18,74.12614551277778,-0.953939710350872,36.82222222222222,87.0,-0.5084623323013419,47.6,-1.1732714138286882,6,1,0,9.224236110000009,9.224236110000009,5.704993917381421,1,0,0,0,0.3333333333333333,0.0,60.0,70.0,60.0,582.729191520602,45.88418830870882,1.0015600624024965,1.0030283564283748,1.1159034596677984,16,1,49.14427406232846,-447.27080847939806,-64.11581169129119,56.57564966219436,41.71289846246257,2,0,0.50951505104847,11.349419124218052,1030.0,110.0,1.4546718300069506,201.42,91.58000000000001,11.19,5.8100000000000005,1.519213583556747,0.1740614334470989,0.4129692832764505,1,18,0.9660411081322612,18,0.1519213583556747,1.0625000000000002,1.2142857142857149,1.2142857142857149,2.618409294012511,1.0,101.5,-311.6795580110497,-53.187637885844666,274.3204419889503,False,True,256.921270718232,240.2044198895028,46.81236211415533,39.36357142857144,1,586.0,33.03480142034097,0,0,0,4,0,10897,0.973815907059875,16,1,1,51.0,0,0.0,0.8888888888888888,0.0261840929401251,1069.3950000000002,837.4731582222389,40.0,0.660732311645407,0,1192.0
Lags 1,0.922162645218946,2026-2,19,33.67993634,33.93076389,33.69381944,0.10729953345614027,40.7,0.28614035087719236,-0.11052631578947424,9.305263157894737,35.052140145487606,33.73677768243966,22.0,25.0,19.0,12.510590280000002,12.510590280000002,1.1731263354063541,0,19,73.77198617315788,-0.917096555684212,37.06315789473685,87.7,-0.4685964912280728,46.3,-1.105964912280704,6,1,0,7.397118059999997,7.397118059999997,5.755166315274092,1,0,0,0,0.3157894736842105,0.0,60.0,70.0,60.0,634.0746186362801,50.54217974637015,1.1015162653923911,1.1032346995037678,1.1048520492556515,17,1,50.7840083575968,-505.9253813637199,-59.45782025362985,55.62058058212983,45.947436133063775,2,0,0.49598660509473225,12.332439678284183,1140.0,110.0,1.448661869150087,212.60999999999999,95.39000000000001,11.19,3.810000000000001,1.3404825737265416,0.1655844155844155,0.3928571428571428,1,19,0.9660411081322612,19,0.1340482573726541,0.8823529411764703,0.9375,1.0714285714285716,2.7524575513851657,1.0,101.5,-347.9157458563536,-54.27702743468855,293.0842541436464,False,True,274.3204419889503,256.921270718232,45.72297256531145,39.36357142857144,1,641.0,33.07174753939879,0,0,0,4,0,10882,0.972475424486148,17,1,1,55.0,0,0.0,0.8947368421052632,0.0275245755138516,1069.3950000000002,817.9839791934218,40.0,0.6616430803161184,0,1192.0
Lags 1,0.922162645218946,2026-2,20,33.651285009,34.51059028,33.93076389,0.08378493410526318,39.3,0.2495488721804501,-0.10609022556390968,9.360000000000001,35.052140145487606,32.435496861004104,22.0,25.0,19.0,11.106909719999996,11.106909719999996,1.1490041159446722,0,20,73.625987559,-0.8277966517744373,37.035000000000004,88.6,-0.42000000000000165,52.1,-0.9582706766917307,7,1,1,10.852013889999997,10.852013889999997,5.639591408884299,0,0,0,0,0.35,0.0,60.0,70.0,60.0,689.9089320209732,55.19271456167786,1.0920129452003244,1.2028700211572072,1.2047465734523044,18,1,50.374302972959946,-570.0910679790268,-64.80728543832214,54.75467714452168,45.99392880139821,2,0,0.48360204376893134,13.404825737265416,1260.0,120.0,1.425379803395889,223.79999999999998,95.20000000000002,11.19,-0.1899999999999995,0.9830205540661304,0.1598746081504702,0.3793103448275862,1,19,0.9660411081322612,19,0.098302055406613,0.7333333333333333,0.6470588235294116,0.6874999999999999,2.850759606791778,0.95,101.5,-385.46961325966856,-55.2248729598379,312.53038674033144,False,True,293.0842541436464,274.3204419889503,44.7751270401621,39.36357142857144,1,698.0,33.03993500547906,0,0,0,5,0,10871,0.971492403932082,18,1,1,57.0,0,0.0,0.9,0.0285075960679177,1069.3950000000002,801.0270227484999,40.0,0.6623125747401343,0,1192.0
Lags 1,0.922162645218946,2026-2,21,33.632086272380946,33.10690972,34.51059028,0.06712369674025961,39.7,0.2244155844155846,-0.10532467532467472,9.442857142857143,35.052140145487606,32.55927607316162,22.0,25.0,19.0,11.248111539999996,11.248111539999996,1.1233611871424196,0,21,73.46320163857142,-0.7593114502857148,36.90952380952381,87.8,-0.38896103896103756,53.4,-0.8196103896103873,8,1,1,10.207483229999994,10.207483229999994,5.547181813307441,0,0,0,0,0.38095238095238093,0.0,60.0,70.0,60.0,746.1999078765546,55.27406725011515,1.0014739751266697,1.0936225451195511,1.2046430216490096,19,1,50.06708990046663,-633.8000921234454,-64.72593274988485,54.07245709250395,46.06172270842929,2,0,0.4736192455958295,14.47721179624665,1380.0,120.0,1.4255925784075916,234.98999999999998,100.01000000000002,11.19,4.8100000000000005,1.4298480786416443,0.1522388059701492,0.3611940298507463,1,20,0.9660411081322612,19,0.1429848078641644,1.4545454545454548,1.0666666666666669,0.9411764705882352,2.993744414655943,0.9523809523809523,101.5,-425.00000000000006,-56.06860158311346,332.99999999999994,False,False,312.53038674033144,293.0842541436464,43.93139841688654,17.642857142857135,1,758.0,33.01704648489252,0,0,0,6,0,10855,0.970062555853441,19,1,1,60.0,0,0.0,0.9047619047619048,0.0299374441465594,579.9999999999998,785.9327176781001,40.0,0.6632888070013818,0,1192.0
Lags 2,0.915996425379804,2026-2,1,34.16107639,28.15472074468085,28.15472074468085,0.0,39.8,0.0,0.0,9.9,33.56175376963935,33.56175376963935,30.0,32.0,28.0,4.161076389999998,4.161076389999998,0.0,0,1,74.14579861,0.0,43.3,91.6,0.0,48.3,0.0,0,0,0,4.14579861,4.14579861,0.0,1,0,0,0,0.0,0.0,70.0,80.0,70.0,8.957362952346829,8.957362952346829,3.0,3.0,3.0,1,1,89.57362952346828,-1.0426370476531712,-1.0426370476531712,89.57362952346828,89.57362952346828,0,0,0.0,0.1787310098302055,10.0,10.0,2.323503127792672,11.19,14.81,11.19,14.81,2.323503127792672,2.5384615384615383,5.230769230769231,0,1,1.323503127792672,1,0.2323503127792672,3.0,3.0,3.0,0.2323503127792672,1.0,106.75,-17.0,-26.5625,47.0,False,False,669.9717991631799,637.6489644351465,73.4375,39.36357142857144,0,64.0,33.56175376963935,0,0,0,0,0,11164,0.997676496872207,1,1,1,11.0,0,0.0,1.0,0.0023235031277926,1069.3950000000002,1313.796875,40.0,0.6449301325689717,1,1204.0
Lags 2,0.915996425379804,2026-2,2,34.290162935,34.16107639,28.15472074468085,0.25817308999999317,40.7,0.8999999999999971,0.20000000000000095,10.25,33.84326112230369,33.84326112230369,30.0,32.0,28.0,4.419249479999998,4.419249479999998,0.18255594265888458,0,2,74.657628285,1.0236593499999864,41.45,92.5,0.8999999999999987,52.9,4.599999999999996,0,0,0,5.169457960000003,5.169457960000003,0.7238364680100153,1,0,0,0,0.0,0.0,70.0,80.0,70.0,22.43158366980709,13.458950201884251,1.502557200538358,3.0,3.0,2,1,71.03334828772245,-7.56841633019291,-6.541049798115747,74.77194556602363,67.29475100942126,0,0,1.0588519579382945,0.4468275245755139,30.0,20.0,2.0107238605898123,22.38,22.62,11.19,7.81,1.6979445933869528,1.4666666666666666,3.022222222222222,0,2,1.323503127792672,2,0.1697944593386952,0.7307692307692304,3.0,3.0,0.4021447721179624,1.0,106.75,-24.5,-31.818181818181817,52.5,False,False,47.0,637.6489644351465,68.18181818181817,39.36357142857144,0,77.0,33.70250744597152,0,0,0,0,0,11145,0.99597855227882,2,1,1,13.0,0,0.0,1.0,0.0040214477211796,1069.3950000000002,1219.7727272727273,40.0,0.6460296096904441,1,1204.0
Lags 2,0.915996425379804,2026-2,3,34.44111556666667,34.41924948,34.16107639,0.2909722200000003,40.5,0.35000000000000697,0.6500000000000019,9.933333333333334,34.107619551695166,34.107619551695166,30.0,32.0,28.0,4.743020829999999,4.743020829999999,0.2915877691558998,0,3,74.07440265333334,-0.618923609999998,37.2,84.1,-3.7499999999999925,55.4,3.550000000000004,0,0,0,2.907951389999994,2.907951389999994,1.1324425056088114,1,0,0,0,0.0,0.0,70.0,80.0,70.0,44.94786048184106,22.47393024092053,1.6698130169003955,2.508989572096368,3.0,2,0,101.1326860841424,-5.052139518158938,2.473930240920531,89.89572096368212,112.36965120460265,1,1,0.8205391373739259,0.8936550491510279,50.0,20.0,1.966041108132261,33.57,32.43,11.19,9.81,1.8766756032171583,1.0,2.060606060606061,0,3,1.323503127792672,3,0.1876675603217158,1.1052631578947372,0.8076923076923076,3.0,0.5898123324396782,1.0,106.75,-28.0,-30.76923076923077,63.0,False,False,52.5,47.0,69.23076923076923,39.36357142857144,0,91.0,33.83754481454607,0,0,0,0,0,11124,0.994101876675603,3,1,1,14.0,0,0.0,1.0,0.0058981233243967,1069.3950000000002,1238.5384615384614,40.0,0.6472491909385113,1,1204.0
Lags 2,0.915996425379804,2026-2,4,34.511010285,34.74302083,34.41924948,0.20026254999999304,39.6,-0.08000000000000587,0.49999999999999645,9.55,34.107619551695166,34.06831769640258,30.0,32.0,28.0,4.720694440000003,4.720694440000003,0.2760858043274364,0,4,73.61298081,-0.8012756560000093,34.575,82.1,-3.6900000000000146,55.4,2.379999999999997,0,0,0,2.228715280000003,2.228715280000003,1.306365628640605,1,0,0,0,0.0,0.0,70.0,80.0,70.0,67.51282743721308,22.504275812404355,1.0013502565487442,1.6720676928616436,2.512377351696822,3,1,90.01710324961743,-7.487172562786924,-2.495724187595645,90.01710324961743,90.01710324961742,1,0,0.8530513132012343,1.3404825737265416,75.0,25.0,1.8096514745308312,44.76,36.24,11.19,3.810000000000001,1.3404825737265416,0.8148148148148148,1.6790123456790125,0,4,1.323503127792672,4,0.1340482573726541,0.7142857142857141,0.7894736842105263,0.5769230769230766,0.7238605898123325,1.0,106.75,-34.0,-31.77570093457944,73.0,False,False,63.0,52.5,68.22429906542055,39.36357142857144,0,107.0,33.895238035010195,0,0,0,0,0,11109,0.992761394101877,4,1,1,16.0,0,0.0,1.0,0.0072386058981233,1069.3950000000002,1220.5327102803737,40.0,0.6481231433972455,1,1204.0
Lags 2,0.915996425379804,2026-2,5,34.297072115999995,34.72069444,34.74302083,-0.11380689400000342,38.7,-0.3300000000000008,0.18999999999999898,9.32,34.107619551695166,32.85304521451535,28.0,30.0,26.0,5.441319440000001,5.441319440000001,0.5348039166729314,0,5,73.760162426,-0.25345621200000495,32.88,83.3,-2.700000000000006,57.2,2.0299999999999985,0,0,0,4.348888889999998,4.348888889999998,1.1782425502467768,1,0,0,0,0.0,0.0,70.0,80.0,70.0,90.19572472264817,22.54893118066204,1.0019843059438984,1.0033372418147382,1.6753855867231895,4,1,90.19572472264817,-9.804275277351849,-2.451068819337962,90.19572472264817,90.19572472264817,1,0,0.8191762338210814,1.7873100983020556,100.0,25.0,1.8409294012511173,55.949999999999996,47.050000000000004,11.19,10.81,1.966041108132261,0.6407766990291263,1.3203883495145632,1,5,1.323503127792672,5,0.1966041108132261,1.4666666666666672,1.0476190476190477,1.1578947368421058,0.9204647006255584,1.0,106.75,-42.50000000000003,-34.00000000000002,82.49999999999997,False,False,73.0,63.0,65.99999999999999,39.36357142857144,0,125.0,33.686799470911225,0,0,0,0,0,11087,0.990795352993744,5,1,1,18.0,0,0.0,1.0,0.0092046470062555,1069.3950000000002,1180.7399999999996,40.0,0.6494092180030666,1,1204.0
Lags 2,0.915996425379804,2026-2,6,34.160239354999995,33.44131944,34.72069444,-0.18231773457142877,39.6,-0.22571428571428573,0.002857142857143165,9.4,34.107619551695166,32.87504120504219,28.0,30.0,26.0,5.476075549999997,5.476075549999997,0.5840816812127098,0,6,73.77370420166666,-0.1332248848571411,32.7,85.8,-1.6742857142857146,54.0,1.182857142857143,0,0,0,3.8414130799999953,3.8414130799999953,1.0543740720915233,1,0,0,0,0.0,0.0,70.0,80.0,70.0,117.43450767841011,27.100271002710027,1.2018428184281842,1.2042276422764229,1.2058536585365855,5,1,82.20893496412918,-17.565492321589886,-7.899728997289973,86.98852420622971,77.42934572202866,1,0,0.7537446346836474,2.323503127792672,135.0,35.0,1.7873100983020553,67.14,52.86000000000001,11.19,5.8100000000000005,1.519213583556747,0.55,1.1333333333333333,1,6,1.323503127792672,6,0.1519213583556747,0.7727272727272726,1.1333333333333335,0.8095238095238095,1.0723860589812333,1.0,106.75,-57.5,-39.6551724137931,87.5,False,False,82.49999999999997,73.0,60.3448275862069,39.36357142857144,0,145.0,33.55150642659972,0,0,0,0,0,11070,0.989276139410188,6,1,1,20.0,0,0.0,1.0,0.0107238605898123,1069.3950000000002,1079.5689655172414,40.0,0.6504065040650406,1,1204.0
Lags 2,0.915996425379804,2026-2,7,34.05315655,33.47607555,33.44131944,-0.19426068785714404,39.3,-0.1964285714285697,-0.1928571428571423,9.585714285714287,34.107619551695166,32.7831868529246,28.0,30.0,26.0,5.410659719999998,5.410659719999998,0.603787985825238,0,7,73.62678118142857,-0.19345781821428243,32.728571428571435,88.9,-0.7964285714285732,56.0,0.9678571428571423,0,0,0,2.745243060000007,2.745243060000007,1.0380391067040302,1,0,0,0,0.0,0.0,70.0,80.0,70.0,140.2207345757192,22.616247512212773,0.8345395332006513,1.002985344671612,1.004975574452687,6,1,73.55031753971718,-29.779265424280798,-12.383752487787229,82.4827850445407,64.61785003489365,1,0,0.741103632169642,2.770330652368186,170.0,35.0,1.7362440954934253,78.33,57.67000000000001,11.19,4.8100000000000005,1.4298480786416443,0.4852941176470588,1.0,1,7,1.323503127792672,7,0.1429848078641644,0.9411764705882352,0.7272727272727271,1.0666666666666669,1.2153708668453975,1.0,101.5,-65.5,-39.221556886227546,101.5,False,False,87.5,82.49999999999997,60.77844311377245,39.36357142857144,1,167.0,33.44174648750327,0,0,0,0,0,11054,0.987846291331546,7,1,1,22.0,0,0.0,1.0,0.0121537086684539,1069.3950000000002,1087.3263473053892,40.0,0.6513479283517278,1,1204.0
Lags 2,0.915996425379804,2026-2,8,33.987280209999994,33.41065972,33.47607555,-0.17342468523809068,39.7,-0.1345238095238085,-0.2833333333333311,9.8125,34.107619551695166,32.79002573034508,28.0,30.0,26.0,5.526145829999997,5.526145829999997,0.5892346552437979,0,8,72.97833370750001,-0.5612701947619014,33.7375,87.6,-0.47261904761904355,46.8,0.03095238095238409,0,0,0,3.439201389999994,3.439201389999994,2.0706197210071053,1,0,0,0,0.0,0.0,65.0,75.0,65.0,158.5001358572593,18.11430124082964,0.8009419436645232,0.6684177157866136,0.8033330314283127,7,1,54.13705939020674,-61.49986414274071,-31.885698759170364,72.04551629875422,36.22860248165927,1,0,0.7244867889244889,3.127792672028597,220.0,50.0,1.6644325290437891,89.52,59.480000000000004,11.19,1.8100000000000005,1.161751563896336,0.4429530201342282,0.912751677852349,1,8,1.323503127792672,8,0.1161751563896336,0.8125000000000002,0.7647058823529413,0.5909090909090909,1.3315460232350311,1.0,101.5,-87.0,-45.3125,105.0,False,False,101.5,87.5,54.6875,39.36357142857144,1,192.0,33.3602813928585,0,0,0,0,0,11041,0.98668453976765,8,1,1,25.0,0,0.0,1.0,0.0133154602323503,1069.3950000000002,978.359375,40.0,0.6521148446698669,1,1204.0
Lags 2,0.915996425379804,2026-2,9,33.96311095777777,33.52614583,33.41065972,-0.13589883099999883,39.6,-0.10333333333332971,-0.29333333333333195,9.955555555555556,34.107619551695166,33.01190593711468,25.0,28.0,23.0,8.76975694,8.76975694,0.5559273053642672,0,9,72.3906909188889,-0.7454748094999974,33.855555555555554,85.4,-0.43666666666666415,50.6,-0.15499999999999525,0,0,0,2.689548610000003,2.689548610000003,2.6190550201275618,1,0,0,0,0.0,0.0,65.0,75.0,65.0,176.9349423827239,18.14717357771527,1.0018147173577714,0.8023954269122585,0.6696307050176935,8,1,50.91290364859007,-93.0650576172761,-31.85282642228473,65.53146014174959,36.29434715543054,1,0,0.6891157129574773,3.485254691689008,270.0,50.0,1.6780855922947078,100.71,68.29,11.19,8.81,1.7873100983020556,0.3905325443786982,0.8047337278106509,1,9,1.323503127792672,9,0.1787310098302055,1.538461538461538,1.25,1.1764705882352942,1.5102770330652369,1.0,101.5,-103.0,-46.81818181818182,117.0,False,False,105.0,101.5,53.18181818181819,39.36357142857144,1,220.0,33.321573008886965,0,0,0,0,0,11021,0.984897229669348,9,1,1,28.0,0,0.0,1.0,0.0151027703306523,1069.3950000000002,951.4227272727272,40.0,0.6532982487977498,1,1204.0
Lags 2,0.915996425379804,2026-2,10,33.966001250999994,33.76975694,33.52614583,-0.09725898987878731,39.7,-0.07636363636363662,-0.2606060606060612,10.04,34.107619551695166,33.29065421492051,25.0,28.0,23.0,8.992013890000003,8.992013890000003,0.5242129754147364,0,10,72.15275029900002,-0.6719492904848461,34.089999999999996,86.3,-0.34545454545454807,50.1,-0.26848484848484566,0,0,0,5.011284720000006,5.011284720000006,2.5813650579365697,1,0,0,0,0.0,0.0,65.0,75.0,65.0,199.96364297400476,22.72314124704599,1.2521586984184692,1.254431012543174,1.0047264133793856,9,1,49.23347270193298,-130.03635702599527,-37.27685875295401,60.595043325455975,37.87190207840999,1,0,0.6502322279230578,3.9320822162645226,330.0,60.0,1.6800714924039322,111.89999999999999,76.10000000000001,11.19,7.81,1.6979445933869528,0.351063829787234,0.723404255319149,1,10,1.323503127792672,10,0.1697944593386952,0.9499999999999996,1.4615384615384608,1.1874999999999998,1.6800714924039322,1.0,101.5,-122.0,-48.99598393574297,127.0,False,False,117.0,105.0,51.00401606425703,39.36357142857144,1,249.0,33.318481129490316,0,0,0,0,0,11002,0.983199285075961,10,1,1,29.0,0,0.0,1.0,0.0168007149240393,1069.3950000000002,912.4618473895582,40.0,0.6544264679149245,1,1204.0
Lags 2,0.915996425379804,2026-2,11,34.03427512727272,33.99201389,33.76975694,-0.0388073042727265,40.6,-0.017272727272725334,-0.22636363636363518,10.18181818181818,34.107619551695166,33.94849828141923,25.0,28.0,23.0,9.717013889999995,9.717013889999995,0.5464374284656881,0,11,71.7472982518182,-0.7066879914545426,34.42727272727273,86.8,-0.2572727272727238,49.0,-0.3681818181818203,0,0,0,2.69277778,2.69277778,2.793815669349981,1,0,0,0,0.0,0.0,65.0,75.0,65.0,227.5002275002275,27.3000273000273,1.2014196014196017,1.5043680043680043,1.507098007098007,10,1,51.91671858338525,-162.4997724997725,-32.699972699972705,58.333391666725,45.5000455000455,1,0,0.6180198987645287,4.468275245755139,390.0,60.0,1.6329514989032416,123.08999999999999,77.91000000000001,11.19,1.8100000000000005,1.161751563896336,0.3283582089552239,0.6766169154228856,1,11,1.323503127792672,11,0.1161751563896336,0.6842105263157898,0.6500000000000001,1.0,1.7962466487935658,1.0,101.5,-145.00000000000003,-51.41843971631207,136.99999999999997,False,False,127.0,117.0,48.581560283687935,39.36357142857144,1,282.0,33.37575541602931,0,0,0,0,0,10989,0.982037533512064,11,1,1,33.0,0,0.0,1.0,0.0179624664879356,1069.3950000000002,869.1241134751771,40.0,0.6552006552006552,1,1204.0
Lags 2,0.915996425379804,2026-2,12,33.99273541749999,34.71701389,33.99201389,-0.049023946258741256,40.1,-0.0017482517482511127,-0.20174825174825203,10.266666666666666,34.107619551695166,32.862382337849674,25.0,28.0,23.0,8.53579861,8.53579861,0.5405141408206766,0,12,71.68015360583335,-0.5745959838811148,34.291666666666664,85.5,-0.24650349650349618,52.7,-0.2692307692307672,0,0,0,5.941562500000003,5.941562500000003,2.6739342686386234,1,0,0,0,0.0,0.0,65.0,75.0,65.0,259.6337797212353,31.884850141204332,1.1679420606723148,1.4031884850141203,1.757014667031065,11,1,50.99595597118085,-200.36622027876467,-38.11514985879566,56.44212602635551,45.54978591600619,1,0,0.5907925172975618,5.093833780160858,460.0,70.0,1.5862377122430742,134.28,78.72000000000001,11.19,0.8100000000000005,1.0723860589812333,0.3098591549295774,0.6384976525821596,1,12,1.323503127792672,12,0.1072386058981233,0.9230769230769228,0.6315789473684211,0.6,1.9034852546916887,1.0,101.5,-164.5,-51.89274447949527,152.5,False,False,136.99999999999997,127.0,48.10725552050473,39.36357142857144,1,317.0,33.33297432618101,0,0,0,0,0,10977,0.980965147453083,12,1,1,35.0,0,0.0,1.0,0.0190348525469168,1069.3950000000002,860.6388012618296,40.0,0.6559169171904892,1,1204.0
Lags 2,0.915996425379804,2026-2,13,33.90944348461538,33.53579861,34.71701389,-0.07421535758241674,38.0,-0.06153846153846075,-0.1901098901098896,10.2,34.107619551695166,32.29569377746894,25.0,28.0,23.0,7.9099402900000015,7.9099402900000015,0.5983287898909537,0,13,71.78946172153847,-0.40462193774724986,34.37692307692308,88.7,-0.12637362637361993,53.3,-0.1807692307692282,0,0,0,8.101159109999998,8.101159109999998,2.590255753328304,1,0,0,0,0.0,0.0,65.0,75.0,65.0,292.024091987589,31.940135061142545,1.0017338930461763,1.1699671472896516,1.4056214637707611,12,1,47.00185218984269,-247.97590801241105,-48.05986493885746,54.07853555325721,39.92516882642818,1,0,0.5717801364708213,5.719392314566577,540.0,80.0,1.594830549254142,145.47,86.53000000000002,11.19,7.81,1.6979445933869528,0.2844827586206896,0.5862068965517241,1,13,1.323503127792672,13,0.1697944593386952,1.583333333333333,1.4615384615384608,1.0,2.073279714030384,1.0,101.5,-192.5,-54.22535211267606,162.5,False,False,152.5,136.99999999999997,45.77464788732394,39.36357142857144,1,355.0,33.25318351474162,0,0,0,0,0,10958,0.979267202859696,13,1,1,38.0,0,0.0,1.0,0.0207327971403038,1069.3950000000002,818.9084507042254,40.0,0.6570542069720752,1,1204.0
Lags 2,0.915996425379804,2026-2,14,33.850013989999994,32.90994029,33.53579861,-0.08314408391208886,36.7,-0.13450549450549557,-0.16021978021978106,10.007142857142856,34.107619551695166,32.46410299488208,25.0,28.0,23.0,8.077430560000003,8.077430560000003,0.6163644956112947,0,14,71.89016981285717,-0.2834143136703324,34.05714285714286,88.6,-0.05010989010989507,58.7,0.034285714285713254,0,0,0,8.199375000000003,8.199375000000003,2.5170031659982537,1,0,0,0,0.0,0.0,65.0,75.0,65.0,329.2181069958848,36.57978966620942,1.1452609576066366,1.1472467176170882,1.3399176954732512,13,1,46.45052656026593,-300.7818930041152,-53.42021033379058,52.256842380299176,40.64421074023269,1,0,0.5505250330026188,6.434316353887399,630.0,90.0,1.6277288395250864,156.66,98.34000000000002,11.19,11.81,2.055406613047364,0.2588235294117647,0.5333333333333333,1,14,1.323503127792672,14,0.2055406613047364,1.2105263157894743,1.9166666666666672,1.7692307692307694,2.278820375335121,1.0,101.5,-223.5,-56.439393939393945,172.5,False,False,162.5,152.5,43.56060606060606,39.36357142857144,1,396.0,33.196820620465935,0,0,0,0,0,10935,0.977211796246649,14,1,1,41.0,0,0.0,1.0,0.0227882037533512,1069.3950000000002,779.2992424242424,40.0,0.6584362139917695,2,1204.0
Lags 2,0.915996425379804,2026-2,15,33.67120055733333,33.07743056,32.90994029,-0.13460960542857037,34.1,-0.24357142857142888,-0.14928571428571477,9.7,34.107619551695166,30.78000405697961,25.0,28.0,23.0,6.1678125,6.1678125,0.9123501311871064,0,15,72.57484136266667,0.026477701321430964,33.42666666666666,94.7,0.1532142857142846,70.1,0.4582142857142879,1,1,1,22.16024306,22.16024306,3.593662494331303,0,0,0,0,0.06666666666666667,0.0,60.0,70.0,60.0,366.4010259228726,36.640102592287256,1.0016488046166527,1.1471492691608107,1.149138303301535,14,1,45.80012824035907,-353.5989740771274,-53.35989740771274,50.88903137817675,40.7112251025414,1,0,0.5350129060341328,7.149240393208222,720.0,90.0,1.6264521894548705,167.85,105.15000000000002,11.19,6.8100000000000005,1.6085790884718498,0.2417582417582417,0.4981684981684982,1,15,1.323503127792672,15,0.1608579088471849,0.7826086956521734,0.9473684210526314,1.4999999999999996,2.439678284182306,1.0,101.5,-249.5732044198895,-56.85038825054431,189.4267955801105,False,True,172.5,162.5,43.149611749455694,39.36357142857144,1,439.0,33.035699516233514,0,0,0,1,0,10917,0.975603217158177,15,1,1,43.0,0,0.0,1.0,0.024396782841823,1069.3950000000002,771.9465541977625,40.0,0.6595218466611706,2,1204.0
Lags 2,0.915996425379804,2026-2,16,33.4532783,31.1678125,33.07743056,-0.187768707058823,34.4,-0.3045588235294104,-0.1474999999999993,9.475000000000001,34.107619551695166,29.907730501327897,22.0,25.0,19.0,8.18444444,8.18444444,1.2396500883765857,0,16,73.4693065725,0.33749876926470757,33.193749999999994,97.0,0.33661764705882435,67.3,0.6700000000000002,2,1,1,26.88628472000001,26.88628472000001,4.985432542309739,0,0,0,0,0.125,0.0,60.0,70.0,60.0,408.6692992928644,41.32610891725594,1.127892827624208,1.1297525025254842,1.2938614329008304,15,1,45.58191417160751,-411.3307007071356,-58.673891082744056,49.83771942595907,41.32610891725594,1,0,0.5178069817784663,7.953529937444147,820.0,100.0,1.6811885612153707,179.04,121.96000000000001,11.19,16.810000000000002,2.5022341376228776,0.2192691029900332,0.4518272425249169,1,16,1.5022341376228776,16,0.2502234137622877,1.555555555555556,1.2173913043478255,1.473684210526316,2.6899016979445936,1.0,101.5,-278.0718232044199,-57.21642452765842,207.9281767955801,False,True,189.4267955801105,172.5,42.78357547234158,39.36357142857144,1,486.0,32.84020145280192,0,0,0,2,0,10889,0.973100983020554,16,1,1,47.0,0,0.0,1.0,0.0268990169794459,1069.3950000000002,765.3981652001909,40.0,0.6612177426760951,3,1204.0
Lags 2,0.915996425379804,2026-2,17,33.19247067117647,30.18444444,31.1678125,-0.24340979882352856,32.4,-0.379656862745098,-0.15906862745097988,9.205882352941178,34.107619551695166,28.838595666166302,22.0,25.0,19.0,7.019548610000001,7.019548610000001,1.611532530715624,0,17,74.50637146352942,0.6269372713970603,32.77058823529411,100.0,0.5147058823529427,74.0,0.93357843137255,3,1,1,31.09940972,31.09940972,6.4486192344796,0,0,0,0,0.17647058823529413,0.0,60.0,70.0,60.0,450.6575922008645,41.38692173273245,1.0014715349949417,1.1295525613906006,1.1314149728685734,16,1,45.18572131206538,-469.34240779913546,-58.61307826726755,48.98452089139832,41.38692173273245,1,0,0.5048189873405213,8.757819481680071,920.0,100.0,1.666403826946328,190.23,126.77000000000001,11.19,4.8100000000000005,1.4298480786416443,0.2082018927444795,0.4290220820189274,1,17,1.5022341376228776,17,0.1429848078641644,0.5714285714285715,0.8888888888888892,0.6956521739130432,2.832886505808758,1.0,101.5,-307.7831491712707,-57.52956059276087,227.2168508287293,False,True,207.9281767955801,189.4267955801105,42.47043940723912,39.36357142857144,1,535.0,32.60481287711747,0,0,0,3,0,10873,0.971671134941912,17,1,1,49.0,0,0.0,1.0,0.0283288650580875,1069.3950000000002,759.7961609955079,40.0,0.6621907477237193,3,1204.0
Lags 2,0.915996425379804,2026-2,18,32.96969452277778,29.01954861,30.18444444,-0.2753270353457182,32.6,-0.42218782249742,-0.16439628482972116,8.97777777777778,34.107619551695166,28.92163446009296,22.0,25.0,19.0,7.182500000000001,7.182500000000001,1.8269088731460212,0,18,75.22574164444444,0.7551167067285861,32.788888888888884,100.0,0.6306501547987612,66.9,0.9776057791537671,4,1,1,27.45503472,27.45503472,6.960848656850688,0,0,0,0,0.2222222222222222,0.0,60.0,70.0,60.0,497.4207811348563,46.05747973470892,1.1128510603455335,1.11448865962499,1.257023765659543,17,1,45.08185792214668,-532.5792188651437,-63.94252026529108,48.29327972183072,41.87043612246266,1,0,0.4905275533026108,9.6514745308311,1030.0,110.0,1.6582265912024625,201.42,132.58,11.19,5.8100000000000005,1.519213583556747,0.1976047904191616,0.4071856287425149,1,18,1.5022341376228776,18,0.1519213583556747,1.0625000000000002,0.6071428571428572,0.9444444444444448,2.9848078641644324,1.0,101.5,-338.707182320442,-57.79986046423925,247.29281767955803,False,True,227.2168508287293,207.9281767955801,42.20013953576076,39.36357142857144,1,586.0,32.400191853949444,0,0,0,4,0,10856,0.970151921358356,18,1,1,51.0,0,0.0,1.0,0.0298480786416443,1069.3950000000002,754.96049629476,40.0,0.6632277081798084,3,1204.0
Lags 2,0.915996425379804,2026-2,19,32.80118172631579,29.1825,29.01954861,-0.2845818189824577,33.6,-0.4301754385964921,-0.17508771929824607,8.857894736842105,34.107619551695166,29.426985003151074,22.0,25.0,19.0,7.76795139,7.76795139,1.921381981264276,0,19,75.68402497894738,0.7793342010701748,32.90526315789473,97.1,0.6578947368421043,62.1,0.9178947368421031,5,1,1,23.933125000000004,23.933125000000004,7.053510216049592,0,0,0,0,0.2631578947368421,0.0,60.0,70.0,60.0,553.7609598523304,55.37609598523304,1.2023257960313798,1.3380095369943088,1.3399784648515614,18,1,49.45871411759251,-586.2390401476696,-54.62390401476696,48.57552279406407,50.34190544112095,1,0,0.4767323954798432,10.723860589812332,1140.0,110.0,1.6697239076242887,212.60999999999999,142.39000000000001,11.19,9.81,1.8766756032171583,0.1859154929577464,0.3830985915492957,1,19,1.5022341376228776,19,0.1876675603217158,1.2352941176470589,1.3125000000000002,0.7500000000000001,3.172475424486149,1.0,101.5,-372.0566298342541,-58.043155980382856,268.9433701657459,False,True,247.29281767955803,227.2168508287293,41.95684401961714,39.36357142857144,1,641.0,32.24370728285479,0,0,0,5,0,10835,0.968275245755139,19,1,1,55.0,0,0.0,1.0,0.0317247542448614,1069.3950000000002,750.6079395109507,40.0,0.6645131518227965,3,1204.0
Lags 2,0.915996425379804,2026-2,20,32.6520688205,29.76795139,29.1825,-0.28653096078947415,34.4,-0.418421052631579,-0.1803759398496249,8.790000000000001,34.107619551695166,29.5623926262831,22.0,25.0,19.0,7.818923609999999,7.818923609999999,1.9854725968155138,0,20,76.286905327,0.8402522717894723,32.809999999999995,100.0,0.7097744360902261,69.0,0.9598496240601494,6,1,1,27.741631940000005,27.741631940000005,7.375823614914761,0,0,0,0,0.3,0.0,60.0,70.0,60.0,610.2635228848821,55.47850208044383,1.001849283402681,1.204549237170596,1.3404838958237018,19,1,47.33284899720406,-649.7364771151179,-64.52149791955617,48.4336129273716,46.23208506703652,1,0,0.4666355282896736,11.796246648793566,1260.0,120.0,1.675603217158177,223.79999999999998,151.20000000000002,11.19,8.81,1.7873100983020556,0.176,0.3626666666666667,1,20,1.5022341376228776,20,0.1787310098302055,0.9523809523809524,1.1764705882352942,1.25,3.351206434316354,1.0,101.5,-406.61878453038673,-58.25484019059982,291.38121546961327,False,True,268.9433701657459,247.29281767955803,41.745159809400185,39.36357142857144,1,698.0,32.10964155002621,0,0,0,6,0,10815,0.966487935656836,20,1,1,57.0,0,0.0,1.0,0.0335120643431635,1069.3950000000002,746.8209089901693,40.0,0.665742024965326,3,1204.0
Lags 2,0.915996425379804,2026-2,21,32.47498287142857,29.81892361,29.76795139,-0.2957547249740262,32.1,-0.43415584415584346,-0.17805194805194854,8.604761904761906,34.107619551695166,28.820377474513812,22.0,25.0,19.0,6.933263889999999,6.933263889999999,2.0984624041424174,0,21,77.1417368857143,0.9588082961948063,32.18095238095238,100.0,0.7389610389610383,80.4,1.1264935064935078,7,1,1,34.23836806,34.23836806,8.18706981573196,0,0,0,0,0.3333333333333333,0.0,60.0,70.0,60.0,667.1608598962194,55.59673832468495,1.0021312083024465,1.003984432913269,1.2071163825055595,20,1,47.33780255906146,-712.8391401037806,-64.40326167531505,48.344989847552135,46.33061527057079,1,0,0.4571105660517444,12.8686327077748,1380.0,120.0,1.6936890931529003,234.98999999999998,163.01000000000002,11.19,11.81,2.055406613047364,0.1658291457286432,0.3417085427135678,1,21,1.5022341376228776,21,0.2055406613047364,1.1500000000000004,1.0952380952380951,1.3529411764705883,3.5567470956210907,1.0,101.5,-443.0,-58.443271767810025,315.0,False,False,291.38121546961327,268.9433701657459,41.55672823218997,20.357142857142858,1,758.0,31.953009927382762,0,0,0,7,0,10792,0.964432529043789,21,1,1,60.0,0,0.0,1.0,0.0355674709562109,600.0,743.4498680738786,40.0,0.6671608598962194,4,1204.0
Lags 3,0.838994383525007,2026-2,1,33.38711806,28.15472074468085,28.15472074468085,0.0,40.1,0.0,0.0,11.7,32.60068337963006,32.60068337963006,30.0,32.0,28.0,3.387118059999999,3.387118059999999,0.0,0,1,66.39177083,0.0,44.8,86.5,0.0,41.7,0.0,0,0,0,3.608229170000001,-3.608229170000001,0.0,0,1,1,1,0.0,1.0,70.0,80.0,70.0,8.932559178204556,8.932559178204556,3.0,3.0,3.0,1,1,89.32559178204556,-1.0674408217954436,-1.0674408217954436,89.32559178204556,89.32559178204556,0,0,0.0,0.1783007934385307,10.0,10.0,1.9613087278238388,11.217,10.783,11.217,10.783,1.9613087278238388,2.4545454545454546,7.181818181818182,0,1,0.9613087278238388,1,0.1961308727823838,3.0,3.0,3.0,0.1961308727823838,1.0,106.75,-18.999999999999982,-29.68749999999998,45.000000000000014,False,False,669.9717991631799,637.6489644351465,70.31250000000003,39.36357142857144,0,64.0,32.60068337963006,0,0,0,0,0,11195,0.998038691272176,1,1,1,11.0,0,0.0,1.0,0.0019613087278238,1069.3950000000002,1257.8906250000005,39.0,0.643144260830728,0,1078.0
Lags 3,0.838994383525007,2026-2,2,33.413593750000004,33.38711806,28.15472074468085,0.052951379999994906,39.8,-0.30000000000001387,-0.10000000000000536,11.6,32.60068337963006,32.573466619722325,30.0,32.0,28.0,3.440069440000002,3.440069440000002,0.037442279871188,0,2,64.844791665,-3.0939583300000058,46.7,86.5,-1.2046993179901441e-14,37.9,-3.8000000000000127,0,0,0,6.702187500000001,-6.702187500000001,2.1877589158516058,0,2,1,1,0.0,1.0,70.0,80.0,70.0,17.88908765652952,8.94454382826476,1.0013416815742398,3.0,3.0,2,1,52.176505664877766,-12.11091234347048,-11.05545617173524,59.63029218843173,44.72271914132379,0,0,1.413264850233757,0.3566015868770615,30.0,20.0,1.64928233930641,22.434,14.565999999999999,11.217,3.783,1.337255950788981,1.4594594594594594,4.27027027027027,0,2,0.9613087278238388,2,0.1337255950788981,0.6818181818181821,3.0,3.0,0.329856467861282,1.0,106.75,-27.0,-35.064935064935064,50.0,False,False,45.000000000000014,637.6489644351465,64.93506493506493,39.36357142857144,0,77.0,32.58707499967619,0,0,0,0,0,11180,0.996701435321387,2,1,1,13.0,0,0.0,1.0,0.0032985646786128,1069.3950000000002,1161.6883116883116,39.0,0.6440071556350626,0,1078.0
Lags 3,0.838994383525007,2026-2,3,33.497824073333334,33.44006944,33.38711806,0.13958333000000428,39.2,-0.44999999999999124,0.1500000000000034,11.233333333333334,32.830792410481926,32.830792410481926,30.0,32.0,28.0,3.66628472,3.66628472,0.1482740849490894,0,3,64.76797453666667,-0.8887152749999874,44.6,84.8,-0.8499999999999915,44.4,1.3500000000000065,0,0,0,5.385659720000007,-5.385659720000007,1.5526902944760868,0,3,1,1,0.0,1.0,70.0,80.0,70.0,31.35357878706441,13.437248051599031,1.5022843321687718,1.5042999193765116,3.0,3,1,64.94669891606199,-18.64642121293559,-6.562751948400967,62.70715757412882,67.18624025799517,0,0,1.0399303530096222,0.6240527770348577,50.0,20.0,1.6047071409467772,33.651,20.349,11.217,5.783,1.5155567442275115,1.0,2.925925925925926,0,3,0.9613087278238388,3,0.1515556744227511,1.1333333333333326,0.7727272727272727,3.0,0.4814121422840332,1.0,106.75,-36.00000000000001,-39.56043956043957,54.99999999999999,False,False,50.0,45.000000000000014,60.43956043956044,39.36357142857144,0,91.0,32.668314136611436,0,0,0,0,0,11163,0.99518587857716,3,1,1,14.0,0,0.0,1.0,0.0048141214228403,1069.3950000000002,1081.263736263736,39.0,0.6449879064767535,0,1078.0
Lags 3,0.838994383525007,2026-2,4,33.61658854,33.66628472,33.44006944,0.19835069199999325,39.6,-0.21000000000000327,0.39999999999999486,10.925,33.21459587468386,33.21459587468386,30.0,32.0,28.0,3.9728819400000006,3.9728819400000006,0.2666023199738974,0,4,65.516657985,0.5429340279999793,43.125,84.4,-0.8000000000000128,45.7,1.8499999999999903,0,0,0,2.2372916700000047,-2.2372916700000047,1.9619732559186391,0,4,1,1,0.0,1.0,70.0,80.0,70.0,44.87121959974872,13.461365879924616,1.0017948487839898,1.504980705375572,1.5069999102575606,4,1,56.83687815968172,-30.12878040025128,-11.538634120075384,59.828292799664965,53.84546351969847,0,0,0.9456939510816817,0.8915039671926541,75.0,25.0,1.64928233930641,44.868,29.131999999999998,11.217,8.783,1.783007934385308,0.7297297297297297,2.135135135135135,0,4,0.9613087278238388,4,0.1783007934385307,1.176470588235294,1.3333333333333324,0.909090909090909,0.659712935722564,1.0,106.75,-45.0,-42.05607476635514,62.0,False,False,54.99999999999999,50.0,57.943925233644855,39.36357142857144,0,107.0,32.80488457112954,0,0,0,0,0,11143,0.993402870642774,4,1,1,16.0,0,0.0,1.0,0.0065971293572256,1069.3950000000002,1036.6168224299065,39.0,0.6461455622363815,0,1078.0
Lags 3,0.838994383525007,2026-2,5,33.784270832000004,33.97288194,33.66628472,0.2668576379999984,40.2,1.3149277449479335e-16,0.3500000000000013,10.88,33.648610865858565,33.648610865858565,28.0,30.0,26.0,6.454999999999998,6.454999999999998,0.44033436501534134,0,5,65.63648610999999,0.39129513899999074,41.94,83.4,-0.829999999999998,46.2,1.6799999999999966,0,0,0,3.884201390000001,-3.884201390000001,1.7201157491314554,0,5,1,1,0.0,1.0,70.0,80.0,70.0,58.45323741007194,13.489208633093526,1.0020683453237411,1.0038669064748202,1.508093525179856,5,1,56.20503597122302,-41.54676258992806,-11.510791366906474,58.45323741007194,53.956834532374096,0,0,0.8652742953088087,1.1589551573504502,100.0,25.0,1.7295176963537489,56.085,40.915,11.217,11.783,2.0504591245431043,0.5567010309278351,1.6288659793814433,1,5,1.0504591245431043,5,0.2050459124543104,1.1500000000000006,1.3529411764705883,1.533333333333333,0.8647588481768744,1.0,106.75,-55.0,-44.0,70.0,False,False,62.0,54.99999999999999,56.00000000000001,39.36357142857144,0,125.0,32.973629830075346,0,0,0,0,0,11120,0.991352411518231,5,1,1,18.0,0,0.0,1.0,0.0086475884817687,1069.3950000000002,1001.84,39.0,0.6474820143884892,1,1078.0
Lags 3,0.838994383525007,2026-2,6,33.631163193333336,34.455,33.97288194,0.02125495999999854,39.6,-0.025714285714283587,0.1285714285714283,10.933333333333335,33.648610865858565,32.17416355478674,28.0,30.0,26.0,4.865625000000001,4.865625000000001,0.5438448092234273,0,6,66.354421295,0.8389702380000041,40.6,83.6,-0.6914285714285716,49.7,1.8914285714285728,0,0,0,0.0559027799999967,-0.0559027799999967,2.3365838592898753,0,6,1,1,0.0,1.0,70.0,80.0,70.0,72.12405337179949,13.523260007212404,1.002524341868013,1.0045979084024523,1.0064010097367473,6,1,46.03155522737202,-62.87594662820051,-21.476739992787596,53.42522471985147,38.637885734892585,0,0,0.8002846017502506,1.4264063475082462,135.0,35.0,1.8572999316513625,67.302,57.698,11.217,16.783,2.496211108139431,0.432,1.264,1,6,1.496211108139431,6,0.2496211108139431,1.2173913043478262,1.4000000000000006,1.6470588235294124,1.1143799589908177,1.0,106.75,-70.0,-48.27586206896552,75.0,False,False,70.0,62.0,51.72413793103448,39.36357142857144,0,145.0,32.84038545086057,0,0,0,0,0,11092,0.988856200410092,6,1,1,20.0,0,0.0,1.0,0.0111437995899081,1069.3950000000002,925.3448275862069,39.0,0.6491164803461954,2,1078.0
Lags 3,0.838994383525007,2026-2,7,33.452229034285715,32.865625,34.455,-0.12091626928571528,38.2,-0.18214285714285494,0.02500000000000001,10.785714285714288,33.648610865858565,31.696343671431364,28.0,30.0,26.0,4.378624080000002,4.378624080000002,0.6859990379132745,0,7,66.89150466857143,0.9271689289285772,39.800000000000004,85.6,-0.35357142857142804,50.6,1.8607142857142867,0,0,0,0.1140049100000055,0.1140049100000055,2.562985881235605,1,6,1,0,0.0,0.8571428571428571,70.0,80.0,70.0,85.90288452843838,13.563613346595533,1.002983994936251,1.0055158694276154,1.0075956234740937,7,1,44.64214476820659,-84.09711547156162,-21.43638665340447,50.531108546140224,38.75318099027295,0,0,0.7472336637503583,1.6938575376660423,170.0,35.0,2.012251811663419,78.519,79.481,11.217,21.783,2.941963091735758,0.3417721518987341,1.0,1,7,1.941963091735758,7,0.2941963091735758,1.1785714285714286,1.4347826086956523,1.6500000000000008,1.4085762681643934,1.0,73.50000000000001,-93.5,-55.9880239520958,73.50000000000001,False,False,75.0,70.0,44.0119760479042,39.36357142857144,1,167.0,32.67695091094212,0,0,0,0,0,11059,0.985914237318356,7,1,1,22.0,0,0.0,1.0,0.0140857626816439,1069.3950000000002,787.3742514970062,39.0,0.6510534406365855,3,1078.0
Lags 3,0.838994383525007,2026-2,8,33.36576985000001,32.37862408,32.865625,-0.13825030238094835,37.0,-0.33214285714285174,-0.011904761904759305,10.5125,33.648610865858565,32.095857183732264,28.0,30.0,26.0,4.76055556,4.76055556,0.6805647603025102,0,8,67.40329575125,0.9593066744047679,38.7,87.4,-0.03333333333333063,56.4,2.176190476190478,0,0,0,5.9858333300000055,5.9858333300000055,2.779554590572263,1,6,1,0,0.0,0.75,65.0,75.0,65.0,104.60251046025104,18.19174094960888,1.341216421078164,1.3452186040870775,1.3486143957310048,8,1,41.96503878148411,-115.39748953974896,-31.80825905039112,47.54659566375047,36.38348189921776,0,0,0.6918325150594062,2.0504591245431043,220.0,50.0,2.4850673085495227,89.736,133.264,11.217,53.783,5.7947757867522505,0.242152466367713,0.7085201793721974,1,8,4.7947757867522505,8,0.5794775786752251,1.9696969696969695,2.321428571428572,2.82608695652174,1.9880538468396185,1.0,73.50000000000001,-115.0,-59.895833333333336,77.0,False,False,73.50000000000001,75.0,40.10416666666667,39.36357142857144,1,192.0,32.604314195040885,0,0,0,0,1,10994,0.980119461531604,8,1,1,25.0,0,0.0,1.0,0.0198805384683961,1069.3950000000002,717.4635416666666,39.0,0.6549026741859196,4,1078.0
Lags 3,0.838994383525007,2026-2,9,33.122520731111116,32.76055556,32.37862408,-0.24272468299999797,33.1,-0.6399999999999976,0.018333333333334242,9.788888888888888,33.648610865858565,30.77497576157452,25.0,28.0,23.0,6.176527780000001,6.176527780000001,0.9684025755887365,0,9,68.97670656333334,1.615561159333331,36.05555555555556,87.7,0.13833333333333778,72.8,3.271666666666666,1,1,1,16.56399306,16.56399306,5.388949573799288,0,6,1,0,0.1111111111111111,0.6666666666666666,65.0,75.0,65.0,123.77372329696526,18.336847895846702,1.0079765288346931,1.351914672534458,1.355948779071544,9,1,41.25790776565509,-146.22627670303473,-31.663152104153298,45.84211973961676,36.673695791693405,0,0,0.6575113344044267,2.407060711420166,270.0,50.0,3.070735886996919,100.953,209.04700000000003,11.217,75.783,7.75608451457609,0.1741935483870967,0.5096774193548387,1,9,6.75608451457609,9,0.7756084514576089,1.3384615384615384,2.636363636363636,3.0,2.763662298297227,1.0,73.50000000000001,-134.0,-60.909090909090914,86.0,False,False,77.0,73.50000000000001,39.09090909090909,39.36357142857144,1,220.0,32.40105436910018,0,0,0,1,2,10907,0.972363377017028,9,1,1,28.0,0,0.0,1.0,0.0276366229829722,1069.3950000000002,699.3363636363637,39.0,0.6601265242504814,5,1078.0
Lags 3,0.838994383525007,2026-2,10,33.03094226900001,31.17652778,32.76055556,-0.22647893060606064,37.3,-0.5327272727272709,0.049090909090907645,9.6,33.648610865858565,31.69536047490519,25.0,28.0,23.0,7.206736110000001,7.206736110000001,0.9578461783427583,0,10,69.792942157,1.620172985151517,35.7,89.7,0.3272727272727318,57.2,2.800000000000001,2,1,1,12.139062499999994,12.139062499999994,5.698809515687037,0,6,1,0,0.2,0.6,65.0,75.0,65.0,143.0549146285187,18.458698661744343,1.006645131518228,1.0146746654360868,1.3608983233348717,10,1,37.057235949714034,-186.9450853714813,-41.54130133825565,43.34997412985416,30.76449776957391,0,0,0.6276790377929645,2.763662298297227,330.0,60.0,3.405545154675938,112.17,269.83000000000004,11.217,60.783,6.418828563787109,0.1413612565445026,0.4136125654450261,1,10,6.75608451457609,10,0.6418828563787109,0.8275862068965518,1.1076923076923078,2.181818181818182,3.4055451546759383,1.0,73.50000000000001,-158.0,-63.45381526104418,91.0,False,False,86.0,77.0,36.54618473895582,39.36357142857144,1,249.0,32.33048497968068,0,0,0,2,3,10835,0.965944548453241,10,1,1,29.0,0,0.0,1.0,0.0340554515467593,1069.3950000000002,653.8112449799197,39.0,0.6645131518227965,6,1078.0
Lags 3,0.838994383525007,2026-2,11,32.825237920909096,32.20673611,31.17652778,-0.2727113720000005,34.7,-0.5681818181818169,0.022727272727271815,9.290909090909091,33.648610865858565,30.348758405100963,25.0,28.0,23.0,5.768194439999999,5.768194439999999,1.1363007692894564,0,11,70.78319867818182,1.7102579994545475,34.845454545454544,90.8,0.46545454545454557,64.5,2.7472727272727284,3,1,1,15.685763890000004,15.685763890000004,6.3257785814594305,0,6,1,0,0.2727272727272727,0.5454545454545454,65.0,75.0,65.0,166.40473329019136,23.111768512526577,1.2520800591661274,1.260400295830637,1.270453915133586,11,1,40.5937472591813,-223.59526670980864,-36.88823148747342,42.6678803308183,38.51961418754429,0,0,0.5955610747438402,3.2094142818935545,390.0,60.0,3.241832607973287,123.387,276.61300000000006,11.217,6.783,1.6047071409467772,0.135,0.395,1,11,6.75608451457609,11,0.1604707140946777,0.2499999999999999,0.2068965517241379,0.2769230769230769,3.566015868770616,1.0,73.50000000000001,-181.0,-64.18439716312056,101.0,False,False,91.0,86.0,35.815602836879435,39.36357142857144,1,282.0,32.15032801835525,0,0,0,3,3,10817,0.964339841312294,11,1,1,33.0,0,0.0,1.0,0.0356601586877061,1069.3950000000002,640.7411347517731,39.0,0.6656189331607655,6,1078.0
Lags 3,0.838994383525007,2026-2,12,32.70010814083334,30.76819444,32.20673611,-0.26753018465034967,36.7,-0.4898601398601406,0.002797202797203156,9.208333333333334,33.648610865858565,30.03155449573525,25.0,28.0,23.0,6.32368056,6.32368056,1.1669143206312296,0,12,68.72475214500001,0.36553083041958395,39.583333333333336,91.7,0.5618881118881136,0.0,0.13041958041958104,3,1,0,18.91815972,-18.91815972,9.33938594327718,0,7,1,1,0.25,0.5833333333333334,65.0,75.0,65.0,194.480459344323,27.78292276347472,1.2021115021300242,1.5051398407112428,1.515141692906094,12,1,40.98412519456674,-265.519540655677,-42.21707723652528,42.27836072702674,39.68988966210674,0,0,0.5683336752105296,3.7443166622091466,460.0,70.0,3.1128346854476834,134.604,284.3960000000001,11.217,7.782999999999999,1.6938575376660423,0.1288782816229117,0.3770883054892601,1,12,6.75608451457609,12,0.1693857537666042,1.0555555555555554,0.2638888888888888,0.218390804597701,3.735401622537221,1.0,73.50000000000001,-204.5,-64.51104100946372,112.5,False,False,101.0,91.0,35.488958990536275,39.36357142857144,1,317.0,31.97376355813692,0,0,0,3,3,10798,0.962645983774628,12,1,1,35.0,0,0.0,1.0,0.0373540162253722,1069.3950000000002,634.897476340694,39.0,0.6667901463233932,6,1078.0
Lags 3,0.838994383525007,2026-2,13,32.65515324076924,31.32368056,30.76819444,-0.2294686736813195,37.9,-0.3868131868131844,-0.03241758241758171,9.284615384615385,33.648610865858565,30.55696484235557,25.0,28.0,23.0,7.115694439999999,7.115694439999999,1.1289318868898952,0,13,66.35078616769232,-0.7302111949450524,43.4076923076923,89.3,0.5225274725274723,0.0,-1.4554945054945034,3,1,0,27.13680556,-27.13680556,12.378196165546411,0,8,1,1,0.23076923076923078,0.6153846153846154,65.0,75.0,65.0,222.5725679310025,27.821570991375317,1.0013910785495688,1.2037837336548272,1.5072336084577576,13,1,37.99705297433202,-317.4274320689975,-52.17842900862469,41.21714220944491,34.77696373921914,0,0,0.5494778405408375,4.279219042524739,540.0,80.0,2.976251705858552,145.82100000000003,288.1790000000001,11.217,3.783,1.337255950788981,0.1244239631336405,0.3640552995391705,1,13,6.75608451457609,13,0.1337255950788981,0.7894736842105267,0.8333333333333335,0.2083333333333333,3.869127217616118,1.0,73.50000000000001,-230.0,-64.7887323943662,125.0,False,False,112.5,101.0,35.2112676056338,39.36357142857144,1,355.0,31.864779041538352,0,0,0,3,3,10783,0.961308727823839,13,1,1,38.0,0,0.0,1.0,0.0386912721761611,1069.3950000000002,629.9295774647887,39.0,0.6677177037930075,6,1078.0
Lags 3,0.838994383525007,2026-2,14,32.598076322857146,32.11569444,31.32368056,-0.2064057061098916,37.6,-0.31956043956044033,-0.05362637362637413,9.328571428571427,33.648610865858565,30.46086452908428,25.0,28.0,23.0,6.856076389999998,6.856076389999998,1.1054675805864587,0,14,64.68091354428573,-1.2521180053186844,46.72142857142857,89.8,0.4971428571428545,0.0,-2.4107692307692337,3,1,0,22.02743056,-22.02743056,13.433996074890597,0,9,1,1,0.21428571428571427,0.6428571428571429,65.0,75.0,65.0,250.67310370439145,27.852567078265714,1.0011141026831307,1.002506731037044,1.205124872342401,14,1,35.36833914700408,-379.32689629560855,-62.147432921734286,39.7893815403796,30.94729675362857,0,0,0.5322887267280537,4.814121422840332,630.0,90.0,2.8400769240565973,157.03800000000004,288.9620000000001,11.217,0.7829999999999995,1.069804760631185,0.1210762331838565,0.3542600896860987,1,14,6.75608451457609,14,0.1069804760631184,0.7999999999999994,0.6315789473684208,0.6666666666666663,3.976107693679237,1.0,73.50000000000001,-259.0,-65.40404040404042,136.99999999999997,False,False,125.0,112.5,34.59595959595959,39.36357142857144,1,396.0,31.76449943350592,0,0,0,3,3,10771,0.960238923063208,14,1,1,41.0,0,0.0,1.0,0.0397610769367923,1069.3950000000002,618.921717171717,39.0,0.6684616098783771,6,1078.0
Lags 3,0.838994383525007,2026-2,15,32.41939901266667,31.85607639,32.11569444,-0.23470862753571461,33.5,-0.3703571428571414,-0.056071428571428196,9.066666666666666,33.648610865858565,28.93461307029032,25.0,28.0,23.0,4.91791667,4.91791667,1.2702961825498353,0,15,64.14386653000001,-1.2187385096785706,48.90666666666666,92.3,0.5307142857142864,12.8,-2.651428571428572,3,1,0,3.3747916700000005,-3.3747916700000005,13.111356449082221,0,10,1,1,0.2,0.6666666666666666,60.0,70.0,60.0,279.04380987815085,27.904380987815088,1.0018602920658544,1.002976467305367,1.0043716863547576,15,1,34.880476234768864,-440.9561901218492,-62.09561901218491,38.75608470529873,31.004867764238988,0,0,0.5165232544404745,5.349023803155924,720.0,90.0,2.7696056580785116,168.25500000000005,297.7450000000001,11.217,8.783,1.783007934385308,0.1158798283261802,0.3390557939914163,1,15,6.75608451457609,15,0.1783007934385307,1.666666666666667,1.3333333333333324,1.052631578947368,4.154408487117768,1.0,73.50000000000001,-289.0524861878453,-65.84339093117205,149.94751381215468,False,True,136.99999999999997,125.0,34.15660906882795,39.36357142857144,1,439.0,31.57584034262488,0,0,0,3,3,10751,0.958455915128822,15,1,1,43.0,0,0.0,1.0,0.0415440848711776,1069.3950000000002,611.061736241332,39.0,0.6697051437075621,6,1078.0
Lags 3,0.838994383525007,2026-2,16,32.36151163437499,29.91791667,31.85607639,-0.21372029736764675,37.3,-0.3123529411764697,-0.05647058823529354,9.075,33.648610865858565,30.70987013424163,22.0,25.0,19.0,9.49320096,9.49320096,1.2488757914040234,0,16,64.234645479375,-0.9716273787794106,51.64375,92.7,0.5502941176470582,0.0,-3.0363235294117628,3,1,0,5.59632972,5.59632972,12.671977344582993,1,10,1,0,0.1875,0.625,60.0,70.0,60.0,312.063344201211,32.603632976245926,1.1684055270920664,1.170579102623816,1.171883247942866,16,1,35.33006918331876,-507.936655798789,-67.39636702375407,38.05650539039159,32.603632976245926,0,0,0.49918755451891633,5.9730765801907815,820.0,100.0,2.68565570116787,179.472,302.528,11.217,4.783,1.4264063475082462,0.1120331950207468,0.3278008298755187,1,16,6.75608451457609,16,0.1426406347508246,0.8000000000000003,1.333333333333334,1.0666666666666664,4.297049121868592,1.0,73.50000000000001,-321.90055248618785,-66.23468158152014,164.09944751381215,False,True,149.94751381215468,136.99999999999997,33.765318418479865,39.36357142857144,1,486.0,31.521717204600925,0,0,0,3,3,10735,0.957029508781314,16,1,1,47.0,0,0.0,1.0,0.0429704912186859,1069.3950000000002,604.0615465066048,39.0,0.6707033069399162,6,1078.0
Lags 3,0.838994383525007,2026-2,17,32.114053346745926,31.49320096,29.91791667,-0.260586343682728,32.6,-0.35857843137254886,-0.10661764705882307,8.958823529411763,33.648610865858565,27.67854880516591,22.0,25.0,19.0,6.154720744680851,6.154720744680851,1.5821552834456902,0,16,65.01026069627451,-0.5511510766830053,49.92941176470588,86.8,0.43725490196078715,64.3,-1.9801470588235286,4,1,1,17.420104166666647,17.420104166666647,12.67949778608902,0,10,1,0,0.23529411764705882,0.5882352941176471,60.0,70.0,60.0,345.34254246779915,32.667537801008024,1.0019600522680605,1.1706956629954577,1.172873498848858,17,1,35.10238533897136,-574.6574575322009,-67.33246219899198,37.53723287693469,32.667537801008024,0,0,0.4861808702739234,6.597129357225639,920.0,100.0,2.6378029146935584,190.68900000000002,312.31100000000004,11.217,9.783,1.8721583311045733,0.1073558648111332,0.3141153081510934,1,17,6.75608451457609,17,0.1872158331104573,1.3125,1.0500000000000005,1.7500000000000009,4.484264954979049,1.0,73.50000000000001,-356.14640883977904,-66.56942221304281,178.853591160221,False,True,164.09944751381215,149.94751381215468,33.430577786957194,39.36357142857144,1,535.0,31.295648475222393,0,0,0,4,3,10714,0.95515735045021,17,1,1,49.0,0,0.0,1.0,0.0448426495497904,1069.3950000000002,598.0730366086642,39.0,0.6720179204778794,6,1078.0
Lags 3,0.838994383525007,2026-2,18,31.894090424408976,28.15472074468085,31.49320096,-0.28890310699712346,32.6,-0.3847265221878208,-0.13993808049535617,8.855555555555554,33.648610865858565,27.67854880516591,22.0,25.0,19.0,6.154720744680851,6.154720744680851,1.7963501188125401,0,16,65.69969644462964,-0.24641067035775654,48.40555555555555,86.8,0.35025799793601775,64.3,-1.204231166150671,5,1,1,17.420104166666647,17.420104166666647,12.643908207602298,0,10,1,0,0.2777777777777778,0.5555555555555556,60.0,70.0,60.0,383.3208676140613,37.39715781600599,1.1447804252591092,1.1470242547280691,1.3401894789329345,18,1,35.60651720566325,-646.6791323859386,-72.60284218399401,37.215618214957416,33.99741619636908,0,0,0.4718836002243976,7.310332530979761,1030.0,110.0,2.5804087050409596,201.90600000000003,319.09400000000005,11.217,6.783,1.6047071409467772,0.1036468330134357,0.3032629558541266,1,18,6.75608451457609,18,0.1604707140946777,0.8571428571428572,1.125,0.9000000000000004,4.644735669073728,1.0,73.50000000000001,-391.7900552486188,-66.85837120283597,194.2099447513812,False,True,178.853591160221,164.09944751381215,33.14162879716403,39.36357142857144,1,586.0,31.094698493552585,0,0,0,5,3,10696,0.953552643309263,18,1,1,51.0,0,0.0,1.0,0.0464473566907372,1069.3950000000002,592.9037391812644,39.0,0.6731488406881077,6,1078.0
Lags 3,0.838994383525007,2026-2,19,31.69728149389697,28.15472074468085,28.15472074468085,-0.3046103201011582,32.6,-0.39736842105263204,-0.1615789473684221,8.76315789473684,33.648610865858565,27.67854880516591,22.0,25.0,19.0,6.154720744680851,6.154720744680851,1.9451335000356489,0,16,66.31656000894736,-0.024390000508772908,47.04210526315789,86.8,0.28245614035087424,64.3,-0.6298245614035092,6,1,1,17.420104166666647,17.420104166666647,12.5784231383366,0,10,1,0,0.3157894736842105,0.5263157894736842,60.0,70.0,60.0,426.0299625468165,42.13483146067416,1.1266853932584269,1.2898073836276085,1.2923354735152488,19,1,37.83772079159424,-713.9700374531835,-67.86516853932585,37.37104934621197,38.30439223697651,0,0,0.4589169591872753,8.112686101453152,1140.0,110.0,2.5196717388550276,213.12300000000005,323.87700000000007,11.217,4.783,1.4264063475082462,0.1005586592178771,0.2942271880819367,1,19,6.75608451457609,19,0.1426406347508246,0.8888888888888888,0.7619047619047619,1.0,4.787376303824551,1.0,73.50000000000001,-430.2292817679558,-67.11845269390886,210.7707182320442,False,True,194.2099447513812,178.853591160221,32.88154730609114,39.36357142857144,1,641.0,30.91490114153223,0,0,0,6,3,10680,0.952126236961754,19,1,1,55.0,0,0.0,1.0,0.0478737630382455,1069.3950000000002,588.2508813059704,39.0,0.6741573033707865,6,1078.0
Lags 3,0.838994383525007,2026-2,20,31.520153456436162,28.15472074468085,28.15472074468085,-0.31170257078979463,32.6,-0.400902255639099,-0.1750375939849626,8.679999999999998,33.648610865858565,27.67854880516591,22.0,25.0,19.0,6.154720744680851,6.154720744680851,2.05229073325252,0,16,66.87173721683332,0.13771634467418412,45.815,86.8,0.22902255639097632,64.3,-0.20233082706767075,7,1,1,17.420104166666647,17.420104166666647,12.492156220828393,0,10,1,0,0.35,0.5,60.0,70.0,60.0,469.2632566870014,42.23369310183013,1.002346316283435,1.1293289535429376,1.2928336796943087,20,1,36.21892993080229,-790.7367433129987,-77.76630689816987,37.24311561007948,35.19474425152511,0,0,0.44882265763884305,8.91503967192654,1260.0,120.0,2.5051261478113576,224.34000000000006,337.6600000000001,11.217,13.783,2.228759917981635,0.096085409252669,0.2811387900355871,1,20,6.75608451457609,20,0.2228759917981635,1.5625000000000002,1.388888888888889,1.190476190476191,5.010252295622716,1.0,73.50000000000001,-470.0662983425414,-67.3447418828856,227.93370165745856,False,True,210.7707182320442,194.2099447513812,32.655258117114414,39.36357142857144,1,698.0,30.75308352471391,0,0,0,7,3,10655,0.949897477043773,20,1,1,57.0,0,0.0,1.0,0.0501025229562271,1069.3950000000002,584.2025677151767,39.0,0.675739089629282,7,1078.0
Lags 3,0.838994383525007,2026-2,21,31.359894755876386,28.15472074468085,28.15472074468085,-0.31290459310748836,32.6,-0.39831168831168906,-0.1827272727272727,8.604761904761903,33.648610865858565,27.67854880516591,22.0,25.0,19.0,6.154720744680851,6.154720744680851,2.1308782847248064,0,16,67.37404040492062,0.25592862169697017,44.7047619047619,86.8,0.1864935064935071,64.3,0.11675324675324641,8,1,1,17.420104166666647,17.420104166666647,12.39151915792888,0,10,1,0,0.38095238095238093,0.47619047619047616,60.0,70.0,60.0,512.2661904314315,42.29720838424664,1.001503900742551,1.003853745652787,1.131027352194755,21,1,36.18420604529956,-867.7338095685685,-77.70279161575337,37.120738437060254,35.24767365353886,0,0,0.43935886102576777,9.717393242399927,1380.0,120.0,2.4537585382731146,235.55700000000007,342.4430000000001,11.217,4.783,1.4264063475082462,0.0934256055363321,0.273356401384083,1,21,6.75608451457609,21,0.1426406347508246,0.6399999999999999,1.0,0.8888888888888888,5.15289293037354,1.0,73.50000000000001,-512.0,-67.54617414248021,246.00000000000003,False,False,227.93370165745856,210.7707182320442,32.45382585751979,15.57142857142858,1,758.0,30.606677109497337,0,0,0,8,3,10639,0.948471070696264,21,1,1,60.0,0,0.0,1.0,0.0515289293037354,464.0000000000001,580.5989445910291,39.0,0.6767553341479462,7,1078.0
Tags 1,0.898284479265163,2026-2,1,28.7137931,28.15472074468085,28.15472074468085,0.0,36.8,0.0,0.0,11.5,28.15233948609013,28.15233948609013,30.0,32.0,28.0,1.2862068999999998,-1.2862068999999998,0.0,1,1,73.78965517,0.0,38.4,86.3,0.0,47.9,0.0,1,1,1,13.789655170000003,13.789655170000003,0.0,0,0,0,0,1.0,0.0,60.0,70.0,60.0,6.7631543351819285,6.7631543351819285,3.0,3.0,3.0,1,1,67.63154335181929,-3.2368456648180715,-3.2368456648180715,67.63154335181929,67.63154335181929,0,0,0.0,0.135080372821829,10.0,10.0,1.35080372821829,7.403,2.5969999999999995,7.403,2.5969999999999995,1.35080372821829,3.8,9.1,0,1,0.3508037282182898,1,0.135080372821829,3.0,3.0,3.0,0.135080372821829,1.0,106.75,0.0,0.0,64.0,True,False,669.9717991631799,637.6489644351465,100.0,39.36357142857144,0,64.0,28.15233948609013,0,0,0,0,0,7393,0.998649196271782,0,0,0,11.0,1,0.0,0.0,0.0013508037282182,1069.3950000000002,1789.0,30.0,0.9738942242661978,0,1360.0
Tags 1,0.898284479265163,2026-2,2,28.963146549999998,28.7137931,28.15472074468085,0.49870689999999285,36.2,-0.5999999999999922,-0.10000000000000339,11.25,28.489384737770152,28.489384737770152,30.0,32.0,28.0,0.7875000000000014,-0.7875000000000014,0.3526390308145203,1,2,70.376077585,-6.827155170000018,39.099999999999994,84.7,-1.5999999999999999,44.9,-3.0000000000000067,1,1,0,6.962500000000006,6.962500000000006,4.8275277169197945,1,0,0,0,0.5,0.0,60.0,70.0,60.0,13.548299688389108,6.774149844194554,1.0016257959626067,3.0,3.0,2,1,39.5158740911349,-16.451700311610892,-13.225850155805446,45.16099896129703,33.87074922097277,0,0,1.4130639510231102,0.270160745643658,30.0,20.0,1.485884101040119,14.806,7.194,7.403,4.597,1.6209644738619478,1.7272727272727273,4.136363636363637,0,2,0.6209644738619478,2,0.1620964473861947,1.1999999999999993,3.0,3.0,0.2971768202080238,1.0,106.75,0.0,0.0,77.0,True,False,64.0,637.6489644351465,100.0,39.36357142857144,0,77.0,28.32086211193014,0,0,0,0,0,7381,0.99702823179792,0,0,0,13.0,1,0.0,0.0,0.0029717682020802,1069.3950000000002,1789.0,30.0,0.9754775775640158,0,1360.0
Tags 1,0.898284479265163,2026-2,3,29.257151463333333,29.2125,28.7137931,0.5656840950000014,36.5,-0.14999999999999258,-0.5499999999999954,11.6,29.0473212138834,29.0473212138834,30.0,32.0,28.0,0.1548387099999999,-0.1548387099999999,0.5670042418001165,1,3,68.29695495,-4.8254727449999955,38.63333333333333,82.6,-1.84999999999999,44.9,-1.4999999999999973,1,1,0,4.138709680000005,4.138709680000005,4.961931551616009,1,0,0,0,0.3333333333333333,0.0,60.0,70.0,60.0,27.155465037338764,13.577732518669382,2.004344874405974,2.007603530210455,3.0,3,1,61.09979633401223,-22.84453496266124,-6.422267481330618,54.31093007467753,67.88866259334692,0,0,0.9991891828509468,0.540321491287316,50.0,20.0,1.711018055743167,22.209,15.791,7.403,8.597,2.1612859651492635,1.0,2.3947368421052637,0,3,1.1612859651492635,3,0.2161285965149263,1.3333333333333337,1.5999999999999992,3.0,0.5133054167229502,1.0,106.75,0.0,0.0,91.0,True,False,77.0,64.0,100.0,39.36357142857144,0,91.0,28.563015145914562,0,0,0,0,0,7365,0.99486694583277,0,0,0,14.0,1,0.0,0.0,0.0051330541672295,1069.3950000000002,1789.0,30.0,0.9775967413441956,1,1360.0
Tags 1,0.898284479265163,2026-2,4,29.020641375,29.84516129,29.2125,-0.05753846800000681,36.7,-5.047320635469346e-15,-0.4300000000000032,11.825,29.0473212138834,27.62641407996632,30.0,32.0,28.0,1.6888888900000012,-1.6888888900000012,0.6618740774094785,1,3,68.26785510250001,-1.9651089150000127,40.025,82.3,-1.4100000000000166,38.1,-2.9400000000000137,1,1,0,8.180555560000002,8.180555560000002,4.05181815400359,1,0,0,0,0.25,0.0,60.0,70.0,60.0,40.83299305839118,13.610997686130393,1.0024499795835031,2.0092554784265686,2.01252211787124,4,1,54.44399074452158,-34.16700694160882,-11.389002313869607,54.44399074452158,54.44399074452158,0,0,0.9567424889685998,0.8104822369309739,75.0,25.0,1.8911252195056056,29.612,26.387999999999998,7.403,10.597,2.4314467107929216,0.6785714285714286,1.625,0,4,1.4314467107929216,4,0.2431446710792922,1.1250000000000004,1.5000000000000009,1.8,0.7564500878022422,1.0,106.75,0.0,0.0,107.0,True,False,91.0,77.0,100.0,39.36357142857144,0,107.0,28.328864879427503,0,0,0,0,0,7347,0.992435499121978,0,0,0,16.0,1,0.0,0.0,0.0075645008780224,1069.3950000000002,1789.0,30.0,0.9799918334013884,2,1360.0
Tags 1,0.898284479265163,2026-2,5,28.499370241999998,28.31111111,29.84516129,-0.5500403670000057,33.4,-0.6300000000000044,-0.44000000000000156,11.419999999999998,29.0473212138834,25.93845246449796,28.0,30.0,26.0,1.5857142899999983,-1.5857142899999983,1.2989133694190318,1,3,69.98666503400001,0.7362554739999903,37.2,83.9,-0.7200000000000093,58.0,1.3399999999999959,2,1,1,16.86190476,16.86190476,5.204273308344784,0,0,0,0,0.4,0.0,60.0,70.0,60.0,68.17562039814563,27.270248159258248,2.003545132260704,2.00845377692937,3.0,4,0,88.62830651758931,-31.82437960185437,2.270248159258248,68.17562039814563,109.080992637033,1,1,0.8361588092750271,1.35080372821829,100.0,25.0,1.86410914494124,37.015,31.985,7.403,5.597,1.7560448466837768,0.5507246376811594,1.318840579710145,1,5,1.4314467107929216,5,0.1756044846683777,0.7222222222222222,0.8125000000000003,1.083333333333334,0.93205457247062,1.0,106.75,0.0,0.0,125.0,True,False,107.0,91.0,100.0,39.36357142857144,0,125.0,27.850782396441595,0,0,0,0,0,7334,0.990679454275294,0,0,0,18.0,1,0.0,0.0,0.0093205457247062,1069.3950000000002,1789.0,30.0,0.981728933733297,2,1360.0
Tags 1,0.898284479265163,2026-2,6,28.76058631333333,26.41428571,28.31111111,-0.09040929142857136,37.4,-0.14857142857143066,-0.32285714285714334,11.75,29.25724999539872,29.25724999539872,28.0,30.0,26.0,2.06666667,2.06666667,1.326327172511115,0,4,68.95208197333334,-0.46606806685714075,39.53333333333333,83.2,-0.5200000000000069,32.0,-1.342857142857138,2,1,0,3.779166670000002,3.779166670000002,5.2999755839881395,1,0,0,0,0.3333333333333333,0.0,60.0,70.0,60.0,95.58923938276662,27.311211252219035,1.001502116618872,2.0065546907005327,2.011470708725932,5,1,74.41943806821588,-39.41076061723338,-7.688788747780965,70.80684398723453,78.03203214919724,1,0,0.8162313722678324,1.891125219505606,135.0,35.0,1.8010716376243865,44.418,35.582,7.403,3.5969999999999995,1.4858841010401187,0.475,1.1375,1,6,1.4314467107929216,6,0.1485884101040119,0.8461538461538461,0.611111111111111,0.6875000000000002,1.080642982574632,1.0,106.75,0.0,0.0,145.0,True,False,125.0,107.0,100.0,39.36357142857144,0,145.0,28.085193662934447,0,0,0,0,0,7323,0.989193570174254,1,1,1,20.0,1,0.0,0.16666666666666666,0.0108064298257463,1069.3950000000002,1789.0,30.0,0.9832036050798852,2,1360.0
Tags 1,0.898284479265163,2026-2,7,29.012050172857137,30.06666667,26.41428571,0.13209208750000145,37.6,0.06071428571428538,-0.21428571428571266,11.971428571428572,29.71281014043896,29.71281014043896,28.0,30.0,26.0,2.5208333299999985,2.5208333299999985,1.381517878631101,0,5,68.25654645285715,-0.8129441821428536,39.114285714285714,81.8,-0.5428571428571435,45.2,-0.7428571428571433,2,1,0,4.083333330000002,4.083333330000002,5.176340916203962,1,0,0,0,0.2857142857142857,0.0,60.0,70.0,60.0,123.08533916849017,27.35229759299781,1.0015043763676148,1.0030087527352298,2.009573304157549,6,1,75.27628119081331,-46.91466083150985,-7.647702407002189,72.40314068734715,78.14942169427947,1,0,0.7866561238164776,2.431446710792922,170.0,35.0,1.7560448466837768,51.821,39.179,7.403,3.5969999999999995,1.4858841010401187,0.4175824175824176,1.0,1,7,1.4314467107929216,7,0.1485884101040119,1.0,0.8461538461538461,0.611111111111111,1.2292313926786438,1.0,114.74,-52.260000000000005,-31.29341317365269,114.74,False,False,145.0,125.0,68.7065868263473,39.36357142857144,0,167.0,28.31771030257795,0,0,0,0,0,7312,0.987707686073214,2,1,1,22.0,1,0.0,0.2857142857142857,0.0122923139267864,1069.3950000000002,1229.1608383233531,30.0,0.9846827133479212,2,1360.0
Tags 1,0.898284479265163,2026-2,8,29.2615855675,30.52083333,30.06666667,0.25441832142857274,37.8,0.15952380952381187,-0.10119047619047448,12.0875,30.205489813986823,30.205489813986823,28.0,30.0,26.0,3.0083333299999997,3.0083333299999997,1.4608487274731763,0,6,67.79374898,-0.8504944366666628,38.662499999999994,80.9,-0.5821428571428526,45.4,-0.4142857142857105,2,1,0,9.55416667,9.55416667,4.967914131620021,1,0,0,0,0.25,0.0,55.0,65.0,55.0,157.5774184708139,34.25596053713346,1.2523979172375994,1.2542819950671418,1.256166072896684,7,1,70.06901018959117,-62.42258152918609,-15.74403946286654,71.62609930491541,68.51192107426692,1,0,0.7371008157503003,3.106848574902067,220.0,50.0,1.7729298932865054,59.224,45.775999999999996,7.403,6.597,1.8911252195056056,0.3619047619047619,0.8666666666666667,1,8,1.4314467107929216,8,0.1891125219505605,1.272727272727272,1.272727272727272,1.0769230769230764,1.4183439146292045,1.0,114.74,-63.28401746724893,-32.96042576419215,128.71598253275107,False,True,114.74,145.0,67.03957423580785,39.36357142857144,0,192.0,28.55368274150406,0,0,0,0,0,7298,0.985816560853708,3,1,1,25.0,1,0.0,0.375,0.014183439146292,1069.3950000000002,1199.3379830786023,30.0,0.9865716634694436,2,1360.0
Tags 1,0.898284479265163,2026-2,9,29.312613096666666,31.00833333,30.52083333,0.20870934250000245,37.7,0.1883333333333357,0.005000000000001461,12.088888888888889,30.205489813986823,29.065380101389188,25.0,28.0,23.0,4.720833330000001,4.720833330000001,1.3750466928747163,0,7,68.04999909333334,-0.44159603766666466,38.222222222222214,82.5,-0.4549999999999941,47.8,-0.07333333333333204,3,1,1,15.099999999999994,15.099999999999994,4.710215127996415,0,0,0,0,0.3333333333333333,0.0,55.0,65.0,55.0,192.07024283166416,34.29825764851145,1.0012347372753465,1.2539442996295789,1.2558307038002468,8,1,69.86682113585667,-77.92975716833584,-15.701742351488548,71.13712697469043,68.5965152970229,1,0,0.7119494917318144,3.782250439011212,270.0,50.0,1.7110180557431671,66.627,47.373,7.403,1.5969999999999995,1.2157233553964608,0.3333333333333333,0.7982456140350878,1,9,1.4314467107929216,9,0.1215723355396461,0.6428571428571431,0.8181818181818182,0.8181818181818182,1.5399162501688504,1.0,114.74,-75.6309170305677,-34.37768955934896,144.3690829694323,False,True,128.71598253275107,114.74,65.62231044065105,39.36357142857144,0,220.0,28.61053800371352,0,0,0,1,0,7289,0.984600837498312,4,1,1,28.0,1,0.0,0.4444444444444444,0.0153991625016885,1069.3950000000002,1173.9831337832472,30.0,0.98778982027713,2,1360.0
Tags 1,0.898284479265163,2026-2,10,29.196823861468083,29.72083333,31.00833333,0.0886308480735007,32.6,-0.08545454545454503,0.05333333333333423,11.59,30.205489813986823,27.67854880516591,25.0,28.0,23.0,3.1547207446808514,3.1547207446808514,1.3471232926166974,0,7,68.98700960066667,0.18993588569696696,36.64999999999999,86.8,-0.13090909090908975,64.3,1.0042424242424244,4,1,1,22.420104166666647,22.420104166666647,5.3386223211697414,0,0,0,0,0.4,0.0,55.0,65.0,55.0,226.74178919884568,34.35481654527965,1.0016490311941737,1.0028858045898037,1.256012092895424,9,1,62.98383033301268,-103.25821080115432,-25.645183454720357,68.7096330905593,57.25802757546607,1,0,0.6876713271604064,4.457652303120357,330.0,60.0,1.7020126975550454,74.03,51.97,7.403,4.597,1.6209644738619478,0.3015873015873015,0.7222222222222222,1,10,1.4314467107929216,10,0.1620964473861947,1.3333333333333326,0.857142857142857,1.0909090909090904,1.7020126975550454,1.0,114.74,-88.41877729257644,-35.50954911348451,160.58122270742356,False,True,144.3690829694323,128.71598253275107,64.49045088651548,39.36357142857144,0,249.0,28.517339083858758,0,0,0,2,0,7277,0.98297987302445,5,1,1,29.0,1,0.0,0.5,0.0170201269755504,1069.3950000000002,1153.734166359762,30.0,0.989418716504054,2,1360.0
Tags 1,0.898284479265163,2026-2,11,29.102087214487426,28.15472074468085,29.72083333,0.019104812564797048,32.6,-0.23090909090909092,0.07727272727272784,11.181818181818182,30.205489813986823,27.67854880516591,25.0,28.0,23.0,3.1547207446808514,3.1547207446808514,1.3160518242272687,0,7,69.75365456121212,0.5257743945454533,35.36363636363636,86.8,0.05181818181818305,64.3,1.5463636363636348,5,1,1,22.420104166666647,22.420104166666647,5.66709704435258,0,0,0,0,0.45454545454545453,0.0,55.0,65.0,55.0,268.2255845942228,41.26547455295736,1.2011554332874828,1.2031361760660249,1.2046217331499312,10,1,68.77579092159559,-121.77441540577718,-18.734525447042643,68.77579092159559,68.77579092159559,1,0,0.6559272823237199,5.268134540051331,390.0,60.0,1.6332445077548414,81.433,51.567,7.403,-0.4030000000000004,0.9455626097528028,0.2857142857142857,0.6842105263157895,1,10,1.4314467107929216,10,0.0945562609752802,0.5833333333333331,0.777777777777777,0.4999999999999998,1.7965689585303253,0.9090909090909091,114.74,-102.970480349345,-36.514354733810286,179.029519650655,False,True,160.58122270742356,144.3690829694323,63.485645266189714,39.36357142857144,0,282.0,28.441085422159407,0,0,0,3,0,7270,0.982034310414697,6,1,1,33.0,1,0.0,0.5454545454545454,0.0179656895853032,1069.3950000000002,1135.758193812134,30.0,0.9903713892709766,2,1360.0
Tags 1,0.898284479265163,2026-2,12,29.02314000867021,28.15472074468085,28.15472074468085,-0.021741162250409764,32.6,-0.3059440559440554,0.08811188811188962,10.841666666666667,30.205489813986823,27.67854880516591,25.0,28.0,23.0,3.1547207446808514,3.1547207446808514,1.2842626229919871,0,7,70.39252536166667,0.6993052883216789,34.291666666666664,86.8,0.15524475524475734,64.3,1.7996503496503504,6,1,1,22.420104166666647,22.420104166666647,5.8390259761989745,0,0,0,0,0.5,0.0,55.0,65.0,55.0,316.49924315398374,48.16292830604101,1.1671482959497272,1.4019265171322417,1.4042383376909318,11,1,68.80418329434428,-143.50075684601626,-21.83707169395899,68.80418329434428,68.8041832943443,1,0,0.6292071141619023,6.213697149804134,460.0,70.0,1.5309108919807286,88.83600000000001,47.164,7.403,-4.4030000000000005,0.4052411184654869,0.2794117647058823,0.6691176470588235,1,10,1.4314467107929216,10,0.0405241118465486,0.4285714285714279,0.2499999999999995,0.3333333333333325,1.8370930703768744,0.8333333333333334,114.74,-118.40410480349344,-37.351452619398565,198.59589519650652,False,True,179.029519650655,160.58122270742356,62.64854738060144,39.36357142857144,0,317.0,28.37754070407662,0,0,0,4,0,7267,0.981629069296231,7,1,1,35.0,1,0.0,0.5833333333333334,0.0183709307037687,1069.3950000000002,1120.7825126389596,30.0,0.990780239438558,2,1360.0
Tags 1,0.898284479265163,2026-2,13,28.956338526824876,28.15472074468085,28.15472074468085,-0.04571154827332193,32.6,-0.34120879120879155,0.09175824175824322,10.553846153846154,30.205489813986823,27.67854880516591,25.0,28.0,23.0,3.1547207446808514,3.1547207446808514,1.252955694126464,0,7,70.93310834666667,0.7811325772527449,33.38461538461538,86.8,0.2126373626373609,64.3,1.8934065934065936,7,1,1,22.420104166666647,22.420104166666647,5.920475362324842,0,0,0,0,0.5384615384615384,0.0,55.0,65.0,55.0,358.02809143486644,41.31093362709997,0.8577330133375299,1.0011016248967226,1.202478656017626,12,1,58.97008272386956,-181.9719085651336,-38.68906637290003,66.30149841386415,51.63866703387497,1,0,0.6200168103883673,7.024179386735108,540.0,80.0,1.465102505221376,96.23900000000002,44.761,7.403,-2.4030000000000005,0.6754018641091449,0.2695035460992908,0.6453900709219859,1,10,1.4314467107929216,10,0.0675401864109145,1.666666666666671,0.714285714285715,0.4166666666666669,1.9046332567877888,0.7692307692307693,114.74,-135.1606113537118,-38.0734116489329,219.8393886462882,False,True,198.59589519650652,179.029519650655,61.9265883510671,39.36357142857144,0,355.0,28.3237720964681,0,0,0,5,0,7262,0.980953667432122,8,1,1,38.0,1,0.0,0.6153846153846154,0.0190463325678778,1069.3950000000002,1107.8666656005905,30.0,0.9914624070503992,2,1360.0
Tags 1,0.898284479265163,2026-2,14,28.899080113814588,28.15472074468085,28.15472074468085,-0.059472603822774577,32.6,-0.3536263736263741,0.09142857142857025,10.307142857142855,30.205489813986823,27.67854880516591,25.0,28.0,23.0,3.1547207446808514,3.1547207446808514,1.2227166274618002,0,7,71.39646519095238,0.8102487995164794,32.607142857142854,86.8,0.2426373626373581,64.3,1.898241758241757,8,1,1,22.420104166666647,22.420104166666647,5.946554678308034,0,0,0,0,0.5714285714285714,0.0,55.0,65.0,55.0,406.44805731606505,48.22265086800772,1.1673096353449068,1.0012400110223203,1.168595572701387,13,1,59.04814392000945,-223.55194268393493,-41.77734913199228,64.51556465334366,53.58072318667524,1,0,0.597601361792494,7.969741996487911,630.0,90.0,1.3990467185118,103.64200000000002,41.358000000000004,7.403,-3.4030000000000005,0.5403214912873159,0.2620689655172414,0.6275862068965518,1,10,1.4314467107929216,10,0.0540321491287315,0.7999999999999985,1.333333333333334,0.571428571428571,1.9586654059165205,0.7142857142857143,114.74,-153.24,-38.6969696969697,242.76,False,False,219.8393886462882,198.59589519650652,61.30303030303031,39.36357142857144,0,396.0,28.277684718517946,0,0,0,6,0,7258,0.980413345940835,9,1,1,41.0,1,0.0,0.6428571428571429,0.0195866540591652,1069.3950000000002,1096.711212121212,30.0,0.9920088178561588,2,1360.0
Tags 1,0.898284479265163,2026-2,15,28.84945615587234,28.15472074468085,28.15472074468085,-0.06693047483434568,32.6,-0.35285714285714254,0.08892857142857186,10.093333333333332,30.205489813986823,27.67854880516591,25.0,28.0,23.0,3.1547207446808514,3.1547207446808514,1.1938114285262869,0,7,71.79804112266666,0.8089181239999984,31.93333333333333,86.8,0.25607142857143095,64.3,1.8539285714285711,9,1,1,27.420104166666647,27.420104166666647,5.93756167560842,0,0,0,0,0.6,0.0,50.0,60.0,50.0,461.9415333701048,55.15719801434087,1.1438026948231028,1.335171906600478,1.1452210227720432,14,1,62.72216093644665,-258.0584666298952,-34.84280198565913,64.15854630140345,61.28577557148985,1,0,0.5779338609864797,9.050384979062542,720.0,90.0,1.3598090864064116,111.04500000000003,39.955000000000005,7.403,-1.4030000000000005,0.8104822369309739,0.2516556291390728,0.6026490066225165,1,10,1.4314467107929216,10,0.0810482236930973,1.500000000000001,1.1999999999999986,2.0000000000000027,2.0397136296096177,0.6666666666666666,114.74,-156.60872928176798,-35.673970223637355,282.391270718232,False,True,242.76,219.8393886462882,64.32602977636265,39.36357142857144,0,439.0,28.237742324294477,0,0,0,7,0,7252,0.979602863703904,10,1,1,43.0,1,0.0,0.6666666666666666,0.0203971362960961,1069.3950000000002,1150.7926726991277,30.0,0.9928295642581356,2,1360.0
Tags 1,0.898284479265163,2026-2,16,28.806035192672873,28.15472074468085,28.15472074468085,-0.07044426040456825,32.6,-0.3445588235294114,0.08529411764705908,9.90625,30.205489813986823,27.67854880516591,22.0,25.0,19.0,6.154720744680851,6.154720744680851,1.166335897505812,0,7,72.14942006291666,0.7901839633823509,31.343749999999996,86.8,0.259411764705884,64.3,1.7833823529411772,10,1,1,27.420104166666647,27.420104166666647,5.905912627412437,0,0,0,0,0.625,0.0,50.0,60.0,50.0,517.4554988271009,55.195253208224095,1.0006899406651029,1.1445918508151156,1.3360930959937447,15,1,59.14979116674015,-302.5445011728991,-44.80474679177591,63.10432912525621,55.195253208224095,1,0,0.564032378536155,10.131027961637177,820.0,100.0,1.3170336350128327,118.448,37.55199999999999,7.403,-2.4030000000000005,0.6754018641091449,0.2435897435897435,0.5833333333333334,1,10,1.4314467107929216,10,0.0675401864109145,0.8333333333333343,1.2500000000000022,1.0,2.107253816020532,0.625,114.74,-160.29082872928177,-32.98165200190983,325.70917127071823,False,True,282.391270718232,242.76,67.01834799809016,39.36357142857144,0,486.0,28.20279272934894,0,0,0,8,0,7247,0.978927461839795,11,1,1,47.0,1,0.0,0.6875,0.0210725381602053,1069.3950000000002,1198.9582456858332,30.0,0.9935145577480337,2,1360.0
Tags 1,0.898284479265163,2026-2,17,28.767722578085106,28.15472074468085,28.15472074468085,-0.07147442186639472,32.6,-0.3321078431372531,0.08112745098039231,9.741176470588234,30.205489813986823,27.67854880516591,22.0,25.0,19.0,6.154720744680851,6.154720744680851,1.1402945983906447,0,7,72.45946030431372,0.7618333832843134,30.823529411764707,86.8,0.25661764705882456,64.3,1.7,11,1,1,27.420104166666647,27.420104166666647,5.859517077952722,0,0,0,0,0.6470588235294118,0.0,50.0,60.0,50.0,579.7101449275362,62.11180124223603,1.1253105590062111,1.126086956521739,1.2880212954747117,16,1,62.561886758484114,-340.2898550724637,-37.88819875776397,63.011972274732194,62.111801242236034,1,0,0.547772520310606,11.346751317033636,920.0,100.0,1.2554528768146458,125.851,32.148999999999994,7.403,-5.4030000000000005,0.2701607456436579,0.240506329113924,0.5759493670886076,1,10,1.4314467107929216,10,0.0270160745643657,0.3999999999999985,0.3333333333333325,0.4999999999999991,2.134269890584898,0.5882352941176471,114.74,-164.12961325966853,-30.67843238498477,370.8703867403314,False,True,325.70917127071823,282.391270718232,69.32156761501523,39.36357142857144,0,535.0,28.17195485145582,0,0,0,9,0,7245,0.978657301094151,12,1,1,49.0,1,0.0,0.7058823529411765,0.0213426989058489,1069.3950000000002,1240.1628446326224,30.0,0.9937888198757764,2,1360.0
Tags 1,0.898284479265163,2026-2,18,28.73366692067376,28.15472074468085,28.15472074468085,-0.07094340496475797,32.6,-0.31754385964912313,0.07678018575851386,9.594444444444443,30.205489813986823,27.67854880516591,22.0,25.0,19.0,6.154720744680851,6.154720744680851,1.1156439292077582,0,7,72.73505162999999,0.7285727414035099,30.36111111111111,86.8,0.25015479876161084,64.3,1.6116615067079458,12,1,1,27.420104166666647,27.420104166666647,5.80356849299955,0,0,0,0,0.6666666666666666,0.0,50.0,60.0,50.0,642.4426637192595,62.17187068250898,1.0009671179883946,1.1263988670903564,1.127176015473888,17,1,59.44647829307272,-387.5573362807405,-47.82812931749102,62.37307414750092,56.51988243864453,1,0,0.5357723386705829,12.562474672430096,1030.0,110.0,1.2382367508667658,133.254,31.745999999999995,7.403,-0.4030000000000004,0.9455626097528028,0.2303030303030303,0.5515151515151515,1,10,1.4314467107929216,10,0.0945562609752802,3.0,1.3999999999999986,1.166666666666667,2.2288261515601784,0.5555555555555556,114.74,-168.1250828729282,-28.690287179680578,417.8749171270718,False,True,370.8703867403314,325.70917127071823,71.30971282031942,39.36357142857144,0,586.0,28.144543404439716,0,0,0,10,0,7238,0.977711738484398,13,1,1,51.0,1,0.0,0.7222222222222222,0.0222882615156017,1069.3950000000002,1275.7307623555143,30.0,0.9947499309201436,2,1360.0
Tags 1,0.898284479265163,2026-2,19,28.70319606930571,28.15472074468085,28.15472074468085,-0.0694431496304599,32.6,-0.30210526315789554,0.07245614035087641,9.463157894736842,30.205489813986823,27.67854880516591,22.0,25.0,19.0,6.154720744680851,6.154720744680851,1.092316119716016,0,7,72.98163334245612,0.6932613439298231,29.94736842105263,86.8,0.2415789473684202,64.3,1.5229824561403498,13,1,1,27.420104166666647,27.420104166666647,5.741556081633749,0,0,0,0,0.6842105263157895,0.0,50.0,60.0,50.0,705.1991150442478,62.22345132743363,1.000829646017699,1.0017975663716814,1.1273333794247786,18,1,59.21317271457001,-434.80088495575217,-47.77654867256637,61.859571495109456,56.56677393403056,1,0,0.5244386804213422,13.778198027826557,1140.0,110.0,1.2157233553964608,140.65699999999998,30.342999999999996,7.403,-1.4030000000000005,0.8104822369309739,0.2222222222222222,0.5321637426900585,1,10,1.4314467107929216,10,0.0810482236930973,0.857142857142857,3.0,1.1999999999999986,2.309874375253276,0.5263157894736842,114.74,-172.4339226519337,-26.90076796442024,468.5660773480663,False,True,417.8749171270718,370.8703867403314,73.09923203557976,39.36357142857144,0,641.0,28.12001737289899,0,0,0,11,0,7232,0.976901256247467,14,1,1,55.0,1,0.0,0.7368421052631579,0.0230987437525327,1069.3950000000002,1307.745261116522,30.0,0.995575221238938,2,1360.0
Tags 1,0.898284479265163,2026-2,20,28.949436265840426,28.15472074468085,28.15472074468085,0.010831642183809937,37.6,-0.21511278195488687,0.12398496240601455,9.399999999999999,32.56878256816064,32.56878256816064,22.0,25.0,19.0,11.628,11.628,1.5306997052438573,0,8,72.14075167533332,0.35397210419047387,29.869999999999997,70.7,0.0018796992481162472,42.3,1.1223308270676684,13,1,0,6.1640000000000015,6.1640000000000015,6.7358801400959685,1,0,0,0,0.65,0.0,50.0,60.0,50.0,775.1937984496124,69.21373200442967,1.1123415774578564,1.1132644272179155,1.1143410852713178,19,1,59.60071367048111,-484.8062015503877,-50.78626799557033,61.523317337270825,57.678110003691394,1,0,0.5115142010494145,15.129001756044849,1260.0,120.0,1.2089693367553693,148.05999999999997,30.939999999999998,7.403,0.5969999999999995,1.0806429825746318,0.2122905027932961,0.5083798882681564,1,11,1.4314467107929216,10,0.1080642982574631,1.3333333333333337,1.1428571428571428,3.0,2.417938673510739,0.55,114.74,-176.89944751381222,-25.34376038879832,521.1005524861878,False,True,468.5660773480663,417.8749171270718,74.6562396112017,39.36357142857144,0,698.0,28.34245563266207,0,0,0,11,0,7224,0.975820613264892,15,1,1,57.0,1,0.0,0.75,0.0241793867351073,1069.3950000000002,1335.6001266443982,30.0,0.9966777408637874,2,1360.0
Tags 1,0.898284479265163,2026-2,21,29.108292475562312,33.628,28.15472074468085,0.052679020901077483,38.0,-0.14272727272727273,0.1436363636363638,9.423809523809522,32.56878256816064,31.412430464098197,22.0,25.0,19.0,10.285416669999996,10.285416669999996,1.6600694897995143,0,9,71.67849365888888,0.1796328127705611,29.919047619047618,74.8,-0.12233766233766137,43.9,0.8319480519480521,14,1,1,12.433333330000004,12.433333330000004,6.898609218368764,0,0,0,0,0.6666666666666666,0.0,50.0,60.0,50.0,845.2265484273244,69.28086462519052,1.0009699321047527,1.113420473265284,1.1143442181269532,20,1,59.49117723250056,-534.7734515726756,-50.71913537480948,61.24830061067568,57.73405385432543,1,0,0.5015717571761293,16.47980548426314,1380.0,120.0,1.1964261592790566,155.46299999999997,30.537,7.403,-0.4030000000000004,0.9455626097528028,0.2043010752688172,0.489247311827957,1,11,1.4314467107929216,10,0.0945562609752802,0.875,1.166666666666667,1.0,2.5124949344860195,0.5238095238095238,114.74,-181.6,-23.957783641160955,576.4,False,False,521.1005524861878,468.5660773480663,76.04221635883904,47.66285714285714,0,758.0,28.488644910349503,0,0,0,12,0,7217,0.97487505065514,16,1,1,60.0,1,0.0,0.7619047619047619,0.0251249493448601,1243.6799999999998,1360.3952506596306,30.0,0.9976444506027436,2,1360.0
Tags 2,0.890161725067386,2026-2,1,28.15472074468085,28.15472074468085,28.15472074468085,0.0,32.6,0.0,0.0,7.100000000000001,27.67854880516591,27.67854880516591,30.0,32.0,28.0,1.8452792553191488,-1.8452792553191488,0.0,1,0,77.42010416666665,0.0,22.5,86.8,0.0,64.3,0.0,1,1,1,17.420104166666647,17.420104166666647,0.0,0,0,0,0,1.0,0.0,60.0,70.0,60.0,6.747638326585695,6.747638326585695,3.0,3.0,3.0,1,1,67.47638326585694,-3.2523616734143053,-3.2523616734143053,67.47638326585694,67.47638326585694,0,0,0.0,0.1347708894878706,10.0,10.0,1.3477088948787062,7.42,2.58,7.42,2.58,1.3477088948787062,3.9,8.5,0,1,0.3477088948787061,1,0.1347708894878706,3.0,3.0,3.0,0.1347708894878706,1.0,106.75,0.0,0.0,64.0,True,False,669.9717991631799,637.6489644351465,100.0,39.36357142857144,0,64.0,27.67854880516591,0,0,0,0,0,7410,0.998652291105121,0,0,0,11.0,1,0.0,0.0,0.0013477088948787,1069.3950000000002,1789.0,30.0,0.97165991902834,0,1556.2800000000002
Tags 2,0.890161725067386,2026-2,2,28.15472074468085,28.15472074468085,28.15472074468085,-6.783381100595097e-15,32.6,-6.772789795300852e-15,-4.066460168369259e-15,7.100000000000001,27.67854880516591,27.67854880516591,30.0,32.0,28.0,1.8452792553191488,-1.8452792553191488,0.0,1,0,77.42010416666665,-1.1658284442341368e-14,22.5,86.8,-1.7209744916952118e-14,64.3,-2.2316770830227838e-14,2,1,1,17.420104166666647,17.420104166666647,0.0,0,0,0,0,1.0,0.0,60.0,70.0,60.0,13.52265043948614,6.761325219743069,1.002028397565923,3.0,3.0,2,1,39.44106378183457,-16.47734956051386,-13.23867478025693,45.0755014649538,33.80662609871535,0,0,1.4127792686992886,0.2695417789757412,30.0,20.0,1.6846361185983827,14.84,10.16,7.42,7.58,2.0215633423180592,1.56,3.4,0,2,1.0215633423180592,2,0.2021563342318059,1.5,3.0,3.0,0.3369272237196766,1.0,106.75,0.0,0.0,77.0,True,False,64.0,637.6489644351465,100.0,39.36357142857144,0,77.0,27.67854880516591,0,0,0,0,0,7395,0.996630727762803,0,0,0,13.0,1,0.0,0.0,0.0033692722371967,1069.3950000000002,1789.0,30.0,0.973630831643002,1,1556.2800000000002
Tags 2,0.890161725067386,2026-2,3,28.154720744680855,28.15472074468085,28.15472074468085,-1.2895420286198467e-15,32.6,2.30148056710964e-15,2.3936246954295856e-15,7.100000000000001,27.67854880516591,27.67854880516591,30.0,32.0,28.0,1.8452792553191488,-1.8452792553191488,4.351167857633658e-15,1,0,77.42010416666665,1.136476922109094e-14,22.5,86.8,1.802190973325158e-15,64.3,-3.3130325148630877e-15,3,1,1,17.420104166666647,17.420104166666647,0.0,0,0,0,0,1.0,0.0,60.0,70.0,60.0,27.09659937677821,13.548299688389108,2.003793523912749,2.007858013819266,3.0,3,1,60.96734859775098,-22.903400623221785,-6.451700311610892,54.19319875355642,67.74149844194554,0,0,0.9989870899646172,0.5390835579514824,50.0,20.0,1.752021563342318,22.259999999999998,16.740000000000002,7.42,6.58,1.8867924528301887,1.0,2.1794871794871797,0,3,1.0215633423180592,3,0.1886792452830188,0.9333333333333332,1.3999999999999997,3.0,0.5256064690026955,1.0,106.75,0.0,0.0,91.0,True,False,77.0,64.0,100.0,39.36357142857144,0,91.0,27.678548805165907,0,0,0,0,0,7381,0.994743935309973,0,0,0,14.0,1,0.0,0.0,0.0052560646900269,1069.3950000000002,1789.0,30.0,0.9754775775640158,1,1556.2800000000002
Tags 2,0.890161725067386,2026-2,4,28.15472074468085,28.15472074468085,28.15472074468085,-4.860576503336004e-15,32.6,-2.22671580167811e-15,-3.4693771706650844e-15,7.100000000000001,27.67854880516591,27.67854880516591,30.0,32.0,28.0,1.8452792553191488,-1.8452792553191488,0.0,1,0,77.42010416666665,-1.0656246691081632e-14,22.5,86.8,-1.1688067064152732e-14,64.3,-8.691606854378891e-15,4,1,1,17.420104166666647,17.420104166666647,0.0,0,0,0,0,1.0,0.0,60.0,70.0,60.0,40.70556309362279,13.5685210312076,1.001492537313433,2.006784260515604,2.010854816824966,4,1,54.27408412483039,-34.29443690637721,-11.4314789687924,54.27408412483039,54.27408412483039,0,0,0.9568390176685034,0.8086253369272237,75.0,25.0,1.6846361185983827,29.68,20.32,7.42,3.58,1.482479784366577,0.78,1.7,0,4,1.0215633423180592,4,0.1482479784366576,0.7857142857142856,0.7333333333333331,1.0999999999999994,0.6738544474393532,1.0,106.75,0.0,0.0,107.0,True,False,91.0,77.0,100.0,39.36357142857144,0,107.0,27.67854880516591,0,0,0,0,0,7370,0.993261455525606,0,0,0,16.0,1,0.0,0.0,0.0067385444743935,1069.3950000000002,1789.0,30.0,0.9769335142469472,1,1556.2800000000002
Tags 2,0.890161725067386,2026-2,5,28.15472074468085,28.15472074468085,28.15472074468085,-3.371434273386755e-15,32.6,-3.764398267022435e-15,-4.80122207299609e-16,7.100000000000001,27.67854880516591,27.67854880516591,28.0,30.0,26.0,0.1547207446808514,0.1547207446808514,0.0,1,0,77.42010416666665,-4.822292063407377e-15,22.5,86.8,-3.627382670784715e-15,64.3,-3.145486211302101e-15,5,1,1,17.420104166666647,17.420104166666647,0.0,0,0,0,0,1.0,0.0,60.0,70.0,60.0,61.16623623759685,20.38874541253228,1.502650536903629,1.5048932988990076,3.0,5,1,71.36060894386299,-38.83376376240315,-4.61125458746772,61.16623623759685,81.55498165012912,0,0,0.8361062266185332,1.2129380053908356,100.0,25.0,1.6981132075471699,37.1,25.9,7.42,5.58,1.7520215633423182,0.6190476190476191,1.3492063492063493,1,5,1.0215633423180592,5,0.1752021563342318,1.1818181818181823,0.9285714285714288,0.8666666666666668,0.8490566037735849,1.0,106.75,0.0,0.0,125.0,True,False,107.0,91.0,100.0,39.36357142857144,0,125.0,27.67854880516591,0,0,0,0,0,7357,0.991509433962264,0,0,0,18.0,1,0.0,0.0,0.0084905660377358,1069.3950000000002,1789.0,30.0,0.9786597798015496,1,1556.2800000000002
Tags 2,0.890161725067386,2026-2,6,28.154720744680848,28.15472074468085,28.15472074468085,-1.3488542533772615e-15,32.6,-3.003278291787231e-16,-6.929659921216828e-16,7.100000000000001,27.67854880516591,27.67854880516591,28.0,30.0,26.0,0.1547207446808514,0.1547207446808514,3.891802844472395e-15,1,0,77.42010416666665,-3.2804718226432046e-15,22.5,86.8,-5.226196707538049e-15,64.3,-1.2637676618891283e-15,6,1,1,17.420104166666647,17.420104166666647,0.0,0,0,0,0,1.0,0.0,60.0,70.0,60.0,81.68822328114364,20.42205582028591,1.001633764465623,1.5051055139550715,1.5073519400953028,6,1,59.42926296908598,-53.311776718856365,-14.577944179714091,60.50979502306936,58.3487309151026,0,0,0.8006306310346694,1.6172506738544474,135.0,35.0,1.684636118598383,44.52,30.479999999999997,7.42,4.58,1.6172506738544474,0.52,1.1333333333333333,1,6,1.0215633423180592,6,0.1617250673854447,0.9230769230769228,1.0909090909090913,0.8571428571428572,1.0107816711590296,1.0,106.75,0.0,0.0,145.0,True,False,125.0,107.0,100.0,39.36357142857144,0,145.0,27.678548805165914,0,0,0,0,0,7345,0.98989218328841,0,0,0,20.0,1,0.0,0.0,0.0101078167115902,1069.3950000000002,1789.0,30.0,0.9802586793737236,1,1556.2800000000002
Tags 2,0.890161725067386,2026-2,7,28.154720744680848,28.15472074468085,28.15472074468085,-3.895921039444663e-16,32.6,1.656277457553702e-15,1.2138620989631208e-15,7.100000000000001,27.67854880516591,27.67854880516591,28.0,30.0,26.0,0.1547207446808514,0.1547207446808514,3.837369354665453e-15,1,0,77.42010416666665,2.54453727244602e-15,22.5,86.8,2.9813600726655495e-15,64.3,-1.585001016368459e-15,7,1,1,17.420104166666647,17.420104166666647,0.0,0,0,0,0,1.0,0.0,60.0,70.0,60.0,102.24948875255625,20.449897750511248,1.0013633265167008,1.0029993183367418,1.5071574642126788,7,1,59.28751868845697,-67.75051124744377,-14.550102249488752,60.14675808973896,58.42827928717499,0,0,0.7634661946116631,2.0215633423180592,170.0,35.0,1.6365036580670005,51.940000000000005,33.059999999999995,7.42,2.58,1.3477088948787062,0.4588235294117647,1.0,1,7,1.0215633423180592,7,0.1347708894878706,0.8333333333333335,0.7692307692307692,0.9090909090909096,1.1455525606469004,1.0,108.28,-58.72,-35.16167664670659,108.28,False,False,145.0,125.0,64.83832335329342,39.36357142857144,0,167.0,27.678548805165914,0,0,0,0,0,7335,0.988544474393531,0,0,0,22.0,1,0.0,0.0,0.011455525606469,1069.3950000000002,1159.9576047904193,30.0,0.98159509202454,1,1556.2800000000002
Tags 2,0.890161725067386,2026-2,8,28.15472074468085,28.15472074468085,28.15472074468085,2.560235073882277e-15,32.6,2.821334018596945e-15,1.5927353798953544e-15,7.100000000000001,27.67854880516591,27.67854880516591,28.0,30.0,26.0,0.1547207446808514,0.1547207446808514,0.0,1,0,77.42010416666665,6.1910039907492395e-15,22.5,86.8,3.730138838203249e-15,64.3,1.0375528248368055e-15,8,1,1,22.420104166666647,22.420104166666647,0.0,0,0,0,0,1.0,0.0,55.0,65.0,55.0,136.5747063643813,34.14367659109533,1.6696257853045615,1.671902030410635,1.6746335245379222,8,1,65.18338258300017,-83.42529363561869,-15.856323408904672,62.079411983809685,68.28735318219066,0,0,0.7093169148449653,2.6954177897574123,220.0,50.0,1.6509433962264153,59.36,38.64,7.42,5.58,1.7520215633423182,0.3979591836734694,0.8673469387755102,1,8,1.0215633423180592,8,0.1752021563342318,1.3,1.0833333333333337,1.0,1.3207547169811322,1.0,108.28,-69.6850655021834,-36.29430494905386,122.3149344978166,False,True,108.28,145.0,63.70569505094614,39.36357142857144,0,192.0,27.67854880516591,0,0,0,0,0,7322,0.986792452830189,0,0,0,25.0,1,0.0,0.0,0.0132075471698113,1069.3950000000002,1139.6948844614265,30.0,0.9833378858235456,1,1556.2800000000002
Tags 2,0.890161725067386,2026-2,9,28.15472074468085,28.15472074468085,28.15472074468085,1.0383261863092424e-15,32.6,1.926709849426818e-15,5.833989137158367e-16,7.100000000000001,27.67854880516591,27.67854880516591,25.0,28.0,23.0,3.1547207446808514,3.1547207446808514,0.0,0,0,77.42010416666665,2.9175697731988434e-15,22.5,86.8,-6.967445516541836e-16,64.3,2.4487606206954734e-15,9,1,1,22.420104166666647,22.420104166666647,0.0,0,0,0,0,1.0,0.0,55.0,65.0,55.0,170.95185995623632,34.19037199124727,1.00136761487965,1.6719091903719914,1.6741885485047412,9,1,65.84812383499474,-99.04814004376368,-15.809628008752732,63.31550368749493,68.38074398249454,0,0,0.6858951003541596,3.3692722371967654,270.0,50.0,1.6172506738544474,66.78,41.22,7.42,2.58,1.3477088948787062,0.3611111111111111,0.7870370370370371,1,9,1.0215633423180592,9,0.1347708894878706,0.7692307692307692,1.0,0.8333333333333335,1.4555256064690028,1.0,108.28,-81.96593886462881,-37.25724493846764,138.0340611353712,False,True,122.3149344978166,108.28,62.74275506153237,39.36357142857144,0,220.0,27.67854880516591,0,0,0,1,0,7312,0.98544474393531,1,1,1,28.0,1,0.0,0.1111111111111111,0.01455525606469,1069.3950000000002,1122.4678880508138,30.0,0.9846827133479212,1,1556.2800000000002
Tags 2,0.890161725067386,2026-2,10,28.15472074468085,28.15472074468085,28.15472074468085,1.0489235393749254e-15,32.6,4.151382088140757e-16,-1.8871550300651993e-16,7.100000000000001,27.67854880516591,27.67854880516591,25.0,28.0,23.0,3.1547207446808514,3.1547207446808514,0.0,0,0,77.42010416666665,5.929324924733543e-15,22.5,86.8,3.621045517473897e-15,64.3,2.5895147748354023e-15,10,1,1,22.420104166666647,22.420104166666647,0.0,0,0,0,0,1.0,0.0,55.0,65.0,55.0,205.45130803999453,34.24188467333242,1.0015066429256263,1.00287631831256,1.6744281605259554,10,1,59.663889961109525,-124.54869196000548,-25.75811532666758,62.25797213333168,57.069807788887374,0,0,0.6630622041799507,4.043126684636119,330.0,60.0,1.6037735849056607,74.2,44.8,7.42,3.58,1.482479784366577,0.3277310924369748,0.7142857142857143,1,10,1.0215633423180592,10,0.1482479784366576,1.0999999999999994,0.8461538461538457,1.0999999999999994,1.6037735849056605,1.0,108.28,-94.68541484716155,-38.02627102295645,154.31458515283845,False,True,138.0340611353712,122.3149344978166,61.97372897704355,39.36357142857144,0,249.0,27.67854880516591,0,0,0,2,0,7301,0.983962264150943,2,1,1,29.0,1,0.0,0.2,0.0160377358490566,1069.3950000000002,1108.7100113993092,30.0,0.9861662785919736,1,1556.2800000000002
Tags 2,0.890161725067386,2026-2,11,28.154720744680848,28.15472074468085,28.15472074468085,1.302138512516356e-15,32.6,9.227997508175206e-16,9.90452133024727e-16,7.100000000000002,27.67854880516591,27.67854880516591,25.0,28.0,23.0,3.1547207446808514,3.1547207446808514,3.7261175413410954e-15,0,0,77.42010416666665,1.130364682040006e-15,22.5,86.8,-4.780300776693633e-15,64.3,2.5869885263541635e-15,11,1,1,22.420104166666647,22.420104166666647,0.0,0,0,0,0,1.0,0.0,55.0,65.0,55.0,246.84585847504115,41.14097641250686,1.2014810751508502,1.2032912781130003,1.204936917169501,11,1,65.93105194311997,-143.15414152495885,-18.85902358749314,63.29380986539517,68.56829402084476,0,0,0.632431598278984,4.851752021563343,390.0,60.0,1.5682430776770402,81.62,46.379999999999995,7.42,1.58,1.2129380053908356,0.3046875,0.6640625,1,11,1.0215633423180592,11,0.1212938005390835,0.8181818181818182,0.8999999999999996,0.692307692307692,1.725067385444744,1.0,108.28,-109.15930131004367,-38.70897209576017,172.84069868995633,False,True,154.31458515283845,138.0340611353712,61.29102790423984,39.36357142857144,0,282.0,27.678548805165914,0,0,0,3,0,7292,0.982749326145552,3,1,1,33.0,1,0.0,0.2727272727272727,0.0172506738544474,1069.3950000000002,1096.4964892068506,30.0,0.9873834339001646,1,1556.2800000000002
Tags 2,0.890161725067386,2026-2,12,28.154720744680848,28.15472074468085,28.15472074468085,1.3229991297389886e-15,32.6,1.2743436555537021e-15,6.067178005271581e-16,7.100000000000001,27.67854880516591,27.67854880516591,25.0,28.0,23.0,3.1547207446808514,3.1547207446808514,3.710688416924011e-15,0,0,77.42010416666665,-2.675605527985585e-16,22.5,86.8,5.750770099106333e-16,64.3,2.500081457902131e-15,12,1,1,22.420104166666647,22.420104166666647,0.0,0,0,0,0,1.0,0.0,55.0,65.0,55.0,288.30313014827016,41.18616144975288,1.00109829763866,1.2028006589785831,1.204612850082372,12,1,60.75598350507025,-171.69686985172984,-28.81383855024712,62.67459351049352,58.83737349964697,0,0,0.613832435508342,5.660377358490566,460.0,70.0,1.5274034141958672,89.04,46.959999999999994,7.42,0.5800000000000001,1.0781671159029649,0.2867647058823529,0.625,1,12,1.0215633423180592,12,0.1078167115902965,0.8888888888888894,0.7272727272727277,0.8000000000000002,1.8328840970350404,1.0,108.28,-124.51039301310044,-39.27772650255535,192.4896069868996,False,True,172.84069868995633,154.31458515283845,60.722273497444654,39.36357142857144,0,317.0,27.678548805165914,0,0,0,4,0,7284,0.98167115902965,4,1,1,35.0,1,0.0,0.3333333333333333,0.0183288409703504,1069.3950000000002,1086.3214728692851,30.0,0.9884678747940692,1,1556.2800000000002
Tags 2,0.890161725067386,2026-2,13,28.154720744680848,28.15472074468085,28.15472074468085,1.3814364750221513e-15,32.6,8.805487397987455e-16,6.915014398866306e-16,7.1000000000000005,27.67854880516591,27.67854880516591,25.0,28.0,23.0,3.1547207446808514,3.1547207446808514,3.697781635498623e-15,0,0,77.42010416666665,4.691331236161485e-16,22.5,86.8,1.1752006107247913e-15,64.3,3.7511504141718706e-16,13,1,1,22.420104166666647,22.420104166666647,0.0,0,0,0,0,1.0,0.0,55.0,65.0,55.0,329.9422601044817,41.24278251306021,1.001374759417102,1.0024745669507835,1.2044542205114104,13,1,56.32694833959613,-210.0577398955183,-38.75721748693979,61.100418537866986,51.55347814132527,0,0,0.5963217402019151,6.46900269541779,540.0,80.0,1.513580758863778,96.46000000000001,49.53999999999999,7.42,2.58,1.3477088948787062,0.2671232876712329,0.5821917808219178,1,13,1.0215633423180592,13,0.1347708894878706,1.2499999999999998,1.1111111111111116,0.9090909090909096,1.9676549865229112,1.0,108.28,-141.1772925764192,-39.76825142997724,213.8227074235808,False,True,192.4896069868996,172.84069868995633,60.23174857002276,39.36357142857144,0,355.0,27.678548805165914,0,0,0,5,0,7274,0.980323450134771,5,1,1,38.0,1,0.0,0.38461538461538464,0.0196765498652291,1069.3950000000002,1077.5459819177072,30.0,0.9898267803134452,1,1556.2800000000002
Tags 2,0.890161725067386,2026-2,14,28.154720744680848,28.15472074468085,28.15472074468085,-1.1784087075527521e-15,32.6,-2.0809458693257514e-16,-5.592533086358858e-16,7.1000000000000005,27.67854880516591,27.67854880516591,25.0,28.0,23.0,3.1547207446808514,3.1547207446808514,3.6868252213847854e-15,0,0,77.42010416666665,-1.1536256484809611e-15,22.5,86.8,-3.163651978215829e-15,64.3,-3.2683870908612468e-15,14,1,1,22.420104166666647,22.420104166666647,0.0,0,0,0,0,1.0,0.0,55.0,65.0,55.0,378.4750894577484,48.16955684007707,1.167951188182402,1.1695568400770713,1.1708413615928066,14,1,56.79857042367365,-251.5249105422516,-41.83044315992293,60.07541102503944,53.52172982230786,0,0,0.5747196845328624,7.412398921832885,630.0,90.0,1.482479784366577,103.88000000000001,50.11999999999999,7.42,0.5800000000000001,1.0781671159029649,0.2532467532467532,0.551948051948052,1,14,1.0215633423180592,14,0.1078167115902965,0.8000000000000002,1.0,0.8888888888888894,2.0754716981132075,1.0,108.28,-159.16,-40.19191919191919,236.84,False,False,213.8227074235808,192.4896069868996,59.80808080808081,39.36357142857144,0,396.0,27.678548805165914,0,0,0,6,0,7266,0.979245283018868,6,1,1,41.0,1,0.0,0.42857142857142855,0.020754716981132,1069.3950000000002,1069.9665656565658,30.0,0.990916597853014,1,1556.2800000000002
Tags 2,0.890161725067386,2026-2,15,28.154720744680848,28.15472074468085,28.15472074468085,6.749739647783442e-16,32.6,1.0081494731066054e-15,1.8703946384252295e-17,7.1,27.67854880516591,27.67854880516591,25.0,28.0,23.0,3.1547207446808514,3.1547207446808514,3.677408027917051e-15,0,0,77.42010416666666,1.5900097704633351e-15,22.5,86.8,5.515100672047428e-16,64.3,2.6097092304976443e-15,15,1,1,27.420104166666647,27.420104166666647,1.4709632111668204e-14,0,0,0,0,1.0,0.0,50.0,60.0,50.0,426.9972451790634,48.209366391184574,1.0008264462809917,1.1689164370982554,1.1705234159779616,15,1,56.435567799204165,-293.0027548209366,-41.79063360881543,59.305172941536576,53.56596265687175,0,0,0.5601234941302379,8.355795148247978,720.0,90.0,1.4375561545372868,111.30000000000001,48.69999999999999,7.42,-1.42,0.8086253369272237,0.24375,0.53125,1,14,1.0215633423180592,14,0.0808625336927223,0.7499999999999992,0.5999999999999995,0.7499999999999992,2.15633423180593,0.9333333333333333,108.28,-161.05580110497235,-36.68697063894587,277.9441988950276,False,True,236.84,213.8227074235808,63.31302936105413,39.36357142857144,0,439.0,27.678548805165914,0,0,0,7,0,7260,0.978436657681941,7,1,1,43.0,1,0.0,0.4666666666666667,0.0215633423180593,1069.3950000000002,1132.6700952692584,30.0,0.9917355371900828,1,1556.2800000000002
Tags 2,0.890161725067386,2026-2,16,28.15472074468085,28.15472074468085,28.15472074468085,1.5813273989799056e-16,32.6,1.5717935348164534e-16,3.228517626001621e-16,7.100000000000001,27.67854880516591,27.67854880516591,22.0,25.0,19.0,6.154720744680851,6.154720744680851,0.0,0,0,77.42010416666665,1.871900716300118e-15,22.5,86.8,2.0567295693817746e-16,64.3,9.139689238489229e-16,16,1,1,27.420104166666647,27.420104166666647,0.0,0,0,0,0,1.0,0.0,50.0,60.0,50.0,482.6254826254826,55.15719801434087,1.1441178788117563,1.1450634307777166,1.3373781945210517,16,1,57.006982094090105,-337.3745173745174,-44.84280198565913,58.85676617383935,55.15719801434087,0,0,0.5426026888365796,9.433962264150944,820.0,100.0,1.4150943396226414,118.72,49.28,7.42,0.5800000000000001,1.0781671159029649,0.2321428571428571,0.5059523809523809,1,15,1.0215633423180592,14,0.1078167115902965,1.3333333333333346,1.0,0.8000000000000002,2.2641509433962264,0.9375,108.28,-163.12795580110495,-33.565423004342584,322.872044198895,False,True,277.9441988950276,236.84,66.43457699565741,39.36357142857144,0,486.0,27.67854880516591,0,0,0,8,0,7252,0.977358490566038,8,1,1,47.0,1,0.0,0.5,0.0226415094339622,1069.3950000000002,1188.514582452311,30.0,0.9928295642581356,1,1556.2800000000002
Tags 2,0.890161725067386,2026-2,17,28.15472074468085,28.15472074468085,28.15472074468085,2.2001058081580336e-16,32.6,1.186892062423421e-15,4.864884510362301e-16,7.100000000000001,27.67854880516591,27.67854880516591,22.0,25.0,19.0,6.154720744680851,6.154720744680851,0.0,0,0,77.42010416666665,6.022236032311191e-16,22.5,86.8,1.263118031787766e-15,64.3,8.71767300245397e-16,17,1,1,27.420104166666647,27.420104166666647,0.0,0,0,0,0,1.0,0.0,50.0,60.0,50.0,538.1537187801849,55.195253208224095,1.0006899406651029,1.1449072522620198,1.1458534566027323,17,1,56.84511132042644,-381.8462812198151,-44.80474679177591,58.49496943262879,55.195253208224095,0,0,0.5301637176343826,10.512129380053908,920.0,100.0,1.3714919930236245,126.14,46.86,7.42,-2.42,0.6738544474393531,0.2254335260115607,0.4913294797687861,1,15,1.0215633423180592,14,0.0673854447439353,0.6249999999999999,0.833333333333334,0.6249999999999999,2.3315363881401616,0.8823529411764706,108.28,-165.2882872928177,-30.89500697062013,369.7117127071823,False,True,322.872044198895,277.9441988950276,69.10499302937987,39.36357142857144,0,535.0,27.67854880516591,0,0,0,9,0,7247,0.976684636118598,9,1,1,49.0,1,0.0,0.5294117647058824,0.0233153638814016,1069.3950000000002,1236.2883252956058,30.0,0.9935145577480337,1,1556.2800000000002
Tags 2,0.890161725067386,2026-2,18,28.15472074468085,28.15472074468085,28.15472074468085,-1.7647952568228598e-17,32.6,1.1070840286678213e-15,3.542439194105686e-17,7.1000000000000005,27.67854880516591,27.67854880516591,22.0,25.0,19.0,6.154720744680851,6.154720744680851,0.0,0,0,77.42010416666663,1.702138358297548e-15,22.5,86.8,-1.7252547885169917e-16,64.3,1.752434374497493e-15,18,1,1,27.420104166666647,27.420104166666647,1.4622848863937366e-14,0,0,0,0,1.0,0.0,50.0,60.0,50.0,594.0867642995303,55.2638850511191,1.0012434374136503,1.001934235976789,1.1463308727746415,18,1,53.95911106601986,-435.9132357004697,-54.7361149488809,57.67832663102236,50.239895501017365,0,0,0.5184144694508814,11.590296495956874,1030.0,110.0,1.3626834381551363,133.56,48.44,7.42,1.58,1.2129380053908356,0.2142857142857142,0.467032967032967,1,16,1.0215633423180592,14,0.1212938005390835,1.7999999999999992,1.1249999999999991,1.5000000000000009,2.4528301886792456,0.8888888888888888,108.28,-167.5367955801105,-28.589896856674144,418.4632044198895,False,True,369.7117127071823,322.872044198895,71.41010314332586,39.36357142857144,0,586.0,27.67854880516591,0,0,0,10,0,7238,0.975471698113208,10,1,1,51.0,1,0.0,0.5555555555555556,0.0245283018867924,1069.3950000000002,1277.5267452340995,30.0,0.9947499309201436,1,1556.2800000000002
Tags 2,0.890161725067386,2026-2,19,28.15472074468085,28.15472074468085,28.15472074468085,-5.782140136194443e-17,32.6,-1.7194294039342074e-16,-5.364148713100298e-16,7.1000000000000005,27.67854880516591,27.67854880516591,22.0,25.0,19.0,6.154720744680851,6.154720744680851,0.0,0,0,77.42010416666663,-1.4353930018144514e-15,22.5,86.8,-1.9829105871501126e-15,64.3,-1.3722342670087318e-15,19,1,1,27.420104166666647,27.420104166666647,1.460026530009149e-14,0,0,0,0,1.0,0.0,50.0,60.0,50.0,656.7122908889811,62.21484861053505,1.1257776856076316,1.1271775197013687,1.1279552053090005,19,1,57.08264729417779,-483.2877091110189,-47.78515138946495,57.60634130605098,56.55895328230459,0,0,0.5047673977736357,12.80323450134771,1140.0,110.0,1.3264292807490423,140.98,46.019999999999996,7.42,-2.42,0.6738544474393531,0.2085561497326203,0.4545454545454545,1,16,1.0215633423180592,14,0.0673854447439353,0.5555555555555558,1.0,0.6249999999999999,2.5202156334231804,0.8421052631578947,108.28,-169.96165745856354,-26.51507916670258,471.03834254143646,False,True,418.4632044198895,369.7117127071823,73.48492083329742,39.36357142857144,0,641.0,27.678548805165907,0,0,0,11,0,7233,0.974797843665768,11,1,1,55.0,1,0.0,0.5789473684210527,0.0252021563342318,1069.3950000000002,1314.6452337076907,30.0,0.9954375777685608,1,1556.2800000000002
Tags 2,0.890161725067386,2026-2,20,28.15472074468085,28.15472074468085,28.15472074468085,-5.442263828874997e-16,32.6,-9.691266599549078e-16,-5.813148627227794e-16,7.1,27.67854880516591,27.67854880516591,22.0,25.0,19.0,6.154720744680851,6.154720744680851,0.0,0,0,77.42010416666662,-4.466182372025889e-16,22.5,86.8,-2.1388666837618357e-15,64.3,-2.5265903670384886e-15,20,1,1,27.420104166666647,27.420104166666647,2.9160058604848984e-14,0,0,0,0,1.0,0.0,50.0,60.0,50.0,719.6235815112095,62.27511763077775,1.0009687240520344,1.1268682535289234,1.1282694436756158,20,1,54.50445700930064,-540.3764184887905,-57.72488236922225,57.1129826596198,51.89593135898146,0,0,0.494557094977832,14.016172506738544,1260.0,120.0,1.3072776280323448,148.39999999999998,45.599999999999994,7.42,-0.4199999999999999,0.9433962264150944,0.2010309278350515,0.4381443298969072,1,16,1.0215633423180592,14,0.0943396226415094,1.3999999999999997,0.7777777777777779,1.3999999999999997,2.61455525606469,0.8,108.28,-172.4746961325967,-24.70984185280755,525.5253038674033,False,True,471.03834254143646,418.4632044198895,75.29015814719246,39.36357142857144,0,698.0,27.678548805165907,0,0,0,12,0,7226,0.973854447439353,12,1,1,57.0,1,0.0,0.6,0.0261455525606469,1069.3950000000002,1346.940929253273,30.0,0.996401882092444,1,1556.2800000000002
Tags 2,0.890161725067386,2026-2,21,28.15472074468085,28.15472074468085,28.15472074468085,3.699089913415334e-16,32.6,4.710350753166894e-16,9.018783009343824e-18,7.1,27.67854880516591,27.67854880516591,22.0,25.0,19.0,6.154720744680851,6.154720744680851,0.0,0,0,77.42010416666662,-2.761629654335141e-16,22.5,86.8,5.702983905072954e-16,64.3,2.8944045821345144e-17,21,1,1,27.420104166666647,27.420104166666647,2.912358572177595e-14,0,0,0,0,1.0,0.0,50.0,60.0,50.0,782.4401052485805,62.31823847112588,1.0006924248719014,1.0016618196925633,1.1276485251350228,21,1,54.31521187197566,-597.5598947514195,-57.68176152887412,56.69855835134642,51.931865392604905,0,0,0.4848916047812486,15.22911051212938,1380.0,120.0,1.2771146194326786,155.81999999999996,43.17999999999999,7.42,-2.42,0.6738544474393531,0.1959798994974874,0.4271356783919598,1,16,1.0215633423180592,14,0.0673854447439353,0.7142857142857145,1.0,0.5555555555555558,2.6819407008086253,0.7619047619047619,108.28,-175.12,-23.102902374670183,582.88,False,False,525.5253038674033,471.03834254143646,76.89709762532982,49.43428571428571,0,758.0,27.678548805165903,0,0,0,13,0,7221,0.973180592991914,13,1,1,60.0,1,0.0,0.6190476190476191,0.0268194070080862,1274.96,1375.6890765171504,30.0,0.997091815538014,1,1556.2800000000002
Tags 3,0.903518267929635,2026-2,1,29.725,28.15472074468085,28.15472074468085,0.0,36.2,0.0,0.0,11.6,29.013875571839694,29.013875571839694,30.0,32.0,28.0,0.2749999999999986,-0.2749999999999986,0.0,1,1,67.725,0.0,39.3,86.2,0.0,46.9,0.0,0,0,0,7.724999999999994,7.724999999999994,0.0,1,0,0,0,0.0,0.0,60.0,70.0,60.0,6.780580417683754,6.780580417683754,3.0,3.0,3.0,1,1,67.80580417683754,-3.219419582316246,-3.219419582316246,67.80580417683754,67.80580417683754,0,0,0.0,0.13531799729364,10.0,10.0,2.165087956698241,7.390000000000001,8.61,7.390000000000001,8.61,2.165087956698241,2.875,6.125,0,1,1.1650879566982408,1,0.2165087956698241,3.0,3.0,3.0,0.2165087956698241,1.0,106.75,0.0,0.0,64.0,True,False,669.9717991631799,637.6489644351465,100.0,39.36357142857144,0,64.0,29.013875571839694,0,0,0,0,0,7374,0.997834912043302,0,0,0,11.0,1,0.0,0.0,0.0021650879566982,1069.3950000000002,1789.0,30.0,0.9764035801464606,1,1564.0
Tags 3,0.903518267929635,2026-2,2,28.84375,29.725,28.15472074468085,-1.762500000000008,35.4,-0.8000000000000073,0.3999999999999921,11.0,29.013875571839694,27.354199764237197,30.0,32.0,28.0,2.0375000000000014,-2.0375000000000014,1.246275701841292,0,1,69.5625,3.6750000000000136,37.9,83.6,-2.600000000000025,47.1,0.19999999999999726,1,1,1,11.400000000000006,11.400000000000006,2.5986174208605703,0,0,0,0,0.5,0.0,60.0,70.0,60.0,20.37766607797853,13.585110718652356,2.003532128786849,3.0,3.0,2,1,67.9255535932618,-9.622333922021465,-6.414889281347643,67.9255535932618,67.9255535932618,0,0,0.7046091889693423,0.4059539918809202,30.0,20.0,1.9621109607577805,14.780000000000001,14.219999999999999,7.390000000000001,5.609999999999999,1.7591339648173203,1.5862068965517242,3.3793103448275863,0,2,1.1650879566982408,2,0.175913396481732,0.8124999999999996,3.0,3.0,0.3924221921515561,1.0,106.75,0.0,0.0,77.0,True,False,64.0,637.6489644351465,100.0,39.36357142857144,0,77.0,28.184037668038446,1,1,1,0,0,7361,0.996075778078484,0,0,0,13.0,1,0.5,0.0,0.0039242219215155,1069.3950000000002,1789.0,30.0,0.9781279717429696,1,1564.0
Tags 3,0.903518267929635,2026-2,3,28.50972222333333,27.9625,29.725,-0.9416666650000015,35.7,-0.24999999999999986,-0.4999999999999962,11.366666666666667,29.013875571839694,27.17241449202093,30.0,32.0,28.0,2.1583333300000014,-2.1583333300000014,1.0541941136501536,0,1,69.25277777666666,0.4541666650000141,36.73333333333333,81.7,-2.249999999999987,47.3,0.20000000000000592,1,1,0,8.63333333,8.63333333,1.914207359948146,1,0,0,0,0.3333333333333333,0.0,60.0,70.0,60.0,34.04139433551198,13.616557734204791,1.0023148148148149,2.008169934640523,3.0,3,1,68.08278867102396,-15.95860566448802,-6.383442265795207,68.08278867102396,68.08278867102396,0,0,0.9988435335648431,0.6765899864682003,50.0,20.0,2.0748759585024805,22.17,23.83,7.390000000000001,9.61,2.3004059539918806,1.0,2.130434782608696,0,3,1.3004059539918806,3,0.230040595399188,1.3076923076923077,1.0624999999999996,3.0,0.6224627875507442,1.0,106.75,0.0,0.0,91.0,True,False,77.0,64.0,100.0,39.36357142857144,0,91.0,27.846829942699273,2,1,1,0,0,7344,0.993775372124492,0,0,0,14.0,1,0.6666666666666666,0.0,0.0062246278755074,1069.3950000000002,1789.0,30.0,0.9803921568627452,2,1564.0
Tags 3,0.903518267929635,2026-2,4,29.020386905,27.84166667,27.9625,0.23613095199999456,35.9,-0.0600000000000034,-0.4100000000000035,11.575,29.58794454200101,29.58794454200101,30.0,32.0,28.0,0.5523809499999999,0.5523809499999999,1.3356635633933522,1,2,66.3883928575,-3.255595237000008,37.724999999999994,80.7,-1.8400000000000067,40.0,-2.050000000000011,1,1,0,2.204761900000001,-2.204761900000001,5.938147612837764,0,1,1,1,0.25,0.25,60.0,70.0,60.0,47.74897680763984,13.642564802182813,1.0019099590723055,1.0042291950886766,2.012005457025921,4,1,59.11778080945884,-27.251023192360165,-11.357435197817187,63.66530241018644,54.57025920873125,0,0,0.9566321730290805,0.9472259810554804,75.0,25.0,2.0297699594046006,29.560000000000002,30.439999999999998,7.390000000000001,6.609999999999999,1.8944519621109608,0.7666666666666667,1.6333333333333333,0,4,1.3004059539918806,4,0.189445196211096,0.823529411764706,1.076923076923077,0.8749999999999997,0.8119079837618404,1.0,106.75,0.0,0.0,107.0,True,False,91.0,77.0,100.0,39.36357142857144,0,107.0,28.282108592524708,2,1,0,0,0,7330,0.991880920162382,0,0,0,16.0,1,0.5,0.0,0.0081190798376184,1069.3950000000002,1789.0,30.0,0.9822646657571624,2,1564.0
Tags 3,0.903518267929635,2026-2,5,28.211865080000003,30.55238095,27.84166667,-0.6904563490000044,26.7,-1.850000000000004,-0.3300000000000014,9.879999999999999,29.58794454200101,24.523096227615223,28.0,30.0,26.0,3.02222222,-3.02222222,2.146284131572314,0,2,68.58626984200001,0.5700793660000021,31.419999999999995,80.0,-1.530000000000005,73.8,4.669999999999996,2,1,1,17.377777780000002,17.377777780000002,7.113333536314897,0,1,1,0,0.4,0.2,60.0,70.0,60.0,68.37139340899768,20.511418022699303,1.503486941063859,1.5063585395870367,1.5098454806508956,5,1,75.20853274989744,-31.628606591002324,-4.488581977300697,68.37139340899768,82.04567209079721,0,0,0.835885484621433,1.353179972936401,100.0,25.0,2.0838971583220567,36.95,40.05,7.390000000000001,9.61,2.3004059539918806,0.5974025974025974,1.2727272727272727,1,5,1.3004059539918806,5,0.230040595399188,1.2142857142857142,1.0,1.3076923076923077,1.0419485791610283,1.0,106.75,0.0,0.0,125.0,True,False,107.0,91.0,100.0,39.36357142857144,0,125.0,27.530306119542807,3,1,1,0,0,7313,0.98958051420839,0,0,0,18.0,1,0.6,0.0,0.0104194857916102,1069.3950000000002,1789.0,30.0,0.9845480650895664,3,1564.0
Tags 3,0.903518267929635,2026-2,6,28.448175855000002,24.97777778,30.55238095,-0.1919943922857142,36.7,-0.6685714285714303,-0.26000000000000106,10.416666666666666,29.58794454200101,28.80799475569939,28.0,30.0,26.0,1.629729730000001,1.629729730000001,2.005064875019734,1,3,67.65927892166667,-0.46880400828571445,33.949999999999996,81.3,-1.0371428571428583,34.7,0.33714285714285774,2,1,0,3.024324319999998,3.024324319999998,6.755404073582305,1,1,1,0,0.3333333333333333,0.16666666666666666,60.0,70.0,60.0,89.01670775130101,20.54231717337716,1.0015064365927142,1.5057518488085455,1.5086277732128184,6,1,62.31531840953917,-45.98329224869899,-14.457682826622843,65.93830203800076,58.69233478107759,0,0,0.8005020949793217,1.7591339648173208,135.0,35.0,1.9846639603067207,44.34,43.66,7.390000000000001,3.61,1.4884979702300405,0.5227272727272727,1.1136363636363635,1,6,1.3004059539918806,6,0.148849797023004,0.6470588235294117,0.7857142857142856,0.6470588235294117,1.1907983761840324,1.0,106.75,0.0,0.0,145.0,True,False,125.0,107.0,100.0,39.36357142857144,0,145.0,27.743254225568904,3,1,0,0,0,7302,0.98809201623816,0,0,0,20.0,1,0.5,0.0,0.0119079837618403,1069.3950000000002,1789.0,30.0,0.9860312243221035,3,1564.0
Tags 3,0.903518267929635,2026-2,7,28.696204304285715,29.62972973,24.97777778,0.06602484178571374,36.8,-0.16428571428571506,-0.17500000000000002,10.771428571428572,29.58794454200101,29.353039673410493,28.0,30.0,26.0,2.1843749999999997,2.1843749999999997,1.9444444988523375,0,4,66.98518550428572,-0.7985725682142812,33.89999999999999,79.6,-0.9321428571428527,46.0,-0.03571428571428523,2,1,0,2.940624999999997,2.940624999999997,6.419531424642404,1,1,1,0,0.2857142857142857,0.14285714285714285,60.0,70.0,60.0,109.70927043335162,20.57048820625343,1.0013713658804169,1.0028798683488755,1.5078167855183764,7,1,61.65384420361672,-60.29072956664838,-14.42951179374657,64.53486496079506,58.77282344643837,0,0,0.7633739641362332,2.165087956698241,170.0,35.0,1.8944519621109606,51.730000000000004,46.269999999999996,7.390000000000001,2.6099999999999994,1.3531799729364005,0.4693877551020408,1.0,1,7,1.3004059539918806,7,0.13531799729364,0.9090909090909092,0.5882352941176471,0.7142857142857142,1.3261163734776724,1.0,108.62,-58.38,-34.958083832335326,108.62,False,False,145.0,125.0,65.04191616766467,39.36357142857144,0,167.0,27.97322357526056,3,1,0,0,0,7292,0.986738836265223,1,1,1,22.0,1,0.42857142857142855,0.14285714285714285,0.0132611637347767,1069.3950000000002,1163.599880239521,30.0,0.9873834339001646,3,1564.0
Tags 3,0.903518267929635,2026-2,8,28.943678766250002,30.184375,29.62972973,0.20899953583333697,37.1,0.08452380952381076,-0.07499999999999861,11.0,29.848138600380565,29.848138600380565,28.0,30.0,26.0,2.6759999999999984,2.6759999999999984,1.9314993649226209,0,5,66.53153731625001,-0.8348138374999954,33.5,78.0,-0.9440476190476172,47.3,-0.07976190476190335,2,1,0,8.356000000000002,8.356000000000002,6.080259819028892,1,1,1,0,0.25,0.125,55.0,65.0,55.0,137.3437714599643,27.46875429199286,1.3353477086480794,1.3371789589342125,1.3391933342489586,8,1,58.68324780562111,-82.6562285400357,-22.53124570800714,62.4289870272565,54.93750858398572,0,0,0.7091992754490131,2.706359945872802,220.0,50.0,1.8437077131258455,59.120000000000005,49.879999999999995,7.390000000000001,3.61,1.4884979702300405,0.4220183486238532,0.8990825688073395,1,8,1.3004059539918806,8,0.148849797023004,1.1,1.0,0.6470588235294117,1.4749661705006765,1.0,108.62,-68.88545851528384,-35.87784297671033,123.11454148471616,False,True,108.62,145.0,64.12215702328966,39.36357142857144,0,192.0,28.207587953400562,3,1,0,0,0,7281,0.985250338294993,2,1,1,25.0,1,0.375,0.25,0.0147496617050067,1069.3950000000002,1147.145389146652,30.0,0.9888751545117428,3,1564.0
Tags 3,0.903518267929635,2026-2,9,29.342529273333337,30.676,30.184375,0.38560997933333324,36.9,0.18166666666666823,0.030000000000001397,11.066666666666666,31.595195921961743,31.595195921961743,25.0,28.0,23.0,7.533333329999998,7.533333329999998,2.1670461728156867,0,6,65.8104405777778,-1.017027729333326,33.31111111111111,80.0,-0.7533333333333324,48.2,-0.03499999999999874,2,1,0,5.041666669999998,5.041666669999998,6.085079218026055,1,1,1,0,0.2222222222222222,0.1111111111111111,55.0,65.0,55.0,171.98679141441937,34.39735828288387,1.2522358282883872,1.672170243991928,1.6744634012107869,9,1,66.24676410036895,-98.01320858558064,-15.602641717116128,63.69881163497014,68.79471656576774,0,0,0.6677703830885633,3.3829499323410017,270.0,50.0,1.834310629980454,66.51,55.489999999999995,7.390000000000001,5.609999999999999,1.7591339648173203,0.3770491803278688,0.8032786885245902,1,9,1.3004059539918806,9,0.175913396481732,1.181818181818182,1.3,1.181818181818182,1.6508795669824088,1.0,108.62,-80.65157205240175,-36.65980547836443,139.34842794759825,False,True,123.11454148471616,108.62,63.34019452163557,39.36357142857144,0,220.0,28.58398883879625,3,1,0,0,0,7268,0.983491204330176,3,1,1,28.0,1,0.3333333333333333,0.3333333333333333,0.016508795669824,1069.3950000000002,1133.1560799920603,30.0,0.9906439185470556,3,1564.0
Tags 3,0.903518267929635,2026-2,10,29.820276346000004,32.53333333,30.676,0.5410329336969704,35.8,0.16121212121212147,0.2945454545454554,10.62,33.064815457338405,33.064815457338405,25.0,28.0,23.0,9.119999999999996,9.119999999999996,2.5410084789456273,0,7,64.89139652000001,-1.240953289212121,32.55,73.7,-0.9587878787878781,48.0,-0.02121212121212,2,1,0,1.6199999999999974,1.6199999999999974,6.431202504884713,1,1,1,0,0.2,0.1,55.0,65.0,55.0,220.38567493112947,48.209366391184574,1.401542699724518,1.7550619834710743,2.3436179981634524,10,1,73.56624092161282,-109.61432506887051,-11.790633608815426,66.78353785791802,80.34894398530761,0,0,0.6298132332196243,4.330175913396482,330.0,60.0,1.7591339648173208,73.9,56.099999999999994,7.390000000000001,0.6099999999999994,1.0825439783491204,0.3538461538461538,0.7538461538461538,1,10,1.3004059539918806,10,0.108254397834912,0.6153846153846154,0.7272727272727273,0.8,1.7591339648173208,1.0,108.62,-92.837903930131,-37.28429876712089,156.162096069869,False,True,139.34842794759825,123.11454148471616,62.71570123287912,39.36357142857144,0,249.0,29.032071500650467,3,1,0,0,0,7260,0.982408660351827,4,1,1,29.0,1,0.3,0.4,0.0175913396481732,1069.3950000000002,1121.9838950562073,30.0,0.9917355371900828,3,1564.0
Tags 3,0.903518267929635,2026-2,11,30.260857284545455,34.12,32.53333333,0.6260651695454551,36.1,0.15636363636363637,0.5709090909090909,9.99090909090909,33.605297628380605,33.605297628380605,25.0,28.0,23.0,9.666666669999998,9.666666669999998,2.8189144858565225,0,8,64.1497544118182,-1.301536020999999,30.963636363636365,65.0,-1.422727272727269,49.9,0.07363636363636324,2,1,0,1.733333330000001,1.733333330000001,6.578350270080178,1,1,1,0,0.18181818181818182,0.09090909090909091,55.0,65.0,55.0,269.00262105117946,48.28252172713478,1.0015174506828528,1.4036694716512623,1.7577252034763415,11,1,74.7229502919943,-120.99737894882054,-11.717478272865222,68.97503103876397,80.47086954522463,0,0,0.6126253966479925,5.2774018944519625,390.0,60.0,1.7345306925821133,81.29,59.709999999999994,7.390000000000001,3.61,1.4884979702300405,0.3262411347517731,0.6950354609929078,1,11,1.3004059539918806,11,0.148849797023004,1.375,0.8461538461538461,1.0,1.9079837618403248,1.0,108.62,-106.70510917030568,-37.838691195143866,175.2948908296943,False,True,156.162096069869,139.34842794759825,62.16130880485614,39.36357142857144,0,282.0,29.447819330444112,3,1,0,0,0,7249,0.980920162381597,5,1,1,33.0,1,0.2727272727272727,0.45454545454545453,0.0190798376184032,1069.3950000000002,1112.0658145188763,30.0,0.9932404469582012,3,1564.0
Tags 3,0.903518267929635,2026-2,12,30.58078584416667,34.66666667,34.12,0.6292479271678328,36.8,0.17447552447552545,0.5891608391608398,9.783333333333333,33.605297628380605,33.00405856329944,25.0,28.0,23.0,9.1,9.1,2.9072566602806704,0,9,63.39838598833335,-1.3479669808391588,30.133333333333336,68.4,-1.5048951048951047,47.4,0.029370629370629325,2,1,0,0.1333333299999992,0.1333333299999992,6.790823472555871,1,1,1,0,0.16666666666666666,0.08333333333333333,55.0,65.0,55.0,317.7234424644288,48.34921950545655,1.0013814062715845,1.0029009531703272,1.405608509462633,12,1,69.07031357922365,-142.2765575355712,-21.650780494543447,69.07031357922365,69.07031357922365,0,0,0.5958796046519607,6.2246278755074425,460.0,70.0,1.7027514659449705,88.68,62.31999999999999,7.390000000000001,2.6099999999999994,1.3531799729364005,0.304635761589404,0.6490066225165563,1,12,1.3004059539918806,12,0.13531799729364,0.9090909090909092,1.25,0.7692307692307693,2.043301759133965,1.0,108.62,-121.41275109170306,-38.30055239485901,195.5872489082969,False,True,175.2948908296943,156.162096069869,61.69944760514099,39.36357142857144,0,317.0,29.744172599848724,3,1,0,0,0,7239,0.97956698240866,6,1,1,35.0,1,0.25,0.5,0.0204330175913396,1069.3950000000002,1103.803117655972,30.0,0.9946125155408204,3,1564.0
Tags 3,0.903518267929635,2026-2,13,30.39416545189853,34.1,34.66666667,0.4144289175169517,32.6,0.04120879120879277,0.45549450549450554,9.576923076923077,33.605297628380605,27.67854880516591,25.0,28.0,23.0,3.1547207446808514,3.1547207446808514,2.8636601407787334,0,9,64.47697969435899,-0.5968624680769224,29.54615384615385,86.8,-0.8983516483516489,64.3,0.558791208791211,3,1,1,22.420104166666647,22.420104166666647,7.576020071511608,0,1,1,0,0.23076923076923078,0.07692307692307693,55.0,65.0,55.0,366.4776656064168,48.4027105517909,1.0011063476697553,1.002489282256949,1.0040105103028627,13,1,64.18481128064865,-173.5223343935832,-31.597289448209096,67.86623437155866,60.50338818973863,0,0,0.579884632231456,7.171853856562923,540.0,80.0,1.6550431976683666,96.07000000000001,62.92999999999999,7.390000000000001,0.6099999999999994,1.0825439783491204,0.2893081761006289,0.6163522012578616,1,13,1.3004059539918806,13,0.108254397834912,0.8,0.7272727272727273,1.0,2.151556156968877,1.0,108.62,-137.3810480349345,-38.69888677040409,217.6189519650655,False,True,195.5872489082969,175.2948908296943,61.30111322959591,39.36357142857144,0,355.0,29.5852784617962,3,1,0,1,0,7231,0.978484438430311,7,1,1,38.0,1,0.23076923076923078,0.5384615384615384,0.0215155615696887,1069.3950000000002,1096.676915677471,30.0,0.9957129027796984,3,1564.0
Tags 3,0.903518267929635,2026-2,14,30.234205115668694,28.15472074468085,34.1,0.2675589995216263,32.6,-0.04373626373626496,0.35846153846153794,9.4,33.605297628380605,27.67854880516591,25.0,28.0,23.0,3.1547207446808514,3.1547207446808514,2.8156633743696804,0,9,65.40148858523811,-0.10768641810989453,29.042857142857144,86.8,-0.49142857142857566,64.3,0.875604395604394,4,1,1,22.420104166666647,22.420104166666647,8.058972061491023,0,1,1,0,0.2857142857142857,0.07142857142857142,55.0,65.0,55.0,422.1453287197232,55.36332179930796,1.1438062283737025,1.1450716757291153,1.1466534849233811,14,1,64.26099851705389,-207.8546712802768,-34.63667820069204,67.0071950348767,61.51480199923108,0,0,0.5597680934721683,8.254397834912044,630.0,90.0,1.5948192538179007,103.46000000000001,61.53999999999999,7.390000000000001,-1.3900000000000006,0.8119079837618403,0.2787878787878788,0.593939393939394,1,13,1.3004059539918806,13,0.081190798376184,0.7499999999999999,0.6,0.5454545454545454,2.2327469553450605,0.9285714285714286,108.62,-154.61,-39.042929292929294,241.39,False,False,217.6189519650655,195.5872489082969,60.95707070707071,39.36357142857144,0,396.0,29.44908348632261,3,1,0,2,0,7225,0.977672530446549,8,1,1,41.0,1,0.21428571428571427,0.5714285714285714,0.0223274695534506,1069.3950000000002,1090.521994949495,30.0,0.9965397923875432,3,1564.0
Tags 3,0.903518267929635,2026-2,15,30.095572824269503,28.15472074468085,28.15472074468085,0.16540457783662713,32.6,-0.09785714285714239,0.2864285714285715,9.246666666666666,33.605297628380605,27.67854880516591,25.0,28.0,23.0,3.1547207446808514,3.1547207446808514,2.7658562954209134,0,9,66.20272962400001,0.21297017482142683,28.60666666666667,86.8,-0.21464285714285425,64.3,1.0596428571428584,5,1,1,27.420104166666647,27.420104166666647,8.362880191672776,0,1,1,0,0.3333333333333333,0.06666666666666667,50.0,60.0,50.0,477.9055270813132,55.40933647319574,1.000831140047098,1.1447568915362238,1.1460233906556112,15,1,63.97084853242216,-242.0944729186868,-34.59066352680426,66.3757676501824,61.56592941466192,0,0,0.5461501993983855,9.336941813261165,720.0,90.0,1.5426251691474966,110.85000000000001,60.14999999999999,7.390000000000001,-1.3900000000000006,0.8119079837618403,0.2690058479532163,0.5730994152046783,1,13,1.3004059539918806,13,0.081190798376184,1.0,0.7499999999999999,0.6,2.313937753721245,0.8666666666666667,108.62,-159.28892265193372,-36.28449263141998,279.7110773480663,False,True,241.39,217.6189519650655,63.71550736858001,39.36357142857144,0,439.0,29.331047840912163,3,1,0,3,0,7219,0.976860622462788,9,1,1,43.0,1,0.2,0.6,0.0231393775372124,1069.3950000000002,1139.8704268238967,30.0,0.9973680565175232,3,1564.0
Tags 3,0.903518267929635,2026-2,16,29.974269569295213,28.15472074468085,28.15472074468085,0.09340262116864914,32.6,-0.1319117647058817,0.23191176470588287,9.1125,33.605297628380605,27.67854880516591,22.0,25.0,19.0,6.154720744680851,6.154720744680851,2.7157679058544852,0,9,66.90381553291667,0.42282928829411803,28.225,86.8,-0.024705882352939558,64.3,1.1594117647058833,6,1,1,27.420104166666647,27.420104166666647,8.552168769021428,0,1,1,0,0.375,0.0625,50.0,60.0,50.0,533.832501386578,55.46311702717693,1.0009706045479756,1.0018025513033832,1.1458679977814752,16,1,60.282320793257846,-286.167498613422,-44.53688297282307,65.10152455933877,55.46311702717692,0,0,0.5332619165249365,10.419485791610285,820.0,100.0,1.5054127198917455,118.24000000000001,59.75999999999999,7.390000000000001,-0.3900000000000005,0.9472259810554804,0.2584269662921348,0.550561797752809,1,13,1.3004059539918806,13,0.094722598105548,1.1666666666666667,1.1666666666666667,0.875,2.408660351826793,0.8125,108.62,-164.40309392265192,-33.82779710342632,321.5969060773481,False,True,279.7110773480663,241.39,66.17220289657368,39.36357142857144,0,486.0,29.227766651178023,3,1,0,4,0,7212,0.975913396481732,10,1,1,47.0,1,0.1875,0.625,0.0240866035182679,1069.3950000000002,1183.820709819703,30.0,0.9983361064891848,3,1564.0
Tags 3,0.903518267929635,2026-2,17,29.86723728549437,28.15472074468085,28.15472074468085,0.042158089706927394,32.6,-0.15269607843137206,0.18995098039215688,8.994117647058824,33.605297628380605,27.67854880516591,22.0,25.0,19.0,6.154720744680851,6.154720744680851,2.6663052295734158,0,9,67.52242074666665,0.5585594781617655,27.88823529411765,86.8,0.10612745098039417,64.3,1.2051470588235293,7,1,1,27.420104166666647,27.420104166666647,8.66451367452894,0,1,1,0,0.4117647058823529,0.058823529411764705,50.0,60.0,50.0,596.5593784683684,62.430632630410656,1.125624306326304,1.1267168423973362,1.1276533018867925,17,1,63.63702166674709,-323.4406215316316,-37.569367369589344,64.84341070308352,62.430632630410656,0,0,0.5178804994673746,11.637347767253043,920.0,100.0,1.4486985592613228,125.63000000000001,56.36999999999999,7.390000000000001,-3.390000000000001,0.5412719891745602,0.2527472527472527,0.5384615384615384,1,13,1.3004059539918806,13,0.054127198917456,0.5714285714285714,0.6666666666666667,0.6666666666666667,2.462787550744249,0.7647058823529411,108.62,-169.73488950276243,-31.7261475706098,365.2651104972376,False,True,321.5969060773481,279.7110773480663,68.2738524293902,39.36357142857144,0,535.0,29.1366361896479,3,1,0,5,0,7208,0.975372124492558,11,1,1,49.0,1,0.17647058823529413,0.6470588235294118,0.0246278755074424,1069.3950000000002,1221.4192199617908,30.0,0.9988901220865704,3,1564.0
Tags 3,0.903518267929635,2026-2,18,29.772097477671398,28.15472074468085,28.15472074468085,0.005457399388051037,32.6,-0.16460268317853424,0.1571723426212595,8.88888888888889,33.605297628380605,27.67854880516591,22.0,25.0,19.0,6.154720744680851,6.154720744680851,2.6180001532824964,0,9,68.07229204777776,0.6440094451186785,27.58888888888889,86.8,0.19607843137255077,64.3,1.216099071207431,8,1,1,27.420104166666647,27.420104166666647,8.723539623206063,0,1,1,0,0.4444444444444444,0.05555555555555555,50.0,60.0,50.0,659.4474524503679,62.473969179508536,1.0006941552131057,1.126405664306539,1.1274989587671802,18,1,60.409270972830655,-370.5525475496321,-47.52603082049146,64.02402450974446,56.794517435916845,0,0,0.506746017567788,12.855209742895806,1030.0,110.0,1.4058036385505939,133.02,53.97999999999999,7.390000000000001,-2.390000000000001,0.6765899864682002,0.2459893048128342,0.5240641711229946,1,13,1.3004059539918806,13,0.06765899864682,1.25,0.7142857142857142,0.8333333333333334,2.530446549391069,0.7222222222222222,108.62,-175.2843093922652,-29.911998189806344,410.7156906077348,False,True,365.2651104972376,321.5969060773481,70.08800181019366,39.36357142857144,0,586.0,29.055631334954455,3,1,0,6,0,7203,0.974695534506089,12,1,1,51.0,1,0.16666666666666666,0.6666666666666666,0.0253044654939106,1069.3950000000002,1253.8743523843643,30.0,0.9995835068721366,3,1564.0
Tags 3,0.903518267929635,2026-2,19,29.686972386461367,28.15472074468085,28.15472074468085,-0.020898737883166412,32.6,-0.17052631578947394,0.1312280701754385,8.794736842105262,33.605297628380605,27.67854880516591,22.0,25.0,19.0,6.154720744680851,6.154720744680851,2.5711535435209307,0,9,68.56428215929823,0.695005061807014,27.321052631578947,86.8,0.2573684210526288,64.3,1.2047368421052618,9,1,1,27.420104166666647,27.420104166666647,8.744792103377193,0,1,1,0,0.47368421052631576,0.05263157894736842,50.0,60.0,50.0,722.4228952486802,62.51736593498194,1.0006946373992776,1.001389274798555,1.1271881078077244,19,1,60.10219921979037,-417.5771047513198,-47.48263406501806,63.37042940777897,56.833969031801765,0,0,0.4962018074211743,14.073071718538566,1140.0,110.0,1.3674239726515207,140.41000000000003,51.58999999999999,7.390000000000001,-2.390000000000001,0.6765899864682002,0.2395833333333333,0.5104166666666666,1,13,1.3004059539918806,13,0.06765899864682,1.0,1.25,0.7142857142857142,2.5981055480378887,0.6842105263157895,108.62,-181.2689779005525,-28.27909171615484,459.7310220994475,False,True,410.7156906077348,365.2651104972376,71.72090828384516,39.36357142857144,0,641.0,28.983153307070847,3,1,0,7,0,7198,0.974018944519621,13,1,1,55.0,1,0.15789473684210525,0.6842105263157895,0.0259810554803788,1069.3950000000002,1283.08704919799,30.0,1.000277854959711,3,1564.0
Tags 3,0.903518267929635,2026-2,20,29.848665433638303,28.15472074468085,28.15472074468085,0.028284809579267062,36.7,-0.11383458646616543,0.1590225563909771,8.745000000000001,33.605297628380605,31.879659961282275,22.0,25.0,19.0,10.92083333,10.92083333,2.6049539198926914,0,10,67.9550263848333,0.4216455459874669,27.169999999999998,68.5,0.036917293233081225,44.2,0.8921052631578937,9,1,0,6.3791666699999965,6.3791666699999965,8.937025845431629,1,1,1,0,0.45,0.05,50.0,60.0,50.0,792.6574885273258,69.53135864274788,1.1121927100233315,1.1129652806749175,1.1137378513265035,20,1,60.42606167762612,-467.34251147267423,-50.468641357252125,62.909324486295695,57.94279886895656,0,0,0.4839719190084022,15.426251691474969,1260.0,120.0,1.3464140730717187,147.8,51.19999999999999,7.390000000000001,-0.3900000000000005,0.9472259810554804,0.2311557788944723,0.4924623115577889,1,13,1.3004059539918806,13,0.094722598105548,1.4,1.4,1.75,2.692828146143438,0.65,108.62,-187.4712707182321,-26.858348240434392,510.528729281768,False,True,459.7310220994475,410.7156906077348,73.1416517595656,39.36357142857144,0,698.0,29.127978639781418,3,1,0,7,0,7191,0.973071718538566,14,1,1,57.0,1,0.15,0.7,0.0269282814614343,1069.3950000000002,1308.504149978629,30.0,1.0012515644555695,3,1564.0
Tags 3,0.903518267929635,2026-2,21,29.939602000131718,32.92083333,28.15472074468085,0.04922867186211673,37.2,-0.06389610389610349,0.16324675324675333,8.776190476190477,33.605297628380605,30.888386563988327,22.0,25.0,19.0,9.75833333,9.75833333,2.5729660549964355,0,11,67.68395369984125,0.29021951199134316,27.25238095238095,73.8,-0.05792207792207686,44.9,0.6581818181818176,10,1,1,12.262500000000005,12.262500000000005,8.798863439407514,0,1,1,0,0.47619047619047616,0.047619047619047616,50.0,60.0,50.0,862.9088378566458,69.58942240779402,1.0008350730688935,1.113121472202892,1.113894688007423,21,1,60.26040563573467,-517.0911621433542,-50.41057759220598,62.52962593164101,57.99118533982834,0,0,0.4747073231907302,16.779431664411366,1380.0,120.0,1.3209614021522007,155.19,49.80999999999999,7.390000000000001,-1.3900000000000006,0.8119079837618403,0.224390243902439,0.4780487804878048,1,13,1.3004059539918806,13,0.081190798376184,0.857142857142857,1.2,1.2,2.774018944519621,0.6190476190476191,108.62,-194.0,-25.593667546174142,564.0,False,False,510.528729281768,459.7310220994475,74.40633245382587,46.08714285714286,0,758.0,29.211807588553174,3,1,0,8,0,7185,0.972259810554804,15,1,1,60.0,1,0.14285714285714285,0.7142857142857143,0.0277401894451962,1209.22,1331.1292875989445,30.0,1.0020876826722338,3,1564.0
Tags 1,0.958023304787309,2026-3,1,33.4825225851286,28.15472074468085,28.15472074468085,0.0,41.6,0.0,0.0,12.9,32.76999750285903,32.76999750285903,30.0,32.0,28.0,3.4825225851285992,3.4825225851285992,0.0,0,1,69.3574556830031,0.0,38.6,85.7,0.0,47.1,0.0,0,0,0,9.357455683003096,9.357455683003096,0.0,1,0,0,0,0.0,0.0,60.0,70.0,60.0,7.0293828201883874,7.0293828201883874,3.0,3.0,3.0,1,1,70.29382820188388,-2.970617179811613,-2.970617179811613,70.29382820188388,70.29382820188388,0,0,0.0,0.1403902849922785,10.0,10.0,1.4039028499227852,7.123,2.877,7.123,2.877,1.4039028499227852,3.4,7.8,0,1,0.4039028499227852,1,0.1403902849922785,3.0,3.0,3.0,0.1403902849922785,1.0,106.75,-18.97,-29.640625,45.03,False,False,669.9717991631799,637.6489644351465,70.359375,39.36357142857144,0,64.0,32.76999750285903,0,0,0,0,0,7113,0.998596097150077,1,1,1,11.0,1,0.0,1.0,0.0014039028499227,1069.3950000000002,1258.72921875,28.0,1.0122311261071275,0,1446.0
Tags 1,0.958023304787309,2026-3,2,33.504212681453254,33.4825225851286,28.15472074468085,0.04338019264929516,41.8,0.19999999999999013,-0.6000000000000075,13.3,32.797923299273826,32.797923299273826,30.0,32.0,28.0,3.525902777777901,3.525902777777901,0.030674428391500138,0,2,69.05959589705711,-0.5957195718920022,37.55,84.0,-1.700000000000009,47.5,0.39999999999999575,0,0,0,8.761736111111105,8.761736111111105,0.4212373489703735,1,0,0,0,0.0,0.0,60.0,70.0,60.0,14.080540692762602,7.040270346381301,1.001548859476204,3.0,3.0,2,1,41.06824368722425,-15.919459307237398,-12.959729653618698,46.93513564254201,35.201351731906506,0,0,1.413118353334366,0.2807805699845571,30.0,20.0,1.4740979924189246,14.246,6.754,7.123,3.877,1.544293134915064,1.619047619047619,3.7142857142857135,0,2,0.5442931349150639,2,0.1544293134915064,1.1000000000000003,3.0,3.0,0.2948195984837849,1.0,106.75,-25.930000000000007,-33.67532467532469,51.06999999999999,False,False,45.03,637.6489644351465,66.32467532467533,39.36357142857144,0,77.0,32.78396040106642,0,0,0,0,0,7102,0.997051804015162,2,1,1,13.0,1,0.0,1.0,0.0029481959848378,1069.3950000000002,1186.5484415584413,28.0,1.0137989298789074,0,1446.0
Tags 1,0.958023304787309,2026-3,3,33.48035475059844,33.5259027777779,33.4825225851286,-0.024941848119890097,42.3,0.3499999999999988,-0.15000000000000036,13.5,32.797923299273826,32.7153383851486,30.0,32.0,28.0,3.4326388888888038,3.4326388888888038,0.046669721154000095,0,3,69.08848059803803,-0.1056028415015891,38.46666666666666,84.0,-0.8499999999999939,43.7,-1.6999999999999895,0,0,0,9.146249999999895,9.146249999999895,0.30203216705521224,1,0,0,0,0.0,0.0,60.0,70.0,60.0,28.21272393849626,14.10636196924813,2.0036676541120046,2.006771053745239,3.0,3,1,63.47862886161659,-21.78727606150374,-5.89363803075187,56.42544787699252,70.53180984624066,0,0,0.9992269664667321,0.5615611399691142,50.0,20.0,1.5910898965791567,21.369,12.631,7.123,5.877,1.8250737048996208,1.0,2.294117647058824,0,3,0.8250737048996208,3,0.182507370489962,1.181818181818181,1.2999999999999994,3.0,0.477326968973747,1.0,106.75,-28.044999999999987,-30.818681318681307,62.95500000000001,False,False,51.06999999999999,45.03,69.18131868131869,39.36357142857144,0,91.0,32.76108639576048,0,0,0,0,0,7089,0.995226730310262,3,1,1,14.0,1,0.0,1.0,0.0047732696897374,1069.3950000000002,1237.6537912087915,28.0,1.0156580617858657,0,1446.0
Tags 1,0.958023304787309,2026-3,4,33.44550043794885,33.4326388888888,33.5259027777779,-0.05180191442745984,40.0,-0.43000000000000543,0.17999999999999405,12.825,32.797923299273826,32.684609912890025,30.0,32.0,28.0,3.340937500000102,3.340937500000102,0.07944390697945927,0,4,69.70452885130632,0.6970167673212999,37.4,84.4,-0.390000000000005,50.2,0.5499999999999912,1,1,1,11.552673611111205,11.552673611111205,1.2565338918537123,0,0,0,0,0.25,0.0,60.0,70.0,60.0,42.366897330885465,14.122299110295156,1.0011297839288236,2.005931365626324,2.009038271430589,4,1,56.489196441180624,-32.633102669114535,-10.877700889704844,56.489196441180624,56.489196441180624,0,0,0.9570480517611616,0.8423417099536712,75.0,25.0,1.4740979924189246,28.492,13.508,7.123,0.8769999999999998,1.1231222799382283,0.8095238095238095,1.8571428571428568,0,4,0.8250737048996208,4,0.1123122279938228,0.6153846153846156,0.7272727272727271,0.7999999999999999,0.5896391969675698,1.0,106.75,-35.53,-33.205607476635514,71.47,False,False,62.95500000000001,51.06999999999999,66.7943925233645,39.36357142857144,0,107.0,32.74196727504287,0,0,0,1,0,7081,0.994103608030324,4,1,1,16.0,1,0.0,1.0,0.0058963919696756,1069.3950000000002,1194.9516822429907,28.0,1.0168055359412511,0,1446.0
Tags 1,0.958023304787309,2026-3,5,33.29598368369242,33.3409375000001,33.4326388888888,-0.1754177114701632,38.6,-0.7800000000000037,0.22999999999999923,12.12,32.797923299273826,32.02005341646004,28.0,30.0,26.0,4.6979166666667,4.6979166666667,0.3413353186882506,0,5,69.84874113660064,0.492720668954969,35.519999999999996,81.4,-0.8199999999999997,53.4,1.5299999999999965,2,1,1,10.4255902777779,10.4255902777779,1.1349643087700254,0,0,0,0,0.4,0.0,60.0,70.0,60.0,63.68525332578545,21.228417775261818,1.5031842626662892,1.5048825360883102,3.0,5,1,74.29946221341636,-36.31474667421455,-3.7715822247381823,63.68525332578545,84.91367110104727,0,0,0.836239482282286,1.2635125649305068,100.0,25.0,1.6004492489119753,35.615,21.384999999999998,7.123,7.877,2.105854274884178,0.5964912280701754,1.368421052631579,1,5,1.105854274884178,5,0.2105854274884177,1.8749999999999996,1.153846153846154,1.3636363636363626,0.8002246244559876,1.0,106.75,-44.05000000000001,-35.24000000000001,80.94999999999999,False,False,71.47,62.95500000000001,64.75999999999999,39.36357142857144,0,125.0,32.5975845033263,0,0,0,2,0,7066,0.99199775375544,5,1,1,18.0,1,0.0,1.0,0.0080022462445598,1069.3950000000002,1158.5564,28.0,1.0189640532125672,1,1446.0
Tags 1,0.958023304787309,2026-3,6,33.2544713567807,32.6979166666667,33.3409375000001,-0.13582068676442238,38.4,-0.7971428571428563,0.22571428571428392,11.6,32.797923299273826,32.34899418393968,28.0,30.0,26.0,5.046909722222097,5.046909722222097,0.32178794188247817,0,6,69.8338699286487,0.26880791830115913,34.666666666666664,82.7,-0.6399999999999961,52.3,1.4342857142857137,2,1,0,9.759513888888904,9.759513888888904,1.0157962899622932,1,0,0,0,0.3333333333333333,0.0,60.0,70.0,60.0,92.1462999716473,28.352707683583784,1.33560154994802,2.007655231074568,2.0099234476892547,6,1,74.63212736816365,-42.85370002835271,-6.647292316416216,68.25651849751651,81.0077362388108,0,0,0.7627583820691116,1.8250737048996208,135.0,35.0,1.614488277411203,42.738,26.261999999999997,7.123,4.877,1.6846834199073424,0.4927536231884058,1.1304347826086956,1,6,1.105854274884178,6,0.1684683419907342,0.8000000000000003,1.5,0.9230769230769236,0.968692966446722,1.0,106.75,-53.71,-37.04137931034482,91.29,False,False,80.94999999999999,71.47,62.95862068965518,39.36357142857144,0,145.0,32.55615278342853,0,0,0,2,0,7054,0.990313070335533,6,1,1,20.0,1,0.0,1.0,0.0096869296644672,1069.3950000000002,1126.329724137931,28.0,1.0206974766090162,1,1446.0
Tags 1,0.958023304787309,2026-3,7,32.84265699628823,33.0469097222221,32.6979166666667,-0.39374869959712044,35.0,-1.0821428571428553,0.03928571428571566,10.957142857142856,32.797923299273826,29.9857420984454,28.0,30.0,26.0,2.3717708333334,2.3717708333334,1.1284622451987028,0,7,71.58016728011158,1.4777279625353954,33.18571428571429,92.0,0.48928571428571876,67.7,2.8964285714285722,3,1,1,22.057951388888892,22.057951388888892,4.712403791803255,0,0,0,0,0.42857142857142855,0.0,60.0,70.0,60.0,120.652945351313,28.388928317956,1.001277501774308,1.337307783297847,2.010220014194464,7,1,76.04177228023929,-49.347054648687006,-6.6110716820440025,70.97232079489,81.11122376558856,0,0,0.737069021549764,2.386634844868735,170.0,35.0,1.5643488899139606,49.861,28.138999999999996,7.123,1.877,1.2635125649305068,0.4358974358974359,1.0,1,7,1.105854274884178,7,0.1263512564930506,0.7499999999999997,0.5999999999999999,1.1249999999999996,1.0950442229397723,1.0,114.74,-52.260000000000005,-31.29341317365269,114.74,False,False,91.29,80.94999999999999,68.7065868263473,39.36357142857144,0,167.0,32.188951257002365,0,0,0,3,0,7045,0.989049557770602,7,1,1,22.0,1,0.0,1.0,0.0109504422293977,1069.3950000000002,1229.1608383233531,28.0,1.022001419446416,1,1446.0
Tags 1,0.958023304787309,2026-3,8,32.50172157314106,30.3717708333334,33.0469097222221,-0.4897894151628546,34.0,-1.1940476190476135,-0.0749999999999987,10.4,32.797923299273826,29.685247200218303,28.0,30.0,26.0,2.115173611110901,2.115173611110901,1.421761088399045,0,8,72.63986859231983,1.691619516495777,32.4,93.4,1.0357142857142945,66.5,3.1642857142857155,4,1,1,25.0577777777777,25.0577777777777,5.2932118491973394,0,0,0,0,0.5,0.0,55.0,65.0,55.0,149.27495024168326,28.433323855558715,1.0015638328120555,1.002843332385556,1.339399109089186,8,1,62.359448910486734,-70.72504975831674,-21.566676144441285,67.85225010985603,56.86664771111744,0,0,0.7093575424774866,2.948195984837849,220.0,50.0,1.5618419205390985,56.984,32.016,7.123,3.877,1.544293134915064,0.3820224719101123,0.8764044943820225,1,8,1.105854274884178,8,0.1544293134915064,1.2222222222222232,0.916666666666667,0.7333333333333338,1.249473536431279,1.0,114.74,-83.155,-43.309895833333336,108.845,False,False,114.74,91.29,56.69010416666666,39.36357142857144,0,192.0,31.87598824990436,0,0,0,4,0,7034,0.987505264635687,8,1,1,25.0,1,0.0,1.0,0.0124947353643127,1069.3950000000002,1014.1859635416666,28.0,1.0235996588001135,1,1446.0
Tags 1,0.958023304787309,2026-3,9,32.23953183044638,30.1151736111109,30.3717708333334,-0.5001664362308063,36.1,-1.026666666666664,-0.18333333333333285,10.3,32.797923299273826,29.725623492573,25.0,28.0,23.0,5.142013888888901,5.142013888888901,1.5451278811133005,0,9,73.53121806971637,1.7189433479849692,31.988888888888887,92.5,1.1616666666666677,63.8,2.898333333333333,5,1,1,25.66201388888869,25.66201388888869,5.627287556018306,0,0,0,0,0.5555555555555556,0.0,55.0,65.0,55.0,185.0533807829181,35.587188612099645,1.2516014234875446,1.25355871886121,1.2551601423487544,9,1,69.85633320152893,-84.94661921708186,-14.412811387900357,68.53828917885856,71.17437722419929,0,0,0.6679345155157097,3.6501474097992417,270.0,50.0,1.5286942143603661,64.107,33.893,7.123,1.877,1.2635125649305068,0.3469387755102041,0.7959183673469388,1,9,1.105854274884178,9,0.1263512564930506,0.8181818181818176,1.0,0.7499999999999997,1.3758247929243297,1.0,114.74,-100.91,-45.86818181818182,119.09,False,False,108.845,114.74,54.13181818181818,39.36357142857144,0,220.0,31.637058832423097,0,0,0,5,0,7025,0.986241752070757,9,1,1,28.0,1,0.0,1.0,0.0137582479292432,1069.3950000000002,968.4182272727273,28.0,1.0249110320284698,1,1446.0
Tags 1,0.958023304787309,2026-3,10,31.96068628629062,30.1420138888889,30.1151736111109,-0.5158549777073659,37.2,-0.8254545454545448,-0.24484848484848523,10.360000000000001,32.797923299273826,29.044974135420297,25.0,28.0,23.0,4.451076388888801,4.451076388888801,1.7028504444850463,0,10,74.2725893183003,1.6545249341257509,32.25,92.0,1.1351515151515164,57.4,2.2557575757575767,6,1,1,25.9449305555556,25.9449305555556,5.800361496831875,0,0,0,0,0.6,0.0,55.0,65.0,55.0,221.0811581800029,35.6582513193553,1.001996862073884,1.254100698901726,1.2560619027242903,10,1,63.2123546115844,-108.91884181999714,-24.3417486806447,66.99429035757663,59.43041886559217,0,0,0.645858387754113,4.352098834760635,330.0,60.0,1.5723711919135195,71.23,40.77,7.123,6.877,1.9654639898918995,0.3035714285714285,0.6964285714285714,1,10,1.105854274884178,10,0.1965463989891899,1.5555555555555562,1.2727272727272725,1.5555555555555562,1.5723711919135197,1.0,114.74,-118.11,-47.43373493975904,130.89,False,False,119.09,108.845,52.56626506024096,39.36357142857144,0,249.0,31.377850362722818,0,0,0,6,0,7011,0.984276288080865,10,1,1,29.0,1,0.0,1.0,0.0157237119191351,1069.3950000000002,940.4104819277107,28.0,1.0269576379974326,1,1446.0
Tags 1,0.958023304787309,2026-3,11,31.962868214809667,29.4510763888888,30.1420138888889,-0.38580026902100284,39.8,-0.5599999999999988,-0.2809090909090907,10.672727272727274,32.797923299273826,31.345096315487904,25.0,28.0,23.0,6.984687500000099,6.984687500000099,1.6154819842967336,0,11,74.03947513784875,1.1243366103685442,32.99090909090909,90.9,1.0190909090909106,50.5,1.48909090909091,7,1,1,16.7083333333333,16.7083333333333,5.55675611998046,0,0,0,0,0.6363636363636364,0.0,55.0,65.0,55.0,257.1061276960434,35.70918440222825,1.001428367376089,1.003428081702614,1.2558920154263675,11,1,62.71997773211885,-132.89387230395658,-24.290815597771747,65.92464812719062,59.51530733704708,0,0,0.6249855635561625,5.054050259722027,390.0,60.0,1.55705588809618,78.35300000000001,43.647000000000006,7.123,2.877,1.4039028499227852,0.2786885245901639,0.639344262295082,1,11,1.105854274884178,11,0.1403902849922785,0.7142857142857143,1.1111111111111116,0.9090909090909088,1.712761476905798,1.0,114.74,-132.90999999999997,-47.13120567375885,149.09000000000003,False,False,130.89,119.09,52.86879432624114,39.36357142857144,0,282.0,31.374872722065103,0,0,0,7,0,7001,0.982872385230942,11,1,1,33.0,1,0.0,1.0,0.0171276147690579,1069.3950000000002,945.8227304964541,28.0,1.0284245107841736,1,1446.0
Tags 1,0.958023304787309,2026-3,12,32.02529702098294,31.9846875000001,29.4510763888888,-0.26795614255157063,40.8,-0.34685314685314617,-0.2409090909090899,10.908333333333333,32.797923299273826,31.98690952717772,25.0,28.0,23.0,7.712013888888897,7.712013888888897,1.555409077637897,0,12,73.57970984858358,0.6526749513918759,33.949999999999996,89.4,0.8552447552447543,44.9,0.7741258741258735,8,1,1,13.522291666666703,13.522291666666703,5.5323683057039235,0,0,0,0,0.6666666666666666,0.0,55.0,65.0,55.0,300.3432494279176,42.90617848970252,1.2015446224256294,1.2032608695652174,1.2056636155606408,12,1,63.29327572238725,-159.6567505720824,-27.09382151029748,65.29201074519948,61.29454069957503,0,0,0.5979523202551961,5.896391969675698,460.0,70.0,1.5325939444990409,85.47600000000001,45.52400000000001,7.123,1.877,1.2635125649305068,0.2595419847328244,0.5954198473282443,1,12,1.105854274884178,12,0.1263512564930506,0.8999999999999996,0.6428571428571426,1.0,1.8391127333988488,1.0,114.74,-154.29500000000002,-48.67350157728707,162.70499999999998,False,False,149.09000000000003,130.89,51.32649842271293,39.36357142857144,0,317.0,31.425875789157818,0,0,0,8,0,6992,0.981608872666012,12,1,1,35.0,1,0.0,1.0,0.0183911273339884,1069.3950000000002,918.2310567823343,28.0,1.0297482837528604,1,1446.0
Tags 1,0.958023304787309,2026-3,13,32.08489489971074,32.7120138888889,31.9846875000001,-0.18499502112145955,40.4,-0.2197802197802177,-0.2021978021978015,11.061538461538463,32.797923299273826,32.07130822582376,25.0,28.0,23.0,7.8000694444443965,7.8000694444443965,1.5046142612533442,0,13,73.18236304399169,0.34252454555423406,34.56153846153846,86.2,0.6225274725274782,44.3,0.2967032967032986,9,1,1,13.414201388888998,13.414201388888998,5.487167371362589,0,0,0,0,0.6923076923076923,0.0,55.0,65.0,55.0,343.8395415472779,42.97994269340974,1.0017191977077362,1.2036103151862465,1.2053295128939827,13,1,58.699458771092,-196.16045845272208,-37.02005730659026,63.67398917542184,53.72492836676217,0,0,0.5809946411691007,6.7387336796293695,540.0,80.0,1.544293134915064,92.59900000000002,50.40100000000001,7.123,4.877,1.6846834199073424,0.2377622377622377,0.5454545454545454,1,13,1.105854274884178,13,0.1684683419907342,1.333333333333334,1.2,0.8571428571428572,2.007581075389583,1.0,114.74,-173.48,-48.86760563380281,181.52,False,False,162.70499999999998,149.09000000000003,51.13239436619719,39.36357142857144,0,355.0,31.475524438132123,0,0,0,9,0,6980,0.979924189246104,13,1,1,38.0,1,0.0,1.0,0.0200758107538958,1069.3950000000002,914.7585352112677,28.0,1.0315186246418335,1,1446.0
Tags 1,0.958023304787309,2026-3,14,32.12184690645248,32.8000694444444,32.7120138888889,-0.1332152142004736,38.5,-0.18791208791209077,-0.15208791208791264,11.007142857142858,32.797923299273826,31.89442709793753,25.0,28.0,23.0,7.602222994095101,7.602222994095101,1.4521835269692573,0,14,72.89594605387477,0.15945284039662072,34.97142857142857,86.3,0.46131868131868065,46.0,0.03670329670329476,10,1,1,14.172525182354905,14.172525182354905,5.379722491567355,0,0,0,0,0.7142857142857143,0.0,55.0,65.0,55.0,394.8312993539124,50.25125628140704,1.169179229480737,1.1711892797319934,1.4072361809045226,14,1,59.25318200982235,-235.1687006460876,-39.74874371859296,62.67163481808134,55.83472920156337,0,0,0.5598796796623142,7.72146567457532,630.0,90.0,1.5844046449128577,99.72200000000002,58.27800000000001,7.123,7.877,2.105854274884178,0.2151898734177215,0.4936708860759494,1,14,1.105854274884178,14,0.2105854274884177,1.2499999999999996,1.666666666666667,1.4999999999999991,2.218166502878001,1.0,114.74,-153.24,-38.6969696969697,242.76,False,False,181.52,162.70499999999998,61.30303030303031,39.36357142857144,0,396.0,31.505446056689653,0,0,0,10,0,6965,0.97781833497122,14,1,1,41.0,1,0.0,1.0,0.02218166502878,1069.3950000000002,1096.711212121212,28.0,1.033740129217516,2,1446.0
Tags 1,0.958023304787309,2026-3,15,32.17353627935565,32.6022229940951,32.8000694444444,-0.088853846699192,38.8,-0.15499999999999894,-0.11321428571428516,10.973333333333334,32.797923299273826,32.206080672325555,25.0,28.0,23.0,7.897187500000101,7.897187500000101,1.4136062574379265,0,15,72.7009848354683,0.056444975919831636,35.193333333333335,86.2,0.34250000000000286,47.9,-0.08571428571428452,11,1,1,19.971527777777798,19.971527777777798,5.238732515905758,0,0,0,0,0.7333333333333333,0.0,50.0,60.0,50.0,445.91484464902186,50.34522439585731,1.0018699654775605,1.1713655542769468,1.173379363252781,15,1,58.93587776499169,-274.08515535097814,-39.65477560414269,61.932617312364144,55.93913821761923,0,0,0.5457180549957368,8.70419766952127,720.0,90.0,1.600449248911975,106.84500000000003,64.15500000000002,7.123,5.877,1.8250737048996208,0.1988304093567251,0.4561403508771929,1,15,1.105854274884178,15,0.182507370489962,0.8666666666666666,1.0833333333333328,1.4444444444444446,2.400673873367963,1.0,114.74,-163.69779005524862,-37.28879044538693,275.3022099447514,False,True,242.76,181.52,62.71120955461307,39.36357142857144,0,439.0,31.552155031065375,0,0,0,11,0,6952,0.97599326126632,15,1,1,43.0,1,0.0,1.0,0.0240067387336796,1069.3950000000002,1121.9035389320277,28.0,1.0356731875719218,2,1446.0
Tags 1,0.958023304787309,2026-3,16,32.21090857786815,32.8971875000001,32.6022229940951,-0.05998353310080658,38.1,-0.14500000000000013,-0.05382352941176399,10.8125,32.797923299273826,32.13583581752884,22.0,25.0,19.0,10.771493055555602,10.771493055555602,1.3738307125700988,0,16,72.66804784922374,0.0348592791417785,35.099999999999994,86.9,0.27088235294117924,53.2,-0.04882352941176324,12,1,1,22.1739930555553,22.1739930555553,5.062810945446581,0,0,0,0,0.75,0.0,50.0,60.0,50.0,496.83179723502303,50.403225806451616,1.0011520737327189,1.003024193548387,1.172715053763441,16,1,55.49623468584916,-323.16820276497697,-49.596774193548384,60.58924356524671,50.403225806451616,0,0,0.5324282483071932,9.686929664467218,820.0,100.0,1.570616313351116,113.968,65.032,7.123,0.8769999999999998,1.1231222799382283,0.1899441340782122,0.435754189944134,1,16,1.105854274884178,16,0.1123122279938228,0.6153846153846156,0.5333333333333335,0.6666666666666666,2.512986101361786,1.0,114.74,-175.12839779005526,-36.03464975104018,310.87160220994474,False,True,275.3022099447514,242.76,63.965350248959815,39.36357142857144,0,486.0,31.588635080219344,0,0,0,12,0,6944,0.974870138986382,16,1,1,47.0,1,0.0,1.0,0.0251298610136178,1069.3950000000002,1144.3401159538912,28.0,1.036866359447005,2,1446.0
Tags 1,0.958023304787309,2026-3,17,32.11493166595054,32.7714930555556,32.8971875000001,-0.08197858155654214,35.7,-0.1823529411764691,-0.039460784313723955,10.611764705882353,32.797923299273826,30.122902050078302,22.0,25.0,19.0,8.579301075268798,8.579301075268798,1.3878199810086678,0,17,73.04184916696919,0.1536498385332996,34.423529411764704,87.2,0.22230392156863046,63.6,0.18137254901960795,13,1,1,29.0226702508962,29.0226702508962,5.138620192232561,0,0,0,0,0.7647058823529411,0.0,50.0,60.0,50.0,562.5270445694505,64.90696668109044,1.2877542189528342,1.2892378067626875,1.2916486369536997,17,1,63.02560532801536,-357.4729554305495,-35.09303331890956,61.144243974940274,64.90696668109044,0,0,0.5155249505188055,10.950442229397725,920.0,100.0,1.5690678910901719,121.09100000000001,68.90899999999999,7.123,3.877,1.544293134915064,0.1789473684210526,0.4105263157894737,1,17,1.105854274884178,17,0.1544293134915064,1.3750000000000004,0.8461538461538467,0.7333333333333338,2.6674154148532923,1.0,114.74,-187.0454143646409,-34.961759694325394,347.95458563535914,False,True,310.87160220994474,275.3022099447514,65.0382403056746,39.36357142857144,0,535.0,31.502415490211046,0,0,0,13,0,6933,0.973325845851467,17,1,1,49.0,1,0.0,1.0,0.0266741541485329,1069.3950000000002,1163.5341190685187,28.0,1.0385114668974469,2,1446.0
Tags 1,0.958023304787309,2026-3,18,31.894919948102224,30.5793010752688,32.7714930555556,-0.13851197957866107,32.6,-0.2597523219814237,-0.07781217750257988,10.416666666666666,32.797923299273826,27.67854880516591,22.0,25.0,19.0,6.154720744680851,6.154720744680851,1.6383041182900422,0,17,73.28508555584125,0.20620082893501085,33.761111111111106,86.8,0.17729618163054953,64.3,0.3520123839009299,14,1,1,27.420104166666647,27.420104166666647,5.090884850783982,0,0,0,0,0.7777777777777778,0.0,50.0,60.0,50.0,628.3403148923877,65.000722230247,1.0014444604940056,1.2896143290481006,1.2911000598419349,18,1,60.04773986554152,-401.6596851076123,-44.99927776975299,61.00391406722211,59.09156566386091,0,0,0.5044350754261656,12.213954794328233,1030.0,110.0,1.5598920554697615,128.214,71.78599999999999,7.123,2.877,1.4039028499227852,0.17,0.39,1,18,1.105854274884178,18,0.1403902849922785,0.9090909090909088,1.25,0.7692307692307696,2.807805699845571,1.0,114.74,-199.44883977900557,-34.03563818754361,386.55116022099446,False,True,347.95458563535914,310.87160220994474,65.96436181245639,39.36357142857144,0,586.0,31.28997845215298,0,0,0,14,0,6923,0.971921943001544,18,1,1,51.0,1,0.0,1.0,0.0280780569984557,1069.3950000000002,1180.102432824845,28.0,1.040011555683952,2,1446.0
Tags 1,0.958023304787309,2026-3,19,31.69806735844847,28.15472074468085,30.5793010752688,-0.17679095953799037,32.6,-0.31105263157894825,-0.10403508771929942,10.242105263157894,32.797923299273826,27.67854880516591,22.0,25.0,19.0,6.154720744680851,6.154720744680851,1.8086445002690608,0,17,73.50271811430575,0.24056047213410822,33.16842105263157,86.8,0.14228070175438576,64.3,0.4685964912280691,15,1,1,27.420104166666647,27.420104166666647,5.037577183413732,0,0,0,0,0.7894736842105263,0.0,50.0,60.0,50.0,701.1710279022698,72.28567297961544,1.1120749200841726,1.1136812683726085,1.4341477519155703,19,1,63.61023934051486,-438.82897209773023,-37.71432702038456,61.50623051774296,65.71424816328675,0,0,0.49147444347021907,13.617857644251018,1140.0,110.0,1.52212624781102,135.337,70.66299999999998,7.123,-1.1230000000000002,0.8423417099536712,0.1650485436893204,0.3786407766990291,1,18,1.105854274884178,18,0.0842341709953671,0.6,0.5454545454545453,0.75,2.892039870840938,0.9473684210526315,114.74,-212.8250828729282,-33.202041009817194,428.1749171270718,False,True,386.55116022099446,347.95458563535914,66.7979589901828,39.36357142857144,0,641.0,31.09990320757471,0,0,0,15,0,6917,0.971079601291591,19,1,1,55.0,1,0.0,1.0,0.0289203987084093,1069.3950000000002,1195.0154863343705,28.0,1.0409136909064622,2,1446.0
Tags 1,0.958023304787309,2026-3,20,31.520900027760085,28.15472074468085,28.15472074468085,-0.20215434551495773,32.6,-0.3439849624060158,-0.12165413533834632,10.084999999999999,32.797923299273826,27.67854880516591,22.0,25.0,19.0,6.154720744680851,6.154720744680851,1.9304901024078245,0,17,73.69858741692379,0.2621573482915333,32.635,86.8,0.11473684210526139,64.3,0.5468421052631571,16,1,1,27.420104166666647,27.420104166666647,4.980847146443123,0,0,0,0,0.8,0.0,50.0,60.0,50.0,774.4643891140706,72.37984944991314,1.0013028372900985,1.1135237727594414,1.1151322138583284,20,1,60.89098445786344,-485.5356108859294,-47.62015055008686,61.46542770746593,60.316541208260944,0,0,0.4817663192689618,15.021760494173805,1260.0,120.0,1.5091955636669945,142.45999999999998,72.53999999999998,7.123,1.877,1.2635125649305068,0.1581395348837209,0.3627906976744186,1,19,1.105854274884178,18,0.1263512564930506,1.4999999999999991,0.8999999999999996,0.8181818181818176,3.0183911273339885,0.95,114.74,-226.6877348066298,-32.476752837626044,471.3122651933702,False,True,428.1749171270718,386.55116022099446,67.52324716237396,39.36357142857144,0,698.0,30.92883548745427,0,0,0,16,0,6908,0.96981608872666,20,1,1,57.0,1,0.0,1.0,0.0301839112733398,1069.3950000000002,1207.99089173487,28.0,1.0422698320787491,2,1446.0
Tags 1,0.958023304787309,2026-3,21,31.360605776184883,28.15472074468085,28.15472074468085,-0.21830445791978967,32.6,-0.36389610389610383,-0.13311688311688286,9.942857142857141,32.797923299273826,27.67854880516591,22.0,25.0,19.0,6.154720744680851,6.154720744680851,2.0199088154094924,0,17,73.87580250024487,0.274740005339348,32.15238095238095,86.8,0.09285714285714405,64.3,0.5976623376623378,17,1,1,27.420104166666647,27.420104166666647,4.922185010978922,0,0,0,0,0.8095238095238095,0.0,50.0,60.0,50.0,847.5804114749347,72.44277021153289,1.0008693132425386,1.002173283106346,1.1144917737209823,21,1,60.89392278650591,-532.4195885250653,-47.55722978846711,61.418870396734405,60.36897517627741,0,0,0.4725568067103838,16.425663344096588,1380.0,120.0,1.4774406182520743,149.58299999999997,71.41699999999997,7.123,-1.1230000000000002,0.8423417099536712,0.1538461538461538,0.3529411764705882,1,19,1.105854274884178,18,0.0842341709953671,0.666666666666667,1.0,0.6,3.102625298329356,0.9047619047619048,114.74,-241.28,-31.8311345646438,516.72,False,False,471.3122651933702,428.1749171270718,68.16886543535621,39.13714285714286,0,758.0,30.77405993115482,0,0,0,17,0,6902,0.968973747016706,21,1,1,60.0,1,0.0,1.0,0.0310262529832935,1064.64,1219.5410026385225,28.0,1.0431758910460736,2,1446.0
Tags 2,0.946303064380096,2026-3,1,34.0680097255992,28.15472074468085,28.15472074468085,0.0,40.4,0.0,0.0,11.4,33.341786034777144,33.341786034777144,30.0,32.0,28.0,4.068009725599197,4.068009725599197,0.0,0,1,69.0617442668521,0.0,38.7,86.3,0.0,47.6,0.0,0,0,0,9.061744266852102,9.061744266852102,0.0,1,0,0,0,0.0,0.0,60.0,70.0,60.0,7.047216349541931,7.047216349541931,3.0,3.0,3.0,1,1,70.47216349541931,-2.952783650458069,-2.952783650458069,70.47216349541931,70.47216349541931,0,0,0.0,0.1405678942929435,10.0,10.0,2.6707899915659263,7.114,11.886,7.114,11.886,2.6707899915659263,2.6842105263157894,5.789473684210527,0,1,1.6707899915659263,1,0.2670789991565926,3.0,3.0,3.0,0.2670789991565926,1.0,106.75,-18.96,-29.625,45.04,False,False,669.9717991631799,637.6489644351465,70.375,39.36357142857144,0,64.0,33.341786034777144,0,0,0,0,0,7095,0.997329210008434,1,1,1,11.0,1,0.0,1.0,0.0026707899915659,1069.3950000000002,1259.00875,28.0,1.014799154334038,1,1440.0
Tags 2,0.946303064380096,2026-3,2,34.12610281347685,34.0680097255992,28.15472074468085,0.11618617575529692,40.6,0.20000000000000073,-0.5000000000000024,11.75,33.42797740130105,33.42797740130105,30.0,32.0,28.0,4.184195901354499,4.184195901354499,0.08215603275670655,0,2,68.49915973328714,-1.125169067129912,36.1,83.8,-2.500000000000007,50.3,2.6999999999999873,0,0,0,7.936575199722199,7.936575199722199,0.7956146773488962,1,0,0,0,0.0,0.0,60.0,70.0,60.0,21.192427239333146,14.128284826222096,2.004803616840916,3.0,3.0,2,1,70.64142413111048,-8.807572760666854,-5.871715173777904,70.64142413111048,70.64142413111047,0,0,0.703710111144114,0.4217036828788305,30.0,20.0,2.530222097272983,14.228,21.772,7.114,9.886,2.38965420298004,1.4166666666666667,3.055555555555556,0,2,1.6707899915659263,2,0.2389654202980039,0.8947368421052632,3.0,3.0,0.5060444194545966,1.0,106.75,-23.389999999999997,-30.376623376623368,53.61000000000001,False,False,45.04,637.6489644351465,69.62337662337663,39.36357142857144,0,77.0,33.3848817180391,0,0,0,0,0,7078,0.994939555805454,2,1,1,13.0,1,0.0,1.0,0.0050604441945459,1069.3950000000002,1245.5622077922078,28.0,1.017236507487991,2,1440.0
Tags 2,0.946303064380096,2026-3,3,34.041163449725296,34.1841959013545,34.0680097255992,-0.09836250168849647,41.2,0.4000000000000087,-0.1499999999999969,12.0,33.42797740130105,33.13945659025479,30.0,32.0,28.0,3.8712847222222,3.8712847222222,0.15817361790992404,0,3,68.58531945182106,-0.15205268898157584,36.166666666666664,82.6,-1.8499999999999976,46.3,-0.6499999999999987,0,0,0,8.757638888888906,8.757638888888906,0.5820411056789943,1,0,0,0,0.0,0.0,60.0,70.0,60.0,35.39572419651706,14.158289678606824,1.0021237434517911,2.0090613053943085,3.0,3,1,70.79144839303412,-14.604275803482942,-5.841710321393176,70.79144839303412,70.79144839303412,0,0,0.998940464194575,0.7028394714647175,50.0,20.0,2.3896542029800396,21.342,29.657999999999998,7.114,7.886,2.1085184143941524,1.0,2.156862745098039,0,3,1.6707899915659263,3,0.2108518414394152,0.8823529411764706,0.7894736842105263,3.0,0.7168962608940118,1.0,106.75,-29.28000000000001,-32.17582417582419,61.71999999999999,False,False,53.61000000000001,45.04,67.82417582417581,39.36357142857144,0,91.0,33.30307334211099,0,0,0,0,0,7063,0.99283103739106,3,1,1,14.0,1,0.0,1.0,0.0071689626089401,1069.3950000000002,1213.3745054945055,28.0,1.0193968568596914,3,1440.0
Tags 2,0.946303064380096,2026-3,4,34.044804878960626,33.8712847222222,34.1841959013545,-0.03497528559301446,40.2,-5.617221017558644e-15,0.3499999999999966,11.525,33.42797740130105,33.37374023086704,30.0,32.0,28.0,4.055729166666602,4.055729166666602,0.1293534007901608,0,4,69.14008333886582,0.6048955888610665,34.95,83.2,-1.0500000000000123,51.9,0.8899999999999914,1,1,1,10.804375000000109,10.804375000000109,1.2070210356946531,0,0,0,0,0.25,0.0,60.0,70.0,60.0,49.680624556423,14.194464158978,1.0025550035486162,1.0046841731724627,2.014194464158978,4,1,61.50934468890466,-25.319375443577,-10.805535841022,66.24083274189732,56.777856635912,0,0,0.9566252004099236,0.9839752600506044,75.0,25.0,2.4247961765532753,28.456,40.544,7.114,10.886,2.5302220972729828,0.7391304347826086,1.5942028985507246,0,4,1.6707899915659263,4,0.2530222097272983,1.2000000000000002,1.0588235294117647,0.9473684210526316,0.9699184706213102,1.0,106.75,-36.18000000000001,-33.81308411214954,70.82,False,False,61.71999999999999,53.61000000000001,66.18691588785046,39.36357142857144,0,107.0,33.320740064300004,0,0,0,1,0,7045,0.990300815293787,4,1,1,16.0,1,0.0,1.0,0.0096991847062131,1069.3950000000002,1184.0839252336448,28.0,1.022001419446416,4,1440.0
Tags 2,0.946303064380096,2026-3,5,33.98341334761297,34.0557291666666,33.8712847222222,-0.07887917414417,38.9,-0.34000000000000324,0.2799999999999977,11.080000000000002,33.42797740130105,33.01204705892132,28.0,30.0,26.0,5.7378472222223,5.7378472222223,0.17718303340907565,0,5,69.0998097266482,0.2621741822129046,33.38,82.2,-0.8800000000000012,55.1,1.6599999999999993,1,1,0,8.938715277777703,8.938715277777703,1.0491828509189058,1,0,0,0,0.2,0.0,60.0,70.0,60.0,71.09341674960899,21.32802502488269,1.502559363002986,1.5063984075074648,1.5095976112611973,5,1,78.20275842456988,-28.90658325039101,-3.6719749751173048,71.09341674960899,85.31210009953078,0,0,0.8359605017386923,1.405678942929435,100.0,25.0,2.2771998875456845,35.57,45.43,7.114,4.886,1.686814731515322,0.6296296296296297,1.3580246913580247,1,5,1.6707899915659263,5,0.1686814731515321,0.6666666666666663,0.7999999999999996,0.7058823529411762,1.1385999437728422,1.0,106.75,-44.31999999999998,-35.45599999999998,80.68000000000002,False,False,70.82,61.71999999999999,64.54400000000001,39.36357142857144,0,125.0,33.259001463224266,0,0,0,1,0,7033,0.988614000562272,5,1,1,18.0,1,0.0,1.0,0.0113859994377284,1069.3950000000002,1154.6921600000003,28.0,1.0237452011943693,4,1440.0
Tags 2,0.946303064380096,2026-3,6,34.02051228041819,33.7378472222223,34.0557291666666,-0.013274728535048456,38.7,-0.41714285714285915,0.39142857142857246,10.55,33.4408815174654,33.4408815174654,28.0,30.0,26.0,6.206006944444297,6.206006944444297,0.18268291314228596,0,6,68.84967940183644,-0.06458360285985468,32.21666666666667,79.6,-1.0771428571428565,53.2,1.3714285714285745,1,1,0,7.599027777777593,7.599027777777593,1.1207224456003828,1,0,0,0,0.16666666666666666,0.0,60.0,70.0,60.0,99.72930616896994,28.49408747684856,1.3359927814978394,2.0074084627439808,2.0125373984898136,6,1,77.64261931522226,-35.27069383103006,-6.505912523151444,73.87356012516292,81.4116785052816,0,0,0.7625225871725057,1.9679505201012089,135.0,35.0,2.2256583263049383,42.684,52.316,7.114,6.886,1.9679505201012089,0.5368421052631579,1.1578947368421053,1,6,1.6707899915659263,6,0.1967950520101209,1.1666666666666674,0.7777777777777779,0.9333333333333336,1.3353949957829632,1.0,106.75,-56.29999999999998,-38.82758620689654,88.70000000000002,False,False,80.68000000000002,70.82,61.172413793103466,39.36357142857144,0,145.0,33.28931480559779,0,0,0,1,0,7019,0.98664605004217,6,1,1,20.0,1,0.0,1.0,0.0133539499578296,1069.3950000000002,1094.3744827586208,28.0,1.025787149166548,4,1440.0
Tags 2,0.946303064380096,2026-3,7,33.66928334353303,34.2060069444443,33.7378472222223,-0.2717184079982713,35.4,-0.7535714285714271,0.23928571428571382,9.900000000000002,33.4408815174654,31.09087267912114,28.0,30.0,26.0,3.561909722222101,3.561909722222101,0.9441097579378457,0,7,70.25179365395505,1.011220937301552,30.114285714285717,85.4,-0.41071428571428276,67.9,2.6964285714285747,2,1,1,18.66447916666669,18.66447916666669,3.8481362976579487,0,0,0,0,0.2857142857142857,0.0,60.0,70.0,60.0,128.49800114220446,28.555111364934323,1.00214163335237,1.3388539881972206,2.011707595659623,7,1,78.58654598332765,-41.50199885779554,-6.444888635065677,75.5870594954144,81.58603247124093,0,0,0.7368185253285195,2.5302220972729828,170.0,35.0,2.2089240531748264,49.797999999999995,60.202000000000005,7.114,7.886,2.1085184143941524,0.4636363636363636,1.0,1,7,1.6707899915659263,7,0.2108518414394152,1.0714285714285712,1.2500000000000009,0.8333333333333333,1.5462468372223783,1.0,114.74,-52.260000000000005,-31.29341317365269,114.74,False,False,88.70000000000002,80.68000000000002,68.7065868263473,39.36357142857144,0,167.0,32.975251644672554,0,0,0,2,0,7004,0.984537531627776,7,1,1,22.0,1,0.0,1.0,0.0154624683722237,1069.3950000000002,1229.1608383233531,28.0,1.0279840091376355,5,1440.0
Tags 2,0.946303064380096,2026-3,8,33.35908212698028,31.5619097222221,34.2060069444443,-0.3879464163673382,34.4,-0.9142857142857101,0.11428571428571703,9.350000000000001,33.4408815174654,30.6841475079322,28.0,30.0,26.0,3.187673611111101,3.187673611111101,1.2384695576306826,0,8,71.11567534998845,1.2500684222233112,28.7375,85.8,-0.06547619047618504,66.7,2.923809523809526,3,1,1,22.162847222222297,22.162847222222297,4.320073520168756,0,0,0,0,0.375,0.0,55.0,65.0,55.0,157.36766809728184,28.61230329041488,1.0020028612303291,1.0041487839771102,1.3415355269432525,8,1,64.37768240343348,-62.63233190271816,-21.38769670958512,71.5307582260372,57.22460658082976,0,0,0.7091440135353558,3.092493674444757,220.0,50.0,2.1788023615406242,56.912,67.088,7.114,6.886,1.9679505201012089,0.4112903225806452,0.8870967741935484,1,8,1.6707899915659263,8,0.1967950520101209,0.9333333333333336,1.0,1.1666666666666674,1.743041889232499,1.0,114.74,-90.127,-46.94114583333333,101.873,False,False,114.74,88.70000000000002,53.05885416666667,39.36357142857144,0,192.0,32.688863627580005,0,0,0,3,0,6990,0.982569581107675,8,1,1,25.0,1,0.0,1.0,0.0174304188923249,1069.3950000000002,949.2229010416668,28.0,1.0300429184549356,5,1440.0
Tags 2,0.946303064380096,2026-3,9,33.1324287116368,31.1876736111111,31.5619097222221,-0.4075545406632285,36.0,-0.8216666666666669,-0.011666666666665857,9.200000000000001,33.4408815174654,30.82106998472255,25.0,28.0,23.0,6.319201388888899,6.319201388888899,1.3432895911576561,0,9,71.81770679258233,1.2962667611126377,27.955555555555556,86.5,0.14666666666666955,64.8,2.708333333333336,4,1,1,22.43395833333329,22.43395833333329,4.556949542700605,0,0,0,0,0.4444444444444444,0.0,55.0,65.0,55.0,186.37992831541217,28.67383512544803,1.0021505376344086,1.00415770609319,1.0063082437275983,9,1,63.188636665339175,-83.62007168458783,-21.32616487455197,69.02960307978229,57.34767025089605,0,0,0.682317827562169,3.654765251616531,270.0,50.0,2.170993034079905,64.026,74.97399999999999,7.114,7.886,2.1085184143941524,0.3669064748201439,0.7913669064748201,1,9,1.6707899915659263,9,0.2108518414394152,1.0714285714285712,1.0,1.0714285714285712,1.9538937306719144,1.0,114.74,-106.262,-48.30090909090909,113.738,False,False,101.873,114.74,51.699090909090906,39.36357142857144,0,220.0,32.481331000595844,0,0,0,4,0,6975,0.980461062693281,9,1,1,28.0,1,0.0,1.0,0.0195389373067191,1069.3950000000002,924.8967363636364,28.0,1.032258064516129,6,1440.0
Tags 2,0.946303064380096,2026-3,10,32.89092889602868,31.3192013888889,31.1876736111111,-0.42813047445041463,37.3,-0.658787878787877,-0.07515151515151412,9.21,33.4408815174654,30.21820620624878,25.0,28.0,23.0,5.717430555555602,5.717430555555602,1.4789038692441572,0,10,72.35628680776854,1.2365103800016741,27.889999999999997,85.8,0.20848484848484958,58.5,2.1072727272727265,5,1,1,22.2035069444445,22.2035069444445,4.621597511514976,0,0,0,0,0.5,0.0,55.0,65.0,55.0,222.60519890851648,35.904064340083295,1.252154243860405,1.2548470486859111,1.257360333189717,10,1,63.64811405742039,-107.39480109148354,-24.095935659916705,67.45612088136862,59.84010723347216,0,0,0.645701383311364,4.3576047230812485,330.0,60.0,2.122575203823447,71.14,79.85999999999999,7.114,4.886,1.686814731515322,0.3377483443708609,0.7284768211920529,1,10,1.6707899915659263,10,0.1686814731515321,0.7999999999999996,0.8571428571428565,0.7999999999999996,2.122575203823447,1.0,114.74,-131.45999999999998,-52.79518072289156,117.54000000000002,False,False,113.738,101.873,47.20481927710844,39.36357142857144,0,249.0,32.25501852116114,0,0,0,5,0,6963,0.978774247961766,10,1,1,29.0,1,0.0,1.0,0.0212257520382344,1069.3950000000002,844.49421686747,28.0,1.034037052994399,6,1440.0
Tags 2,0.946303064380096,2026-3,11,32.89978384487454,30.7174305555556,31.3192013888889,-0.31667038141488346,39.4,-0.4445454545454549,-0.12909090909090887,9.454545454545455,33.4408815174654,32.27402719330825,25.0,28.0,23.0,7.988333333333102,7.988333333333102,1.4033187450926805,0,11,72.0581047999916,0.7782917811127865,28.34545454545454,84.3,0.16454545454545694,51.4,1.3609090909090926,6,1,1,14.076284722222198,14.076284722222198,4.494583941810191,0,0,0,0,0.5454545454545454,0.0,55.0,65.0,55.0,259.1419522027066,35.99193780593147,1.0024474517708033,1.25521883098186,1.257918226317305,11,1,63.2166087104181,-130.8580477972934,-24.00806219406853,66.44665441095042,59.986563009885785,0,0,0.6248081693241582,5.0604441945459655,390.0,60.0,2.1468551128376827,78.254,89.74599999999998,7.114,9.886,2.38965420298004,0.3035714285714285,0.6547619047619048,1,11,1.6707899915659263,11,0.2389654202980039,1.4166666666666674,1.1333333333333333,1.214285714285714,2.3615406241214507,1.0,114.74,-144.87,-51.37234042553192,137.13,False,False,117.54000000000002,113.738,48.62765957446808,39.36357142857144,0,282.0,32.25674658226542,0,0,0,6,0,6946,0.976384593758786,11,1,1,33.0,1,0.0,1.0,0.0236154062412145,1069.3950000000002,869.948829787234,28.0,1.0365678088108263,7,1440.0
Tags 2,0.946303064380096,2026-3,12,32.965586001320176,32.9883333333331,30.7174305555556,-0.2132223750365383,40.4,-0.2653846153846168,-0.1244755244755249,9.675,33.4408815174654,32.89892956194329,25.0,28.0,23.0,8.689409722222202,8.689409722222202,1.3572895766579427,0,12,71.58451852036268,0.3801077025657172,28.933333333333326,83.0,0.08286713286713387,47.6,0.7318181818181814,7,1,1,11.375069444444506,11.375069444444506,4.588704822032083,0,0,0,0,0.5833333333333334,0.0,55.0,65.0,55.0,295.8152958152958,36.07503607503608,1.0023088023088025,1.0047619047619047,1.258116883116883,12,1,57.92171941240264,-164.18470418470417,-33.924963924963926,64.30767300332518,51.535765821480105,0,0,0.6052933294119793,5.763283666010683,460.0,70.0,2.155374379158467,85.36800000000001,98.63199999999998,7.114,8.886,2.249086308687096,0.2771739130434782,0.5978260869565217,1,12,1.6707899915659263,12,0.2249086308687095,0.941176470588235,1.3333333333333337,1.0666666666666664,2.58644925499016,1.0,114.74,-166.81500000000003,-52.6230283911672,150.18499999999997,False,False,137.13,117.54000000000002,47.3769716088328,39.36357142857144,0,317.0,32.31026183057191,0,0,0,7,0,6930,0.974135507450098,12,1,1,35.0,1,0.0,1.0,0.0258644925499016,1069.3950000000002,847.5740220820188,28.0,1.0389610389610389,8,1440.0
Tags 2,0.946303064380096,2026-3,13,33.01211944993656,33.6894097222222,32.9883333333331,-0.14758895955025642,39.1,-0.19120879120878934,-0.11098901098900994,9.746153846153847,33.4408815174654,32.785585215559394,25.0,28.0,23.0,8.570520833333198,8.570520833333198,1.31029199643337,0,13,71.19620352734333,0.13223534072191137,29.353846153846145,81.8,-0.008791208791204989,47.4,0.3208791208791229,8,1,1,11.536423611111104,11.536423611111104,4.611049615276602,0,0,0,0,0.6153846153846154,0.0,55.0,65.0,55.0,339.79178716020823,43.37767495662232,1.2024291497975708,1.2052053209947946,1.208155002891845,13,1,58.57324936272305,-200.20821283979177,-36.62232504337768,62.92440502966819,54.22209369577791,0,0,0.580826818510351,6.606691031768344,540.0,80.0,2.1409571592309855,92.48200000000001,105.51799999999997,7.114,6.886,1.9679505201012089,0.2575757575757575,0.5555555555555556,1,13,1.6707899915659263,13,0.1967950520101209,0.8750000000000004,0.8235294117647061,1.1666666666666674,2.783244307000281,1.0,114.74,-187.99,-52.9549295774648,167.01,False,False,150.18499999999997,137.13,47.0450704225352,39.36357142857144,0,355.0,32.34682516787864,0,0,0,8,0,6916,0.972167556929997,13,1,1,38.0,1,0.0,1.0,0.0278324430700028,1069.3950000000002,841.6363098591548,28.0,1.0410641989589358,8,1440.0
Tags 2,0.946303064380096,2026-3,14,33.05751121541729,33.5705208333332,33.6894097222222,-0.09991446144791463,38.9,-0.14483516483516692,-0.0736263736263749,9.728571428571428,33.4408815174654,32.86577340251049,25.0,28.0,23.0,8.647604166666802,8.647604166666802,1.2702930141378788,0,14,70.87460466427912,-0.022851272648152808,29.699999999999992,81.4,-0.0775824175824204,47.2,0.04769230769230706,9,1,1,11.6938194444445,11.6938194444445,4.590666479870719,0,0,0,0,0.6428571428571429,0.0,55.0,65.0,55.0,383.8910618571636,43.4593654932638,1.0018832391713748,1.2046936114732725,1.207475010864841,14,1,54.61163653254049,-246.10893814283645,-46.54063450673621,60.93508918367675,48.288183881404215,0,0,0.5649643028884742,7.450098397526006,630.0,90.0,2.11855897827222,99.59600000000002,111.40399999999997,7.114,5.886,1.8273826258082653,0.2417061611374407,0.5213270142180095,1,14,1.6707899915659263,14,0.1827382625808265,0.9285714285714284,0.8125000000000002,0.7647058823529411,2.9659825695811075,1.0,114.74,-153.24,-38.6969696969697,242.76,False,False,167.01,150.18499999999997,61.30303030303031,39.36357142857144,0,396.0,32.383892898923776,0,0,0,9,0,6903,0.970340174304189,14,1,1,41.0,1,0.0,1.0,0.029659825695811,1069.3950000000002,1096.711212121212,28.0,1.0430247718383312,8,1440.0
Tags 2,0.946303064380096,2026-3,15,33.1200891714265,33.6476041666668,33.5705208333332,-0.057713766422977264,39.3,-0.10107142857142916,-0.05750000000000017,9.766666666666667,33.4408815174654,33.22718677910507,25.0,28.0,23.0,8.996180555555398,8.996180555555398,1.2478477632770755,0,15,70.63993657554941,-0.10656719230026442,30.00666666666666,83.0,-0.08035714285714056,48.7,-0.0935714285714273,10,1,1,17.354583333333395,17.354583333333395,4.516077287825639,0,0,0,0,0.6666666666666666,0.0,50.0,60.0,50.0,435.0978970268311,50.76142131979695,1.168020304568528,1.1702199661590524,1.4071065989847715,15,1,58.4159213600838,-284.9021029731689,-39.23857868020305,60.43026347594876,56.40157924421884,0,0,0.545615970120726,8.43407365757661,720.0,90.0,2.052291256676975,106.71000000000002,112.28999999999996,7.114,0.8860000000000001,1.124543154343548,0.2328767123287671,0.502283105022831,1,15,1.6707899915659263,15,0.1124543154343548,0.6153846153846155,0.5714285714285714,0.5000000000000002,3.078436885015462,1.0,114.74,-163.32124309392265,-37.203016650096274,275.6787569060773,False,True,242.76,167.01,62.796983349903726,39.36357142857144,0,439.0,32.44011249093587,0,0,0,10,0,6895,0.969215631149845,15,1,1,43.0,1,0.0,1.0,0.0307843688501546,1069.3950000000002,1123.4380321297774,28.0,1.0442349528643944,8,1440.0
Tags 2,0.946303064380096,2026-3,16,33.16448898015679,33.9961805555554,33.6476041666668,-0.031858463384701774,38.9,-0.07838235294117578,-0.007941176470588049,9.66875,33.4408815174654,33.12047915009085,22.0,25.0,19.0,11.8304861111111,11.8304861111111,1.2185471920306596,0,16,70.57510764027202,-0.11064201787458712,29.987499999999997,83.1,-0.07823529411764582,53.4,-0.082352941176469,11,1,1,19.6026736111113,19.6026736111113,4.3706447028511475,0,0,0,0,0.6875,0.0,50.0,60.0,50.0,486.6356769320163,50.84253341080767,1.0015979081929112,1.1698866937826846,1.1720898702304865,16,1,55.09417383540483,-333.3643230679837,-49.15746658919233,59.34581426000199,50.84253341080767,0,0,0.5323295952250588,9.418048917627214,820.0,100.0,2.020663480461063,113.824,116.17599999999999,7.114,3.886,1.5462468372223783,0.2217391304347826,0.4782608695652174,1,16,1.6707899915659263,16,0.1546246837222378,1.3749999999999996,0.8461538461538461,0.7857142857142855,3.2330615687377,1.0,114.74,-174.3402762430939,-35.87248482368188,311.6597237569061,False,True,275.6787569060773,242.76,64.12751517631813,39.36357142857144,0,486.0,32.482635407133046,0,0,0,11,0,6884,0.967669384312623,16,1,1,47.0,1,0.0,1.0,0.032330615687377,1069.3950000000002,1147.2412465043315,28.0,1.0459035444509006,8,1440.0
Tags 2,0.946303064380096,2026-3,17,33.17130989890162,33.8304861111111,33.9961805555554,-0.024275079905641726,39.2,-0.05539215686274514,0.0026960784313737845,9.670588235294117,33.4408815174654,32.591719462937206,22.0,25.0,19.0,11.280444598818905,11.280444598818905,1.1801883766409256,0,17,70.55451971357478,-0.09906432379457032,30.08235294117647,82.8,-0.08112745098039045,51.2,-0.11617647058823315,12,1,1,20.2251128864189,20.2251128864189,4.232709810509987,0,0,0,0,0.7058823529411765,0.0,50.0,60.0,50.0,538.0253017304057,50.89428529882216,1.0010178857059764,1.0026174203867966,1.171077504725898,17,1,54.687648178237474,-381.9746982695944,-49.10571470117784,58.48101105765279,50.89428529882216,0,0,0.519858424246284,10.402024177677818,920.0,100.0,1.9596818204369182,120.938,116.06199999999998,7.114,-0.1139999999999998,0.9839752600506044,0.2151898734177215,0.4641350210970464,1,16,1.6707899915659263,16,0.0983975260050604,0.6363636363636361,0.8749999999999996,0.5384615384615383,3.3314590947427605,0.9411764705882353,114.74,-185.82820441988943,-34.734243816801765,349.17179558011054,False,True,311.6597237569061,275.6787569060773,65.26575618319823,39.36357142857144,0,535.0,32.489052116298,0,0,0,12,0,6877,0.966685409052572,17,1,1,49.0,1,0.0,1.0,0.0333145909474276,1069.3950000000002,1167.6043781174164,28.0,1.0469681547186274,8,1440.0
Tags 2,0.946303064380096,2026-3,18,32.89261050144491,33.2804445988189,33.8304861111111,-0.10845250859108123,32.6,-0.15407636738906055,-0.060061919504644394,9.527777777777777,33.4408815174654,27.67854880516591,22.0,25.0,19.0,6.154720744680851,6.154720744680851,1.6459140145758049,0,17,70.93594107207988,0.037026261595657334,29.66111111111111,86.8,-0.011558307533537968,64.3,0.09195046439628446,13,1,1,27.420104166666647,27.420104166666647,4.413687845603698,0,0,0,0,0.7222222222222222,0.0,50.0,60.0,50.0,597.2323379461034,58.26656955571741,1.144854853813339,1.1460201852044534,1.147851420247633,18,1,55.47666540885274,-432.76766205389663,-51.73343044428259,57.98372213068965,52.96960868701582,0,0,0.5051166116537776,11.526567332021369,1030.0,110.0,1.9445225377190516,128.052,120.94799999999998,7.114,4.886,1.686814731515322,0.2048192771084337,0.4417670682730923,1,17,1.6707899915659263,16,0.1686814731515321,1.7142857142857142,1.0909090909090904,1.4999999999999991,3.500140567894293,0.9444444444444444,114.74,-197.78502762430932,-33.7517111986876,388.21497237569065,False,True,349.17179558011054,311.6597237569061,66.2482888013124,39.36357142857144,0,586.0,32.22180193234621,0,0,0,13,0,6865,0.964998594321057,18,1,1,51.0,1,0.0,1.0,0.0350014056789429,1069.3950000000002,1185.1818866554788,28.0,1.048798252002913,8,1440.0
Tags 2,0.946303064380096,2026-3,19,32.64324788266786,28.15472074468085,33.2804445988189,-0.16699341793553632,32.6,-0.2222807017543874,-0.10403508771929806,9.399999999999999,33.4408815174654,27.67854880516591,22.0,25.0,19.0,6.154720744680851,6.154720744680851,1.9339037490043556,0,17,71.27721281390023,0.13385384490241384,29.28421052631579,86.8,0.03842105263157689,64.3,0.23947368421052537,14,1,1,27.420104166666647,27.420104166666647,4.539960818339067,0,0,0,0,0.7368421052631579,0.0,50.0,60.0,50.0,663.7490882567469,65.64551422319475,1.1266411378555798,1.2898405751797437,1.2911534854642075,19,1,58.95067221797614,-476.25091174325314,-44.35448577680525,58.223604233047965,59.67774020290432,0,0,0.49179917844557625,12.791678380657858,1140.0,110.0,1.9161623485195982,135.166,123.83399999999997,7.114,2.886,1.405678942929435,0.1969111969111969,0.4247104247104247,1,18,1.6707899915659263,16,0.1405678942929435,0.8333333333333339,1.4285714285714293,0.9090909090909092,3.640708462187237,0.9473684210526315,114.74,-210.67964088397787,-32.867338671447406,430.3203591160221,False,True,388.21497237569065,349.17179558011054,67.13266132855259,39.36357142857144,0,641.0,31.98268334670514,0,0,0,14,0,6855,0.963592915378128,19,1,1,55.0,1,0.0,1.0,0.0364070846218723,1069.3950000000002,1201.0033111678058,28.0,1.050328227571116,8,1440.0
Tags 2,0.946303064380096,2026-3,20,32.41882152576851,28.15472074468085,28.15472074468085,-0.2072590316302739,32.6,-0.2687969924812038,-0.13458646616541428,9.284999999999998,33.4408815174654,27.67854880516591,22.0,25.0,19.0,6.154720744680851,6.154720744680851,2.133186877870505,0,17,71.58435738153855,0.20248745781301736,28.945,86.8,0.07428571428571216,64.3,0.3435338345864648,15,1,1,27.420104166666647,27.420104166666647,4.6274396390061865,0,0,0,0,0.75,0.0,50.0,60.0,50.0,730.2468234263181,65.72221410836863,1.001168394917482,1.127957499634877,1.291347618352146,20,1,56.36230442715035,-529.7531765736819,-54.27778589163137,57.95609709732683,54.76851175697386,0,0,0.4819155011291926,14.05678942929435,1260.0,120.0,1.8765813888107956,142.28,124.71999999999997,7.114,0.8860000000000001,1.124543154343548,0.1910112359550561,0.4119850187265917,1,19,1.6707899915659263,16,0.1124543154343548,0.8,0.6666666666666671,1.1428571428571437,3.7531627776215903,0.95,114.74,-224.04314917127067,-32.097872374107546,473.9568508287293,False,True,430.3203591160221,388.21497237569065,67.90212762589245,39.36357142857144,0,698.0,31.767476619628177,0,0,0,15,0,6847,0.962468372223784,20,1,1,57.0,1,0.0,1.0,0.0375316277762159,1069.3950000000002,1214.7690632272158,28.0,1.0515554257338982,8,1440.0
Tags 2,0.946303064380096,2026-3,21,32.215769107621476,28.15472074468085,28.15472074468085,-0.23437436862988073,32.6,-0.2997402597402599,-0.1554545454545456,9.180952380952379,33.4408815174654,27.67854880516591,22.0,25.0,19.0,6.154720744680851,6.154720744680851,2.277893306971478,0,17,71.86225008559227,0.25066445103498536,28.638095238095236,86.8,0.09987012987012918,64.3,0.41610389610389636,16,1,1,27.420104166666647,27.420104166666647,4.6866031607450465,0,0,0,0,0.7619047619047619,0.0,50.0,60.0,50.0,796.7836257309941,65.78947368421052,1.0010233918128653,1.0021929824561402,1.129111842105263,21,1,56.28125264852953,-583.2163742690059,-54.21052631578948,57.7379438935503,54.82456140350877,0,0,0.47254980135068503,15.32190047793084,1380.0,120.0,1.8340763350603104,149.394,124.60599999999997,7.114,-0.1139999999999998,0.9839752600506044,0.1861313868613138,0.4014598540145985,1,19,1.6707899915659263,16,0.0983975260050604,0.8749999999999996,0.6999999999999996,0.5833333333333334,3.851560303626652,0.9047619047619048,114.74,-238.1099999999999,-31.41292875989445,519.8900000000001,False,False,473.9568508287293,430.3203591160221,68.58707124010556,39.59000000000002,0,758.0,31.572765771320448,0,0,0,16,0,6840,0.961484396963734,21,1,1,60.0,1,0.0,1.0,0.0385156030362665,1074.1500000000003,1227.0227044854885,28.0,1.0526315789473684,8,1440.0
Tags 3,0.950020999580008,2026-3,1,34.5112847222222,28.15472074468085,28.15472074468085,0.0,42.4,0.0,0.0,13.7,33.75406248130139,33.75406248130139,30.0,32.0,28.0,4.5112847222222,4.5112847222222,0.0,0,1,68.0401388888888,0.0,42.2,85.5,0.0,43.3,0.0,0,0,0,8.040138888888805,8.040138888888805,0.0,1,0,0,0,0.0,0.0,60.0,70.0,60.0,7.013606396409034,7.013606396409034,3.0,3.0,3.0,1,1,70.13606396409034,-2.986393603590966,-2.986393603590966,70.13606396409034,70.13606396409034,0,0,0.0,0.1399972000559989,10.0,10.0,1.9599608007839844,7.143,6.857,7.143,6.857,1.9599608007839844,3.571428571428572,7.5,0,1,0.9599608007839844,1,0.1959960800783984,3.0,3.0,3.0,0.1959960800783984,1.0,106.75,-19.615,-30.648437500000004,44.385,False,False,669.9717991631799,637.6489644351465,69.3515625,39.36357142857144,0,64.0,33.75406248130139,0,0,0,0,0,7129,0.998040039199216,1,1,1,11.0,1,0.0,1.0,0.0019599608007839,1069.3950000000002,1240.699453125,28.0,1.0099593210829008,0,1517.0
Tags 3,0.950020999580008,2026-3,2,34.04347222222225,34.5112847222222,28.15472074468085,-0.9356249999999114,41.3,-1.1000000000000063,-1.4000000000000006,13.85,33.75406248130139,32.82493962205304,30.0,32.0,28.0,3.575659722222298,3.575659722222298,0.6615867821475944,0,2,67.96201388888875,-0.15625000000010675,39.75,86.6,1.09999999999998,49.3,5.999999999999989,0,0,0,7.8838888888887055,7.8838888888887055,0.11048543456046839,1,0,0,0,0.0,0.0,60.0,70.0,60.0,21.10001406667605,14.066676044450697,2.0056266704177803,3.0,3.0,2,1,70.33338022225348,-8.899985933323954,-5.933323955549303,70.33338022225348,70.33338022225348,0,0,0.7031281243786333,0.4199916001679966,30.0,20.0,2.3799524009519812,14.286,19.714,7.143,12.857,2.799944001119978,1.4705882352941178,3.088235294117647,0,2,1.799944001119978,2,0.2799944001119978,1.428571428571429,3.0,3.0,0.4759904801903962,1.0,106.75,-25.94,-33.688311688311686,51.06,False,False,44.385,637.6489644351465,66.31168831168831,39.36357142857144,0,77.0,33.28950105167721,0,0,0,0,0,7109,0.995240095198096,2,1,1,13.0,1,0.0,1.0,0.0047599048019039,1069.3950000000002,1186.316103896104,28.0,1.01280067520045,1,1517.0
Tags 3,0.950020999580008,2026-3,3,34.23454089774283,33.5756597222223,34.5112847222222,0.052696763280900734,43.0,0.3000000000000089,0.3499999999999984,13.766666666666666,33.79747072459923,33.79747072459923,30.0,32.0,28.0,4.616678248783998,4.616678248783998,0.5730359949006465,0,3,67.20802083333326,-1.170052083333238,38.53333333333333,79.0,-3.2499999999999893,42.9,-0.199999999999994,0,0,0,5.7000347222222985,5.7000347222222985,1.3082889967827065,1,0,0,0,0.0,0.0,60.0,70.0,60.0,35.24601720005639,14.098406880022557,1.0022557451008036,2.010150852953616,3.0,3,1,70.49203440011279,-14.753982799943609,-5.901593119977443,70.49203440011279,70.49203440011279,0,0,0.9988755044497639,0.6999860002799945,50.0,20.0,2.3332866675999817,21.429,28.570999999999998,7.143,8.857,2.239955200895982,1.0,2.1,0,3,1.799944001119978,3,0.2239955200895982,0.7999999999999999,1.142857142857143,3.0,0.6999860002799945,1.0,106.75,-29.81,-32.758241758241766,61.19,False,False,51.06,44.385,67.24175824175825,39.36357142857144,0,91.0,33.45882427598455,0,0,0,0,0,7093,0.9930001399972,3,1,1,14.0,1,0.0,1.0,0.0069998600027999,1069.3950000000002,1202.9550549450548,28.0,1.015085295361624,2,1517.0
Tags 3,0.950020999580008,2026-3,4,34.248865742751576,34.616678248784,33.5756597222223,0.03826851932284455,42.2,0.10999999999999317,0.3599999999999942,13.575,33.79747072459923,33.50571147105128,30.0,32.0,28.0,4.291840277777801,4.291840277777801,0.46875825934691234,0,4,67.11157118055547,-0.583760416666671,40.125,85.9,-0.6400000000000146,41.0,-1.330000000000005,0,0,0,6.822222222222095,6.822222222222095,1.085490768340429,1,0,0,0,0.0,0.0,60.0,70.0,60.0,49.46297343131713,14.132278123233466,1.0024024872809498,1.004663651780667,2.0149802148106275,4,1,61.239871867345016,-25.53702656868287,-10.867721876766534,65.95063124175617,56.52911249293386,0,0,0.9567030297817859,0.9799804003919922,75.0,25.0,2.3449531009379814,28.572,38.428,7.143,9.857,2.379952400951981,0.746268656716418,1.5671641791044777,0,4,1.799944001119978,4,0.2379952400951981,1.0625,0.85,1.2142857142857146,0.9379812403751926,1.0,106.75,-35.3,-32.99065420560747,71.7,False,False,61.19,51.06,67.00934579439253,39.36357142857144,0,107.0,33.47054607475123,0,0,0,0,0,7076,0.990620187596248,4,1,1,16.0,1,0.0,1.0,0.0093798124037519,1069.3950000000002,1198.7971962616823,28.0,1.0175240248728097,3,1517.0
Tags 3,0.950020999580008,2026-3,5,34.13205787197906,34.2918402777778,34.616678248784,-0.09767361111109386,39.9,-0.4100000000000042,0.1699999999999976,13.12,33.79747072459923,32.699707809807684,28.0,30.0,26.0,5.664826388888997,5.664826388888997,0.48272261460543125,0,5,65.62406944444436,-1.7793819444444492,45.5,86.5,0.12999999999999312,19.5,-5.5900000000000025,0,0,0,0.3259375000001014,-0.3259375000001014,3.456446836099484,0,1,1,1,0.0,0.2,60.0,70.0,60.0,70.79144839303412,21.23743451791024,1.5027608664873284,1.5063712303553731,1.5097692198782389,5,1,77.87059323233754,-29.208551606965884,-3.7625654820897614,70.79144839303412,84.94973807164095,0,0,0.8360272474681777,1.3999720005599887,100.0,25.0,2.239955200895982,35.714999999999996,44.285,7.143,5.857,1.8199636007279856,0.625,1.3125,1,5,1.799944001119978,5,0.1819963600727985,0.764705882352941,0.8124999999999999,0.6499999999999998,1.119977600447991,1.0,106.75,-46.48,-37.184000000000005,78.52,False,False,71.7,61.19,62.816,39.36357142857144,0,125.0,33.31637842176252,0,0,0,0,0,7063,0.98880022399552,5,1,1,18.0,1,0.0,1.0,0.0111997760044799,1069.3950000000002,1123.77824,28.0,1.0193968568596914,3,1517.0
Tags 3,0.950020999580008,2026-3,6,34.24834105072332,33.664826388889,34.2918402777778,0.043857804003026454,40.0,-0.48571428571428715,0.4485714285714279,12.416666666666666,33.82833220887478,33.82833220887478,28.0,30.0,26.0,6.829756944444597,6.829756944444597,0.5172500015219091,0,6,64.52042824074066,-1.962767857142849,44.949999999999996,78.7,-0.7828571428571455,36.5,-3.5800000000000014,0,0,0,0.9977777777777987,-0.9977777777777987,4.1067947627926245,0,2,1,1,0.0,0.3333333333333333,60.0,70.0,60.0,99.30486593843098,28.37281883955171,1.3359814630916913,2.0076606610866787,2.012484040289402,6,1,77.31217831941339,-35.69513406156902,-6.627181160448291,73.55915995439332,81.06519668443345,0,0,0.7625981187668488,1.9599608007839844,135.0,35.0,2.1932894675439827,42.858,51.141999999999996,7.143,6.857,1.9599608007839844,0.5319148936170213,1.1170212765957446,1,6,1.799944001119978,6,0.1959960800783984,1.0769230769230769,0.8235294117647057,0.8749999999999999,1.3159736805263895,1.0,106.75,-56.00999999999999,-38.62758620689655,88.99000000000001,False,False,78.52,71.7,61.372413793103455,39.36357142857144,0,145.0,33.4017040529479,0,0,0,0,0,7049,0.986840263194736,6,1,1,20.0,1,0.0,1.0,0.0131597368052638,1069.3950000000002,1097.9524827586208,28.0,1.0214214782238615,3,1517.0
Tags 3,0.950020999580008,2026-3,7,33.9613806228422,34.8297569444446,33.664826388889,-0.18780919340894628,36.4,-0.8464285714285716,0.4142857142857152,11.514285714285714,33.82833220887478,31.18162222086133,28.0,30.0,26.0,4.239618055555503,4.239618055555503,0.8940807086518184,0,7,63.20399305555549,-2.21405629960315,50.1,81.0,-0.7785714285714268,0.0,-6.389285714285713,0,0,0,4.694618055555502,-4.694618055555502,5.117207623692044,0,3,1,1,0.0,0.42857142857142855,60.0,70.0,60.0,127.8772378516624,28.41716396703609,1.001562944018187,1.3380695273278391,2.0107985223074736,7,1,78.20690083364974,-42.1227621483376,-6.582836032963911,75.22190461862495,81.19189704867455,0,0,0.7369759258843136,2.51994960100798,170.0,35.0,2.099958000839983,50.001,54.998999999999995,7.143,3.857,1.5399692006159875,0.4761904761904761,1.0,1,7,1.799944001119978,7,0.1539969200615987,0.7857142857142856,0.8461538461538459,0.6470588235294115,1.4699706005879882,1.0,114.74,-52.260000000000005,-31.29341317365269,114.74,False,False,88.99000000000001,78.52,68.7065868263473,39.36357142857144,0,167.0,33.084549505506956,0,0,0,0,0,7038,0.98530029399412,7,1,1,22.0,1,0.0,1.0,0.0146997060058798,1069.3950000000002,1229.1608383233531,28.0,1.0230179028132993,3,1517.0
Tags 3,0.950020999580008,2026-3,8,33.7142201977647,32.2396180555555,34.8297569444446,-0.289979745657627,35.5,-1.0011904761904744,0.3154761904761927,10.8,33.82833220887478,31.03884607059345,28.0,30.0,26.0,3.9840972222222,3.9840972222222,1.0834617352377973,0,8,62.73364583333327,-1.7896023478835863,53.8,79.7,-0.8202380952380846,0.0,-7.0273809523809465,0,0,0,4.441215277777701,4.441215277777701,4.920853115831977,1,3,1,0,0.0,0.375,55.0,65.0,55.0,156.71748112266704,28.49408747684856,1.0027069383103009,1.0042741131215274,1.341691598993209,8,1,64.11169682290924,-63.28251887733296,-21.505912523151444,71.23521869212138,56.98817495369711,0,0,0.7092219410363713,3.0799384012319755,220.0,50.0,2.169956600867983,57.144,66.856,7.143,11.857,2.659946801063979,0.4032258064516129,0.8467741935483871,1,8,1.799944001119978,8,0.2659946801063979,1.727272727272728,1.3571428571428574,1.461538461538462,1.7359652806943862,1.0,114.74,-97.71,-50.890625,94.29,False,False,114.74,88.99000000000001,49.10937500000001,39.36357142857144,0,192.0,32.82883657614278,0,0,0,0,0,7019,0.982640347193056,8,1,1,25.0,1,0.0,1.0,0.0173596528069438,1069.3950000000002,878.56671875,28.0,1.025787149166548,4,1517.0
Tags 3,0.950020999580008,2026-3,9,33.51654449677853,31.9840972222222,32.2396180555555,-0.3215912425520464,37.4,-0.8799999999999994,0.20166666666666794,10.533333333333335,33.82833220887478,31.33268224352876,25.0,28.0,23.0,6.9351388888891,6.9351388888891,1.1742377570587346,0,9,63.9001041666666,-0.5528466435185134,50.71111111111111,82.8,-0.5783333333333296,56.8,-3.069999999999994,1,1,1,18.2317708333332,18.2317708333332,5.782177042841991,0,3,1,0,0.1111111111111111,0.3333333333333333,55.0,65.0,55.0,185.5552383671139,28.546959748786755,1.0018555523836712,1.004567513559806,1.006137596345989,9,1,62.90904092788192,-84.4447616328861,-21.453040251213245,68.72416235819033,57.09391949757351,0,0,0.6824226438748601,3.639927201455971,270.0,50.0,2.1310684897413164,64.28699999999999,72.713,7.143,5.857,1.8199636007279856,0.364963503649635,0.7664233576642335,1,9,1.799944001119978,9,0.1819963600727985,0.6842105263157894,1.181818181818182,0.9285714285714286,1.917961640767185,1.0,114.74,-103.62199999999996,-47.10090909090907,116.37800000000004,False,False,94.29,114.74,52.89909090909093,39.36357142857144,0,220.0,32.662597205852336,0,0,0,1,0,7006,0.980820383592328,9,1,1,28.0,1,0.0,1.0,0.0191796164076718,1069.3950000000002,946.3647363636368,28.0,1.0276905509563232,4,1517.0
Tags 3,0.950020999580008,2026-3,10,33.28162615821179,31.9351388888891,31.9840972222222,-0.3620218156197058,38.1,-0.7321212121212115,0.1,10.450000000000001,33.82833220887478,30.58854421359514,25.0,28.0,23.0,6.167361111111202,6.167361111111202,1.3332279459335798,0,10,64.90467361111105,0.1458766835016803,48.54,82.5,-0.4399999999999995,53.5,-1.0678787878787879,2,1,1,18.945798611111,18.945798611111,6.309542596753117,0,3,1,0,0.2,0.3,55.0,65.0,55.0,221.8088151116199,35.775615340583855,1.2532198053806525,1.2555452203777904,1.258943903835146,10,1,63.4204090128532,-108.19118488838008,-24.224384659416145,67.21479245806664,59.626025567639765,0,0,0.6457733468024215,4.339913201735966,330.0,60.0,2.169956600867983,71.42999999999999,83.57,7.143,10.857,2.51994960100798,0.3225806451612903,0.6774193548387096,1,10,1.799944001119978,10,0.251994960100798,1.384615384615385,0.9473684210526316,1.6363636363636374,2.169956600867983,1.0,114.74,-120.01000000000002,-48.19678714859438,128.98999999999998,False,False,116.37800000000004,94.29,51.80321285140561,39.36357142857144,0,249.0,32.45519190662661,0,0,0,2,0,6988,0.97830043399132,10,1,1,29.0,1,0.0,1.0,0.0216995660086798,1069.3950000000002,926.7594779116464,28.0,1.0303377218088152,5,1517.0
Tags 3,0.950020999580008,2026-3,11,33.309559133727895,31.1673611111112,31.9351388888891,-0.2575498739567294,40.7,-0.49999999999999845,0.012727272727272735,10.672727272727274,33.82833220887478,32.796710618276435,25.0,28.0,23.0,8.588888888888903,8.588888888888903,1.2681994490495017,0,11,65.02802714646458,0.17108428030303505,47.3,82.1,-0.3627272727272718,47.2,-0.21363636363636226,3,1,1,11.261562499999997,11.261562499999997,5.999722663902412,0,3,1,0,0.2727272727272727,0.2727272727272727,55.0,65.0,55.0,258.1385343467661,35.85257421482862,1.0021511544528898,1.2559156747454463,1.2582460920694103,11,1,62.97182906963489,-131.8614656532339,-24.14742578517138,66.18936778122207,59.754290358047705,0,0,0.6249039311841456,5.03989920201596,390.0,60.0,2.163593091774528,78.573,91.42699999999999,7.143,7.857,2.099958000839983,0.2941176470588235,0.6176470588235294,1,11,1.799944001119978,11,0.2099958000839983,0.833333333333333,1.153846153846154,0.7894736842105262,2.379952400951981,1.0,114.74,-132.77999999999997,-47.08510638297872,149.22000000000003,False,False,128.98999999999998,116.37800000000004,52.914893617021285,39.36357142857144,0,282.0,32.48623906223114,0,0,0,3,0,6973,0.97620047599048,11,1,1,33.0,1,0.0,1.0,0.0237995240095198,1069.3950000000002,946.647446808511,28.0,1.0325541373870644,6,1517.0
Tags 3,0.950020999580008,2026-3,12,33.39218557165798,33.5888888888889,31.1673611111112,-0.15998000861436382,41.9,-0.3006993006993005,0.0118881118881127,10.850000000000001,33.82833220887478,33.45061536565939,25.0,28.0,23.0,9.301076388889,9.301076388889,1.2425955004102074,0,12,64.97185474537032,0.10567756895882979,46.416666666666664,80.2,-0.37727272727272687,43.5,0.14510489510489596,3,1,0,9.353958333333397,9.353958333333397,5.72381964917057,1,3,1,0,0.25,0.25,55.0,65.0,55.0,294.6248922104053,35.929864903707966,1.0021557918942228,1.004311583788445,1.25862316757689,12,1,57.6886340224131,-165.37510778959472,-34.070135096292034,64.04888961095767,51.32837843386853,0,0,0.6053984150923333,5.739885202295954,460.0,70.0,2.158290167529983,85.716,99.28399999999999,7.143,7.857,2.099958000839983,0.2702702702702703,0.5675675675675675,1,12,1.799944001119978,12,0.2099958000839983,1.0,0.833333333333333,1.153846153846154,2.58994820103598,1.0,114.74,-152.81500000000003,-48.20662460567824,164.18499999999997,False,False,149.22000000000003,128.98999999999998,51.79337539432176,39.36357142857144,0,317.0,32.5666037541835,0,0,0,3,0,6958,0.97410051798964,12,1,1,35.0,1,0.0,1.0,0.0258994820103597,1069.3950000000002,926.5834858044163,28.0,1.0347801092267892,7,1517.0
Tags 3,0.950020999580008,2026-3,13,33.46839298494925,34.301076388889,33.5888888888889,-0.09303825821503099,41.7,-0.1769230769230763,0.004395604395604185,11.000000000000002,33.82833220887478,33.554183520679445,25.0,28.0,23.0,9.3828819444444,9.3828819444444,1.2210125664505431,0,13,64.99138621794864,0.09140300671550755,45.73076923076923,80.8,-0.35384615384615115,43.3,0.350549450549452,4,1,1,10.225763888888691,10.225763888888691,5.480592545308023,0,3,1,0,0.3076923076923077,0.23076923076923078,55.0,65.0,55.0,345.4728659853174,50.38145962285879,1.4022167842234057,1.4052396718007774,1.4082625593781488,13,1,63.47664059626057,-194.5271340146826,-29.618540377141212,63.97645666394767,62.97682452857348,0,0,0.579859671242451,6.719865602687946,540.0,80.0,2.1107270162289065,92.859,103.14099999999999,7.143,3.857,1.5399692006159875,0.2551020408163265,0.5357142857142857,1,13,1.799944001119978,13,0.1539969200615987,0.7333333333333332,0.7333333333333332,0.6111111111111107,2.7439451210975783,1.0,114.74,-167.2,-47.09859154929577,187.8,False,False,164.18499999999997,149.22000000000003,52.901408450704224,39.36357142857144,0,355.0,32.64257142852934,0,0,0,4,0,6947,0.972560548789024,13,1,1,38.0,1,0.0,1.0,0.0274394512109757,1069.3950000000002,946.4061971830986,28.0,1.036418597955952,7,1517.0
Tags 3,0.950020999580008,2026-3,14,33.52497106538938,34.3828819444444,34.301076388889,-0.05179937439597286,41.3,-0.10549450549450673,0.002417582417581397,11.092857142857145,33.82833220887478,33.43418961122131,25.0,28.0,23.0,9.2604861111111,9.2604861111111,1.1920588737741007,0,14,65.0105059523809,0.08077029914530733,45.142857142857146,81.3,-0.31472527472527645,43.8,0.4839560439560432,5,1,1,10.259062500000198,10.259062500000198,5.266068950327009,0,3,1,0,0.35714285714285715,0.21428571428571427,55.0,65.0,55.0,396.3678293456328,50.446814643989626,1.001297203805131,1.404035745171519,1.407062554050159,14,1,59.48377236933017,-233.6321706543673,-39.55318535601037,62.91552846756076,56.05201627109958,0,0,0.5647336558213993,7.699846003079939,630.0,90.0,2.049959000819984,100.002,104.99799999999999,7.143,1.857,1.25997480050399,0.2439024390243902,0.5121951219512195,1,14,1.799944001119978,14,0.125997480050399,0.8181818181818187,0.6000000000000002,0.6000000000000002,2.869942601147977,1.0,114.74,-153.24,-38.6969696969697,242.76,False,False,187.8,164.18499999999997,61.30303030303031,39.36357142857144,0,396.0,32.69911558443591,0,0,0,5,0,6938,0.97130057398852,14,1,1,41.0,1,0.0,1.0,0.0286994260114797,1069.3950000000002,1096.711212121212,28.0,1.0377630441049297,7,1517.0
Tags 3,0.950020999580008,2026-3,15,33.58673456843749,34.2604861111111,34.3828819444444,-0.018925678053685415,40.4,-0.07892857142857,0.003571428571428985,11.106666666666671,33.82833220887478,33.64199483770891,25.0,28.0,23.0,9.451423611110997,9.451423611110997,1.1733392526676334,0,15,65.07629398148144,0.09029637896826673,44.406666666666666,79.9,-0.3164285714285696,45.8,0.6085714285714285,6,1,1,15.997326388889109,15.997326388889109,5.080903758662661,0,3,1,0,0.4,0.2,50.0,60.0,50.0,447.6534296028881,50.541516245487365,1.0018772563176894,1.0031768953068594,1.4066714801444042,15,1,59.165663858804656,-272.3465703971119,-39.45848375451264,62.17408744484557,56.157240272763744,0,0,0.5504550086480751,8.679826403471932,720.0,90.0,2.034625974147184,107.145,110.85499999999999,7.143,5.857,1.8199636007279856,0.2293577981651376,0.481651376146789,1,15,1.799944001119978,15,0.1819963600727985,1.444444444444444,1.181818181818182,0.8666666666666666,3.0519389612207752,1.0,114.74,-160.90041436464088,-36.651575026114095,278.0995856353591,False,True,242.76,187.8,63.34842497388591,39.36357142857144,0,439.0,32.761974201320776,0,0,0,6,0,6925,0.969480610387792,15,1,1,43.0,1,0.0,1.0,0.0305193896122077,1069.3950000000002,1133.303322782819,28.0,1.03971119133574,7,1517.0
Tags 3,0.950020999580008,2026-3,16,33.63463831068792,34.451423611111,34.2604861111111,0.0013213506324130586,39.7,-0.07485294117647051,0.04838235294117663,10.95,33.82833220887478,33.60712417570534,22.0,25.0,19.0,12.353194444444496,12.353194444444496,1.149634564288209,0,16,65.28438368055552,0.14780514705883252,43.55,80.8,-0.2907352941176468,50.1,0.7733823529411764,7,1,1,18.405729166666504,18.405729166666504,4.978691123536182,0,3,1,0,0.4375,0.1875,50.0,60.0,50.0,498.6990459670425,50.5926568372362,1.001011853136745,1.0028910089621277,1.0041919629950855,16,1,55.70480683124264,-321.3009540329575,-49.4073431627638,60.81695682524908,50.59265683723619,0,0,0.5370594969516423,9.659806803863924,820.0,100.0,1.9687106257874842,114.288,110.71199999999999,7.143,-0.1429999999999998,0.9799804003919922,0.2222222222222222,0.4666666666666667,1,15,1.799944001119978,15,0.0979980400391992,0.5384615384615384,0.7777777777777775,0.6363636363636365,3.149937001259975,0.9375,114.74,-169.27342541436462,-34.82992292476638,316.7265745856354,False,True,278.0995856353591,242.76,65.1700770752336,39.36357142857144,0,486.0,32.81479607471981,0,0,0,7,0,6918,0.9685006299874,16,1,1,47.0,1,0.0,1.0,0.0314993700125997,1069.3950000000002,1165.8926788759293,28.0,1.0407632263660018,7,1517.0
Tags 3,0.950020999580008,2026-3,17,33.646044390451365,34.3531944444445,34.451423611111,0.004903152114825602,42.1,-0.023529411764704484,0.05269607843137303,11.029411764705882,33.82833220887478,33.033245974757506,22.0,25.0,19.0,11.828541666666505,11.828541666666505,1.1141218881199435,0,17,65.34132868745596,0.14215262484917385,42.95882352941176,79.7,-0.28897058823529226,46.2,0.7948529411764709,8,1,1,16.252448797862897,16.252448797862897,4.826311370693926,0,3,1,0,0.47058823529411764,0.17647058823529413,50.0,60.0,50.0,557.3248407643312,57.90387955993052,1.144511539415998,1.1456696170071967,1.1478203325337082,17,1,59.24133329976586,-362.6751592356688,-42.09612044006949,60.57878703960121,57.90387955993052,0,0,0.5210805734846878,10.779784404311917,920.0,100.0,1.9352554125388082,121.431,113.56899999999999,7.143,2.857,1.399972000559989,0.2127659574468085,0.4468085106382978,1,16,1.799944001119978,15,0.1399972000559989,1.428571428571429,0.7692307692307694,1.111111111111111,3.289934201315974,0.9411764705882353,114.74,-178.00273480662986,-33.271539216192494,356.99726519337014,False,True,316.7265745856354,278.0995856353591,66.7284607838075,39.36357142857144,0,535.0,32.82764606883967,0,0,0,8,0,6908,0.96710065798684,17,1,1,49.0,1,0.0,1.0,0.0328993420131597,1069.3950000000002,1193.7721634223162,28.0,1.0422698320787491,7,1517.0
Tags 3,0.950020999580008,2026-3,18,33.340970854575225,33.8285416666665,34.3531944444445,-0.09221004112734853,32.6,-0.15376676986584095,-0.020639834881320443,10.81111111111111,33.82833220887478,27.67854880516591,22.0,25.0,19.0,6.154720744680851,6.154720744680851,1.6862708450157131,0,17,66.01237176963433,0.331615815297735,41.82222222222222,86.8,-0.15810113519091884,64.3,1.113519091847265,9,1,1,27.420104166666647,27.420104166666647,5.479823641971697,0,3,1,0,0.5,0.16666666666666666,50.0,60.0,50.0,615.8527749601507,57.962614113896535,1.001014345746993,1.145672469828389,1.1468317221106672,18,1,56.24240855380848,-414.1472250398493,-52.037385886103465,59.79153154952919,52.69328555808775,0,0,0.509610595702429,11.899762004759904,1030.0,110.0,1.882184578530652,128.57399999999998,113.42599999999999,7.143,-0.1429999999999998,0.9799804003919922,0.2066115702479339,0.4338842975206611,1,16,1.799944001119978,15,0.0979980400391992,0.6999999999999998,1.0,0.5384615384615384,3.387932241355173,0.8888888888888888,114.74,-187.08834254143648,-31.926338317651275,398.9116574585635,False,True,356.99726519337014,316.7265745856354,68.07366168234873,39.36357142857144,0,586.0,32.541585109746684,0,0,0,9,0,6901,0.966120677586448,18,1,1,51.0,1,0.0,1.0,0.0338793224135517,1069.3950000000002,1217.8378074972186,28.0,1.0433270540501376,7,1517.0
Tags 3,0.950020999580008,2026-3,19,33.06801032247552,28.15472074468085,33.8285416666665,-0.1602666945881586,32.6,-0.24456140350877323,-0.07280701754386022,10.61578947368421,33.82833220887478,27.67854880516591,22.0,25.0,19.0,6.154720744680851,6.154720744680851,2.025136590448636,0,17,66.61277873789918,0.46199553348253164,40.805263157894736,86.8,-0.061929824561403904,64.3,1.3240350877192981,10,1,1,27.420104166666647,27.420104166666647,5.933759431890661,0,3,1,0,0.5263157894736842,0.15789473684210525,50.0,60.0,50.0,674.3039443155452,58.0046403712297,1.0007250580046405,1.001740139211137,1.1465031488233344,19,1,55.94048002309084,-465.6960556844548,-51.9953596287703,59.14946879960923,52.731491246572446,0,0,0.4987883289522332,13.019739605207896,1140.0,110.0,1.8199636007279856,135.71699999999998,111.28299999999999,7.143,-2.143,0.6999860002799945,0.2024291497975708,0.4251012145748988,1,16,1.799944001119978,15,0.0699986000279994,0.7142857142857141,0.4999999999999997,0.7142857142857141,3.457930841383172,0.8421052631578947,114.74,-196.886546961326,-30.71552994716474,444.1134530386741,False,True,398.9116574585635,356.99726519337014,69.28447005283527,39.36357142857144,0,641.0,32.28563583055822,0,0,0,10,0,6896,0.965420691586168,19,1,1,55.0,1,0.0,1.0,0.0345793084138317,1069.3950000000002,1239.499169245223,28.0,1.0440835266821349,7,1517.0
Tags 3,0.950020999580008,2026-3,20,32.822345843585786,28.15472074468085,28.15472074468085,-0.20756130361548827,32.6,-0.30721804511278417,-0.10977443609022616,10.44,33.82833220887478,27.67854880516591,22.0,25.0,19.0,6.154720744680851,6.154720744680851,2.256623018805256,0,17,67.15314500933755,0.550386534824562,39.89,86.8,0.009022556390975718,64.3,1.4584962406015034,11,1,1,27.420104166666647,27.420104166666647,6.260693532698335,0,3,1,0,0.55,0.15,50.0,60.0,50.0,739.8810387349484,65.28362106484839,1.1254896271579862,1.126305672421297,1.1274481357899315,20,1,56.56186745697843,-520.1189612650516,-54.71637893515161,58.72071735991654,54.403017554040325,0,0,0.48622654006985255,14.279714405711886,1260.0,120.0,1.749965000699986,142.85999999999999,107.13999999999999,7.143,-4.143,0.4199916001679966,0.2,0.42,1,16,1.799944001119978,15,0.0419991600167996,0.5999999999999993,0.428571428571428,0.2999999999999995,3.499930001399972,0.8,114.74,-207.0410497237569,-29.66204150770157,490.9589502762431,False,True,444.1134530386741,398.9116574585635,70.33795849229844,39.36357142857144,0,698.0,32.0552814792886,0,0,0,11,0,6893,0.965000699986,20,1,1,57.0,1,0.0,1.0,0.0349993000139997,1069.3950000000002,1258.3460774272191,28.0,1.0445379370375742,7,1517.0
Tags 3,0.950020999580008,2026-3,21,32.60007798173317,28.15472074468085,28.15472074468085,-0.23987599726408915,32.6,-0.3496103896103894,-0.13571428571428554,10.28095238095238,33.82833220887478,27.67854880516591,22.0,25.0,19.0,6.154720744680851,6.154720744680851,2.4238797674832937,0,17,67.64204782635322,0.6086709574436703,39.061904761904756,86.8,0.06142857142857043,64.3,1.5390909090909088,12,1,1,27.420104166666647,27.420104166666647,6.500462644231967,0,3,1,0,0.5714285714285714,0.14285714285714285,50.0,60.0,50.0,806.4516129032259,65.38796861377507,1.0015983725661146,1.1272885789014822,1.1281059285091544,21,1,56.46424825947968,-573.5483870967741,-54.61203138622493,58.4385226741468,54.48997384481255,0,0,0.4767509542701146,15.539689206215876,1380.0,120.0,1.739965200695986,150.003,110.99699999999999,7.143,3.857,1.5399692006159875,0.1915708812260536,0.4022988505747126,1,17,1.799944001119978,15,0.1539969200615987,3.0,2.2,1.5714285714285712,3.6539269214615713,0.8095238095238095,114.74,-217.73,-28.72427440633245,540.27,False,False,490.9589502762431,444.1134530386741,71.27572559366754,42.50142857142857,0,758.0,31.846865637663708,0,0,0,12,0,6882,0.963460730785384,21,1,1,60.0,1,0.0,1.0,0.0365392692146157,1135.29,1275.1227308707123,28.0,1.046207497820401,7,1517.0
