candidate,validation_view,held_out_group,cycle_id,building_id,review_day,as_of_date,actual,predicted,error,seed
historical_remaining_gain,cycle,2025-2,2025-2,Tags 1,7,2025-04-04,1573.0,1533.9524999999999,-39.04750000000013,20260812
historical_remaining_gain,cycle,2025-2,2025-2,Tags 1,14,2025-04-11,1573.0,1582.9792857142857,9.979285714285652,20260812
historical_remaining_gain,cycle,2025-2,2025-2,Tags 1,21,2025-04-18,1573.0,1526.807857142857,-46.192142857142926,20260812
historical_remaining_gain,cycle,2025-2,2025-2,Tags 1,28,2025-04-25,1573.0,1879.517857142857,306.5178571428571,20260812
historical_remaining_gain,cycle,2025-2,2025-2,Tags 2,7,2025-04-04,1599.0,1527.9524999999999,-71.04750000000013,20260812
historical_remaining_gain,cycle,2025-2,2025-2,Tags 2,14,2025-04-11,1599.0,1588.9792857142857,-10.020714285714348,20260812
historical_remaining_gain,cycle,2025-2,2025-2,Tags 2,21,2025-04-18,1599.0,1645.807857142857,46.807857142857074,20260812
historical_remaining_gain,cycle,2025-2,2025-2,Tags 2,28,2025-04-25,1599.0,1821.517857142857,222.5178571428571,20260812
historical_remaining_gain,cycle,2025-2,2025-2,Tags 3,7,2025-04-04,1544.0,1532.9524999999999,-11.047500000000127,20260812
historical_remaining_gain,cycle,2025-2,2025-2,Tags 3,14,2025-04-11,1544.0,1588.9792857142857,44.97928571428565,20260812
historical_remaining_gain,cycle,2025-2,2025-2,Tags 3,21,2025-04-18,1544.0,1657.807857142857,113.80785714285707,20260812
historical_remaining_gain,cycle,2025-2,2025-2,Tags 3,28,2025-04-25,1544.0,1664.517857142857,120.51785714285711,20260812
historical_remaining_gain,cycle,2025-3,2025-3,Lags 1,7,2025-07-16,1479.9999999999998,1487.6188461538463,7.618846153846562,20260812
historical_remaining_gain,cycle,2025-3,2025-3,Lags 1,14,2025-07-23,1479.9999999999998,1498.6042307692308,18.60423076923098,20260812
historical_remaining_gain,cycle,2025-3,2025-3,Lags 1,21,2025-07-30,1479.9999999999998,1425.7742307692308,-54.22576923076895,20260812
historical_remaining_gain,cycle,2025-3,2025-3,Lags 1,28,2025-08-06,1479.9999999999998,1382.7615384615385,-97.23846153846125,20260812
historical_remaining_gain,cycle,2025-3,2025-3,Lags 2,7,2025-07-22,1554.0,1484.6188461538463,-69.38115384615367,20260812
historical_remaining_gain,cycle,2025-3,2025-3,Lags 2,14,2025-07-29,1554.0,1453.1042307692308,-100.89576923076925,20260812
historical_remaining_gain,cycle,2025-3,2025-3,Lags 2,21,2025-08-05,1554.0,1392.7742307692308,-161.22576923076917,20260812
historical_remaining_gain,cycle,2025-3,2025-3,Lags 2,28,2025-08-12,1554.0,1442.7615384615383,-111.2384615384617,20260812
historical_remaining_gain,cycle,2025-3,2025-3,Tags 1,7,2025-06-20,1477.24,1513.6188461538463,36.378846153846325,20260812
historical_remaining_gain,cycle,2025-3,2025-3,Tags 1,14,2025-06-27,1477.24,1520.6842307692307,43.44423076923067,20260812
historical_remaining_gain,cycle,2025-3,2025-3,Tags 1,21,2025-07-04,1477.24,1567.2842307692308,90.04423076923081,20260812
historical_remaining_gain,cycle,2025-3,2025-3,Tags 1,28,2025-07-11,1477.24,1573.5615384615385,96.32153846153847,20260812
historical_remaining_gain,cycle,2025-3,2025-3,Tags 2,7,2025-06-20,1490.24,1512.6188461538463,22.378846153846325,20260812
historical_remaining_gain,cycle,2025-3,2025-3,Tags 2,14,2025-06-27,1490.24,1538.6642307692307,48.42423076923069,20260812
historical_remaining_gain,cycle,2025-3,2025-3,Tags 2,21,2025-07-04,1490.24,1549.4442307692307,59.20423076923066,20260812
historical_remaining_gain,cycle,2025-3,2025-3,Tags 2,28,2025-07-11,1490.24,1621.4015384615386,131.1615384615386,20260812
historical_remaining_gain,cycle,2025-3,2025-3,Tags 3,7,2025-06-20,1582.1,1515.6188461538463,-66.48115384615357,20260812
historical_remaining_gain,cycle,2025-3,2025-3,Tags 3,14,2025-06-27,1582.1,1559.3342307692308,-22.765769230769138,20260812
historical_remaining_gain,cycle,2025-3,2025-3,Tags 3,21,2025-07-04,1582.1,1513.684230769231,-68.415769230769,20260812
historical_remaining_gain,cycle,2025-3,2025-3,Tags 3,28,2025-07-11,1582.1,1538.2015384615386,-43.89846153846133,20260812
historical_remaining_gain,cycle,2025-4,2025-4,Lags 1,7,2025-10-03,1568.0,1492.7003846153846,-75.29961538461544,20260812
historical_remaining_gain,cycle,2025-4,2025-4,Lags 1,14,2025-10-10,1568.0,1481.3961538461538,-86.60384615384623,20260812
historical_remaining_gain,cycle,2025-4,2025-4,Lags 1,21,2025-10-17,1568.0,1559.6157692307693,-8.384230769230726,20260812
historical_remaining_gain,cycle,2025-4,2025-4,Lags 1,28,2025-10-24,1568.0,1642.2230769230769,74.22307692307686,20260812
historical_remaining_gain,cycle,2025-4,2025-4,Lags 2,7,2025-10-03,1594.0,1492.7003846153846,-101.29961538461544,20260812
historical_remaining_gain,cycle,2025-4,2025-4,Lags 2,14,2025-10-10,1594.0,1489.3961538461538,-104.60384615384623,20260812
historical_remaining_gain,cycle,2025-4,2025-4,Lags 2,21,2025-10-17,1594.0,1568.6157692307693,-25.384230769230726,20260812
historical_remaining_gain,cycle,2025-4,2025-4,Lags 2,28,2025-10-24,1594.0,1680.223076923077,86.22307692307709,20260812
historical_remaining_gain,cycle,2025-4,2025-4,Tags 1,7,2025-09-02,1441.5,1482.0003846153845,40.50038461538452,20260812
historical_remaining_gain,cycle,2025-4,2025-4,Tags 1,14,2025-09-09,1441.5,1462.1961538461537,20.69615384615372,20260812
historical_remaining_gain,cycle,2025-4,2025-4,Tags 1,21,2025-09-16,1441.5,1434.4857692307692,-7.014230769230835,20260812
historical_remaining_gain,cycle,2025-4,2025-4,Tags 1,28,2025-09-23,1441.5,1253.0430769230768,-188.4569230769232,20260812
historical_remaining_gain,cycle,2025-4,2025-4,Tags 2,7,2025-09-02,1450.0400000000002,1485.3003846153845,35.26038461538428,20260812
historical_remaining_gain,cycle,2025-4,2025-4,Tags 2,14,2025-09-09,1450.0400000000002,1501.8961538461538,51.856153846153575,20260812
historical_remaining_gain,cycle,2025-4,2025-4,Tags 2,21,2025-09-16,1450.0400000000002,1485.2357692307694,35.1957692307692,20260812
historical_remaining_gain,cycle,2025-4,2025-4,Tags 2,28,2025-09-23,1450.0400000000002,1292.4030769230767,-157.6369230769235,20260812
historical_remaining_gain,cycle,2025-4,2025-4,Tags 3,7,2025-09-02,1293.1200000000001,1482.0003846153845,188.8803846153844,20260812
historical_remaining_gain,cycle,2025-4,2025-4,Tags 3,14,2025-09-09,1293.1200000000001,1500.6361538461538,207.51615384615366,20260812
historical_remaining_gain,cycle,2025-4,2025-4,Tags 3,21,2025-09-16,1293.1200000000001,1469.1757692307692,176.0557692307691,20260812
historical_remaining_gain,cycle,2025-4,2025-4,Tags 3,28,2025-09-23,1293.1200000000001,1313.183076923077,20.06307692307678,20260812
historical_remaining_gain,cycle,2025-5,2025-5,Lags 1,7,2025-12-17,1306.0,1485.8668,179.8668,20260812
historical_remaining_gain,cycle,2025-5,2025-5,Lags 1,14,2025-12-24,1306.0,1440.7767999999999,134.77679999999987,20260812
historical_remaining_gain,cycle,2025-5,2025-5,Lags 1,21,2025-12-31,1306.0,1370.5848,64.58480000000009,20260812
historical_remaining_gain,cycle,2025-5,2025-5,Lags 1,28,2026-01-07,1306.0,1357.1799999999998,51.179999999999836,20260812
historical_remaining_gain,cycle,2025-5,2025-5,Lags 2,7,2025-12-24,1176.0,1481.8668,305.8668,20260812
historical_remaining_gain,cycle,2025-5,2025-5,Lags 2,14,2025-12-31,1176.0,1392.7767999999999,216.77679999999987,20260812
historical_remaining_gain,cycle,2025-5,2025-5,Lags 2,21,2026-01-07,1176.0,1290.5848,114.58480000000009,20260812
historical_remaining_gain,cycle,2025-5,2025-5,Lags 2,28,2026-01-14,1176.0,1189.1799999999998,13.179999999999836,20260812
historical_remaining_gain,cycle,2025-5,2025-5,Lags 3,7,2026-01-02,1182.0,1482.8668,300.8668,20260812
historical_remaining_gain,cycle,2025-5,2025-5,Lags 3,14,2026-01-09,1182.0,1405.7767999999999,223.77679999999987,20260812
historical_remaining_gain,cycle,2025-5,2025-5,Lags 3,21,2026-01-16,1182.0,1306.5848,124.58480000000009,20260812
historical_remaining_gain,cycle,2025-5,2025-5,Lags 3,28,2026-01-23,1182.0,1191.1799999999998,9.179999999999836,20260812
historical_remaining_gain,cycle,2025-5,2025-5,Tags 1,7,2025-11-18,1702.0,1498.8668,-203.1332,20260812
historical_remaining_gain,cycle,2025-5,2025-5,Tags 1,14,2025-11-25,1702.0,1472.7767999999999,-229.22320000000013,20260812
historical_remaining_gain,cycle,2025-5,2025-5,Tags 1,21,2025-12-02,1702.0,1417.5848,-284.4151999999999,20260812
historical_remaining_gain,cycle,2025-5,2025-5,Tags 1,28,2025-12-09,1702.0,1597.1799999999998,-104.82000000000016,20260812
historical_remaining_gain,cycle,2025-5,2025-5,Tags 2,7,2025-11-18,1776.0,1495.8668,-280.1332,20260812
historical_remaining_gain,cycle,2025-5,2025-5,Tags 2,14,2025-11-25,1776.0,1500.7767999999999,-275.22320000000013,20260812
historical_remaining_gain,cycle,2025-5,2025-5,Tags 2,21,2025-12-02,1776.0,1519.5848,-256.4151999999999,20260812
historical_remaining_gain,cycle,2025-5,2025-5,Tags 2,28,2025-12-09,1776.0,1571.1799999999998,-204.82000000000016,20260812
historical_remaining_gain,cycle,2025-5,2025-5,Tags 3,7,2025-11-18,1738.0,1496.8668,-241.1332,20260812
historical_remaining_gain,cycle,2025-5,2025-5,Tags 3,14,2025-11-25,1738.0,1488.7767999999999,-249.22320000000013,20260812
historical_remaining_gain,cycle,2025-5,2025-5,Tags 3,21,2025-12-02,1738.0,1555.5848,-182.4151999999999,20260812
historical_remaining_gain,cycle,2025-5,2025-5,Tags 3,28,2025-12-09,1738.0,1590.1799999999998,-147.82000000000016,20260812
historical_remaining_gain,cycle,2026-1,2026-1,Lags 1,7,2026-03-12,1605.9999999999998,1454.6272,-151.37279999999987,20260812
historical_remaining_gain,cycle,2026-1,2026-1,Lags 1,14,2026-03-19,1605.9999999999998,1514.7248,-91.27519999999981,20260812
historical_remaining_gain,cycle,2026-1,2026-1,Lags 1,21,2026-03-26,1605.9999999999998,1501.2039999999997,-104.79600000000005,20260812
historical_remaining_gain,cycle,2026-1,2026-1,Lags 1,28,2026-04-02,1605.9999999999998,1545.0776,-60.9223999999997,20260812
historical_remaining_gain,cycle,2026-1,2026-1,Lags 2,7,2026-03-20,1972.0000000000002,1458.6272,-513.3728000000003,20260812
historical_remaining_gain,cycle,2026-1,2026-1,Lags 2,14,2026-03-27,1972.0000000000002,1590.2448,-381.7552000000003,20260812
historical_remaining_gain,cycle,2026-1,2026-1,Lags 2,21,2026-04-03,1972.0000000000002,1777.204,-194.79600000000028,20260812
historical_remaining_gain,cycle,2026-1,2026-1,Lags 2,28,2026-04-10,1972.0000000000002,1943.0776,-28.922400000000152,20260812
historical_remaining_gain,cycle,2026-1,2026-1,Lags 3,7,2026-03-27,1691.4399999999998,1452.6272,-238.81279999999992,20260812
historical_remaining_gain,cycle,2026-1,2026-1,Lags 3,14,2026-04-03,1691.4399999999998,1424.7448,-266.6951999999999,20260812
historical_remaining_gain,cycle,2026-1,2026-1,Lags 3,21,2026-04-10,1691.4399999999998,1385.204,-306.2359999999999,20260812
historical_remaining_gain,cycle,2026-1,2026-1,Lags 3,28,2026-04-17,1691.4399999999998,1465.0776,-226.36239999999975,20260812
historical_remaining_gain,cycle,2026-1,2026-1,Tags 1,7,2026-02-06,1446.68,1474.8372,28.157199999999875,20260812
historical_remaining_gain,cycle,2026-1,2026-1,Tags 1,14,2026-02-13,1446.68,1540.2048,93.52479999999991,20260812
historical_remaining_gain,cycle,2026-1,2026-1,Tags 1,21,2026-02-20,1446.68,1628.884,182.20399999999995,20260812
historical_remaining_gain,cycle,2026-1,2026-1,Tags 1,28,2026-02-27,1446.68,1634.5576,187.87760000000003,20260812
historical_remaining_gain,cycle,2026-1,2026-1,Tags 2,7,2026-02-06,1550.16,1476.1172,-74.04280000000017,20260812
historical_remaining_gain,cycle,2026-1,2026-1,Tags 2,14,2026-02-13,1550.16,1496.2448,-53.91520000000014,20260812
historical_remaining_gain,cycle,2026-1,2026-1,Tags 2,21,2026-02-20,1550.16,1670.484,120.32399999999984,20260812
historical_remaining_gain,cycle,2026-1,2026-1,Tags 2,28,2026-02-27,1550.16,1617.0376,66.87760000000003,20260812
historical_remaining_gain,cycle,2026-1,2026-1,Tags 3,7,2026-02-06,1691.4399999999998,1471.1571999999999,-220.28279999999995,20260812
historical_remaining_gain,cycle,2026-1,2026-1,Tags 3,14,2026-02-13,1691.4399999999998,1514.7248,-176.71519999999987,20260812
historical_remaining_gain,cycle,2026-1,2026-1,Tags 3,21,2026-02-20,1691.4399999999998,1656.444,-34.99599999999987,20260812
historical_remaining_gain,cycle,2026-1,2026-1,Tags 3,28,2026-02-27,1691.4399999999998,1613.7975999999999,-77.64239999999995,20260812
historical_remaining_gain,cycle,2026-2,2026-2,Lags 1,7,2026-06-08,1192.0,1529.8411999999998,337.84119999999984,20260812
historical_remaining_gain,cycle,2026-2,2026-2,Lags 1,14,2026-06-15,1192.0,1482.9052000000001,290.90520000000015,20260812
historical_remaining_gain,cycle,2026-2,2026-2,Lags 1,21,2026-06-22,1192.0,1321.2248,129.22479999999996,20260812
historical_remaining_gain,cycle,2026-2,2026-2,Lags 1,28,2026-06-29,1192.0,1117.3584,-74.64159999999993,20260812
historical_remaining_gain,cycle,2026-2,2026-2,Lags 2,7,2026-06-16,1204.0,1529.8411999999998,325.84119999999984,20260812
historical_remaining_gain,cycle,2026-2,2026-2,Lags 2,14,2026-06-23,1204.0,1445.9052000000001,241.90520000000015,20260812
historical_remaining_gain,cycle,2026-2,2026-2,Lags 2,21,2026-06-30,1204.0,1303.2248,99.22479999999996,20260812
historical_remaining_gain,cycle,2026-2,2026-2,Lags 2,28,2026-07-07,1204.0,1195.3583999999998,-8.641600000000153,20260812
historical_remaining_gain,cycle,2026-2,2026-2,Lags 3,7,2026-06-22,1078.0,1501.8411999999998,423.84119999999984,20260812
historical_remaining_gain,cycle,2026-2,2026-2,Lags 3,14,2026-06-29,1078.0,1410.4052000000001,332.40520000000015,20260812
historical_remaining_gain,cycle,2026-2,2026-2,Lags 3,21,2026-07-06,1078.0,1234.2248,156.22479999999996,20260812
historical_remaining_gain,cycle,2026-2,2026-2,Lags 3,28,2026-07-13,1078.0,1023.3584000000001,-54.641599999999926,20260812
historical_remaining_gain,cycle,2026-2,2026-2,Tags 1,7,2026-04-25,1360.0,1543.0811999999999,183.08119999999985,20260812
historical_remaining_gain,cycle,2026-2,2026-2,Tags 1,14,2026-05-02,1360.0,1516.1652000000001,156.16520000000014,20260812
historical_remaining_gain,cycle,2026-2,2026-2,Tags 1,21,2026-05-09,1360.0,1564.6248,204.62480000000005,20260812
historical_remaining_gain,cycle,2026-2,2026-2,Tags 1,28,2026-05-16,1360.0,1531.9584,171.95839999999998,20260812
historical_remaining_gain,cycle,2026-2,2026-2,Tags 2,7,2026-04-25,1556.2800000000002,1536.6211999999998,-19.658800000000383,20260812
historical_remaining_gain,cycle,2026-2,2026-2,Tags 2,14,2026-05-02,1556.2800000000002,1510.2452,-46.03480000000013,20260812
historical_remaining_gain,cycle,2026-2,2026-2,Tags 2,21,2026-05-09,1556.2800000000002,1571.1048,14.824799999999868,20260812
historical_remaining_gain,cycle,2026-2,2026-2,Tags 2,28,2026-05-16,1556.2800000000002,1547.4584,-8.821600000000217,20260812
historical_remaining_gain,cycle,2026-2,2026-2,Tags 3,7,2026-04-25,1564.0,1536.9611999999997,-27.038800000000265,20260812
historical_remaining_gain,cycle,2026-2,2026-2,Tags 3,14,2026-05-02,1564.0,1514.7952000000002,-49.20479999999975,20260812
historical_remaining_gain,cycle,2026-2,2026-2,Tags 3,21,2026-05-09,1564.0,1552.2248,-11.77520000000004,20260812
historical_remaining_gain,cycle,2026-2,2026-2,Tags 3,28,2026-05-16,1564.0,1532.3984,-31.601599999999962,20260812
target_gap_preserving,cycle,2025-2,2025-2,Tags 1,7,2025-04-04,1573.0,1779.0,206.0,20260812
target_gap_preserving,cycle,2025-2,2025-2,Tags 1,14,2025-04-11,1573.0,1758.0,185.0,20260812
target_gap_preserving,cycle,2025-2,2025-2,Tags 1,21,2025-04-18,1573.0,1554.0,-19.0,20260812
target_gap_preserving,cycle,2025-2,2025-2,Tags 1,28,2025-04-25,1573.0,1931.0,358.0,20260812
target_gap_preserving,cycle,2025-2,2025-2,Tags 2,7,2025-04-04,1599.0,1773.0,174.0,20260812
target_gap_preserving,cycle,2025-2,2025-2,Tags 2,14,2025-04-11,1599.0,1764.0,165.0,20260812
target_gap_preserving,cycle,2025-2,2025-2,Tags 2,21,2025-04-18,1599.0,1673.0,74.0,20260812
target_gap_preserving,cycle,2025-2,2025-2,Tags 2,28,2025-04-25,1599.0,1873.0,274.0,20260812
target_gap_preserving,cycle,2025-2,2025-2,Tags 3,7,2025-04-04,1544.0,1778.0,234.0,20260812
target_gap_preserving,cycle,2025-2,2025-2,Tags 3,14,2025-04-11,1544.0,1764.0,220.0,20260812
target_gap_preserving,cycle,2025-2,2025-2,Tags 3,21,2025-04-18,1544.0,1685.0,141.0,20260812
target_gap_preserving,cycle,2025-2,2025-2,Tags 3,28,2025-04-25,1544.0,1716.0,172.0,20260812
target_gap_preserving,cycle,2025-3,2025-3,Lags 1,7,2025-07-16,1479.9999999999998,1731.0,251.00000000000023,20260812
target_gap_preserving,cycle,2025-3,2025-3,Lags 1,14,2025-07-23,1479.9999999999998,1675.5,195.50000000000023,20260812
target_gap_preserving,cycle,2025-3,2025-3,Lags 1,21,2025-07-30,1479.9999999999998,1461.0,-18.999999999999773,20260812
target_gap_preserving,cycle,2025-3,2025-3,Lags 1,28,2025-08-06,1479.9999999999998,1456.0,-23.999999999999773,20260812
target_gap_preserving,cycle,2025-3,2025-3,Lags 2,7,2025-07-22,1554.0,1728.0,174.0,20260812
target_gap_preserving,cycle,2025-3,2025-3,Lags 2,14,2025-07-29,1554.0,1630.0,76.0,20260812
target_gap_preserving,cycle,2025-3,2025-3,Lags 2,21,2025-08-05,1554.0,1428.0,-126.0,20260812
target_gap_preserving,cycle,2025-3,2025-3,Lags 2,28,2025-08-12,1554.0,1516.0,-38.0,20260812
target_gap_preserving,cycle,2025-3,2025-3,Tags 1,7,2025-06-20,1477.24,1757.0,279.76,20260812
target_gap_preserving,cycle,2025-3,2025-3,Tags 1,14,2025-06-27,1477.24,1697.58,220.33999999999992,20260812
target_gap_preserving,cycle,2025-3,2025-3,Tags 1,21,2025-07-04,1477.24,1602.51,125.26999999999998,20260812
target_gap_preserving,cycle,2025-3,2025-3,Tags 1,28,2025-07-11,1477.24,1646.8,169.55999999999995,20260812
target_gap_preserving,cycle,2025-3,2025-3,Tags 2,7,2025-06-20,1490.24,1756.0,265.76,20260812
target_gap_preserving,cycle,2025-3,2025-3,Tags 2,14,2025-06-27,1490.24,1715.56,225.31999999999994,20260812
target_gap_preserving,cycle,2025-3,2025-3,Tags 2,21,2025-07-04,1490.24,1584.67,94.43000000000006,20260812
target_gap_preserving,cycle,2025-3,2025-3,Tags 2,28,2025-07-11,1490.24,1694.64,204.4000000000001,20260812
target_gap_preserving,cycle,2025-3,2025-3,Tags 3,7,2025-06-20,1582.1,1759.0,176.9000000000001,20260812
target_gap_preserving,cycle,2025-3,2025-3,Tags 3,14,2025-06-27,1582.1,1736.23,154.1300000000001,20260812
target_gap_preserving,cycle,2025-3,2025-3,Tags 3,21,2025-07-04,1582.1,1548.9099999999999,-33.190000000000055,20260812
target_gap_preserving,cycle,2025-3,2025-3,Tags 3,28,2025-07-11,1582.1,1611.44,29.340000000000146,20260812
target_gap_preserving,cycle,2025-4,2025-4,Lags 1,7,2025-10-03,1568.0,1731.0,163.0,20260812
target_gap_preserving,cycle,2025-4,2025-4,Lags 1,14,2025-10-10,1568.0,1655.0,87.0,20260812
target_gap_preserving,cycle,2025-4,2025-4,Lags 1,21,2025-10-17,1568.0,1585.0,17.0,20260812
target_gap_preserving,cycle,2025-4,2025-4,Lags 1,28,2025-10-24,1568.0,1720.0,152.0,20260812
target_gap_preserving,cycle,2025-4,2025-4,Lags 2,7,2025-10-03,1594.0,1731.0,137.0,20260812
target_gap_preserving,cycle,2025-4,2025-4,Lags 2,14,2025-10-10,1594.0,1663.0,69.0,20260812
target_gap_preserving,cycle,2025-4,2025-4,Lags 2,21,2025-10-17,1594.0,1594.0,0.0,20260812
target_gap_preserving,cycle,2025-4,2025-4,Lags 2,28,2025-10-24,1594.0,1758.0000000000002,164.00000000000023,20260812
target_gap_preserving,cycle,2025-4,2025-4,Tags 1,7,2025-09-02,1441.5,1720.3,278.79999999999995,20260812
target_gap_preserving,cycle,2025-4,2025-4,Tags 1,14,2025-09-09,1441.5,1635.8,194.29999999999995,20260812
target_gap_preserving,cycle,2025-4,2025-4,Tags 1,21,2025-09-16,1441.5,1459.87,18.36999999999989,20260812
target_gap_preserving,cycle,2025-4,2025-4,Tags 1,28,2025-09-23,1441.5,1330.82,-110.68000000000006,20260812
target_gap_preserving,cycle,2025-4,2025-4,Tags 2,7,2025-09-02,1450.0400000000002,1723.6,273.5599999999997,20260812
target_gap_preserving,cycle,2025-4,2025-4,Tags 2,14,2025-09-09,1450.0400000000002,1675.5,225.4599999999998,20260812
target_gap_preserving,cycle,2025-4,2025-4,Tags 2,21,2025-09-16,1450.0400000000002,1510.6200000000001,60.57999999999993,20260812
target_gap_preserving,cycle,2025-4,2025-4,Tags 2,28,2025-09-23,1450.0400000000002,1370.1799999999998,-79.86000000000035,20260812
target_gap_preserving,cycle,2025-4,2025-4,Tags 3,7,2025-09-02,1293.1200000000001,1720.3,427.17999999999984,20260812
target_gap_preserving,cycle,2025-4,2025-4,Tags 3,14,2025-09-09,1293.1200000000001,1674.24,381.1199999999999,20260812
target_gap_preserving,cycle,2025-4,2025-4,Tags 3,21,2025-09-16,1293.1200000000001,1494.56,201.43999999999983,20260812
target_gap_preserving,cycle,2025-4,2025-4,Tags 3,28,2025-09-23,1293.1200000000001,1390.96,97.83999999999992,20260812
target_gap_preserving,cycle,2025-5,2025-5,Lags 1,7,2025-12-17,1306.0,1725.0,419.0,20260812
target_gap_preserving,cycle,2025-5,2025-5,Lags 1,14,2025-12-24,1306.0,1623.0,317.0,20260812
target_gap_preserving,cycle,2025-5,2025-5,Lags 1,21,2025-12-31,1306.0,1415.0,109.0,20260812
target_gap_preserving,cycle,2025-5,2025-5,Lags 1,28,2026-01-07,1306.0,1442.0,136.0,20260812
target_gap_preserving,cycle,2025-5,2025-5,Lags 2,7,2025-12-24,1176.0,1721.0,545.0,20260812
target_gap_preserving,cycle,2025-5,2025-5,Lags 2,14,2025-12-31,1176.0,1575.0,399.0,20260812
target_gap_preserving,cycle,2025-5,2025-5,Lags 2,21,2026-01-07,1176.0,1335.0,159.0,20260812
target_gap_preserving,cycle,2025-5,2025-5,Lags 2,28,2026-01-14,1176.0,1274.0,98.0,20260812
target_gap_preserving,cycle,2025-5,2025-5,Lags 3,7,2026-01-02,1182.0,1722.0,540.0,20260812
target_gap_preserving,cycle,2025-5,2025-5,Lags 3,14,2026-01-09,1182.0,1588.0,406.0,20260812
target_gap_preserving,cycle,2025-5,2025-5,Lags 3,21,2026-01-16,1182.0,1351.0,169.0,20260812
target_gap_preserving,cycle,2025-5,2025-5,Lags 3,28,2026-01-23,1182.0,1276.0,94.0,20260812
target_gap_preserving,cycle,2025-5,2025-5,Tags 1,7,2025-11-18,1702.0,1738.0,36.0,20260812
target_gap_preserving,cycle,2025-5,2025-5,Tags 1,14,2025-11-25,1702.0,1655.0,-47.0,20260812
target_gap_preserving,cycle,2025-5,2025-5,Tags 1,21,2025-12-02,1702.0,1462.0,-240.0,20260812
target_gap_preserving,cycle,2025-5,2025-5,Tags 1,28,2025-12-09,1702.0,1682.0,-20.0,20260812
target_gap_preserving,cycle,2025-5,2025-5,Tags 2,7,2025-11-18,1776.0,1735.0,-41.0,20260812
target_gap_preserving,cycle,2025-5,2025-5,Tags 2,14,2025-11-25,1776.0,1683.0,-93.0,20260812
target_gap_preserving,cycle,2025-5,2025-5,Tags 2,21,2025-12-02,1776.0,1564.0,-212.0,20260812
target_gap_preserving,cycle,2025-5,2025-5,Tags 2,28,2025-12-09,1776.0,1656.0,-120.0,20260812
target_gap_preserving,cycle,2025-5,2025-5,Tags 3,7,2025-11-18,1738.0,1736.0,-2.0,20260812
target_gap_preserving,cycle,2025-5,2025-5,Tags 3,14,2025-11-25,1738.0,1671.0,-67.0,20260812
target_gap_preserving,cycle,2025-5,2025-5,Tags 3,21,2025-12-02,1738.0,1600.0,-138.0,20260812
target_gap_preserving,cycle,2025-5,2025-5,Tags 3,28,2025-12-09,1738.0,1675.0,-63.0,20260812
target_gap_preserving,cycle,2026-1,2026-1,Lags 1,7,2026-03-12,1605.9999999999998,1733.5,127.50000000000023,20260812
target_gap_preserving,cycle,2026-1,2026-1,Lags 1,14,2026-03-19,1605.9999999999998,1719.48,113.48000000000025,20260812
target_gap_preserving,cycle,2026-1,2026-1,Lags 1,21,2026-03-26,1605.9999999999998,1543.0,-62.99999999999977,20260812
target_gap_preserving,cycle,2026-1,2026-1,Lags 1,28,2026-04-02,1605.9999999999998,1622.0,16.000000000000227,20260812
target_gap_preserving,cycle,2026-1,2026-1,Lags 2,7,2026-03-20,1972.0000000000002,1737.5,-234.50000000000023,20260812
target_gap_preserving,cycle,2026-1,2026-1,Lags 2,14,2026-03-27,1972.0000000000002,1795.0,-177.00000000000023,20260812
target_gap_preserving,cycle,2026-1,2026-1,Lags 2,21,2026-04-03,1972.0000000000002,1819.0,-153.00000000000023,20260812
target_gap_preserving,cycle,2026-1,2026-1,Lags 2,28,2026-04-10,1972.0000000000002,2020.0,47.99999999999977,20260812
target_gap_preserving,cycle,2026-1,2026-1,Lags 3,7,2026-03-27,1691.4399999999998,1731.5,40.06000000000017,20260812
target_gap_preserving,cycle,2026-1,2026-1,Lags 3,14,2026-04-03,1691.4399999999998,1629.5,-61.93999999999983,20260812
target_gap_preserving,cycle,2026-1,2026-1,Lags 3,21,2026-04-10,1691.4399999999998,1427.0,-264.4399999999998,20260812
target_gap_preserving,cycle,2026-1,2026-1,Lags 3,28,2026-04-17,1691.4399999999998,1542.0,-149.43999999999983,20260812
target_gap_preserving,cycle,2026-1,2026-1,Tags 1,7,2026-02-06,1446.68,1753.71,307.03,20260812
target_gap_preserving,cycle,2026-1,2026-1,Tags 1,14,2026-02-13,1446.68,1744.96,298.28,20260812
target_gap_preserving,cycle,2026-1,2026-1,Tags 1,21,2026-02-20,1446.68,1670.6799999999998,223.99999999999977,20260812
target_gap_preserving,cycle,2026-1,2026-1,Tags 1,28,2026-02-27,1446.68,1711.48,264.79999999999995,20260812
target_gap_preserving,cycle,2026-1,2026-1,Tags 2,7,2026-02-06,1550.16,1754.99,204.82999999999993,20260812
target_gap_preserving,cycle,2026-1,2026-1,Tags 2,14,2026-02-13,1550.16,1701.0,150.83999999999992,20260812
target_gap_preserving,cycle,2026-1,2026-1,Tags 2,21,2026-02-20,1550.16,1712.2799999999997,162.11999999999966,20260812
target_gap_preserving,cycle,2026-1,2026-1,Tags 2,28,2026-02-27,1550.16,1693.96,143.79999999999995,20260812
target_gap_preserving,cycle,2026-1,2026-1,Tags 3,7,2026-02-06,1691.4399999999998,1750.03,58.590000000000146,20260812
target_gap_preserving,cycle,2026-1,2026-1,Tags 3,14,2026-02-13,1691.4399999999998,1719.48,28.04000000000019,20260812
target_gap_preserving,cycle,2026-1,2026-1,Tags 3,21,2026-02-20,1691.4399999999998,1698.2399999999998,6.7999999999999545,20260812
target_gap_preserving,cycle,2026-1,2026-1,Tags 3,28,2026-02-27,1691.4399999999998,1690.72,-0.7199999999997999,20260812
target_gap_preserving,cycle,2026-2,2026-2,Lags 1,7,2026-06-08,1192.0,1731.5,539.5,20260812
target_gap_preserving,cycle,2026-2,2026-2,Lags 1,14,2026-06-15,1192.0,1629.5,437.5,20260812
target_gap_preserving,cycle,2026-2,2026-2,Lags 1,21,2026-06-22,1192.0,1333.0,141.0,20260812
target_gap_preserving,cycle,2026-2,2026-2,Lags 1,28,2026-06-29,1192.0,1190.0,-2.0,20260812
target_gap_preserving,cycle,2026-2,2026-2,Lags 2,7,2026-06-16,1204.0,1731.5,527.5,20260812
target_gap_preserving,cycle,2026-2,2026-2,Lags 2,14,2026-06-23,1204.0,1592.5,388.5,20260812
target_gap_preserving,cycle,2026-2,2026-2,Lags 2,21,2026-06-30,1204.0,1315.0,111.0,20260812
target_gap_preserving,cycle,2026-2,2026-2,Lags 2,28,2026-07-07,1204.0,1268.0,64.0,20260812
target_gap_preserving,cycle,2026-2,2026-2,Lags 3,7,2026-06-22,1078.0,1703.5,625.5,20260812
target_gap_preserving,cycle,2026-2,2026-2,Lags 3,14,2026-06-29,1078.0,1557.0,479.0,20260812
target_gap_preserving,cycle,2026-2,2026-2,Lags 3,21,2026-07-06,1078.0,1246.0,168.0,20260812
target_gap_preserving,cycle,2026-2,2026-2,Lags 3,28,2026-07-13,1078.0,1096.0,18.0,20260812
target_gap_preserving,cycle,2026-2,2026-2,Tags 1,7,2026-04-25,1360.0,1744.74,384.74,20260812
target_gap_preserving,cycle,2026-2,2026-2,Tags 1,14,2026-05-02,1360.0,1662.76,302.76,20260812
target_gap_preserving,cycle,2026-2,2026-2,Tags 1,21,2026-05-09,1360.0,1576.4,216.4000000000001,20260812
target_gap_preserving,cycle,2026-2,2026-2,Tags 1,28,2026-05-16,1360.0,1604.6000000000001,244.60000000000014,20260812
target_gap_preserving,cycle,2026-2,2026-2,Tags 2,7,2026-04-25,1556.2800000000002,1738.28,181.99999999999977,20260812
target_gap_preserving,cycle,2026-2,2026-2,Tags 2,14,2026-05-02,1556.2800000000002,1656.84,100.55999999999972,20260812
target_gap_preserving,cycle,2026-2,2026-2,Tags 2,21,2026-05-09,1556.2800000000002,1582.88,26.59999999999991,20260812
target_gap_preserving,cycle,2026-2,2026-2,Tags 2,28,2026-05-16,1556.2800000000002,1620.1,63.81999999999971,20260812
target_gap_preserving,cycle,2026-2,2026-2,Tags 3,7,2026-04-25,1564.0,1738.62,174.6199999999999,20260812
target_gap_preserving,cycle,2026-2,2026-2,Tags 3,14,2026-05-02,1564.0,1661.39,97.3900000000001,20260812
target_gap_preserving,cycle,2026-2,2026-2,Tags 3,21,2026-05-09,1564.0,1564.0,0.0,20260812
target_gap_preserving,cycle,2026-2,2026-2,Tags 3,28,2026-05-16,1564.0,1605.04,41.039999999999964,20260812
target_curve_ratio,cycle,2025-2,2025-2,Tags 1,7,2025-04-04,1573.0,1577.6470588235295,4.647058823529505,20260812
target_curve_ratio,cycle,2025-2,2025-2,Tags 1,14,2025-04-11,1573.0,1601.0526315789473,28.052631578947285,20260812
target_curve_ratio,cycle,2025-2,2025-2,Tags 1,21,2025-04-18,1573.0,1246.5,-326.5,20260812
target_curve_ratio,cycle,2025-2,2025-2,Tags 1,28,2025-04-25,1573.0,1996.5,423.5,20260812
target_curve_ratio,cycle,2025-2,2025-2,Tags 2,7,2025-04-04,1599.0,1514.1176470588234,-84.88235294117658,20260812
target_curve_ratio,cycle,2025-2,2025-2,Tags 2,14,2025-04-11,1599.0,1629.4736842105262,30.473684210526244,20260812
target_curve_ratio,cycle,2025-2,2025-2,Tags 2,21,2025-04-18,1599.0,1514.25,-84.75,20260812
target_curve_ratio,cycle,2025-2,2025-2,Tags 2,28,2025-04-25,1599.0,1909.5,310.5,20260812
target_curve_ratio,cycle,2025-2,2025-2,Tags 3,7,2025-04-04,1544.0,1567.0588235294117,23.05882352941171,20260812
target_curve_ratio,cycle,2025-2,2025-2,Tags 3,14,2025-04-11,1544.0,1629.4736842105262,85.47368421052624,20260812
target_curve_ratio,cycle,2025-2,2025-2,Tags 3,21,2025-04-18,1544.0,1541.25,-2.75,20260812
target_curve_ratio,cycle,2025-2,2025-2,Tags 3,28,2025-04-25,1544.0,1674.0,130.0,20260812
target_curve_ratio,cycle,2025-3,2025-3,Lags 1,7,2025-07-16,1479.9999999999998,1069.4117647058824,-410.58823529411734,20260812
target_curve_ratio,cycle,2025-3,2025-3,Lags 1,14,2025-07-23,1479.9999999999998,1210.2631578947364,-269.73684210526335,20260812
target_curve_ratio,cycle,2025-3,2025-3,Lags 1,21,2025-07-30,1479.9999999999998,1037.25,-442.7499999999998,20260812
target_curve_ratio,cycle,2025-3,2025-3,Lags 1,28,2025-08-06,1479.9999999999998,1284.0000000000002,-195.99999999999955,20260812
target_curve_ratio,cycle,2025-3,2025-3,Lags 2,7,2025-07-22,1554.0,1037.6470588235295,-516.3529411764705,20260812
target_curve_ratio,cycle,2025-3,2025-3,Lags 2,14,2025-07-29,1554.0,994.7368421052635,-559.2631578947365,20260812
target_curve_ratio,cycle,2025-3,2025-3,Lags 2,21,2025-08-05,1554.0,963.0000000000001,-590.9999999999999,20260812
target_curve_ratio,cycle,2025-3,2025-3,Lags 2,28,2025-08-12,1554.0,1374.0,-180.0,20260812
target_curve_ratio,cycle,2025-3,2025-3,Tags 1,7,2025-06-20,1477.24,1344.7058823529412,-132.5341176470588,20260812
target_curve_ratio,cycle,2025-3,2025-3,Tags 1,14,2025-06-27,1477.24,1314.8526315789475,-162.38736842105254,20260812
target_curve_ratio,cycle,2025-3,2025-3,Tags 1,21,2025-07-04,1477.24,1355.6475,-121.59249999999997,20260812
target_curve_ratio,cycle,2025-3,2025-3,Tags 1,28,2025-07-11,1477.24,1570.2,92.96000000000004,20260812
target_curve_ratio,cycle,2025-3,2025-3,Tags 2,7,2025-06-20,1490.24,1334.1176470588234,-156.1223529411766,20260812
target_curve_ratio,cycle,2025-3,2025-3,Tags 2,14,2025-06-27,1490.24,1400.0210526315789,-90.21894736842114,20260812
target_curve_ratio,cycle,2025-3,2025-3,Tags 2,21,2025-07-04,1490.24,1315.5075,-174.73250000000007,20260812
target_curve_ratio,cycle,2025-3,2025-3,Tags 2,28,2025-07-11,1490.24,1641.9600000000003,151.72000000000025,20260812
target_curve_ratio,cycle,2025-3,2025-3,Tags 3,7,2025-06-20,1582.1,1365.8823529411766,-216.21764705882333,20260812
target_curve_ratio,cycle,2025-3,2025-3,Tags 3,14,2025-06-27,1582.1,1497.9315789473685,-84.1684210526314,20260812
target_curve_ratio,cycle,2025-3,2025-3,Tags 3,21,2025-07-04,1582.1,1235.0475,-347.0525,20260812
target_curve_ratio,cycle,2025-3,2025-3,Tags 3,28,2025-07-11,1582.1,1517.16,-64.93999999999983,20260812
target_curve_ratio,cycle,2025-4,2025-4,Lags 1,7,2025-10-03,1568.0,1069.4117647058824,-498.58823529411757,20260812
target_curve_ratio,cycle,2025-4,2025-4,Lags 1,14,2025-10-10,1568.0,1113.1578947368423,-454.8421052631577,20260812
target_curve_ratio,cycle,2025-4,2025-4,Lags 1,21,2025-10-17,1568.0,1316.25,-251.75,20260812
target_curve_ratio,cycle,2025-4,2025-4,Lags 1,28,2025-10-24,1568.0,1680.0,112.0,20260812
target_curve_ratio,cycle,2025-4,2025-4,Lags 2,7,2025-10-03,1594.0,1069.4117647058824,-524.5882352941176,20260812
target_curve_ratio,cycle,2025-4,2025-4,Lags 2,14,2025-10-10,1594.0,1151.0526315789473,-442.9473684210527,20260812
target_curve_ratio,cycle,2025-4,2025-4,Lags 2,21,2025-10-17,1594.0,1336.5,-257.5,20260812
target_curve_ratio,cycle,2025-4,2025-4,Lags 2,28,2025-10-24,1594.0,1737.0000000000005,143.00000000000045,20260812
target_curve_ratio,cycle,2025-4,2025-4,Tags 1,7,2025-09-02,1441.5,956.1176470588235,-485.38235294117646,20260812
target_curve_ratio,cycle,2025-4,2025-4,Tags 1,14,2025-09-09,1441.5,1022.2105263157894,-419.28947368421063,20260812
target_curve_ratio,cycle,2025-4,2025-4,Tags 1,21,2025-09-16,1441.5,1034.7074999999998,-406.79250000000025,20260812
target_curve_ratio,cycle,2025-4,2025-4,Tags 1,28,2025-09-23,1441.5,1096.23,-345.27,20260812
target_curve_ratio,cycle,2025-4,2025-4,Tags 2,7,2025-09-02,1450.0400000000002,991.0588235294117,-458.9811764705885,20260812
target_curve_ratio,cycle,2025-4,2025-4,Tags 2,14,2025-09-09,1450.0400000000002,1210.2631578947364,-239.77684210526377,20260812
target_curve_ratio,cycle,2025-4,2025-4,Tags 2,21,2025-09-16,1450.0400000000002,1148.8950000000002,-301.145,20260812
target_curve_ratio,cycle,2025-4,2025-4,Tags 2,28,2025-09-23,1450.0400000000002,1155.27,-294.7700000000002,20260812
target_curve_ratio,cycle,2025-4,2025-4,Tags 3,7,2025-09-02,1293.1200000000001,956.1176470588235,-337.0023529411766,20260812
target_curve_ratio,cycle,2025-4,2025-4,Tags 3,14,2025-09-09,1293.1200000000001,1204.2947368421053,-88.82526315789482,20260812
target_curve_ratio,cycle,2025-4,2025-4,Tags 3,21,2025-09-16,1293.1200000000001,1112.7600000000002,-180.3599999999999,20260812
target_curve_ratio,cycle,2025-4,2025-4,Tags 3,28,2025-09-23,1293.1200000000001,1186.44,-106.68000000000006,20260812
target_curve_ratio,cycle,2025-5,2025-5,Lags 1,7,2025-12-17,1306.0,1005.8823529411765,-300.11764705882354,20260812
target_curve_ratio,cycle,2025-5,2025-5,Lags 1,14,2025-12-24,1306.0,961.578947368421,-344.42105263157896,20260812
target_curve_ratio,cycle,2025-5,2025-5,Lags 1,21,2025-12-31,1306.0,933.75,-372.25,20260812
target_curve_ratio,cycle,2025-5,2025-5,Lags 1,28,2026-01-07,1306.0,1263.0,-43.0,20260812
target_curve_ratio,cycle,2025-5,2025-5,Lags 2,7,2025-12-24,1176.0,963.5294117647059,-212.47058823529414,20260812
target_curve_ratio,cycle,2025-5,2025-5,Lags 2,14,2025-12-31,1176.0,734.2105263157895,-441.7894736842105,20260812
target_curve_ratio,cycle,2025-5,2025-5,Lags 2,21,2026-01-07,1176.0,753.75,-422.25,20260812
target_curve_ratio,cycle,2025-5,2025-5,Lags 2,28,2026-01-14,1176.0,1011.0,-165.0,20260812
target_curve_ratio,cycle,2025-5,2025-5,Lags 3,7,2026-01-02,1182.0,974.1176470588235,-207.88235294117646,20260812
target_curve_ratio,cycle,2025-5,2025-5,Lags 3,14,2026-01-09,1182.0,795.7894736842105,-386.2105263157895,20260812
target_curve_ratio,cycle,2025-5,2025-5,Lags 3,21,2026-01-16,1182.0,789.75,-392.25,20260812
target_curve_ratio,cycle,2025-5,2025-5,Lags 3,28,2026-01-23,1182.0,1014.0,-168.0,20260812
target_curve_ratio,cycle,2025-5,2025-5,Tags 1,7,2025-11-18,1702.0,1143.5294117647059,-558.4705882352941,20260812
target_curve_ratio,cycle,2025-5,2025-5,Tags 1,14,2025-11-25,1702.0,1113.157894736842,-588.8421052631579,20260812
target_curve_ratio,cycle,2025-5,2025-5,Tags 1,21,2025-12-02,1702.0,1039.5,-662.5,20260812
target_curve_ratio,cycle,2025-5,2025-5,Tags 1,28,2025-12-09,1702.0,1623.0,-79.0,20260812
target_curve_ratio,cycle,2025-5,2025-5,Tags 2,7,2025-11-18,1776.0,1111.764705882353,-664.2352941176471,20260812
target_curve_ratio,cycle,2025-5,2025-5,Tags 2,14,2025-11-25,1776.0,1245.7894736842106,-530.2105263157894,20260812
target_curve_ratio,cycle,2025-5,2025-5,Tags 2,21,2025-12-02,1776.0,1269.0,-507.0,20260812
target_curve_ratio,cycle,2025-5,2025-5,Tags 2,28,2025-12-09,1776.0,1584.0,-192.0,20260812
target_curve_ratio,cycle,2025-5,2025-5,Tags 3,7,2025-11-18,1738.0,1122.3529411764705,-615.6470588235295,20260812
target_curve_ratio,cycle,2025-5,2025-5,Tags 3,14,2025-11-25,1738.0,1188.9473684210527,-549.0526315789473,20260812
target_curve_ratio,cycle,2025-5,2025-5,Tags 3,21,2025-12-02,1738.0,1350.0,-388.0,20260812
target_curve_ratio,cycle,2025-5,2025-5,Tags 3,28,2025-12-09,1738.0,1612.5,-125.5,20260812
target_curve_ratio,cycle,2026-1,2026-1,Lags 1,7,2026-03-12,1605.9999999999998,1095.8823529411766,-510.1176470588232,20260812
target_curve_ratio,cycle,2026-1,2026-1,Lags 1,14,2026-03-19,1605.9999999999998,1418.5894736842106,-187.41052631578918,20260812
target_curve_ratio,cycle,2026-1,2026-1,Lags 1,21,2026-03-26,1605.9999999999998,1221.7499999999998,-384.25,20260812
target_curve_ratio,cycle,2026-1,2026-1,Lags 1,28,2026-04-02,1605.9999999999998,1533.0,-72.99999999999977,20260812
target_curve_ratio,cycle,2026-1,2026-1,Lags 2,7,2026-03-20,1972.0000000000002,1138.2352941176473,-833.7647058823529,20260812
target_curve_ratio,cycle,2026-1,2026-1,Lags 2,14,2026-03-27,1972.0000000000002,1776.3157894736842,-195.68421052631606,20260812
target_curve_ratio,cycle,2026-1,2026-1,Lags 2,21,2026-04-03,1972.0000000000002,1842.75,-129.25000000000023,20260812
target_curve_ratio,cycle,2026-1,2026-1,Lags 2,28,2026-04-10,1972.0000000000002,2130.0,157.99999999999977,20260812
target_curve_ratio,cycle,2026-1,2026-1,Lags 3,7,2026-03-27,1691.4399999999998,1074.7058823529412,-616.7341176470586,20260812
target_curve_ratio,cycle,2026-1,2026-1,Lags 3,14,2026-04-03,1691.4399999999998,992.3684210526316,-699.0715789473683,20260812
target_curve_ratio,cycle,2026-1,2026-1,Lags 3,21,2026-04-10,1691.4399999999998,960.7500000000001,-730.6899999999997,20260812
target_curve_ratio,cycle,2026-1,2026-1,Lags 3,28,2026-04-17,1691.4399999999998,1413.0000000000002,-278.4399999999996,20260812
target_curve_ratio,cycle,2026-1,2026-1,Tags 1,7,2026-02-06,1446.68,1309.870588235294,-136.80941176470606,20260812
target_curve_ratio,cycle,2026-1,2026-1,Tags 1,14,2026-02-13,1446.68,1539.2842105263162,92.60421052631614,20260812
target_curve_ratio,cycle,2026-1,2026-1,Tags 1,21,2026-02-20,1446.68,1509.03,62.34999999999991,20260812
target_curve_ratio,cycle,2026-1,2026-1,Tags 1,28,2026-02-27,1446.68,1667.22,220.53999999999996,20260812
target_curve_ratio,cycle,2026-1,2026-1,Tags 2,7,2026-02-06,1550.16,1323.4235294117648,-226.7364705882353,20260812
target_curve_ratio,cycle,2026-1,2026-1,Tags 2,14,2026-02-13,1550.16,1331.0526315789473,-219.1073684210528,20260812
target_curve_ratio,cycle,2026-1,2026-1,Tags 2,21,2026-02-20,1550.16,1602.6299999999997,52.46999999999957,20260812
target_curve_ratio,cycle,2026-1,2026-1,Tags 2,28,2026-02-27,1550.16,1640.94,90.77999999999997,20260812
target_curve_ratio,cycle,2026-1,2026-1,Tags 3,7,2026-02-06,1691.4399999999998,1270.9058823529413,-420.53411764705857,20260812
target_curve_ratio,cycle,2026-1,2026-1,Tags 3,14,2026-02-13,1691.4399999999998,1418.5894736842106,-272.85052631578924,20260812
target_curve_ratio,cycle,2026-1,2026-1,Tags 3,21,2026-02-20,1691.4399999999998,1571.0399999999997,-120.40000000000009,20260812
target_curve_ratio,cycle,2026-1,2026-1,Tags 3,28,2026-02-27,1691.4399999999998,1636.08,-55.3599999999999,20260812
target_curve_ratio,cycle,2026-2,2026-2,Lags 1,7,2026-06-08,1192.0,1074.7058823529412,-117.29411764705878,20260812
target_curve_ratio,cycle,2026-2,2026-2,Lags 1,14,2026-06-15,1192.0,992.3684210526316,-199.63157894736844,20260812
target_curve_ratio,cycle,2026-2,2026-2,Lags 1,21,2026-06-22,1192.0,749.2499999999999,-442.7500000000001,20260812
target_curve_ratio,cycle,2026-2,2026-2,Lags 1,28,2026-06-29,1192.0,885.0,-307.0,20260812
target_curve_ratio,cycle,2026-2,2026-2,Lags 2,7,2026-06-16,1204.0,1074.7058823529412,-129.29411764705878,20260812
target_curve_ratio,cycle,2026-2,2026-2,Lags 2,14,2026-06-23,1204.0,817.1052631578947,-386.8947368421053,20260812
target_curve_ratio,cycle,2026-2,2026-2,Lags 2,21,2026-06-30,1204.0,708.75,-495.25,20260812
target_curve_ratio,cycle,2026-2,2026-2,Lags 2,28,2026-07-07,1204.0,1001.9999999999998,-202.00000000000023,20260812
target_curve_ratio,cycle,2026-2,2026-2,Lags 3,7,2026-06-22,1078.0,778.2352941176472,-299.7647058823528,20260812
target_curve_ratio,cycle,2026-2,2026-2,Lags 3,14,2026-06-29,1078.0,648.9473684210525,-429.0526315789475,20260812
target_curve_ratio,cycle,2026-2,2026-2,Lags 3,21,2026-07-06,1078.0,553.5000000000001,-524.4999999999999,20260812
target_curve_ratio,cycle,2026-2,2026-2,Lags 3,28,2026-07-13,1078.0,744.0000000000002,-333.9999999999998,20260812
target_curve_ratio,cycle,2026-2,2026-2,Tags 1,7,2026-04-25,1360.0,1214.894117647059,-145.10588235294108,20260812
target_curve_ratio,cycle,2026-2,2026-2,Tags 1,14,2026-05-02,1360.0,1149.915789473684,-210.08421052631593,20260812
target_curve_ratio,cycle,2026-2,2026-2,Tags 1,21,2026-05-09,1360.0,1296.9,-63.09999999999991,20260812
target_curve_ratio,cycle,2026-2,2026-2,Tags 1,28,2026-05-16,1360.0,1506.9,146.9000000000001,20260812
target_curve_ratio,cycle,2026-2,2026-2,Tags 2,7,2026-04-25,1556.2800000000002,1146.4941176470586,-409.7858823529416,20260812
target_curve_ratio,cycle,2026-2,2026-2,Tags 2,14,2026-05-02,1556.2800000000002,1121.873684210526,-434.4063157894741,20260812
target_curve_ratio,cycle,2026-2,2026-2,Tags 2,21,2026-05-09,1556.2800000000002,1311.48,-244.80000000000018,20260812
target_curve_ratio,cycle,2026-2,2026-2,Tags 2,28,2026-05-16,1556.2800000000002,1530.15,-26.13000000000011,20260812
target_curve_ratio,cycle,2026-2,2026-2,Tags 3,7,2026-04-25,1564.0,1150.0941176470587,-413.90588235294126,20260812
target_curve_ratio,cycle,2026-2,2026-2,Tags 3,14,2026-05-02,1564.0,1143.4263157894736,-420.5736842105264,20260812
target_curve_ratio,cycle,2026-2,2026-2,Tags 3,21,2026-05-09,1564.0,1269.0,-295.0,20260812
target_curve_ratio,cycle,2026-2,2026-2,Tags 3,28,2026-05-16,1564.0,1507.56,-56.440000000000055,20260812
direct_trajectory_pls,cycle,2025-2,2025-2,Tags 1,7,2025-04-04,1573.0,1660.2249265568928,87.2249265568928,20260812
direct_trajectory_pls,cycle,2025-2,2025-2,Tags 1,14,2025-04-11,1573.0,1748.2822239685356,175.28222396853562,20260812
direct_trajectory_pls,cycle,2025-2,2025-2,Tags 1,21,2025-04-18,1573.0,1680.2525660144768,107.25256601447677,20260812
direct_trajectory_pls,cycle,2025-2,2025-2,Tags 1,28,2025-04-25,1573.0,1739.6003025298503,166.6003025298503,20260812
direct_trajectory_pls,cycle,2025-2,2025-2,Tags 2,7,2025-04-04,1599.0,1660.2249265568928,61.2249265568928,20260812
direct_trajectory_pls,cycle,2025-2,2025-2,Tags 2,14,2025-04-11,1599.0,1758.2908870236038,159.29088702360377,20260812
direct_trajectory_pls,cycle,2025-2,2025-2,Tags 2,21,2025-04-18,1599.0,1744.2285318326433,145.22853183264328,20260812
direct_trajectory_pls,cycle,2025-2,2025-2,Tags 2,28,2025-04-25,1599.0,1772.454514268853,173.45451426885302,20260812
direct_trajectory_pls,cycle,2025-2,2025-2,Tags 3,7,2025-04-04,1544.0,1660.2249265568928,116.2249265568928,20260812
direct_trajectory_pls,cycle,2025-2,2025-2,Tags 3,14,2025-04-11,1544.0,1758.2908870236038,214.29088702360377,20260812
direct_trajectory_pls,cycle,2025-2,2025-2,Tags 3,21,2025-04-18,1544.0,1750.0056468958076,206.00564689580756,20260812
direct_trajectory_pls,cycle,2025-2,2025-2,Tags 3,28,2025-04-25,1544.0,1734.4020461659127,190.40204616591268,20260812
direct_trajectory_pls,cycle,2025-3,2025-3,Lags 1,7,2025-07-16,1479.9999999999998,1459.5425796031604,-20.457420396839325,20260812
direct_trajectory_pls,cycle,2025-3,2025-3,Lags 1,14,2025-07-23,1479.9999999999998,1479.8970315366732,-0.10296846332653331,20260812
direct_trajectory_pls,cycle,2025-3,2025-3,Lags 1,21,2025-07-30,1479.9999999999998,1451.1764062965035,-28.82359370349627,20260812
direct_trajectory_pls,cycle,2025-3,2025-3,Lags 1,28,2025-08-06,1479.9999999999998,1435.252015334552,-44.7479846654478,20260812
direct_trajectory_pls,cycle,2025-3,2025-3,Lags 2,7,2025-07-22,1554.0,1444.139856655018,-109.8601433449819,20260812
direct_trajectory_pls,cycle,2025-3,2025-3,Lags 2,14,2025-07-29,1554.0,1404.8553184923246,-149.1446815076754,20260812
direct_trajectory_pls,cycle,2025-3,2025-3,Lags 2,21,2025-08-05,1554.0,1383.4439424996685,-170.55605750033146,20260812
direct_trajectory_pls,cycle,2025-3,2025-3,Lags 2,28,2025-08-12,1554.0,1398.8736176627062,-155.12638233729376,20260812
direct_trajectory_pls,cycle,2025-3,2025-3,Tags 1,7,2025-06-20,1477.24,1593.0328451537268,115.79284515372683,20260812
direct_trajectory_pls,cycle,2025-3,2025-3,Tags 1,14,2025-06-27,1477.24,1590.7347258543884,113.49472585438843,20260812
direct_trajectory_pls,cycle,2025-3,2025-3,Tags 1,21,2025-07-04,1477.24,1596.1233787683673,118.88337876836727,20260812
direct_trajectory_pls,cycle,2025-3,2025-3,Tags 1,28,2025-07-11,1477.24,1589.6041041922886,112.36410419228855,20260812
direct_trajectory_pls,cycle,2025-3,2025-3,Tags 2,7,2025-06-20,1490.24,1587.8986041710127,97.65860417101271,20260812
direct_trajectory_pls,cycle,2025-3,2025-3,Tags 2,14,2025-06-27,1490.24,1613.7618048284187,123.52180482841868,20260812
direct_trajectory_pls,cycle,2025-3,2025-3,Tags 2,21,2025-07-04,1490.24,1603.370320719011,113.13032071901102,20260812
direct_trajectory_pls,cycle,2025-3,2025-3,Tags 2,28,2025-07-11,1490.24,1606.5007683042454,116.2607683042454,20260812
direct_trajectory_pls,cycle,2025-3,2025-3,Tags 3,7,2025-06-20,1582.1,1603.3013271191548,21.20132711915494,20260812
direct_trajectory_pls,cycle,2025-3,2025-3,Tags 3,14,2025-06-27,1582.1,1652.816260756248,70.71626075624818,20260812
direct_trajectory_pls,cycle,2025-3,2025-3,Tags 3,21,2025-07-04,1582.1,1612.99756630156,30.89756630156012,20260812
direct_trajectory_pls,cycle,2025-3,2025-3,Tags 3,28,2025-07-11,1582.1,1593.774859724014,11.67485972401414,20260812
direct_trajectory_pls,cycle,2025-4,2025-4,Lags 1,7,2025-10-03,1568.0,1452.8526561086899,-115.14734389131013,20260812
direct_trajectory_pls,cycle,2025-4,2025-4,Lags 1,14,2025-10-10,1568.0,1443.5784801070718,-124.42151989292825,20260812
direct_trajectory_pls,cycle,2025-4,2025-4,Lags 1,21,2025-10-17,1568.0,1487.5285218492663,-80.47147815073367,20260812
direct_trajectory_pls,cycle,2025-4,2025-4,Lags 1,28,2025-10-24,1568.0,1525.281245498052,-42.71875450194807,20260812
direct_trajectory_pls,cycle,2025-4,2025-4,Lags 2,7,2025-10-03,1594.0,1452.8526561086899,-141.14734389131013,20260812
direct_trajectory_pls,cycle,2025-4,2025-4,Lags 2,14,2025-10-10,1594.0,1454.500985046624,-139.499014953376,20260812
direct_trajectory_pls,cycle,2025-4,2025-4,Lags 2,21,2025-10-17,1594.0,1499.0462577797962,-94.95374222020382,20260812
direct_trajectory_pls,cycle,2025-4,2025-4,Lags 2,28,2025-10-24,1594.0,1543.113035338783,-50.88696466121701,20260812
direct_trajectory_pls,cycle,2025-4,2025-4,Tags 1,7,2025-09-02,1441.5,1402.753864231224,-38.74613576877596,20260812
direct_trajectory_pls,cycle,2025-4,2025-4,Tags 1,14,2025-09-09,1441.5,1387.964768920169,-53.535231079830965,20260812
direct_trajectory_pls,cycle,2025-4,2025-4,Tags 1,21,2025-09-16,1441.5,1393.3863909766671,-48.113609023332856,20260812
direct_trajectory_pls,cycle,2025-4,2025-4,Tags 1,28,2025-09-23,1441.5,1360.4376113236428,-81.06238867635716,20260812
direct_trajectory_pls,cycle,2025-4,2025-4,Tags 2,7,2025-09-02,1450.0400000000002,1418.2048935018443,-31.835106498155938,20260812
direct_trajectory_pls,cycle,2025-4,2025-4,Tags 2,14,2025-09-09,1450.0400000000002,1451.234896672934,1.1948966729337371,20260812
direct_trajectory_pls,cycle,2025-4,2025-4,Tags 2,21,2025-09-16,1450.0400000000002,1459.4850966992187,9.445096699218539,20260812
direct_trajectory_pls,cycle,2025-4,2025-4,Tags 2,28,2025-09-23,1450.0400000000002,1419.3494756524215,-30.69052434757873,20260812
direct_trajectory_pls,cycle,2025-4,2025-4,Tags 3,7,2025-09-02,1293.1200000000001,1402.753864231224,109.63386423122392,20260812
direct_trajectory_pls,cycle,2025-4,2025-4,Tags 3,14,2025-09-09,1293.1200000000001,1440.4474051547188,147.3274051547187,20260812
direct_trajectory_pls,cycle,2025-4,2025-4,Tags 3,21,2025-09-16,1293.1200000000001,1444.899811023465,151.77981102346484,20260812
direct_trajectory_pls,cycle,2025-4,2025-4,Tags 3,28,2025-09-23,1293.1200000000001,1413.5090984464034,120.3890984464033,20260812
direct_trajectory_pls,cycle,2025-5,2025-5,Lags 1,7,2025-12-17,1306.0,1442.178397365932,136.17839736593191,20260812
direct_trajectory_pls,cycle,2025-5,2025-5,Lags 1,14,2025-12-24,1306.0,1388.862502660054,82.8625026600539,20260812
direct_trajectory_pls,cycle,2025-5,2025-5,Lags 1,21,2025-12-31,1306.0,1366.059474245414,60.059474245414094,20260812
direct_trajectory_pls,cycle,2025-5,2025-5,Lags 1,28,2026-01-07,1306.0,1370.4833168251719,64.48331682517187,20260812
direct_trajectory_pls,cycle,2025-5,2025-5,Lags 2,7,2025-12-24,1176.0,1427.5633373192645,251.56333731926452,20260812
direct_trajectory_pls,cycle,2025-5,2025-5,Lags 2,14,2025-12-31,1176.0,1319.8189357902997,143.81893579029975,20260812
direct_trajectory_pls,cycle,2025-5,2025-5,Lags 2,21,2026-01-07,1176.0,1283.2119324897508,107.21193248975078,20260812
direct_trajectory_pls,cycle,2025-5,2025-5,Lags 2,28,2026-01-14,1176.0,1273.6089958638136,97.60899586381356,20260812
direct_trajectory_pls,cycle,2025-5,2025-5,Lags 3,7,2026-01-02,1182.0,1431.2171023309315,249.21710233093154,20260812
direct_trajectory_pls,cycle,2025-5,2025-5,Lags 3,14,2026-01-09,1182.0,1338.3349341749483,156.33493417494833,20260812
direct_trajectory_pls,cycle,2025-5,2025-5,Lags 3,21,2026-01-16,1182.0,1303.073673742966,121.0736737429661,20260812
direct_trajectory_pls,cycle,2025-5,2025-5,Lags 3,28,2026-01-23,1182.0,1288.8108930778671,106.81089307786715,20260812
direct_trajectory_pls,cycle,2025-5,2025-5,Tags 1,7,2025-11-18,1702.0,1489.6773425176002,-212.3226574823998,20260812
direct_trajectory_pls,cycle,2025-5,2025-5,Tags 1,14,2025-11-25,1702.0,1457.6208682527083,-244.3791317472917,20260812
direct_trajectory_pls,cycle,2025-5,2025-5,Tags 1,21,2025-12-02,1702.0,1434.4519239327183,-267.5480760672817,20260812
direct_trajectory_pls,cycle,2025-5,2025-5,Tags 1,28,2025-12-09,1702.0,1471.6900868809594,-230.30991311904063,20260812
direct_trajectory_pls,cycle,2025-5,2025-5,Tags 2,7,2025-11-18,1776.0,1478.7160474825998,-297.28395251740017,20260812
direct_trajectory_pls,cycle,2025-5,2025-5,Tags 2,14,2025-11-25,1776.0,1486.165019801836,-289.834980198164,20260812
direct_trajectory_pls,cycle,2025-5,2025-5,Tags 2,21,2025-12-02,1776.0,1498.4782878820602,-277.52171211793984,20260812
direct_trajectory_pls,cycle,2025-5,2025-5,Tags 2,28,2025-12-09,1776.0,1513.8940810910367,-262.1059189089633,20260812
direct_trajectory_pls,cycle,2025-5,2025-5,Tags 3,7,2025-11-18,1738.0,1482.3698124942666,-255.63018750573337,20260812
direct_trajectory_pls,cycle,2025-5,2025-5,Tags 3,14,2025-11-25,1738.0,1473.3033515062334,-264.6966484937666,20260812
direct_trajectory_pls,cycle,2025-5,2025-5,Tags 3,21,2025-12-02,1738.0,1505.0345432225872,-232.96545677741278,20260812
direct_trajectory_pls,cycle,2025-5,2025-5,Tags 3,28,2025-12-09,1738.0,1522.756142330526,-215.24385766947398,20260812
direct_trajectory_pls,cycle,2026-1,2026-1,Lags 1,7,2026-03-12,1605.9999999999998,1436.1823393487725,-169.81766065122724,20260812
direct_trajectory_pls,cycle,2026-1,2026-1,Lags 1,14,2026-03-19,1605.9999999999998,1513.7476843296085,-92.25231567039123,20260812
direct_trajectory_pls,cycle,2026-1,2026-1,Lags 1,21,2026-03-26,1605.9999999999998,1519.4324295880892,-86.56757041191054,20260812
direct_trajectory_pls,cycle,2026-1,2026-1,Lags 1,28,2026-04-02,1605.9999999999998,1523.6913641829233,-82.30863581707649,20260812
direct_trajectory_pls,cycle,2026-1,2026-1,Lags 2,7,2026-03-20,1972.0000000000002,1455.6024457713463,-516.3975542286539,20260812
direct_trajectory_pls,cycle,2026-1,2026-1,Lags 2,14,2026-03-27,1972.0000000000002,1578.2278734172537,-393.7721265827465,20260812
direct_trajectory_pls,cycle,2026-1,2026-1,Lags 2,21,2026-04-03,1972.0000000000002,1635.4891665434789,-336.51083345652137,20260812
direct_trajectory_pls,cycle,2026-1,2026-1,Lags 2,28,2026-04-10,1972.0000000000002,1676.3955162149791,-295.6044837850211,20260812
direct_trajectory_pls,cycle,2026-1,2026-1,Lags 3,7,2026-03-27,1691.4399999999998,1426.4722861374858,-264.9677138625141,20260812
direct_trajectory_pls,cycle,2026-1,2026-1,Lags 3,14,2026-04-03,1691.4399999999998,1399.4635939420382,-291.97640605796164,20260812
direct_trajectory_pls,cycle,2026-1,2026-1,Lags 3,21,2026-04-10,1691.4399999999998,1378.7235183211767,-312.71648167882313,20260812
direct_trajectory_pls,cycle,2026-1,2026-1,Lags 3,28,2026-04-17,1691.4399999999998,1399.1916336519794,-292.24836634802045,20260812
direct_trajectory_pls,cycle,2026-1,2026-1,Tags 1,7,2026-02-06,1446.68,1534.3024270488254,87.62242704882533,20260812
direct_trajectory_pls,cycle,2026-1,2026-1,Tags 1,14,2026-02-13,1446.68,1597.8877396919056,151.20773969190554,20260812
direct_trajectory_pls,cycle,2026-1,2026-1,Tags 1,21,2026-02-20,1446.68,1644.0690488210935,197.3890488210934,20260812
direct_trajectory_pls,cycle,2026-1,2026-1,Tags 1,28,2026-02-27,1446.68,1638.0349760869947,191.3549760869946,20260812
direct_trajectory_pls,cycle,2026-1,2026-1,Tags 2,7,2026-02-06,1550.16,1540.516861104049,-9.643138895951097,20260812
direct_trajectory_pls,cycle,2026-1,2026-1,Tags 2,14,2026-02-13,1550.16,1548.0033015632196,-2.156698436780516,20260812
direct_trajectory_pls,cycle,2026-1,2026-1,Tags 2,21,2026-02-20,1550.16,1613.5451052614326,63.3851052614325,20260812
direct_trajectory_pls,cycle,2026-1,2026-1,Tags 2,28,2026-02-27,1550.16,1610.9911262327532,60.83112623275315,20260812
direct_trajectory_pls,cycle,2026-1,2026-1,Tags 3,7,2026-02-06,1691.4399999999998,1516.4359291400579,-175.00407085994198,20260812
direct_trajectory_pls,cycle,2026-1,2026-1,Tags 3,14,2026-02-13,1691.4399999999998,1557.318325230207,-134.1216747697929,20260812
direct_trajectory_pls,cycle,2026-1,2026-1,Tags 3,21,2026-02-20,1691.4399999999998,1620.308127453418,-71.13187254658192,20260812
direct_trajectory_pls,cycle,2026-1,2026-1,Tags 3,28,2026-02-27,1691.4399999999998,1615.4282336472063,-76.01176635279353,20260812
direct_trajectory_pls,cycle,2026-2,2026-2,Lags 1,7,2026-06-08,1192.0,1512.5340857902631,320.53408579026313,20260812
direct_trajectory_pls,cycle,2026-2,2026-2,Lags 1,14,2026-06-15,1192.0,1461.1032135322964,269.1032135322964,20260812
direct_trajectory_pls,cycle,2026-2,2026-2,Lags 1,21,2026-06-22,1192.0,1396.8190006345237,204.81900063452372,20260812
direct_trajectory_pls,cycle,2026-2,2026-2,Lags 1,28,2026-06-29,1192.0,1353.3837448709892,161.38374487098918,20260812
direct_trajectory_pls,cycle,2026-2,2026-2,Lags 2,7,2026-06-16,1204.0,1512.5340857902631,308.53408579026313,20260812
direct_trajectory_pls,cycle,2026-2,2026-2,Lags 2,14,2026-06-23,1204.0,1420.647637707167,216.64763770716695,20260812
direct_trajectory_pls,cycle,2026-2,2026-2,Lags 2,21,2026-06-30,1204.0,1368.7720384811937,164.7720384811937,20260812
direct_trajectory_pls,cycle,2026-2,2026-2,Lags 2,28,2026-07-07,1204.0,1331.946253866679,127.94625386667894,20260812
direct_trajectory_pls,cycle,2026-2,2026-2,Lags 3,7,2026-06-22,1078.0,1480.9667845725673,402.96678457256735,20260812
direct_trajectory_pls,cycle,2026-2,2026-2,Lags 3,14,2026-06-29,1078.0,1382.0609346740519,304.06093467405185,20260812
direct_trajectory_pls,cycle,2026-2,2026-2,Lags 3,21,2026-07-06,1078.0,1342.020724786647,264.02072478664695,20260812
direct_trajectory_pls,cycle,2026-2,2026-2,Lags 3,28,2026-07-13,1078.0,1311.4990823140108,233.49908231401082,20260812
direct_trajectory_pls,cycle,2026-2,2026-2,Tags 1,7,2026-04-25,1360.0,1549.8511454440395,189.8511454440395,20260812
direct_trajectory_pls,cycle,2026-2,2026-2,Tags 1,14,2026-05-02,1360.0,1520.464904229571,160.46490422957095,20260812
direct_trajectory_pls,cycle,2026-2,2026-2,Tags 1,21,2026-05-09,1360.0,1536.5808370789864,176.5808370789864,20260812
direct_trajectory_pls,cycle,2026-2,2026-2,Tags 1,28,2026-05-16,1360.0,1535.5490284548562,175.54902845485617,20260812
direct_trajectory_pls,cycle,2026-2,2026-2,Tags 2,7,2026-04-25,1556.2800000000002,1531.6435770631183,-24.6364229368819,20260812
direct_trajectory_pls,cycle,2026-2,2026-2,Tags 2,14,2026-05-02,1556.2800000000002,1502.7721981208506,-53.50780187914961,20260812
direct_trajectory_pls,cycle,2026-2,2026-2,Tags 2,21,2026-05-09,1556.2800000000002,1526.9618392599837,-29.318160740016538,20260812
direct_trajectory_pls,cycle,2026-2,2026-2,Tags 2,28,2026-05-16,1556.2800000000002,1531.7290614641151,-24.550938535885052,20260812
direct_trajectory_pls,cycle,2026-2,2026-2,Tags 3,7,2026-04-25,1564.0,1532.6018701357984,-31.398129864201564,20260812
direct_trajectory_pls,cycle,2026-2,2026-2,Tags 3,14,2026-05-02,1564.0,1508.3376570784899,-55.66234292151012,20260812
direct_trajectory_pls,cycle,2026-2,2026-2,Tags 3,21,2026-05-09,1564.0,1523.1080997554855,-40.891900244514545,20260812
direct_trajectory_pls,cycle,2026-2,2026-2,Tags 3,28,2026-05-16,1564.0,1525.3515100724474,-38.648489927552646,20260812
residual_biological_ridge,cycle,2025-2,2025-2,Tags 1,7,2025-04-04,1573.0,1662.123283547107,89.1232835471069,20260812
residual_biological_ridge,cycle,2025-2,2025-2,Tags 1,14,2025-04-11,1573.0,1696.5846483528055,123.58464835280552,20260812
residual_biological_ridge,cycle,2025-2,2025-2,Tags 1,21,2025-04-18,1573.0,1548.1824998315478,-24.81750016845217,20260812
residual_biological_ridge,cycle,2025-2,2025-2,Tags 1,28,2025-04-25,1573.0,1870.2711947610933,297.2711947610933,20260812
residual_biological_ridge,cycle,2025-2,2025-2,Tags 2,7,2025-04-04,1599.0,1641.0131277019716,42.0131277019716,20260812
residual_biological_ridge,cycle,2025-2,2025-2,Tags 2,14,2025-04-11,1599.0,1712.554776794417,113.55477679441697,20260812
residual_biological_ridge,cycle,2025-2,2025-2,Tags 2,21,2025-04-18,1599.0,1677.3945327761512,78.39453277615121,20260812
residual_biological_ridge,cycle,2025-2,2025-2,Tags 2,28,2025-04-25,1599.0,1795.7921112718248,196.79211127182475,20260812
residual_biological_ridge,cycle,2025-2,2025-2,Tags 3,7,2025-04-04,1544.0,1639.537346625485,95.53734662548504,20260812
residual_biological_ridge,cycle,2025-2,2025-2,Tags 3,14,2025-04-11,1544.0,1708.784156419316,164.7841564193161,20260812
residual_biological_ridge,cycle,2025-2,2025-2,Tags 3,21,2025-04-18,1544.0,1686.4702498467054,142.47024984670543,20260812
residual_biological_ridge,cycle,2025-2,2025-2,Tags 3,28,2025-04-25,1544.0,1629.7023381795912,85.70233817959115,20260812
residual_biological_ridge,cycle,2025-3,2025-3,Lags 1,7,2025-07-16,1479.9999999999998,1465.7358800476911,-14.264119952308647,20260812
residual_biological_ridge,cycle,2025-3,2025-3,Lags 1,14,2025-07-23,1479.9999999999998,1513.9281739900794,33.928173990079586,20260812
residual_biological_ridge,cycle,2025-3,2025-3,Lags 1,21,2025-07-30,1479.9999999999998,1420.717911401716,-59.282088598283735,20260812
residual_biological_ridge,cycle,2025-3,2025-3,Lags 1,28,2025-08-06,1479.9999999999998,1405.9746073882607,-74.02539261173911,20260812
residual_biological_ridge,cycle,2025-3,2025-3,Lags 2,7,2025-07-22,1554.0,1452.6055735829154,-101.39442641708456,20260812
residual_biological_ridge,cycle,2025-3,2025-3,Lags 2,14,2025-07-29,1554.0,1404.6673926159401,-149.33260738405988,20260812
residual_biological_ridge,cycle,2025-3,2025-3,Lags 2,21,2025-08-05,1554.0,1377.2518848049804,-176.74811519501964,20260812
residual_biological_ridge,cycle,2025-3,2025-3,Lags 2,28,2025-08-12,1554.0,1467.5449932417803,-86.45500675821972,20260812
residual_biological_ridge,cycle,2025-3,2025-3,Tags 1,7,2025-06-20,1477.24,1573.24684515064,96.00684515063995,20260812
residual_biological_ridge,cycle,2025-3,2025-3,Tags 1,14,2025-06-27,1477.24,1548.5864971730277,71.34649717302773,20260812
residual_biological_ridge,cycle,2025-3,2025-3,Tags 1,21,2025-07-04,1477.24,1577.2759411227808,100.03594112278074,20260812
residual_biological_ridge,cycle,2025-3,2025-3,Tags 1,28,2025-07-11,1477.24,1530.615738781007,53.37573878100693,20260812
residual_biological_ridge,cycle,2025-3,2025-3,Tags 2,7,2025-06-20,1490.24,1569.2887112429798,79.04871124297983,20260812
residual_biological_ridge,cycle,2025-3,2025-3,Tags 2,14,2025-06-27,1490.24,1591.6594950892802,101.41949508928019,20260812
residual_biological_ridge,cycle,2025-3,2025-3,Tags 2,21,2025-07-04,1490.24,1560.3667282345734,70.12672823457342,20260812
residual_biological_ridge,cycle,2025-3,2025-3,Tags 2,28,2025-07-11,1490.24,1572.703365466936,82.46336546693601,20260812
residual_biological_ridge,cycle,2025-3,2025-3,Tags 3,7,2025-06-20,1582.1,1581.126829636918,-0.9731703630818629,20260812
residual_biological_ridge,cycle,2025-3,2025-3,Tags 3,14,2025-06-27,1582.1,1637.798625641899,55.69862564189907,20260812
residual_biological_ridge,cycle,2025-3,2025-3,Tags 3,21,2025-07-04,1582.1,1523.1661905169603,-58.93380948303957,20260812
residual_biological_ridge,cycle,2025-3,2025-3,Tags 3,28,2025-07-11,1582.1,1490.8380408864643,-91.26195911353557,20260812
residual_biological_ridge,cycle,2025-4,2025-4,Lags 1,7,2025-10-03,1568.0,1466.1168291485305,-101.88317085146946,20260812
residual_biological_ridge,cycle,2025-4,2025-4,Lags 1,14,2025-10-10,1568.0,1531.1809050843722,-36.81909491562783,20260812
residual_biological_ridge,cycle,2025-4,2025-4,Lags 1,21,2025-10-17,1568.0,1600.3167441167138,32.316744116713835,20260812
residual_biological_ridge,cycle,2025-4,2025-4,Lags 1,28,2025-10-24,1568.0,1723.5264947351984,155.5264947351984,20260812
residual_biological_ridge,cycle,2025-4,2025-4,Lags 2,7,2025-10-03,1594.0,1464.714597807028,-129.28540219297201,20260812
residual_biological_ridge,cycle,2025-4,2025-4,Lags 2,14,2025-10-10,1594.0,1554.123727032222,-39.87627296777805,20260812
residual_biological_ridge,cycle,2025-4,2025-4,Lags 2,21,2025-10-17,1594.0,1616.1958479321695,22.1958479321695,20260812
residual_biological_ridge,cycle,2025-4,2025-4,Lags 2,28,2025-10-24,1594.0,1764.492641439683,170.49264143968298,20260812
residual_biological_ridge,cycle,2025-4,2025-4,Tags 1,7,2025-09-02,1441.5,1388.0325646306878,-53.46743536931217,20260812
residual_biological_ridge,cycle,2025-4,2025-4,Tags 1,14,2025-09-09,1441.5,1500.9684187231476,59.46841872314758,20260812
residual_biological_ridge,cycle,2025-4,2025-4,Tags 1,21,2025-09-16,1441.5,1552.5574631010336,111.05746310103359,20260812
residual_biological_ridge,cycle,2025-4,2025-4,Tags 1,28,2025-09-23,1441.5,1383.8516572950045,-57.64834270499546,20260812
residual_biological_ridge,cycle,2025-4,2025-4,Tags 2,7,2025-09-02,1450.0400000000002,1410.0730762236167,-39.96692377638351,20260812
residual_biological_ridge,cycle,2025-4,2025-4,Tags 2,14,2025-09-09,1450.0400000000002,1643.6308123034125,193.59081230341235,20260812
residual_biological_ridge,cycle,2025-4,2025-4,Tags 2,21,2025-09-16,1450.0400000000002,1635.4559773811436,185.41597738114342,20260812
residual_biological_ridge,cycle,2025-4,2025-4,Tags 2,28,2025-09-23,1450.0400000000002,1429.4875869122561,-20.55241308774407,20260812
residual_biological_ridge,cycle,2025-4,2025-4,Tags 3,7,2025-09-02,1293.1200000000001,1379.9863013393542,86.8663013393541,20260812
residual_biological_ridge,cycle,2025-4,2025-4,Tags 3,14,2025-09-09,1293.1200000000001,1661.805116841373,368.685116841373,20260812
residual_biological_ridge,cycle,2025-4,2025-4,Tags 3,21,2025-09-16,1293.1200000000001,1630.2221899427466,337.10218994274646,20260812
residual_biological_ridge,cycle,2025-4,2025-4,Tags 3,28,2025-09-23,1293.1200000000001,1480.1052393281109,186.98523932811077,20260812
residual_biological_ridge,cycle,2025-5,2025-5,Lags 1,7,2025-12-17,1306.0,1432.679827489316,126.67982748931604,20260812
residual_biological_ridge,cycle,2025-5,2025-5,Lags 1,14,2025-12-24,1306.0,1389.9955245988015,83.99552459880147,20260812
residual_biological_ridge,cycle,2025-5,2025-5,Lags 1,21,2025-12-31,1306.0,1345.2446199869403,39.24461998694028,20260812
residual_biological_ridge,cycle,2025-5,2025-5,Lags 1,28,2026-01-07,1306.0,1424.2352331511336,118.23523315113357,20260812
residual_biological_ridge,cycle,2025-5,2025-5,Lags 2,7,2025-12-24,1176.0,1445.2572111167854,269.25721111678536,20260812
residual_biological_ridge,cycle,2025-5,2025-5,Lags 2,14,2025-12-31,1176.0,1314.3256080996111,138.32560809961115,20260812
residual_biological_ridge,cycle,2025-5,2025-5,Lags 2,21,2026-01-07,1176.0,1287.1002655263862,111.10026552638624,20260812
residual_biological_ridge,cycle,2025-5,2025-5,Lags 2,28,2026-01-14,1176.0,1302.838559448764,126.83855944876404,20260812
residual_biological_ridge,cycle,2025-5,2025-5,Lags 3,7,2026-01-02,1182.0,1448.5137129681248,266.51371296812476,20260812
residual_biological_ridge,cycle,2025-5,2025-5,Lags 3,14,2026-01-09,1182.0,1327.3256080996111,145.32560809961115,20260812
residual_biological_ridge,cycle,2025-5,2025-5,Lags 3,21,2026-01-16,1182.0,1295.1336553008289,113.13365530082888,20260812
residual_biological_ridge,cycle,2025-5,2025-5,Lags 3,28,2026-01-23,1182.0,1302.3140107051936,120.3140107051936,20260812
residual_biological_ridge,cycle,2025-5,2025-5,Tags 1,7,2025-11-18,1702.0,1461.9921456824138,-240.00785431758618,20260812
residual_biological_ridge,cycle,2025-5,2025-5,Tags 1,14,2025-11-25,1702.0,1447.7397683817562,-254.26023161824378,20260812
residual_biological_ridge,cycle,2025-5,2025-5,Tags 1,21,2025-12-02,1702.0,1390.2141484470342,-311.7858515529658,20260812
residual_biological_ridge,cycle,2025-5,2025-5,Tags 1,28,2025-12-09,1702.0,1591.0257950323307,-110.97420496766927,20260812
residual_biological_ridge,cycle,2025-5,2025-5,Tags 2,7,2025-11-18,1776.0,1453.9934777213389,-322.0065222786611,20260812
residual_biological_ridge,cycle,2025-5,2025-5,Tags 2,14,2025-11-25,1776.0,1504.2933585709154,-271.7066414290846,20260812
residual_biological_ridge,cycle,2025-5,2025-5,Tags 2,21,2025-12-02,1776.0,1498.634837311683,-277.365162688317,20260812
residual_biological_ridge,cycle,2025-5,2025-5,Tags 2,28,2025-12-09,1776.0,1567.7470764420825,-208.25292355791748,20260812
residual_biological_ridge,cycle,2025-5,2025-5,Tags 3,7,2025-11-18,1738.0,1456.603231934374,-281.396768065626,20260812
residual_biological_ridge,cycle,2025-5,2025-5,Tags 3,14,2025-11-25,1738.0,1480.3030533169533,-257.6969466830467,20260812
residual_biological_ridge,cycle,2025-5,2025-5,Tags 3,21,2025-12-02,1738.0,1537.2479289847156,-200.7520710152844,20260812
residual_biological_ridge,cycle,2025-5,2025-5,Tags 3,28,2025-12-09,1738.0,1581.8204852549532,-156.17951474504684,20260812
residual_biological_ridge,cycle,2026-1,2026-1,Lags 1,7,2026-03-12,1605.9999999999998,1441.3206352978743,-164.67936470212544,20260812
residual_biological_ridge,cycle,2026-1,2026-1,Lags 1,14,2026-03-19,1605.9999999999998,1590.4419303425461,-15.558069657453643,20260812
residual_biological_ridge,cycle,2026-1,2026-1,Lags 1,21,2026-03-26,1605.9999999999998,1521.6542571863213,-84.3457428136785,20260812
residual_biological_ridge,cycle,2026-1,2026-1,Lags 1,28,2026-04-02,1605.9999999999998,1537.5086156973546,-68.4913843026452,20260812
residual_biological_ridge,cycle,2026-1,2026-1,Lags 2,7,2026-03-20,1972.0000000000002,1457.2522114754256,-514.7477885245746,20260812
residual_biological_ridge,cycle,2026-1,2026-1,Lags 2,14,2026-03-27,1972.0000000000002,1685.6766951156962,-286.323304884304,20260812
residual_biological_ridge,cycle,2026-1,2026-1,Lags 2,21,2026-04-03,1972.0000000000002,1815.891379269311,-156.10862073068915,20260812
residual_biological_ridge,cycle,2026-1,2026-1,Lags 2,28,2026-04-10,1972.0000000000002,1891.2447743444263,-80.7552256555739,20260812
residual_biological_ridge,cycle,2026-1,2026-1,Lags 3,7,2026-03-27,1691.4399999999998,1433.2624512726488,-258.177548727351,20260812
residual_biological_ridge,cycle,2026-1,2026-1,Lags 3,14,2026-04-03,1691.4399999999998,1385.0862837991563,-306.35371620084356,20260812
residual_biological_ridge,cycle,2026-1,2026-1,Lags 3,21,2026-04-10,1691.4399999999998,1366.9628995515234,-324.47710044847645,20260812
residual_biological_ridge,cycle,2026-1,2026-1,Lags 3,28,2026-04-17,1691.4399999999998,1464.3795077068892,-227.06049229311066,20260812
residual_biological_ridge,cycle,2026-1,2026-1,Tags 1,7,2026-02-06,1446.68,1519.6014260221566,72.92142602215654,20260812
residual_biological_ridge,cycle,2026-1,2026-1,Tags 1,14,2026-02-13,1446.68,1627.714224875022,181.0342248750219,20260812
residual_biological_ridge,cycle,2026-1,2026-1,Tags 1,21,2026-02-20,1446.68,1667.4878791068595,220.80787910685945,20260812
residual_biological_ridge,cycle,2026-1,2026-1,Tags 1,28,2026-02-27,1446.68,1592.4385917608895,145.75859176088943,20260812
residual_biological_ridge,cycle,2026-1,2026-1,Tags 2,7,2026-02-06,1550.16,1524.390987646724,-25.76901235327614,20260812
residual_biological_ridge,cycle,2026-1,2026-1,Tags 2,14,2026-02-13,1550.16,1532.8871012554564,-17.27289874454368,20260812
residual_biological_ridge,cycle,2026-1,2026-1,Tags 2,21,2026-02-20,1550.16,1700.1060237106094,149.94602371060932,20260812
residual_biological_ridge,cycle,2026-1,2026-1,Tags 2,28,2026-02-27,1550.16,1582.0436946583657,31.883694658365584,20260812
residual_biological_ridge,cycle,2026-1,2026-1,Tags 3,7,2026-02-06,1691.4399999999998,1505.7298462072797,-185.71015379272012,20260812
residual_biological_ridge,cycle,2026-1,2026-1,Tags 3,14,2026-02-13,1691.4399999999998,1578.615507497865,-112.82449250213472,20260812
residual_biological_ridge,cycle,2026-1,2026-1,Tags 3,21,2026-02-20,1691.4399999999998,1691.5724226299142,0.13242262991434472,20260812
residual_biological_ridge,cycle,2026-1,2026-1,Tags 3,28,2026-02-27,1691.4399999999998,1585.1790819257608,-106.26091807423904,20260812
residual_biological_ridge,cycle,2026-2,2026-2,Lags 1,7,2026-06-08,1192.0,1520.209985143332,328.209985143332,20260812
residual_biological_ridge,cycle,2026-2,2026-2,Lags 1,14,2026-06-15,1192.0,1446.6220773886027,254.62207738860275,20260812
residual_biological_ridge,cycle,2026-2,2026-2,Lags 1,21,2026-06-22,1192.0,1326.1120644342386,134.11206443423862,20260812
residual_biological_ridge,cycle,2026-2,2026-2,Lags 1,28,2026-06-29,1192.0,1197.4227918505405,5.422791850540534,20260812
residual_biological_ridge,cycle,2026-2,2026-2,Lags 2,7,2026-06-16,1204.0,1519.1620501413993,315.1620501413993,20260812
residual_biological_ridge,cycle,2026-2,2026-2,Lags 2,14,2026-06-23,1204.0,1379.3569870513388,175.35698705133882,20260812
residual_biological_ridge,cycle,2026-2,2026-2,Lags 2,21,2026-06-30,1204.0,1310.5964618937128,106.59646189371279,20260812
residual_biological_ridge,cycle,2026-2,2026-2,Lags 2,28,2026-07-07,1204.0,1272.4041721590586,68.40417215905859,20260812
residual_biological_ridge,cycle,2026-2,2026-2,Lags 3,7,2026-06-22,1078.0,1473.6801567998748,395.6801567998748,20260812
residual_biological_ridge,cycle,2026-2,2026-2,Lags 3,14,2026-06-29,1078.0,1343.0155156280816,265.01551562808163,20260812
residual_biological_ridge,cycle,2026-2,2026-2,Lags 3,21,2026-07-06,1078.0,1250.637857227098,172.63785722709804,20260812
residual_biological_ridge,cycle,2026-2,2026-2,Lags 3,28,2026-07-13,1078.0,1130.9930046810082,52.99300468100819,20260812
residual_biological_ridge,cycle,2026-2,2026-2,Tags 1,7,2026-04-25,1360.0,1550.122676862725,190.12267686272503,20260812
residual_biological_ridge,cycle,2026-2,2026-2,Tags 1,14,2026-05-02,1360.0,1494.936182596376,134.93618259637606,20260812
residual_biological_ridge,cycle,2026-2,2026-2,Tags 1,21,2026-05-09,1360.0,1550.7456303306258,190.74563033062577,20260812
residual_biological_ridge,cycle,2026-2,2026-2,Tags 1,28,2026-05-16,1360.0,1533.352365758503,173.35236575850308,20260812
residual_biological_ridge,cycle,2026-2,2026-2,Tags 2,7,2026-04-25,1556.2800000000002,1535.744434996857,-20.53556500314312,20260812
residual_biological_ridge,cycle,2026-2,2026-2,Tags 2,14,2026-05-02,1556.2800000000002,1490.504293379802,-65.7757066201982,20260812
residual_biological_ridge,cycle,2026-2,2026-2,Tags 2,21,2026-05-09,1556.2800000000002,1559.8000710802537,3.5200710802535013,20260812
residual_biological_ridge,cycle,2026-2,2026-2,Tags 2,28,2026-05-16,1556.2800000000002,1554.7538023149345,-1.5261976850656538,20260812
residual_biological_ridge,cycle,2026-2,2026-2,Tags 3,7,2026-04-25,1564.0,1535.1297971404708,-28.870202859529172,20260812
residual_biological_ridge,cycle,2026-2,2026-2,Tags 3,14,2026-05-02,1564.0,1498.0681844276908,-65.93181557230923,20260812
residual_biological_ridge,cycle,2026-2,2026-2,Tags 3,21,2026-05-09,1564.0,1543.0831872598492,-20.916812740150817,20260812
residual_biological_ridge,cycle,2026-2,2026-2,Tags 3,28,2026-05-16,1564.0,1537.1950821365567,-26.80491786344328,20260812
direct_huber_biological,cycle,2025-2,2025-2,Tags 1,7,2025-04-04,1573.0,1733.917782132617,160.91778213261705,20260812
direct_huber_biological,cycle,2025-2,2025-2,Tags 1,14,2025-04-11,1573.0,1707.1716351797584,134.17163517975837,20260812
direct_huber_biological,cycle,2025-2,2025-2,Tags 1,21,2025-04-18,1573.0,1511.0514884702343,-61.94851152976571,20260812
direct_huber_biological,cycle,2025-2,2025-2,Tags 1,28,2025-04-25,1573.0,1722.4796415830133,149.4796415830133,20260812
direct_huber_biological,cycle,2025-2,2025-2,Tags 2,7,2025-04-04,1599.0,1672.7131266156805,73.7131266156805,20260812
direct_huber_biological,cycle,2025-2,2025-2,Tags 2,14,2025-04-11,1599.0,1723.6993573712512,124.69935737125115,20260812
direct_huber_biological,cycle,2025-2,2025-2,Tags 2,21,2025-04-18,1599.0,1655.6675734859386,56.66757348593865,20260812
direct_huber_biological,cycle,2025-2,2025-2,Tags 2,28,2025-04-25,1599.0,1772.6275183293637,173.62751832936374,20260812
direct_huber_biological,cycle,2025-2,2025-2,Tags 3,7,2025-04-04,1544.0,1646.4825599655649,102.48255996556486,20260812
direct_huber_biological,cycle,2025-2,2025-2,Tags 3,14,2025-04-11,1544.0,1723.6773221372719,179.67732213727186,20260812
direct_huber_biological,cycle,2025-2,2025-2,Tags 3,21,2025-04-18,1544.0,1650.4189890260664,106.41898902606636,20260812
direct_huber_biological,cycle,2025-2,2025-2,Tags 3,28,2025-04-25,1544.0,1606.47353322866,62.47353322866002,20260812
direct_huber_biological,cycle,2025-3,2025-3,Lags 1,7,2025-07-16,1479.9999999999998,1508.2495012937152,28.24950129371541,20260812
direct_huber_biological,cycle,2025-3,2025-3,Lags 1,14,2025-07-23,1479.9999999999998,1586.847728759789,106.84772875978933,20260812
direct_huber_biological,cycle,2025-3,2025-3,Lags 1,21,2025-07-30,1479.9999999999998,1448.6625558966593,-31.33744410334043,20260812
direct_huber_biological,cycle,2025-3,2025-3,Lags 1,28,2025-08-06,1479.9999999999998,1455.3352546370807,-24.66474536291912,20260812
direct_huber_biological,cycle,2025-3,2025-3,Lags 2,7,2025-07-22,1554.0,1542.7913976560467,-11.208602343953316,20260812
direct_huber_biological,cycle,2025-3,2025-3,Lags 2,14,2025-07-29,1554.0,1433.657019216229,-120.34298078377105,20260812
direct_huber_biological,cycle,2025-3,2025-3,Lags 2,21,2025-08-05,1554.0,1358.3965437799493,-195.6034562200507,20260812
direct_huber_biological,cycle,2025-3,2025-3,Lags 2,28,2025-08-12,1554.0,1445.542512661488,-108.45748733851201,20260812
direct_huber_biological,cycle,2025-3,2025-3,Tags 1,7,2025-06-20,1477.24,1598.515064858288,121.27506485828803,20260812
direct_huber_biological,cycle,2025-3,2025-3,Tags 1,14,2025-06-27,1477.24,1552.4437468113065,75.20374681130647,20260812
direct_huber_biological,cycle,2025-3,2025-3,Tags 1,21,2025-07-04,1477.24,1523.369635997469,46.129635997468995,20260812
direct_huber_biological,cycle,2025-3,2025-3,Tags 1,28,2025-07-11,1477.24,1503.7955640164107,26.5555640164107,20260812
direct_huber_biological,cycle,2025-3,2025-3,Tags 2,7,2025-06-20,1490.24,1641.0361758252538,150.79617582525384,20260812
direct_huber_biological,cycle,2025-3,2025-3,Tags 2,14,2025-06-27,1490.24,1593.5070214085138,103.26702140851376,20260812
direct_huber_biological,cycle,2025-3,2025-3,Tags 2,21,2025-07-04,1490.24,1532.301425517184,42.061425517184034,20260812
direct_huber_biological,cycle,2025-3,2025-3,Tags 2,28,2025-07-11,1490.24,1557.7316437748862,67.49164377488614,20260812
direct_huber_biological,cycle,2025-3,2025-3,Tags 3,7,2025-06-20,1582.1,1586.8747250084089,4.77472500840895,20260812
direct_huber_biological,cycle,2025-3,2025-3,Tags 3,14,2025-06-27,1582.1,1617.7449462753627,35.64494627536283,20260812
direct_huber_biological,cycle,2025-3,2025-3,Tags 3,21,2025-07-04,1582.1,1504.7333255320627,-77.36667446793717,20260812
direct_huber_biological,cycle,2025-3,2025-3,Tags 3,28,2025-07-11,1582.1,1511.0893254473042,-71.01067455269572,20260812
direct_huber_biological,cycle,2025-4,2025-4,Lags 1,7,2025-10-03,1568.0,1514.7627433536848,-53.237256646315245,20260812
direct_huber_biological,cycle,2025-4,2025-4,Lags 1,14,2025-10-10,1568.0,1547.3785508172643,-20.62144918273566,20260812
direct_huber_biological,cycle,2025-4,2025-4,Lags 1,21,2025-10-17,1568.0,1586.068507306962,18.06850730696192,20260812
direct_huber_biological,cycle,2025-4,2025-4,Lags 1,28,2025-10-24,1568.0,1706.2227574243452,138.22275742434522,20260812
direct_huber_biological,cycle,2025-4,2025-4,Lags 2,7,2025-10-03,1594.0,1491.9183487626815,-102.08165123731851,20260812
direct_huber_biological,cycle,2025-4,2025-4,Lags 2,14,2025-10-10,1594.0,1581.2590228105814,-12.740977189418572,20260812
direct_huber_biological,cycle,2025-4,2025-4,Lags 2,21,2025-10-17,1594.0,1609.9744724808188,15.974472480818804,20260812
direct_huber_biological,cycle,2025-4,2025-4,Lags 2,28,2025-10-24,1594.0,1747.5696560122012,153.56965601220122,20260812
direct_huber_biological,cycle,2025-4,2025-4,Tags 1,7,2025-09-02,1441.5,1434.4306663737693,-7.069333626230673,20260812
direct_huber_biological,cycle,2025-4,2025-4,Tags 1,14,2025-09-09,1441.5,1532.0935074016961,90.59350740169612,20260812
direct_huber_biological,cycle,2025-4,2025-4,Tags 1,21,2025-09-16,1441.5,1505.8565027556451,64.35650275564512,20260812
direct_huber_biological,cycle,2025-4,2025-4,Tags 1,28,2025-09-23,1441.5,1366.54868021053,-74.95131978947006,20260812
direct_huber_biological,cycle,2025-4,2025-4,Tags 2,7,2025-09-02,1450.0400000000002,1395.828822012996,-54.21117798700425,20260812
direct_huber_biological,cycle,2025-4,2025-4,Tags 2,14,2025-09-09,1450.0400000000002,1682.0178766807262,231.977876680726,20260812
direct_huber_biological,cycle,2025-4,2025-4,Tags 2,21,2025-09-16,1450.0400000000002,1622.9408081897432,172.90080818974297,20260812
direct_huber_biological,cycle,2025-4,2025-4,Tags 2,28,2025-09-23,1450.0400000000002,1426.2079906264962,-23.83200937350398,20260812
direct_huber_biological,cycle,2025-4,2025-4,Tags 3,7,2025-09-02,1293.1200000000001,1307.2245493953021,14.104549395302001,20260812
direct_huber_biological,cycle,2025-4,2025-4,Tags 3,14,2025-09-09,1293.1200000000001,1700.2527386326424,407.13273863264226,20260812
direct_huber_biological,cycle,2025-4,2025-4,Tags 3,21,2025-09-16,1293.1200000000001,1627.5069847992968,334.38698479929667,20260812
direct_huber_biological,cycle,2025-4,2025-4,Tags 3,28,2025-09-23,1293.1200000000001,1474.821294876928,181.70129487692793,20260812
direct_huber_biological,cycle,2025-5,2025-5,Lags 1,7,2025-12-17,1306.0,1433.691311945131,127.69131194513102,20260812
direct_huber_biological,cycle,2025-5,2025-5,Lags 1,14,2025-12-24,1306.0,1387.9704224308443,81.97042243084434,20260812
direct_huber_biological,cycle,2025-5,2025-5,Lags 1,21,2025-12-31,1306.0,1349.6146794422434,43.614679442243414,20260812
direct_huber_biological,cycle,2025-5,2025-5,Lags 1,28,2026-01-07,1306.0,1402.9977046791532,96.99770467915323,20260812
direct_huber_biological,cycle,2025-5,2025-5,Lags 2,7,2025-12-24,1176.0,1446.333198692441,270.3331986924411,20260812
direct_huber_biological,cycle,2025-5,2025-5,Lags 2,14,2025-12-31,1176.0,1327.0676890406205,151.0676890406205,20260812
direct_huber_biological,cycle,2025-5,2025-5,Lags 2,21,2026-01-07,1176.0,1262.2895127911122,86.2895127911122,20260812
direct_huber_biological,cycle,2025-5,2025-5,Lags 2,28,2026-01-14,1176.0,1285.4124649277187,109.4124649277187,20260812
direct_huber_biological,cycle,2025-5,2025-5,Lags 3,7,2026-01-02,1182.0,1449.581383143965,267.581383143965,20260812
direct_huber_biological,cycle,2025-5,2025-5,Lags 3,14,2026-01-09,1182.0,1325.656583932659,143.65658393265903,20260812
direct_huber_biological,cycle,2025-5,2025-5,Lags 3,21,2026-01-16,1182.0,1270.5660650435282,88.56606504352817,20260812
direct_huber_biological,cycle,2025-5,2025-5,Lags 3,28,2026-01-23,1182.0,1280.4232124381685,98.42321243816855,20260812
direct_huber_biological,cycle,2025-5,2025-5,Tags 1,7,2025-11-18,1702.0,1462.6302803167102,-239.36971968328976,20260812
direct_huber_biological,cycle,2025-5,2025-5,Tags 1,14,2025-11-25,1702.0,1440.1061864490905,-261.8938135509095,20260812
direct_huber_biological,cycle,2025-5,2025-5,Tags 1,21,2025-12-02,1702.0,1402.1949932243213,-299.80500677567875,20260812
direct_huber_biological,cycle,2025-5,2025-5,Tags 1,28,2025-12-09,1702.0,1551.4124188992591,-150.58758110074086,20260812
direct_huber_biological,cycle,2025-5,2025-5,Tags 2,7,2025-11-18,1776.0,1454.7432784990792,-321.2567215009208,20260812
direct_huber_biological,cycle,2025-5,2025-5,Tags 2,14,2025-11-25,1776.0,1514.3792576855767,-261.6207423144233,20260812
direct_huber_biological,cycle,2025-5,2025-5,Tags 2,21,2025-12-02,1776.0,1518.17369896735,-257.82630103265,20260812
direct_huber_biological,cycle,2025-5,2025-5,Tags 2,28,2025-12-09,1776.0,1556.1216237160695,-219.8783762839305,20260812
direct_huber_biological,cycle,2025-5,2025-5,Tags 3,7,2025-11-18,1738.0,1457.3174063204633,-280.6825936795367,20260812
direct_huber_biological,cycle,2025-5,2025-5,Tags 3,14,2025-11-25,1738.0,1483.4539807917301,-254.54601920826985,20260812
direct_huber_biological,cycle,2025-5,2025-5,Tags 3,21,2025-12-02,1738.0,1541.6462096619214,-196.35379033807862,20260812
direct_huber_biological,cycle,2025-5,2025-5,Tags 3,28,2025-12-09,1738.0,1568.4849583048208,-169.5150416951792,20260812
direct_huber_biological,cycle,2026-1,2026-1,Lags 1,7,2026-03-12,1605.9999999999998,1563.0755601542878,-42.92443984571196,20260812
direct_huber_biological,cycle,2026-1,2026-1,Lags 1,14,2026-03-19,1605.9999999999998,1599.2027669985675,-6.797233001432232,20260812
direct_huber_biological,cycle,2026-1,2026-1,Lags 1,21,2026-03-26,1605.9999999999998,1559.8158535791808,-46.184146420818934,20260812
direct_huber_biological,cycle,2026-1,2026-1,Lags 1,28,2026-04-02,1605.9999999999998,1648.9681314566958,42.96813145669603,20260812
direct_huber_biological,cycle,2026-1,2026-1,Lags 2,7,2026-03-20,1972.0000000000002,1543.881599044992,-428.11840095500816,20260812
direct_huber_biological,cycle,2026-1,2026-1,Lags 2,14,2026-03-27,1972.0000000000002,1570.6967622583595,-401.3032377416407,20260812
direct_huber_biological,cycle,2026-1,2026-1,Lags 2,21,2026-04-03,1972.0000000000002,1667.8299326417323,-304.17006735826794,20260812
direct_huber_biological,cycle,2026-1,2026-1,Lags 2,28,2026-04-10,1972.0000000000002,1598.8591428251998,-373.14085717480043,20260812
direct_huber_biological,cycle,2026-1,2026-1,Lags 3,7,2026-03-27,1691.4399999999998,1515.8869653506908,-175.55303464930898,20260812
direct_huber_biological,cycle,2026-1,2026-1,Lags 3,14,2026-04-03,1691.4399999999998,1376.2637708742116,-315.17622912578827,20260812
direct_huber_biological,cycle,2026-1,2026-1,Lags 3,21,2026-04-10,1691.4399999999998,1388.4345147602712,-303.0054852397286,20260812
direct_huber_biological,cycle,2026-1,2026-1,Lags 3,28,2026-04-17,1691.4399999999998,1460.5873903631218,-230.85260963687801,20260812
direct_huber_biological,cycle,2026-1,2026-1,Tags 1,7,2026-02-06,1446.68,1560.961055129481,114.28105512948105,20260812
direct_huber_biological,cycle,2026-1,2026-1,Tags 1,14,2026-02-13,1446.68,1593.5212226338303,146.84122263383028,20260812
direct_huber_biological,cycle,2026-1,2026-1,Tags 1,21,2026-02-20,1446.68,1618.0769469984818,171.39694699848178,20260812
direct_huber_biological,cycle,2026-1,2026-1,Tags 1,28,2026-02-27,1446.68,1611.8240490317576,165.1440490317575,20260812
direct_huber_biological,cycle,2026-1,2026-1,Tags 2,7,2026-02-06,1550.16,1557.6256029626893,7.465602962689218,20260812
direct_huber_biological,cycle,2026-1,2026-1,Tags 2,14,2026-02-13,1550.16,1532.4470644604653,-17.712935539534783,20260812
direct_huber_biological,cycle,2026-1,2026-1,Tags 2,21,2026-02-20,1550.16,1755.8531481815214,205.69314818152134,20260812
direct_huber_biological,cycle,2026-1,2026-1,Tags 2,28,2026-02-27,1550.16,1444.9450988408094,-105.21490115919073,20260812
direct_huber_biological,cycle,2026-1,2026-1,Tags 3,7,2026-02-06,1691.4399999999998,1561.185461517784,-130.25453848221582,20260812
direct_huber_biological,cycle,2026-1,2026-1,Tags 3,14,2026-02-13,1691.4399999999998,1574.9509588794267,-116.48904112057312,20260812
direct_huber_biological,cycle,2026-1,2026-1,Tags 3,21,2026-02-20,1691.4399999999998,1712.9472529949219,21.507252994922055,20260812
direct_huber_biological,cycle,2026-1,2026-1,Tags 3,28,2026-02-27,1691.4399999999998,1533.6510780423596,-157.78892195764024,20260812
direct_huber_biological,cycle,2026-2,2026-2,Lags 1,7,2026-06-08,1192.0,1514.090990524528,322.090990524528,20260812
direct_huber_biological,cycle,2026-2,2026-2,Lags 1,14,2026-06-15,1192.0,1429.9594790972371,237.95947909723714,20260812
direct_huber_biological,cycle,2026-2,2026-2,Lags 1,21,2026-06-22,1192.0,1361.1229721133827,169.12297211338273,20260812
direct_huber_biological,cycle,2026-2,2026-2,Lags 1,28,2026-06-29,1192.0,1277.4779941982868,85.47799419828675,20260812
direct_huber_biological,cycle,2026-2,2026-2,Lags 2,7,2026-06-16,1204.0,1514.068417836855,310.0684178368549,20260812
direct_huber_biological,cycle,2026-2,2026-2,Lags 2,14,2026-06-23,1204.0,1351.4084790889224,147.40847908892238,20260812
direct_huber_biological,cycle,2026-2,2026-2,Lags 2,21,2026-06-30,1204.0,1335.6418903558356,131.64189035583559,20260812
direct_huber_biological,cycle,2026-2,2026-2,Lags 2,28,2026-07-07,1204.0,1317.1966181418636,113.19661814186361,20260812
direct_huber_biological,cycle,2026-2,2026-2,Lags 3,7,2026-06-22,1078.0,1483.8809735730758,405.88097357307583,20260812
direct_huber_biological,cycle,2026-2,2026-2,Lags 3,14,2026-06-29,1078.0,1365.1293293118783,287.12932931187834,20260812
direct_huber_biological,cycle,2026-2,2026-2,Lags 3,21,2026-07-06,1078.0,1334.4800877759126,256.4800877759126,20260812
direct_huber_biological,cycle,2026-2,2026-2,Lags 3,28,2026-07-13,1078.0,1268.2481659650177,190.24816596501773,20260812
direct_huber_biological,cycle,2026-2,2026-2,Tags 1,7,2026-04-25,1360.0,1547.1453390147851,187.14533901478512,20260812
direct_huber_biological,cycle,2026-2,2026-2,Tags 1,14,2026-05-02,1360.0,1481.4509002455088,121.45090024550882,20260812
direct_huber_biological,cycle,2026-2,2026-2,Tags 1,21,2026-05-09,1360.0,1546.5658668557287,186.5658668557287,20260812
direct_huber_biological,cycle,2026-2,2026-2,Tags 1,28,2026-05-16,1360.0,1539.3735575649453,179.37355756494526,20260812
direct_huber_biological,cycle,2026-2,2026-2,Tags 2,7,2026-04-25,1556.2800000000002,1531.3853343148007,-24.89466568519947,20260812
direct_huber_biological,cycle,2026-2,2026-2,Tags 2,14,2026-05-02,1556.2800000000002,1479.0699006696882,-77.210099330312,20260812
direct_huber_biological,cycle,2026-2,2026-2,Tags 2,21,2026-05-09,1556.2800000000002,1554.6329749796994,-1.6470250203008163,20260812
direct_huber_biological,cycle,2026-2,2026-2,Tags 2,28,2026-05-16,1556.2800000000002,1557.3761382894706,1.0961382894704457,20260812
direct_huber_biological,cycle,2026-2,2026-2,Tags 3,7,2026-04-25,1564.0,1532.2017740215551,-31.79822597844486,20260812
direct_huber_biological,cycle,2026-2,2026-2,Tags 3,14,2026-05-02,1564.0,1488.18223585269,-75.81776414731007,20260812
direct_huber_biological,cycle,2026-2,2026-2,Tags 3,21,2026-05-09,1564.0,1538.653218772364,-25.34678122763603,20260812
direct_huber_biological,cycle,2026-2,2026-2,Tags 3,28,2026-05-16,1564.0,1543.9329622341293,-20.067037765870737,20260812
residual_random_forest_peer,cycle,2025-2,2025-2,Tags 1,7,2025-04-04,1573.0,1613.1554498332032,40.15544983320319,20260812
residual_random_forest_peer,cycle,2025-2,2025-2,Tags 1,14,2025-04-11,1573.0,1626.770485371158,53.770485371157974,20260812
residual_random_forest_peer,cycle,2025-2,2025-2,Tags 1,21,2025-04-18,1573.0,1552.4277561695,-20.57224383049993,20260812
residual_random_forest_peer,cycle,2025-2,2025-2,Tags 1,28,2025-04-25,1573.0,1873.1075724657935,300.1075724657935,20260812
residual_random_forest_peer,cycle,2025-2,2025-2,Tags 2,7,2025-04-04,1599.0,1601.4397699510366,2.4397699510366238,20260812
residual_random_forest_peer,cycle,2025-2,2025-2,Tags 2,14,2025-04-11,1599.0,1626.487932700218,27.487932700217925,20260812
residual_random_forest_peer,cycle,2025-2,2025-2,Tags 2,21,2025-04-18,1599.0,1641.7748783129127,42.77487831291273,20260812
residual_random_forest_peer,cycle,2025-2,2025-2,Tags 2,28,2025-04-25,1599.0,1763.1574961471204,164.15749614712036,20260812
residual_random_forest_peer,cycle,2025-2,2025-2,Tags 3,7,2025-04-04,1544.0,1604.4949147575842,60.49491475758418,20260812
residual_random_forest_peer,cycle,2025-2,2025-2,Tags 3,14,2025-04-11,1544.0,1624.8554921428586,80.85549214285857,20260812
residual_random_forest_peer,cycle,2025-2,2025-2,Tags 3,21,2025-04-18,1544.0,1651.5610139764854,107.56101397648536,20260812
residual_random_forest_peer,cycle,2025-2,2025-2,Tags 3,28,2025-04-25,1544.0,1571.008267153822,27.00826715382209,20260812
residual_random_forest_peer,cycle,2025-3,2025-3,Lags 1,7,2025-07-16,1479.9999999999998,1429.9147062374084,-50.08529376259139,20260812
residual_random_forest_peer,cycle,2025-3,2025-3,Lags 1,14,2025-07-23,1479.9999999999998,1530.5207703438791,50.52077034387935,20260812
residual_random_forest_peer,cycle,2025-3,2025-3,Lags 1,21,2025-07-30,1479.9999999999998,1444.325851507718,-35.6741484922818,20260812
residual_random_forest_peer,cycle,2025-3,2025-3,Lags 1,28,2025-08-06,1479.9999999999998,1442.2320790961498,-37.76792090384993,20260812
residual_random_forest_peer,cycle,2025-3,2025-3,Lags 2,7,2025-07-22,1554.0,1440.853602742119,-113.14639725788106,20260812
residual_random_forest_peer,cycle,2025-3,2025-3,Lags 2,14,2025-07-29,1554.0,1401.808795532259,-152.19120446774104,20260812
residual_random_forest_peer,cycle,2025-3,2025-3,Lags 2,21,2025-08-05,1554.0,1424.180877571203,-129.81912242879707,20260812
residual_random_forest_peer,cycle,2025-3,2025-3,Lags 2,28,2025-08-12,1554.0,1509.7281483828594,-44.271851617140555,20260812
residual_random_forest_peer,cycle,2025-3,2025-3,Tags 1,7,2025-06-20,1477.24,1592.7994045499067,115.55940454990673,20260812
residual_random_forest_peer,cycle,2025-3,2025-3,Tags 1,14,2025-06-27,1477.24,1561.5369199196152,84.29691991961522,20260812
residual_random_forest_peer,cycle,2025-3,2025-3,Tags 1,21,2025-07-04,1477.24,1541.954202986563,64.7142029865629,20260812
residual_random_forest_peer,cycle,2025-3,2025-3,Tags 1,28,2025-07-11,1477.24,1553.7711379070527,76.53113790705265,20260812
residual_random_forest_peer,cycle,2025-3,2025-3,Tags 2,7,2025-06-20,1490.24,1604.7536668549362,114.51366685493622,20260812
residual_random_forest_peer,cycle,2025-3,2025-3,Tags 2,14,2025-06-27,1490.24,1628.5632204197755,138.32322041977545,20260812
residual_random_forest_peer,cycle,2025-3,2025-3,Tags 2,21,2025-07-04,1490.24,1559.7706021487493,69.53060214874927,20260812
residual_random_forest_peer,cycle,2025-3,2025-3,Tags 2,28,2025-07-11,1490.24,1564.482373000885,74.24237300088498,20260812
residual_random_forest_peer,cycle,2025-3,2025-3,Tags 3,7,2025-06-20,1582.1,1592.9639739162349,10.863973916234954,20260812
residual_random_forest_peer,cycle,2025-3,2025-3,Tags 3,14,2025-06-27,1582.1,1614.415570789342,32.31557078934202,20260812
residual_random_forest_peer,cycle,2025-3,2025-3,Tags 3,21,2025-07-04,1582.1,1479.7544994312989,-102.34550056870103,20260812
residual_random_forest_peer,cycle,2025-3,2025-3,Tags 3,28,2025-07-11,1582.1,1502.5089738671873,-79.59102613281266,20260812
residual_random_forest_peer,cycle,2025-4,2025-4,Lags 1,7,2025-10-03,1568.0,1414.7279657051974,-153.27203429480255,20260812
residual_random_forest_peer,cycle,2025-4,2025-4,Lags 1,14,2025-10-10,1568.0,1479.7004948658468,-88.29950513415315,20260812
residual_random_forest_peer,cycle,2025-4,2025-4,Lags 1,21,2025-10-17,1568.0,1533.1525146396618,-34.84748536033817,20260812
residual_random_forest_peer,cycle,2025-4,2025-4,Lags 1,28,2025-10-24,1568.0,1641.403086326186,73.40308632618598,20260812
residual_random_forest_peer,cycle,2025-4,2025-4,Lags 2,7,2025-10-03,1594.0,1406.0808541966367,-187.91914580336334,20260812
residual_random_forest_peer,cycle,2025-4,2025-4,Lags 2,14,2025-10-10,1594.0,1483.0537217219076,-110.94627827809245,20260812
residual_random_forest_peer,cycle,2025-4,2025-4,Lags 2,21,2025-10-17,1594.0,1547.1795123303739,-46.82048766962612,20260812
residual_random_forest_peer,cycle,2025-4,2025-4,Lags 2,28,2025-10-24,1594.0,1681.9720481753093,87.97204817530928,20260812
residual_random_forest_peer,cycle,2025-4,2025-4,Tags 1,7,2025-09-02,1441.5,1380.8536397359585,-60.646360264041505,20260812
residual_random_forest_peer,cycle,2025-4,2025-4,Tags 1,14,2025-09-09,1441.5,1456.1982526362872,14.69825263628718,20260812
residual_random_forest_peer,cycle,2025-4,2025-4,Tags 1,21,2025-09-16,1441.5,1521.9015342372904,80.40153423729043,20260812
residual_random_forest_peer,cycle,2025-4,2025-4,Tags 1,28,2025-09-23,1441.5,1300.0979873650654,-141.40201263493464,20260812
residual_random_forest_peer,cycle,2025-4,2025-4,Tags 2,7,2025-09-02,1450.0400000000002,1357.9682879097986,-92.07171209020157,20260812
residual_random_forest_peer,cycle,2025-4,2025-4,Tags 2,14,2025-09-09,1450.0400000000002,1540.6333768297163,90.59337682971614,20260812
residual_random_forest_peer,cycle,2025-4,2025-4,Tags 2,21,2025-09-16,1450.0400000000002,1494.0959726147423,44.05597261474213,20260812
residual_random_forest_peer,cycle,2025-4,2025-4,Tags 2,28,2025-09-23,1450.0400000000002,1324.8299860809327,-125.21001391906748,20260812
residual_random_forest_peer,cycle,2025-4,2025-4,Tags 3,7,2025-09-02,1293.1200000000001,1395.6775070956126,102.55750709561244,20260812
residual_random_forest_peer,cycle,2025-4,2025-4,Tags 3,14,2025-09-09,1293.1200000000001,1562.1322764871586,269.0122764871585,20260812
residual_random_forest_peer,cycle,2025-4,2025-4,Tags 3,21,2025-09-16,1293.1200000000001,1481.221621705235,188.10162170523495,20260812
residual_random_forest_peer,cycle,2025-4,2025-4,Tags 3,28,2025-09-23,1293.1200000000001,1344.3758195229893,51.25581952298921,20260812
residual_random_forest_peer,cycle,2025-5,2025-5,Lags 1,7,2025-12-17,1306.0,1443.715841934003,137.71584193400304,20260812
residual_random_forest_peer,cycle,2025-5,2025-5,Lags 1,14,2025-12-24,1306.0,1418.8168866057615,112.81688660576151,20260812
residual_random_forest_peer,cycle,2025-5,2025-5,Lags 1,21,2025-12-31,1306.0,1363.7630878477835,57.76308784778348,20260812
residual_random_forest_peer,cycle,2025-5,2025-5,Lags 1,28,2026-01-07,1306.0,1420.6635361402964,114.6635361402964,20260812
residual_random_forest_peer,cycle,2025-5,2025-5,Lags 2,7,2025-12-24,1176.0,1444.7197204714525,268.71972047145255,20260812
residual_random_forest_peer,cycle,2025-5,2025-5,Lags 2,14,2025-12-31,1176.0,1368.5595960371288,192.5595960371288,20260812
residual_random_forest_peer,cycle,2025-5,2025-5,Lags 2,21,2026-01-07,1176.0,1305.468465995763,129.46846599576293,20260812
residual_random_forest_peer,cycle,2025-5,2025-5,Lags 2,28,2026-01-14,1176.0,1275.1262353440095,99.1262353440095,20260812
residual_random_forest_peer,cycle,2025-5,2025-5,Lags 3,7,2026-01-02,1182.0,1456.7205440945856,274.72054409458565,20260812
residual_random_forest_peer,cycle,2025-5,2025-5,Lags 3,14,2026-01-09,1182.0,1380.2838849435695,198.28388494356955,20260812
residual_random_forest_peer,cycle,2025-5,2025-5,Lags 3,21,2026-01-16,1182.0,1321.155473684255,139.15547368425496,20260812
residual_random_forest_peer,cycle,2025-5,2025-5,Lags 3,28,2026-01-23,1182.0,1283.66838470007,101.66838470006996,20260812
residual_random_forest_peer,cycle,2025-5,2025-5,Tags 1,7,2025-11-18,1702.0,1445.4032578119184,-256.59674218808163,20260812
residual_random_forest_peer,cycle,2025-5,2025-5,Tags 1,14,2025-11-25,1702.0,1409.454939988698,-292.545060011302,20260812
residual_random_forest_peer,cycle,2025-5,2025-5,Tags 1,21,2025-12-02,1702.0,1400.187724479177,-301.81227552082305,20260812
residual_random_forest_peer,cycle,2025-5,2025-5,Tags 1,28,2025-12-09,1702.0,1598.6963741067468,-103.30362589325318,20260812
residual_random_forest_peer,cycle,2025-5,2025-5,Tags 2,7,2025-11-18,1776.0,1464.3510681505318,-311.6489318494682,20260812
residual_random_forest_peer,cycle,2025-5,2025-5,Tags 2,14,2025-11-25,1776.0,1453.6196460677925,-322.3803539322075,20260812
residual_random_forest_peer,cycle,2025-5,2025-5,Tags 2,21,2025-12-02,1776.0,1492.0509990276207,-283.9490009723793,20260812
residual_random_forest_peer,cycle,2025-5,2025-5,Tags 2,28,2025-12-09,1776.0,1546.1554404669594,-229.84455953304064,20260812
residual_random_forest_peer,cycle,2025-5,2025-5,Tags 3,7,2025-11-18,1738.0,1446.2117432096456,-291.78825679035435,20260812
residual_random_forest_peer,cycle,2025-5,2025-5,Tags 3,14,2025-11-25,1738.0,1424.3532155153935,-313.64678448460654,20260812
residual_random_forest_peer,cycle,2025-5,2025-5,Tags 3,21,2025-12-02,1738.0,1524.0755457429887,-213.92445425701135,20260812
residual_random_forest_peer,cycle,2025-5,2025-5,Tags 3,28,2025-12-09,1738.0,1543.805727448805,-194.1942725511949,20260812
residual_random_forest_peer,cycle,2026-1,2026-1,Lags 1,7,2026-03-12,1605.9999999999998,1375.4392399369654,-230.56076006303442,20260812
residual_random_forest_peer,cycle,2026-1,2026-1,Lags 1,14,2026-03-19,1605.9999999999998,1510.348077965874,-95.65192203412585,20260812
residual_random_forest_peer,cycle,2026-1,2026-1,Lags 1,21,2026-03-26,1605.9999999999998,1495.6503243564064,-110.3496756435934,20260812
residual_random_forest_peer,cycle,2026-1,2026-1,Lags 1,28,2026-04-02,1605.9999999999998,1597.7677558356993,-8.232244164300482,20260812
residual_random_forest_peer,cycle,2026-1,2026-1,Lags 2,7,2026-03-20,1972.0000000000002,1378.7440504337806,-593.2559495662197,20260812
residual_random_forest_peer,cycle,2026-1,2026-1,Lags 2,14,2026-03-27,1972.0000000000002,1628.7576550913118,-343.24234490868844,20260812
residual_random_forest_peer,cycle,2026-1,2026-1,Lags 2,21,2026-04-03,1972.0000000000002,1775.0195108285864,-196.98048917141386,20260812
residual_random_forest_peer,cycle,2026-1,2026-1,Lags 2,28,2026-04-10,1972.0000000000002,1926.948437633747,-45.051562366253165,20260812
residual_random_forest_peer,cycle,2026-1,2026-1,Lags 3,7,2026-03-27,1691.4399999999998,1374.1453798441416,-317.2946201558582,20260812
residual_random_forest_peer,cycle,2026-1,2026-1,Lags 3,14,2026-04-03,1691.4399999999998,1375.101263312237,-316.3387366877628,20260812
residual_random_forest_peer,cycle,2026-1,2026-1,Lags 3,21,2026-04-10,1691.4399999999998,1383.6873400756547,-307.75265992434515,20260812
residual_random_forest_peer,cycle,2026-1,2026-1,Lags 3,28,2026-04-17,1691.4399999999998,1505.2934630197285,-186.14653698027132,20260812
residual_random_forest_peer,cycle,2026-1,2026-1,Tags 1,7,2026-02-06,1446.68,1545.6267295968846,98.94672959688455,20260812
residual_random_forest_peer,cycle,2026-1,2026-1,Tags 1,14,2026-02-13,1446.68,1535.8464087726,89.16640877259988,20260812
residual_random_forest_peer,cycle,2026-1,2026-1,Tags 1,21,2026-02-20,1446.68,1655.8354237594153,209.15542375941527,20260812
residual_random_forest_peer,cycle,2026-1,2026-1,Tags 1,28,2026-02-27,1446.68,1540.6831737655361,94.00317376553608,20260812
residual_random_forest_peer,cycle,2026-1,2026-1,Tags 2,7,2026-02-06,1550.16,1560.1099022475673,9.949902247567252,20260812
residual_random_forest_peer,cycle,2026-1,2026-1,Tags 2,14,2026-02-13,1550.16,1522.2711019118137,-27.88889808818635,20260812
residual_random_forest_peer,cycle,2026-1,2026-1,Tags 2,21,2026-02-20,1550.16,1676.509580011056,126.34958001105588,20260812
residual_random_forest_peer,cycle,2026-1,2026-1,Tags 2,28,2026-02-27,1550.16,1517.3027264463724,-32.85727355362769,20260812
residual_random_forest_peer,cycle,2026-1,2026-1,Tags 3,7,2026-02-06,1691.4399999999998,1536.8836879871055,-154.5563120128943,20260812
residual_random_forest_peer,cycle,2026-1,2026-1,Tags 3,14,2026-02-13,1691.4399999999998,1526.4717387702922,-164.96826122970765,20260812
residual_random_forest_peer,cycle,2026-1,2026-1,Tags 3,21,2026-02-20,1691.4399999999998,1681.848488050333,-9.591511949666938,20260812
residual_random_forest_peer,cycle,2026-1,2026-1,Tags 3,28,2026-02-27,1691.4399999999998,1524.2480166226787,-167.1919833773211,20260812
residual_random_forest_peer,cycle,2026-2,2026-2,Lags 1,7,2026-06-08,1192.0,1674.2887570020011,482.28875700200115,20260812
residual_random_forest_peer,cycle,2026-2,2026-2,Lags 1,14,2026-06-15,1192.0,1572.863985495697,380.8639854956971,20260812
residual_random_forest_peer,cycle,2026-2,2026-2,Lags 1,21,2026-06-22,1192.0,1373.418569508588,181.418569508588,20260812
residual_random_forest_peer,cycle,2026-2,2026-2,Lags 1,28,2026-06-29,1192.0,1161.0343874893856,-30.965612510614392,20260812
residual_random_forest_peer,cycle,2026-2,2026-2,Lags 2,7,2026-06-16,1204.0,1673.4185433226596,469.4185433226596,20260812
residual_random_forest_peer,cycle,2026-2,2026-2,Lags 2,14,2026-06-23,1204.0,1528.750217885807,324.75021788580693,20260812
residual_random_forest_peer,cycle,2026-2,2026-2,Lags 2,21,2026-06-30,1204.0,1346.1578363209824,142.15783632098237,20260812
residual_random_forest_peer,cycle,2026-2,2026-2,Lags 2,28,2026-07-07,1204.0,1252.156424905164,48.15642490516393,20260812
residual_random_forest_peer,cycle,2026-2,2026-2,Lags 3,7,2026-06-22,1078.0,1335.3231010680986,257.3231010680986,20260812
residual_random_forest_peer,cycle,2026-2,2026-2,Lags 3,14,2026-06-29,1078.0,1452.2460109778701,374.2460109778701,20260812
residual_random_forest_peer,cycle,2026-2,2026-2,Lags 3,21,2026-07-06,1078.0,1268.7156776861,190.71567768609998,20260812
residual_random_forest_peer,cycle,2026-2,2026-2,Lags 3,28,2026-07-13,1078.0,1104.395258881882,26.395258881882,20260812
residual_random_forest_peer,cycle,2026-2,2026-2,Tags 1,7,2026-04-25,1360.0,1687.7255498737127,327.7255498737127,20260812
residual_random_forest_peer,cycle,2026-2,2026-2,Tags 1,14,2026-05-02,1360.0,1637.7562922345178,277.7562922345178,20260812
residual_random_forest_peer,cycle,2026-2,2026-2,Tags 1,21,2026-05-09,1360.0,1596.2762214505983,236.2762214505983,20260812
residual_random_forest_peer,cycle,2026-2,2026-2,Tags 1,28,2026-05-16,1360.0,1571.7142173079003,211.7142173079003,20260812
residual_random_forest_peer,cycle,2026-2,2026-2,Tags 2,7,2026-04-25,1556.2800000000002,1677.1848587318684,120.90485873186822,20260812
residual_random_forest_peer,cycle,2026-2,2026-2,Tags 2,14,2026-05-02,1556.2800000000002,1586.9620034260347,30.6820034260345,20260812
residual_random_forest_peer,cycle,2026-2,2026-2,Tags 2,21,2026-05-09,1556.2800000000002,1583.7541052704591,27.47410527045895,20260812
residual_random_forest_peer,cycle,2026-2,2026-2,Tags 2,28,2026-05-16,1556.2800000000002,1588.5258995874265,32.245899587426265,20260812
residual_random_forest_peer,cycle,2026-2,2026-2,Tags 3,7,2026-04-25,1564.0,1680.4289935055667,116.42899350556672,20260812
residual_random_forest_peer,cycle,2026-2,2026-2,Tags 3,14,2026-05-02,1564.0,1633.8954273705972,69.89542737059719,20260812
residual_random_forest_peer,cycle,2026-2,2026-2,Tags 3,21,2026-05-09,1564.0,1580.109309897013,16.109309897012963,20260812
residual_random_forest_peer,cycle,2026-2,2026-2,Tags 3,28,2026-05-16,1564.0,1576.1462138403956,12.146213840395603,20260812
residual_extra_trees_peer,cycle,2025-2,2025-2,Tags 1,7,2025-04-04,1573.0,1618.2478551820252,45.247855182025205,20260812
residual_extra_trees_peer,cycle,2025-2,2025-2,Tags 1,14,2025-04-11,1573.0,1621.8447817175195,48.84478171751948,20260812
residual_extra_trees_peer,cycle,2025-2,2025-2,Tags 1,21,2025-04-18,1573.0,1542.101070409839,-30.89892959016106,20260812
residual_extra_trees_peer,cycle,2025-2,2025-2,Tags 1,28,2025-04-25,1573.0,1873.4595441401245,300.45954414012454,20260812
residual_extra_trees_peer,cycle,2025-2,2025-2,Tags 2,7,2025-04-04,1599.0,1612.7163287222002,13.71632872220016,20260812
residual_extra_trees_peer,cycle,2025-2,2025-2,Tags 2,14,2025-04-11,1599.0,1626.3833385510861,27.383338551086126,20260812
residual_extra_trees_peer,cycle,2025-2,2025-2,Tags 2,21,2025-04-18,1599.0,1628.825784163992,29.82578416399201,20260812
residual_extra_trees_peer,cycle,2025-2,2025-2,Tags 2,28,2025-04-25,1599.0,1772.3510985385865,173.35109853858648,20260812
residual_extra_trees_peer,cycle,2025-2,2025-2,Tags 3,7,2025-04-04,1544.0,1615.9920531540183,71.99205315401832,20260812
residual_extra_trees_peer,cycle,2025-2,2025-2,Tags 3,14,2025-04-11,1544.0,1626.3833385510861,82.38333855108613,20260812
residual_extra_trees_peer,cycle,2025-2,2025-2,Tags 3,21,2025-04-18,1544.0,1636.6486241669895,92.64862416698952,20260812
residual_extra_trees_peer,cycle,2025-2,2025-2,Tags 3,28,2025-04-25,1544.0,1594.9830703076793,50.98307030767933,20260812
residual_extra_trees_peer,cycle,2025-3,2025-3,Lags 1,7,2025-07-16,1479.9999999999998,1428.1154248243588,-51.884575175640975,20260812
residual_extra_trees_peer,cycle,2025-3,2025-3,Lags 1,14,2025-07-23,1479.9999999999998,1539.0185699210858,59.018569921086055,20260812
residual_extra_trees_peer,cycle,2025-3,2025-3,Lags 1,21,2025-07-30,1479.9999999999998,1479.7532720839074,-0.2467279160923681,20260812
residual_extra_trees_peer,cycle,2025-3,2025-3,Lags 1,28,2025-08-06,1479.9999999999998,1418.3521046437443,-61.6478953562555,20260812
residual_extra_trees_peer,cycle,2025-3,2025-3,Lags 2,7,2025-07-22,1554.0,1461.8298976113088,-92.17010238869125,20260812
residual_extra_trees_peer,cycle,2025-3,2025-3,Lags 2,14,2025-07-29,1554.0,1473.4244444524775,-80.57555554752253,20260812
residual_extra_trees_peer,cycle,2025-3,2025-3,Lags 2,21,2025-08-05,1554.0,1464.0512203350283,-89.94877966497165,20260812
residual_extra_trees_peer,cycle,2025-3,2025-3,Lags 2,28,2025-08-12,1554.0,1485.7625491571453,-68.23745084285474,20260812
residual_extra_trees_peer,cycle,2025-3,2025-3,Tags 1,7,2025-06-20,1477.24,1583.8377994894902,106.59779948949017,20260812
residual_extra_trees_peer,cycle,2025-3,2025-3,Tags 1,14,2025-06-27,1477.24,1560.2694103706797,83.02941037067967,20260812
residual_extra_trees_peer,cycle,2025-3,2025-3,Tags 1,21,2025-07-04,1477.24,1549.2852874819205,72.04528748192047,20260812
residual_extra_trees_peer,cycle,2025-3,2025-3,Tags 1,28,2025-07-11,1477.24,1583.7005149859883,106.46051498598831,20260812
residual_extra_trees_peer,cycle,2025-3,2025-3,Tags 2,7,2025-06-20,1490.24,1586.8414125051204,96.60141250512038,20260812
residual_extra_trees_peer,cycle,2025-3,2025-3,Tags 2,14,2025-06-27,1490.24,1586.834970573759,96.59497057375893,20260812
residual_extra_trees_peer,cycle,2025-3,2025-3,Tags 2,21,2025-07-04,1490.24,1558.5907547827733,68.35075478277327,20260812
residual_extra_trees_peer,cycle,2025-3,2025-3,Tags 2,28,2025-07-11,1490.24,1622.733088002671,132.4930880026709,20260812
residual_extra_trees_peer,cycle,2025-3,2025-3,Tags 3,7,2025-06-20,1582.1,1586.1848018109188,4.0848018109188615,20260812
residual_extra_trees_peer,cycle,2025-3,2025-3,Tags 3,14,2025-06-27,1582.1,1616.676384407057,34.57638440705705,20260812
residual_extra_trees_peer,cycle,2025-3,2025-3,Tags 3,21,2025-07-04,1582.1,1497.1816649220254,-84.91833507797446,20260812
residual_extra_trees_peer,cycle,2025-3,2025-3,Tags 3,28,2025-07-11,1582.1,1536.8769807936385,-45.223019206361414,20260812
residual_extra_trees_peer,cycle,2025-4,2025-4,Lags 1,7,2025-10-03,1568.0,1445.0182318523837,-122.98176814761632,20260812
residual_extra_trees_peer,cycle,2025-4,2025-4,Lags 1,14,2025-10-10,1568.0,1524.816688720585,-43.183311279414966,20260812
residual_extra_trees_peer,cycle,2025-4,2025-4,Lags 1,21,2025-10-17,1568.0,1562.5470945351176,-5.452905464882406,20260812
residual_extra_trees_peer,cycle,2025-4,2025-4,Lags 1,28,2025-10-24,1568.0,1664.1761676280664,96.17616762806642,20260812
residual_extra_trees_peer,cycle,2025-4,2025-4,Lags 2,7,2025-10-03,1594.0,1432.963917282856,-161.03608271714393,20260812
residual_extra_trees_peer,cycle,2025-4,2025-4,Lags 2,14,2025-10-10,1594.0,1534.2278577633479,-59.772142236652144,20260812
residual_extra_trees_peer,cycle,2025-4,2025-4,Lags 2,21,2025-10-17,1594.0,1573.6677470369907,-20.332252963009296,20260812
residual_extra_trees_peer,cycle,2025-4,2025-4,Lags 2,28,2025-10-24,1594.0,1698.1322848611114,104.13228486111143,20260812
residual_extra_trees_peer,cycle,2025-4,2025-4,Tags 1,7,2025-09-02,1441.5,1386.7928959325397,-54.70710406746025,20260812
residual_extra_trees_peer,cycle,2025-4,2025-4,Tags 1,14,2025-09-09,1441.5,1529.6902455873292,88.19024558732917,20260812
residual_extra_trees_peer,cycle,2025-4,2025-4,Tags 1,21,2025-09-16,1441.5,1540.5764042313933,99.07640423139333,20260812
residual_extra_trees_peer,cycle,2025-4,2025-4,Tags 1,28,2025-09-23,1441.5,1279.0986778310578,-162.40132216894222,20260812
residual_extra_trees_peer,cycle,2025-4,2025-4,Tags 2,7,2025-09-02,1450.0400000000002,1359.722912123918,-90.31708787608227,20260812
residual_extra_trees_peer,cycle,2025-4,2025-4,Tags 2,14,2025-09-09,1450.0400000000002,1540.3950408263265,90.35504082632633,20260812
residual_extra_trees_peer,cycle,2025-4,2025-4,Tags 2,21,2025-09-16,1450.0400000000002,1531.6990760479105,81.65907604791028,20260812
residual_extra_trees_peer,cycle,2025-4,2025-4,Tags 2,28,2025-09-23,1450.0400000000002,1305.5505229348428,-144.48947706515742,20260812
residual_extra_trees_peer,cycle,2025-4,2025-4,Tags 3,7,2025-09-02,1293.1200000000001,1391.614158888889,98.49415888888893,20260812
residual_extra_trees_peer,cycle,2025-4,2025-4,Tags 3,14,2025-09-09,1293.1200000000001,1560.1215720595376,267.00157205953747,20260812
residual_extra_trees_peer,cycle,2025-4,2025-4,Tags 3,21,2025-09-16,1293.1200000000001,1510.544287603577,217.4242876035769,20260812
residual_extra_trees_peer,cycle,2025-4,2025-4,Tags 3,28,2025-09-23,1293.1200000000001,1323.7275374730825,30.607537473082402,20260812
residual_extra_trees_peer,cycle,2025-5,2025-5,Lags 1,7,2025-12-17,1306.0,1520.091845237679,214.09184523767908,20260812
residual_extra_trees_peer,cycle,2025-5,2025-5,Lags 1,14,2025-12-24,1306.0,1500.8981515016233,194.89815150162326,20260812
residual_extra_trees_peer,cycle,2025-5,2025-5,Lags 1,21,2025-12-31,1306.0,1405.7660198313492,99.76601983134924,20260812
residual_extra_trees_peer,cycle,2025-5,2025-5,Lags 1,28,2026-01-07,1306.0,1432.6191277777777,126.61912777777775,20260812
residual_extra_trees_peer,cycle,2025-5,2025-5,Lags 2,7,2025-12-24,1176.0,1491.4546200213674,315.4546200213674,20260812
residual_extra_trees_peer,cycle,2025-5,2025-5,Lags 2,14,2025-12-31,1176.0,1454.3656261643218,278.36562616432184,20260812
residual_extra_trees_peer,cycle,2025-5,2025-5,Lags 2,21,2026-01-07,1176.0,1342.4227779861112,166.4227779861112,20260812
residual_extra_trees_peer,cycle,2025-5,2025-5,Lags 2,28,2026-01-14,1176.0,1285.7623257539683,109.7623257539683,20260812
residual_extra_trees_peer,cycle,2025-5,2025-5,Lags 3,7,2026-01-02,1182.0,1526.0745002159647,344.0745002159647,20260812
residual_extra_trees_peer,cycle,2025-5,2025-5,Lags 3,14,2026-01-09,1182.0,1456.651290238997,274.65129023899703,20260812
residual_extra_trees_peer,cycle,2025-5,2025-5,Lags 3,21,2026-01-16,1182.0,1356.9797823710317,174.97978237103166,20260812
residual_extra_trees_peer,cycle,2025-5,2025-5,Lags 3,28,2026-01-23,1182.0,1295.2040796825397,113.20407968253971,20260812
residual_extra_trees_peer,cycle,2025-5,2025-5,Tags 1,7,2025-11-18,1702.0,1469.2291483923716,-232.7708516076284,20260812
residual_extra_trees_peer,cycle,2025-5,2025-5,Tags 1,14,2025-11-25,1702.0,1424.79054187611,-277.20945812389004,20260812
residual_extra_trees_peer,cycle,2025-5,2025-5,Tags 1,21,2025-12-02,1702.0,1393.670681346501,-308.32931865349906,20260812
residual_extra_trees_peer,cycle,2025-5,2025-5,Tags 1,28,2025-12-09,1702.0,1587.01142646645,-114.98857353354992,20260812
residual_extra_trees_peer,cycle,2025-5,2025-5,Tags 2,7,2025-11-18,1776.0,1512.1846243939394,-263.81537560606057,20260812
residual_extra_trees_peer,cycle,2025-5,2025-5,Tags 2,14,2025-11-25,1776.0,1500.2642901280665,-275.7357098719335,20260812
residual_extra_trees_peer,cycle,2025-5,2025-5,Tags 2,21,2025-12-02,1776.0,1509.9149537770563,-266.0850462229437,20260812
residual_extra_trees_peer,cycle,2025-5,2025-5,Tags 2,28,2025-12-09,1776.0,1532.823137862554,-243.17686213744605,20260812
residual_extra_trees_peer,cycle,2025-5,2025-5,Tags 3,7,2025-11-18,1738.0,1467.3760833328477,-270.62391666715234,20260812
residual_extra_trees_peer,cycle,2025-5,2025-5,Tags 3,14,2025-11-25,1738.0,1441.9702396692196,-296.0297603307804,20260812
residual_extra_trees_peer,cycle,2025-5,2025-5,Tags 3,21,2025-12-02,1738.0,1513.3053808703103,-224.69461912968973,20260812
residual_extra_trees_peer,cycle,2025-5,2025-5,Tags 3,28,2025-12-09,1738.0,1563.8152017316015,-174.18479826839848,20260812
residual_extra_trees_peer,cycle,2026-1,2026-1,Lags 1,7,2026-03-12,1605.9999999999998,1440.8308729342643,-165.16912706573544,20260812
residual_extra_trees_peer,cycle,2026-1,2026-1,Lags 1,14,2026-03-19,1605.9999999999998,1550.921709721602,-55.078290278397844,20260812
residual_extra_trees_peer,cycle,2026-1,2026-1,Lags 1,21,2026-03-26,1605.9999999999998,1542.9245889296078,-63.075411070391965,20260812
residual_extra_trees_peer,cycle,2026-1,2026-1,Lags 1,28,2026-04-02,1605.9999999999998,1568.260913415577,-37.739086584422694,20260812
residual_extra_trees_peer,cycle,2026-1,2026-1,Lags 2,7,2026-03-20,1972.0000000000002,1443.1728519561898,-528.8271480438104,20260812
residual_extra_trees_peer,cycle,2026-1,2026-1,Lags 2,14,2026-03-27,1972.0000000000002,1631.1057560500385,-340.8942439499617,20260812
residual_extra_trees_peer,cycle,2026-1,2026-1,Lags 2,21,2026-04-03,1972.0000000000002,1816.3986477713627,-155.60135222863755,20260812
residual_extra_trees_peer,cycle,2026-1,2026-1,Lags 2,28,2026-04-10,1972.0000000000002,1908.766372999431,-63.233627000569186,20260812
residual_extra_trees_peer,cycle,2026-1,2026-1,Lags 3,7,2026-03-27,1691.4399999999998,1428.4330018407052,-263.00699815929465,20260812
residual_extra_trees_peer,cycle,2026-1,2026-1,Lags 3,14,2026-04-03,1691.4399999999998,1412.2825281944504,-279.15747180554945,20260812
residual_extra_trees_peer,cycle,2026-1,2026-1,Lags 3,21,2026-04-10,1691.4399999999998,1399.971221615131,-291.46877838486876,20260812
residual_extra_trees_peer,cycle,2026-1,2026-1,Lags 3,28,2026-04-17,1691.4399999999998,1481.6065174221744,-209.8334825778254,20260812
residual_extra_trees_peer,cycle,2026-1,2026-1,Tags 1,7,2026-02-06,1446.68,1555.7722103230192,109.09221032301912,20260812
residual_extra_trees_peer,cycle,2026-1,2026-1,Tags 1,14,2026-02-13,1446.68,1562.5820565599638,115.90205655996374,20260812
residual_extra_trees_peer,cycle,2026-1,2026-1,Tags 1,21,2026-02-20,1446.68,1652.7288708193748,206.04887081937477,20260812
residual_extra_trees_peer,cycle,2026-1,2026-1,Tags 1,28,2026-02-27,1446.68,1594.3358245798356,147.65582457983555,20260812
residual_extra_trees_peer,cycle,2026-1,2026-1,Tags 2,7,2026-02-06,1550.16,1574.4309351690638,24.270935169063705,20260812
residual_extra_trees_peer,cycle,2026-1,2026-1,Tags 2,14,2026-02-13,1550.16,1527.208880480455,-22.951119519545045,20260812
residual_extra_trees_peer,cycle,2026-1,2026-1,Tags 2,21,2026-02-20,1550.16,1664.2006578231837,114.04065782318366,20260812
residual_extra_trees_peer,cycle,2026-1,2026-1,Tags 2,28,2026-02-27,1550.16,1575.2240275013871,25.064027501387045,20260812
residual_extra_trees_peer,cycle,2026-1,2026-1,Tags 3,7,2026-02-06,1691.4399999999998,1549.8341355097605,-141.60586449023936,20260812
residual_extra_trees_peer,cycle,2026-1,2026-1,Tags 3,14,2026-02-13,1691.4399999999998,1536.6392331744419,-154.80076682555796,20260812
residual_extra_trees_peer,cycle,2026-1,2026-1,Tags 3,21,2026-02-20,1691.4399999999998,1684.7537448885857,-6.686255111414084,20260812
residual_extra_trees_peer,cycle,2026-1,2026-1,Tags 3,28,2026-02-27,1691.4399999999998,1591.2695405176166,-100.1704594823832,20260812
residual_extra_trees_peer,cycle,2026-2,2026-2,Lags 1,7,2026-06-08,1192.0,1626.279990283189,434.2799902831889,20260812
residual_extra_trees_peer,cycle,2026-2,2026-2,Lags 1,14,2026-06-15,1192.0,1550.2188035606061,358.21880356060615,20260812
residual_extra_trees_peer,cycle,2026-2,2026-2,Lags 1,21,2026-06-22,1192.0,1371.679977382756,179.67997738275608,20260812
residual_extra_trees_peer,cycle,2026-2,2026-2,Lags 1,28,2026-06-29,1192.0,1159.625083001443,-32.374916998556955,20260812
residual_extra_trees_peer,cycle,2026-2,2026-2,Lags 2,7,2026-06-16,1204.0,1625.6344791468252,421.63447914682524,20260812
residual_extra_trees_peer,cycle,2026-2,2026-2,Lags 2,14,2026-06-23,1204.0,1509.0940008820346,305.0940008820346,20260812
residual_extra_trees_peer,cycle,2026-2,2026-2,Lags 2,21,2026-06-30,1204.0,1366.7369235236292,162.73692352362923,20260812
residual_extra_trees_peer,cycle,2026-2,2026-2,Lags 2,28,2026-07-07,1204.0,1260.528358676046,56.52835867604608,20260812
residual_extra_trees_peer,cycle,2026-2,2026-2,Lags 3,7,2026-06-22,1078.0,1364.819267172619,286.819267172619,20260812
residual_extra_trees_peer,cycle,2026-2,2026-2,Lags 3,14,2026-06-29,1078.0,1443.007486904762,365.0074869047619,20260812
residual_extra_trees_peer,cycle,2026-2,2026-2,Lags 3,21,2026-07-06,1078.0,1257.7919435849567,179.7919435849567,20260812
residual_extra_trees_peer,cycle,2026-2,2026-2,Lags 3,28,2026-07-13,1078.0,1098.1132801424965,20.113280142496478,20260812
residual_extra_trees_peer,cycle,2026-2,2026-2,Tags 1,7,2026-04-25,1360.0,1676.9331197344322,316.93311973443224,20260812
residual_extra_trees_peer,cycle,2026-2,2026-2,Tags 1,14,2026-05-02,1360.0,1601.9011010497836,241.90110104978362,20260812
residual_extra_trees_peer,cycle,2026-2,2026-2,Tags 1,21,2026-05-09,1360.0,1587.5005944264071,227.50059442640713,20260812
residual_extra_trees_peer,cycle,2026-2,2026-2,Tags 1,28,2026-05-16,1360.0,1553.6963457665945,193.6963457665945,20260812
residual_extra_trees_peer,cycle,2026-2,2026-2,Tags 2,7,2026-04-25,1556.2800000000002,1676.6361151457568,120.35611514575658,20260812
residual_extra_trees_peer,cycle,2026-2,2026-2,Tags 2,14,2026-05-02,1556.2800000000002,1572.2883882475164,16.008388247516223,20260812
residual_extra_trees_peer,cycle,2026-2,2026-2,Tags 2,21,2026-05-09,1556.2800000000002,1596.5465909406566,40.26659094065644,20260812
residual_extra_trees_peer,cycle,2026-2,2026-2,Tags 2,28,2026-05-16,1556.2800000000002,1586.2894915025252,30.009491502524952,20260812
residual_extra_trees_peer,cycle,2026-2,2026-2,Tags 3,7,2026-04-25,1564.0,1708.864610518162,144.86461051816195,20260812
residual_extra_trees_peer,cycle,2026-2,2026-2,Tags 3,14,2026-05-02,1564.0,1594.3765252967173,30.37652529671732,20260812
residual_extra_trees_peer,cycle,2026-2,2026-2,Tags 3,21,2026-05-09,1564.0,1590.3838436183262,26.383843618326182,20260812
residual_extra_trees_peer,cycle,2026-2,2026-2,Tags 3,28,2026-05-16,1564.0,1570.3093922276335,6.309392227633452,20260812
residual_hist_gradient_peer,cycle,2025-2,2025-2,Tags 1,7,2025-04-04,1573.0,1588.540574470137,15.540574470137017,20260812
residual_hist_gradient_peer,cycle,2025-2,2025-2,Tags 1,14,2025-04-11,1573.0,1626.5259415931005,53.52594159310047,20260812
residual_hist_gradient_peer,cycle,2025-2,2025-2,Tags 1,21,2025-04-18,1573.0,1504.5258158520078,-68.47418414799222,20260812
residual_hist_gradient_peer,cycle,2025-2,2025-2,Tags 1,28,2025-04-25,1573.0,1893.9139171831537,320.91391718315367,20260812
residual_hist_gradient_peer,cycle,2025-2,2025-2,Tags 2,7,2025-04-04,1599.0,1582.540574470137,-16.459425529862983,20260812
residual_hist_gradient_peer,cycle,2025-2,2025-2,Tags 2,14,2025-04-11,1599.0,1632.5259415931005,33.52594159310047,20260812
residual_hist_gradient_peer,cycle,2025-2,2025-2,Tags 2,21,2025-04-18,1599.0,1623.5258158520078,24.52581585200778,20260812
residual_hist_gradient_peer,cycle,2025-2,2025-2,Tags 2,28,2025-04-25,1599.0,1807.5569717049696,208.55697170496956,20260812
residual_hist_gradient_peer,cycle,2025-2,2025-2,Tags 3,7,2025-04-04,1544.0,1587.540574470137,43.54057447013702,20260812
residual_hist_gradient_peer,cycle,2025-2,2025-2,Tags 3,14,2025-04-11,1544.0,1632.5259415931005,88.52594159310047,20260812
residual_hist_gradient_peer,cycle,2025-2,2025-2,Tags 3,21,2025-04-18,1544.0,1635.5258158520078,91.52581585200778,20260812
residual_hist_gradient_peer,cycle,2025-2,2025-2,Tags 3,28,2025-04-25,1544.0,1631.7100101660392,87.71001016603918,20260812
residual_hist_gradient_peer,cycle,2025-3,2025-3,Lags 1,7,2025-07-16,1479.9999999999998,1426.143895043323,-53.856104956676745,20260812
residual_hist_gradient_peer,cycle,2025-3,2025-3,Lags 1,14,2025-07-23,1479.9999999999998,1472.11077389478,-7.889226105219677,20260812
residual_hist_gradient_peer,cycle,2025-3,2025-3,Lags 1,21,2025-07-30,1479.9999999999998,1454.355728757948,-25.644271242051673,20260812
residual_hist_gradient_peer,cycle,2025-3,2025-3,Lags 1,28,2025-08-06,1479.9999999999998,1417.2765203544186,-62.723479645581165,20260812
residual_hist_gradient_peer,cycle,2025-3,2025-3,Lags 2,7,2025-07-22,1554.0,1423.143895043323,-130.85610495667697,20260812
residual_hist_gradient_peer,cycle,2025-3,2025-3,Lags 2,14,2025-07-29,1554.0,1405.5503254927505,-148.44967450724948,20260812
residual_hist_gradient_peer,cycle,2025-3,2025-3,Lags 2,21,2025-08-05,1554.0,1421.355728757948,-132.6442712420519,20260812
residual_hist_gradient_peer,cycle,2025-3,2025-3,Lags 2,28,2025-08-12,1554.0,1477.2765203544184,-76.72347964558162,20260812
residual_hist_gradient_peer,cycle,2025-3,2025-3,Tags 1,7,2025-06-20,1477.24,1571.0779292471345,93.83792924713453,20260812
residual_hist_gradient_peer,cycle,2025-3,2025-3,Tags 1,14,2025-06-27,1477.24,1564.109232793995,86.86923279399502,20260812
residual_hist_gradient_peer,cycle,2025-3,2025-3,Tags 1,21,2025-07-04,1477.24,1536.9159843510363,59.67598435103628,20260812
residual_hist_gradient_peer,cycle,2025-3,2025-3,Tags 1,28,2025-07-11,1477.24,1564.11973843647,86.87973843647,20260812
residual_hist_gradient_peer,cycle,2025-3,2025-3,Tags 2,7,2025-06-20,1490.24,1570.0779292471345,79.83792924713453,20260812
residual_hist_gradient_peer,cycle,2025-3,2025-3,Tags 2,14,2025-06-27,1490.24,1582.089232793995,91.84923279399504,20260812
residual_hist_gradient_peer,cycle,2025-3,2025-3,Tags 2,21,2025-07-04,1490.24,1547.7727592314411,57.532759231441105,20260812
residual_hist_gradient_peer,cycle,2025-3,2025-3,Tags 2,28,2025-07-11,1490.24,1585.9657908981521,95.72579089815213,20260812
residual_hist_gradient_peer,cycle,2025-3,2025-3,Tags 3,7,2025-06-20,1582.1,1573.0779292471345,-9.022070752865375,20260812
residual_hist_gradient_peer,cycle,2025-3,2025-3,Tags 3,14,2025-06-27,1582.1,1602.7592327939951,20.659232793995216,20260812
residual_hist_gradient_peer,cycle,2025-3,2025-3,Tags 3,21,2025-07-04,1582.1,1483.3159843510364,-98.78401564896353,20260812
residual_hist_gradient_peer,cycle,2025-3,2025-3,Tags 3,28,2025-07-11,1582.1,1528.7597384364701,-53.34026156352979,20260812
residual_hist_gradient_peer,cycle,2025-4,2025-4,Lags 1,7,2025-10-03,1568.0,1434.5067522503864,-133.4932477496136,20260812
residual_hist_gradient_peer,cycle,2025-4,2025-4,Lags 1,14,2025-10-10,1568.0,1483.406613678581,-84.59338632141908,20260812
residual_hist_gradient_peer,cycle,2025-4,2025-4,Lags 1,21,2025-10-17,1568.0,1529.826688052793,-38.17331194720691,20260812
residual_hist_gradient_peer,cycle,2025-4,2025-4,Lags 1,28,2025-10-24,1568.0,1679.0810635388036,111.08106353880362,20260812
residual_hist_gradient_peer,cycle,2025-4,2025-4,Lags 2,7,2025-10-03,1594.0,1434.5067522503864,-159.4932477496136,20260812
residual_hist_gradient_peer,cycle,2025-4,2025-4,Lags 2,14,2025-10-10,1594.0,1491.406613678581,-102.59338632141908,20260812
residual_hist_gradient_peer,cycle,2025-4,2025-4,Lags 2,21,2025-10-17,1594.0,1538.2740316749507,-55.72596832504928,20260812
residual_hist_gradient_peer,cycle,2025-4,2025-4,Lags 2,28,2025-10-24,1594.0,1717.0810635388038,123.08106353880385,20260812
residual_hist_gradient_peer,cycle,2025-4,2025-4,Tags 1,7,2025-09-02,1441.5,1423.8067522503864,-17.693247749613647,20260812
residual_hist_gradient_peer,cycle,2025-4,2025-4,Tags 1,14,2025-09-09,1441.5,1422.0607222884985,-19.439277711501518,20260812
residual_hist_gradient_peer,cycle,2025-4,2025-4,Tags 1,21,2025-09-16,1441.5,1465.3617923920483,23.8617923920483,20260812
residual_hist_gradient_peer,cycle,2025-4,2025-4,Tags 1,28,2025-09-23,1441.5,1289.9010635388036,-151.59893646119644,20260812
residual_hist_gradient_peer,cycle,2025-4,2025-4,Tags 2,7,2025-09-02,1450.0400000000002,1427.1067522503863,-22.933247749613884,20260812
residual_hist_gradient_peer,cycle,2025-4,2025-4,Tags 2,14,2025-09-09,1450.0400000000002,1541.4572547994483,91.41725479944807,20260812
residual_hist_gradient_peer,cycle,2025-4,2025-4,Tags 2,21,2025-09-16,1450.0400000000002,1455.4466880527932,5.406688052793015,20260812
residual_hist_gradient_peer,cycle,2025-4,2025-4,Tags 2,28,2025-09-23,1450.0400000000002,1329.2610635388035,-120.77893646119674,20260812
residual_hist_gradient_peer,cycle,2025-4,2025-4,Tags 3,7,2025-09-02,1293.1200000000001,1423.8067522503864,130.68675225038623,20260812
residual_hist_gradient_peer,cycle,2025-4,2025-4,Tags 3,14,2025-09-09,1293.1200000000001,1502.646613678581,209.52661367858082,20260812
residual_hist_gradient_peer,cycle,2025-4,2025-4,Tags 3,21,2025-09-16,1293.1200000000001,1439.386688052793,146.26668805279292,20260812
residual_hist_gradient_peer,cycle,2025-4,2025-4,Tags 3,28,2025-09-23,1293.1200000000001,1350.0410635388037,56.92106353880354,20260812
residual_hist_gradient_peer,cycle,2025-5,2025-5,Lags 1,7,2025-12-17,1306.0,1465.2228461241202,159.22284612412022,20260812
residual_hist_gradient_peer,cycle,2025-5,2025-5,Lags 1,14,2025-12-24,1306.0,1415.681024218046,109.6810242180461,20260812
residual_hist_gradient_peer,cycle,2025-5,2025-5,Lags 1,21,2025-12-31,1306.0,1363.649751581495,57.64975158149491,20260812
residual_hist_gradient_peer,cycle,2025-5,2025-5,Lags 1,28,2026-01-07,1306.0,1401.454629343541,95.454629343541,20260812
residual_hist_gradient_peer,cycle,2025-5,2025-5,Lags 2,7,2025-12-24,1176.0,1461.2228461241202,285.2228461241202,20260812
residual_hist_gradient_peer,cycle,2025-5,2025-5,Lags 2,14,2025-12-31,1176.0,1367.681024218046,191.6810242180461,20260812
residual_hist_gradient_peer,cycle,2025-5,2025-5,Lags 2,21,2026-01-07,1176.0,1290.4186223415745,114.41862234157452,20260812
residual_hist_gradient_peer,cycle,2025-5,2025-5,Lags 2,28,2026-01-14,1176.0,1233.454629343541,57.454629343541,20260812
residual_hist_gradient_peer,cycle,2025-5,2025-5,Lags 3,7,2026-01-02,1182.0,1462.2228461241202,280.2228461241202,20260812
residual_hist_gradient_peer,cycle,2025-5,2025-5,Lags 3,14,2026-01-09,1182.0,1380.681024218046,198.6810242180461,20260812
residual_hist_gradient_peer,cycle,2025-5,2025-5,Lags 3,21,2026-01-16,1182.0,1306.4186223415745,124.41862234157452,20260812
residual_hist_gradient_peer,cycle,2025-5,2025-5,Lags 3,28,2026-01-23,1182.0,1235.454629343541,53.454629343541,20260812
residual_hist_gradient_peer,cycle,2025-5,2025-5,Tags 1,7,2025-11-18,1702.0,1516.6169148285924,-185.38308517140763,20260812
residual_hist_gradient_peer,cycle,2025-5,2025-5,Tags 1,14,2025-11-25,1702.0,1442.4717004527406,-259.5282995472594,20260812
residual_hist_gradient_peer,cycle,2025-5,2025-5,Tags 1,21,2025-12-02,1702.0,1394.6766604013199,-307.32333959868015,20260812
residual_hist_gradient_peer,cycle,2025-5,2025-5,Tags 1,28,2025-12-09,1702.0,1625.3234850210115,-76.67651497898851,20260812
residual_hist_gradient_peer,cycle,2025-5,2025-5,Tags 2,7,2025-11-18,1776.0,1525.7665152228224,-250.23348477717764,20260812
residual_hist_gradient_peer,cycle,2025-5,2025-5,Tags 2,14,2025-11-25,1776.0,1475.681024218046,-300.3189757819539,20260812
residual_hist_gradient_peer,cycle,2025-5,2025-5,Tags 2,21,2025-12-02,1776.0,1496.6766604013199,-279.32333959868015,20260812
residual_hist_gradient_peer,cycle,2025-5,2025-5,Tags 2,28,2025-12-09,1776.0,1552.0647444351157,-223.9352555648843,20260812
residual_hist_gradient_peer,cycle,2025-5,2025-5,Tags 3,7,2025-11-18,1738.0,1514.6169148285924,-223.38308517140763,20260812
residual_hist_gradient_peer,cycle,2025-5,2025-5,Tags 3,14,2025-11-25,1738.0,1458.4717004527406,-279.5282995472594,20260812
residual_hist_gradient_peer,cycle,2025-5,2025-5,Tags 3,21,2025-12-02,1738.0,1532.6766604013199,-205.32333959868015,20260812
residual_hist_gradient_peer,cycle,2025-5,2025-5,Tags 3,28,2025-12-09,1738.0,1571.0647444351157,-166.9352555648843,20260812
residual_hist_gradient_peer,cycle,2026-1,2026-1,Lags 1,7,2026-03-12,1605.9999999999998,1398.8804171027436,-207.11958289725612,20260812
residual_hist_gradient_peer,cycle,2026-1,2026-1,Lags 1,14,2026-03-19,1605.9999999999998,1509.6911018619144,-96.3088981380854,20260812
residual_hist_gradient_peer,cycle,2026-1,2026-1,Lags 1,21,2026-03-26,1605.9999999999998,1482.7215694705642,-123.27843052943558,20260812
residual_hist_gradient_peer,cycle,2026-1,2026-1,Lags 1,28,2026-04-02,1605.9999999999998,1545.5119643707862,-60.48803562921353,20260812
residual_hist_gradient_peer,cycle,2026-1,2026-1,Lags 2,7,2026-03-20,1972.0000000000002,1402.8804171027436,-569.1195828972566,20260812
residual_hist_gradient_peer,cycle,2026-1,2026-1,Lags 2,14,2026-03-27,1972.0000000000002,1585.2111018619144,-386.78889813808587,20260812
residual_hist_gradient_peer,cycle,2026-1,2026-1,Lags 2,21,2026-04-03,1972.0000000000002,1752.5565261894042,-219.44347381059606,20260812
residual_hist_gradient_peer,cycle,2026-1,2026-1,Lags 2,28,2026-04-10,1972.0000000000002,1911.1084814280994,-60.89151857190086,20260812
residual_hist_gradient_peer,cycle,2026-1,2026-1,Lags 3,7,2026-03-27,1691.4399999999998,1396.8804171027436,-294.5595828972562,20260812
residual_hist_gradient_peer,cycle,2026-1,2026-1,Lags 3,14,2026-04-03,1691.4399999999998,1383.1462887743828,-308.293711225617,20260812
residual_hist_gradient_peer,cycle,2026-1,2026-1,Lags 3,21,2026-04-10,1691.4399999999998,1366.7215694705644,-324.7184305294354,20260812
residual_hist_gradient_peer,cycle,2026-1,2026-1,Lags 3,28,2026-04-17,1691.4399999999998,1465.5119643707862,-225.92803562921358,20260812
residual_hist_gradient_peer,cycle,2026-1,2026-1,Tags 1,7,2026-02-06,1446.68,1528.8892888539851,82.20928885398507,20260812
residual_hist_gradient_peer,cycle,2026-1,2026-1,Tags 1,14,2026-02-13,1446.68,1535.1711018619144,88.49110186191433,20260812
residual_hist_gradient_peer,cycle,2026-1,2026-1,Tags 1,21,2026-02-20,1446.68,1651.4963927945626,204.8163927945625,20260812
residual_hist_gradient_peer,cycle,2026-1,2026-1,Tags 1,28,2026-02-27,1446.68,1602.5884814280994,155.90848142809932,20260812
residual_hist_gradient_peer,cycle,2026-1,2026-1,Tags 2,7,2026-02-06,1550.16,1530.169288853985,-19.990711146014974,20260812
residual_hist_gradient_peer,cycle,2026-1,2026-1,Tags 2,14,2026-02-13,1550.16,1491.2111018619144,-58.948898138085724,20260812
residual_hist_gradient_peer,cycle,2026-1,2026-1,Tags 2,21,2026-02-20,1550.16,1654.8023128558652,104.64231285586516,20260812
residual_hist_gradient_peer,cycle,2026-1,2026-1,Tags 2,28,2026-02-27,1550.16,1585.0684814280994,34.90848142809932,20260812
residual_hist_gradient_peer,cycle,2026-1,2026-1,Tags 3,7,2026-02-06,1691.4399999999998,1525.209288853985,-166.23071114601476,20260812
residual_hist_gradient_peer,cycle,2026-1,2026-1,Tags 3,14,2026-02-13,1691.4399999999998,1555.8335377519343,-135.60646224806555,20260812
residual_hist_gradient_peer,cycle,2026-1,2026-1,Tags 3,21,2026-02-20,1691.4399999999998,1679.0563927945625,-12.383607205437329,20260812
residual_hist_gradient_peer,cycle,2026-1,2026-1,Tags 3,28,2026-02-27,1691.4399999999998,1581.8284814280992,-109.61151857190066,20260812
residual_hist_gradient_peer,cycle,2026-2,2026-2,Lags 1,7,2026-06-08,1192.0,1571.3980213514685,379.3980213514685,20260812
residual_hist_gradient_peer,cycle,2026-2,2026-2,Lags 1,14,2026-06-15,1192.0,1513.5602992254894,321.5602992254894,20260812
residual_hist_gradient_peer,cycle,2026-2,2026-2,Lags 1,21,2026-06-22,1192.0,1355.9499051819266,163.94990518192662,20260812
residual_hist_gradient_peer,cycle,2026-2,2026-2,Lags 1,28,2026-06-29,1192.0,1126.857712350719,-65.14228764928089,20260812
residual_hist_gradient_peer,cycle,2026-2,2026-2,Lags 2,7,2026-06-16,1204.0,1571.3980213514685,367.3980213514685,20260812
residual_hist_gradient_peer,cycle,2026-2,2026-2,Lags 2,14,2026-06-23,1204.0,1474.7766453229954,270.77664532299536,20260812
residual_hist_gradient_peer,cycle,2026-2,2026-2,Lags 2,21,2026-06-30,1204.0,1337.9499051819266,133.94990518192662,20260812
residual_hist_gradient_peer,cycle,2026-2,2026-2,Lags 2,28,2026-07-07,1204.0,1204.8577123507189,0.8577123507188844,20260812
residual_hist_gradient_peer,cycle,2026-2,2026-2,Lags 3,7,2026-06-22,1078.0,1452.5091466872761,374.50914668727614,20260812
residual_hist_gradient_peer,cycle,2026-2,2026-2,Lags 3,14,2026-06-29,1078.0,1439.2766453229954,361.27664532299536,20260812
residual_hist_gradient_peer,cycle,2026-2,2026-2,Lags 3,21,2026-07-06,1078.0,1263.5379605577868,185.53796055778685,20260812
residual_hist_gradient_peer,cycle,2026-2,2026-2,Lags 3,28,2026-07-13,1078.0,1062.6915285119164,-15.308471488083569,20260812
residual_hist_gradient_peer,cycle,2026-2,2026-2,Tags 1,7,2026-04-25,1360.0,1584.6380213514685,224.63802135146852,20260812
residual_hist_gradient_peer,cycle,2026-2,2026-2,Tags 1,14,2026-05-02,1360.0,1546.8202992254894,186.8202992254894,20260812
residual_hist_gradient_peer,cycle,2026-2,2026-2,Tags 1,21,2026-05-09,1360.0,1538.87308371779,178.87308371779,20260812
residual_hist_gradient_peer,cycle,2026-2,2026-2,Tags 1,28,2026-05-16,1360.0,1541.457712350719,181.45771235071902,20260812
residual_hist_gradient_peer,cycle,2026-2,2026-2,Tags 2,7,2026-04-25,1556.2800000000002,1578.1780213514685,21.898021351468287,20260812
residual_hist_gradient_peer,cycle,2026-2,2026-2,Tags 2,14,2026-05-02,1556.2800000000002,1491.7511359910343,-64.52886400896591,20260812
residual_hist_gradient_peer,cycle,2026-2,2026-2,Tags 2,21,2026-05-09,1556.2800000000002,1545.35308371779,-10.926916282210186,20260812
residual_hist_gradient_peer,cycle,2026-2,2026-2,Tags 2,28,2026-05-16,1556.2800000000002,1556.957712350719,0.6777123507188207,20260812
residual_hist_gradient_peer,cycle,2026-2,2026-2,Tags 3,7,2026-04-25,1564.0,1578.5180213514684,14.518021351468406,20260812
residual_hist_gradient_peer,cycle,2026-2,2026-2,Tags 3,14,2026-05-02,1564.0,1496.3011359910345,-67.69886400896553,20260812
residual_hist_gradient_peer,cycle,2026-2,2026-2,Tags 3,21,2026-05-09,1564.0,1526.47308371779,-37.526916282210095,20260812
residual_hist_gradient_peer,cycle,2026-2,2026-2,Tags 3,28,2026-05-16,1564.0,1541.897712350719,-22.102287649280925,20260812
residual_xgboost_peer,cycle,2025-2,2025-2,Tags 1,7,2025-04-04,1573.0,1569.4015890502928,-3.5984109497071586,20260812
residual_xgboost_peer,cycle,2025-2,2025-2,Tags 1,14,2025-04-11,1573.0,1618.2134966823032,45.21349668230323,20260812
residual_xgboost_peer,cycle,2025-2,2025-2,Tags 1,21,2025-04-18,1573.0,1511.078129397801,-61.92187060219908,20260812
residual_xgboost_peer,cycle,2025-2,2025-2,Tags 1,28,2025-04-25,1573.0,1886.3334871019636,313.33348710196356,20260812
residual_xgboost_peer,cycle,2025-2,2025-2,Tags 2,7,2025-04-04,1599.0,1563.5681120300292,-35.43188796997083,20260812
residual_xgboost_peer,cycle,2025-2,2025-2,Tags 2,14,2025-04-11,1599.0,1625.4509234401157,26.45092344011573,20260812
residual_xgboost_peer,cycle,2025-2,2025-2,Tags 2,21,2025-04-18,1599.0,1629.8598276247296,30.859827624729633,20260812
residual_xgboost_peer,cycle,2025-2,2025-2,Tags 2,28,2025-04-25,1599.0,1812.8081708635602,213.80817086356024,20260812
residual_xgboost_peer,cycle,2025-2,2025-2,Tags 3,7,2025-04-04,1544.0,1568.4015890502928,24.40158905029284,20260812
residual_xgboost_peer,cycle,2025-2,2025-2,Tags 3,14,2025-04-11,1544.0,1614.7561163875034,70.75611638750343,20260812
residual_xgboost_peer,cycle,2025-2,2025-2,Tags 3,21,2025-04-18,1544.0,1638.2768741716657,94.27687417166567,20260812
residual_xgboost_peer,cycle,2025-2,2025-2,Tags 3,28,2025-04-25,1544.0,1640.9686208452497,96.96862084524969,20260812
residual_xgboost_peer,cycle,2025-3,2025-3,Lags 1,7,2025-07-16,1479.9999999999998,1444.2438919302135,-35.75610806978625,20260812
residual_xgboost_peer,cycle,2025-3,2025-3,Lags 1,14,2025-07-23,1479.9999999999998,1480.2070158797044,0.20701587970461333,20260812
residual_xgboost_peer,cycle,2025-3,2025-3,Lags 1,21,2025-07-30,1479.9999999999998,1439.3815076857347,-40.61849231426504,20260812
residual_xgboost_peer,cycle,2025-3,2025-3,Lags 1,28,2025-08-06,1479.9999999999998,1404.260970071646,-75.73902992835383,20260812
residual_xgboost_peer,cycle,2025-3,2025-3,Lags 2,7,2025-07-22,1554.0,1441.2438919302135,-112.75610806978648,20260812
residual_xgboost_peer,cycle,2025-3,2025-3,Lags 2,14,2025-07-29,1554.0,1419.3926447706956,-134.6073552293044,20260812
residual_xgboost_peer,cycle,2025-3,2025-3,Lags 2,21,2025-08-05,1554.0,1407.2851770430345,-146.71482295696546,20260812
residual_xgboost_peer,cycle,2025-3,2025-3,Lags 2,28,2025-08-12,1554.0,1464.2609700716457,-89.73902992835428,20260812
residual_xgboost_peer,cycle,2025-3,2025-3,Tags 1,7,2025-06-20,1477.24,1551.614287590614,74.3742875906139,20260812
residual_xgboost_peer,cycle,2025-3,2025-3,Tags 1,14,2025-06-27,1477.24,1549.0707568770188,71.83075687701876,20260812
residual_xgboost_peer,cycle,2025-3,2025-3,Tags 1,21,2025-07-04,1477.24,1551.1538596754808,73.91385967548081,20260812
residual_xgboost_peer,cycle,2025-3,2025-3,Tags 1,28,2025-07-11,1477.24,1558.217292550894,80.97729255089394,20260812
residual_xgboost_peer,cycle,2025-3,2025-3,Tags 2,7,2025-06-20,1490.24,1549.892119621864,59.6521196218639,20260812
residual_xgboost_peer,cycle,2025-3,2025-3,Tags 2,14,2025-06-27,1490.24,1557.711224024846,67.47122402484592,20260812
residual_xgboost_peer,cycle,2025-3,2025-3,Tags 2,21,2025-07-04,1490.24,1545.062314246251,54.822314246250926,20260812
residual_xgboost_peer,cycle,2025-3,2025-3,Tags 2,28,2025-07-11,1490.24,1599.8417087496246,109.60170874962455,20260812
residual_xgboost_peer,cycle,2025-3,2025-3,Tags 3,7,2025-06-20,1582.1,1553.614287590614,-28.485712409385997,20260812
residual_xgboost_peer,cycle,2025-3,2025-3,Tags 3,14,2025-06-27,1582.1,1587.7207568770189,5.620756877018948,20260812
residual_xgboost_peer,cycle,2025-3,2025-3,Tags 3,21,2025-07-04,1582.1,1496.9790572767993,-85.12094272320064,20260812
residual_xgboost_peer,cycle,2025-3,2025-3,Tags 3,28,2025-07-11,1582.1,1525.868338960501,-56.23166103949893,20260812
residual_xgboost_peer,cycle,2025-4,2025-4,Lags 1,7,2025-10-03,1568.0,1463.5979752525916,-104.4020247474084,20260812
residual_xgboost_peer,cycle,2025-4,2025-4,Lags 1,14,2025-10-10,1568.0,1470.9899114755483,-97.0100885244517,20260812
residual_xgboost_peer,cycle,2025-4,2025-4,Lags 1,21,2025-10-17,1568.0,1549.036425434993,-18.963574565007093,20260812
residual_xgboost_peer,cycle,2025-4,2025-4,Lags 1,28,2025-10-24,1568.0,1653.5488682820246,85.54886828202461,20260812
residual_xgboost_peer,cycle,2025-4,2025-4,Lags 2,7,2025-10-03,1594.0,1463.5979752525916,-130.4020247474084,20260812
residual_xgboost_peer,cycle,2025-4,2025-4,Lags 2,14,2025-10-10,1594.0,1480.5564970163198,-113.44350298368022,20260812
residual_xgboost_peer,cycle,2025-4,2025-4,Lags 2,21,2025-10-17,1594.0,1558.036425434993,-35.96357456500709,20260812
residual_xgboost_peer,cycle,2025-4,2025-4,Lags 2,28,2025-10-24,1594.0,1691.5488682820248,97.54886828202484,20260812
residual_xgboost_peer,cycle,2025-4,2025-4,Tags 1,7,2025-09-02,1441.5,1473.7543242439856,32.25432424398559,20260812
residual_xgboost_peer,cycle,2025-4,2025-4,Tags 1,14,2025-09-09,1441.5,1438.6935979989858,-2.8064020010142485,20260812
residual_xgboost_peer,cycle,2025-4,2025-4,Tags 1,21,2025-09-16,1441.5,1452.9805488175612,11.480548817561157,20260812
residual_xgboost_peer,cycle,2025-4,2025-4,Tags 1,28,2025-09-23,1441.5,1278.1153330113336,-163.38466698866637,20260812
residual_xgboost_peer,cycle,2025-4,2025-4,Tags 2,7,2025-09-02,1450.0400000000002,1477.0543242439855,27.014324243985357,20260812
residual_xgboost_peer,cycle,2025-4,2025-4,Tags 2,14,2025-09-09,1450.0400000000002,1512.0875648645253,62.04756486452516,20260812
residual_xgboost_peer,cycle,2025-4,2025-4,Tags 2,21,2025-09-16,1450.0400000000002,1480.099247891353,30.059247891352697,20260812
residual_xgboost_peer,cycle,2025-4,2025-4,Tags 2,28,2025-09-23,1450.0400000000002,1306.6226480366631,-143.41735196333707,20260812
residual_xgboost_peer,cycle,2025-4,2025-4,Tags 3,7,2025-09-02,1293.1200000000001,1473.7543242439856,180.63432424398547,20260812
residual_xgboost_peer,cycle,2025-4,2025-4,Tags 3,14,2025-09-09,1293.1200000000001,1519.2849937967153,226.16499379671518,20260812
residual_xgboost_peer,cycle,2025-4,2025-4,Tags 3,21,2025-09-16,1293.1200000000001,1463.037358662532,169.9173586625318,20260812
residual_xgboost_peer,cycle,2025-4,2025-4,Tags 3,28,2025-09-23,1293.1200000000001,1328.3930407215998,35.27304072159973,20260812
residual_xgboost_peer,cycle,2025-5,2025-5,Lags 1,7,2025-12-17,1306.0,1439.083612133789,133.08361213378907,20260812
residual_xgboost_peer,cycle,2025-5,2025-5,Lags 1,14,2025-12-24,1306.0,1415.986532055664,109.98653205566393,20260812
residual_xgboost_peer,cycle,2025-5,2025-5,Lags 1,21,2025-12-31,1306.0,1356.2366754959107,50.23667549591073,20260812
residual_xgboost_peer,cycle,2025-5,2025-5,Lags 1,28,2026-01-07,1306.0,1402.2462879943846,96.2462879943846,20260812
residual_xgboost_peer,cycle,2025-5,2025-5,Lags 2,7,2025-12-24,1176.0,1438.0085236328125,262.0085236328125,20260812
residual_xgboost_peer,cycle,2025-5,2025-5,Lags 2,14,2025-12-31,1176.0,1367.986532055664,191.98653205566393,20260812
residual_xgboost_peer,cycle,2025-5,2025-5,Lags 2,21,2026-01-07,1176.0,1285.9888060043336,109.98880600433358,20260812
residual_xgboost_peer,cycle,2025-5,2025-5,Lags 2,28,2026-01-14,1176.0,1234.2462879943846,58.2462879943846,20260812
residual_xgboost_peer,cycle,2025-5,2025-5,Lags 3,7,2026-01-02,1182.0,1439.0085236328125,257.0085236328125,20260812
residual_xgboost_peer,cycle,2025-5,2025-5,Lags 3,14,2026-01-09,1182.0,1380.3165586822508,198.31655868225084,20260812
residual_xgboost_peer,cycle,2025-5,2025-5,Lags 3,21,2026-01-16,1182.0,1301.7555439422608,119.75554394226083,20260812
residual_xgboost_peer,cycle,2025-5,2025-5,Lags 3,28,2026-01-23,1182.0,1236.2462879943846,54.2462879943846,20260812
residual_xgboost_peer,cycle,2025-5,2025-5,Tags 1,7,2025-11-18,1702.0,1457.776868511963,-244.2231314880371,20260812
residual_xgboost_peer,cycle,2025-5,2025-5,Tags 1,14,2025-11-25,1702.0,1439.2260378234862,-262.7739621765138,20260812
residual_xgboost_peer,cycle,2025-5,2025-5,Tags 1,21,2025-12-02,1702.0,1394.200055355835,-307.79994464416495,20260812
residual_xgboost_peer,cycle,2025-5,2025-5,Tags 1,28,2025-12-09,1702.0,1611.9058377075194,-90.09416229248063,20260812
residual_xgboost_peer,cycle,2025-5,2025-5,Tags 2,7,2025-11-18,1776.0,1462.6369797485352,-313.36302025146483,20260812
residual_xgboost_peer,cycle,2025-5,2025-5,Tags 2,14,2025-11-25,1776.0,1481.4204748504637,-294.57952514953627,20260812
residual_xgboost_peer,cycle,2025-5,2025-5,Tags 2,21,2025-12-02,1776.0,1495.5920841644288,-280.4079158355712,20260812
residual_xgboost_peer,cycle,2025-5,2025-5,Tags 2,28,2025-12-09,1776.0,1548.4439350891112,-227.55606491088884,20260812
residual_xgboost_peer,cycle,2025-5,2025-5,Tags 3,7,2025-11-18,1738.0,1454.9909607666016,-283.0090392333984,20260812
residual_xgboost_peer,cycle,2025-5,2025-5,Tags 3,14,2025-11-25,1738.0,1456.4307726257323,-281.5692273742677,20260812
residual_xgboost_peer,cycle,2025-5,2025-5,Tags 3,21,2025-12-02,1738.0,1528.9287254760743,-209.0712745239257,20260812
residual_xgboost_peer,cycle,2025-5,2025-5,Tags 3,28,2025-12-09,1738.0,1567.4439350891112,-170.55606491088884,20260812
residual_xgboost_peer,cycle,2026-1,2026-1,Lags 1,7,2026-03-12,1605.9999999999998,1419.5282276794433,-186.4717723205565,20260812
residual_xgboost_peer,cycle,2026-1,2026-1,Lags 1,14,2026-03-19,1605.9999999999998,1493.0718363616943,-112.92816363830548,20260812
residual_xgboost_peer,cycle,2026-1,2026-1,Lags 1,21,2026-03-26,1605.9999999999998,1493.7855124511716,-112.21448754882817,20260812
residual_xgboost_peer,cycle,2026-1,2026-1,Lags 1,28,2026-04-02,1605.9999999999998,1556.4868845916749,-49.51311540832489,20260812
residual_xgboost_peer,cycle,2026-1,2026-1,Lags 2,7,2026-03-20,1972.0000000000002,1432.4723900482177,-539.5276099517826,20260812
residual_xgboost_peer,cycle,2026-1,2026-1,Lags 2,14,2026-03-27,1972.0000000000002,1583.7463149116516,-388.2536850883487,20260812
residual_xgboost_peer,cycle,2026-1,2026-1,Lags 2,21,2026-04-03,1972.0000000000002,1770.728673461914,-201.2713265380862,20260812
residual_xgboost_peer,cycle,2026-1,2026-1,Lags 2,28,2026-04-10,1972.0000000000002,1933.7381262756348,-38.26187372436539,20260812
residual_xgboost_peer,cycle,2026-1,2026-1,Lags 3,7,2026-03-27,1691.4399999999998,1418.0403050109862,-273.3996949890136,20260812
residual_xgboost_peer,cycle,2026-1,2026-1,Lags 3,14,2026-04-03,1691.4399999999998,1397.9956678436279,-293.44433215637196,20260812
residual_xgboost_peer,cycle,2026-1,2026-1,Lags 3,21,2026-04-10,1691.4399999999998,1376.3793768920898,-315.06062310791003,20260812
residual_xgboost_peer,cycle,2026-1,2026-1,Lags 3,28,2026-04-17,1691.4399999999998,1470.645693776703,-220.79430622329687,20260812
residual_xgboost_peer,cycle,2026-1,2026-1,Tags 1,7,2026-02-06,1446.68,1510.8199575683593,64.13995756835925,20260812
residual_xgboost_peer,cycle,2026-1,2026-1,Tags 1,14,2026-02-13,1446.68,1538.232223620224,91.55222362022391,20260812
residual_xgboost_peer,cycle,2026-1,2026-1,Tags 1,21,2026-02-20,1446.68,1638.6288511123657,191.94885111236567,20260812
residual_xgboost_peer,cycle,2026-1,2026-1,Tags 1,28,2026-02-27,1446.68,1620.3174533630372,173.63745336303714,20260812
residual_xgboost_peer,cycle,2026-1,2026-1,Tags 2,7,2026-02-06,1550.16,1512.6120348999023,-37.54796510009783,20260812
residual_xgboost_peer,cycle,2026-1,2026-1,Tags 2,14,2026-02-13,1550.16,1497.3218230293273,-52.83817697067275,20260812
residual_xgboost_peer,cycle,2026-1,2026-1,Tags 2,21,2026-02-20,1550.16,1680.2288511123656,130.06885111236556,20260812
residual_xgboost_peer,cycle,2026-1,2026-1,Tags 2,28,2026-02-27,1550.16,1594.767305810547,44.607305810546904,20260812
residual_xgboost_peer,cycle,2026-1,2026-1,Tags 3,7,2026-02-06,1691.4399999999998,1507.1399575683593,-184.30004243164058,20260812
residual_xgboost_peer,cycle,2026-1,2026-1,Tags 3,14,2026-02-13,1691.4399999999998,1541.474124798584,-149.96587520141588,20260812
residual_xgboost_peer,cycle,2026-1,2026-1,Tags 3,21,2026-02-20,1691.4399999999998,1666.1888511123657,-25.251148887634145,20260812
residual_xgboost_peer,cycle,2026-1,2026-1,Tags 3,28,2026-02-27,1691.4399999999998,1599.557453363037,-91.88254663696284,20260812
residual_xgboost_peer,cycle,2026-2,2026-2,Lags 1,7,2026-06-08,1192.0,1514.9247180282591,322.9247180282591,20260812
residual_xgboost_peer,cycle,2026-2,2026-2,Lags 1,14,2026-06-15,1192.0,1495.5166759445192,303.5166759445192,20260812
residual_xgboost_peer,cycle,2026-2,2026-2,Lags 1,21,2026-06-22,1192.0,1316.0012925956726,124.00129259567257,20260812
residual_xgboost_peer,cycle,2026-2,2026-2,Lags 1,28,2026-06-29,1192.0,1121.3137050994874,-70.68629490051262,20260812
residual_xgboost_peer,cycle,2026-2,2026-2,Lags 2,7,2026-06-16,1204.0,1514.9247180282591,310.9247180282591,20260812
residual_xgboost_peer,cycle,2026-2,2026-2,Lags 2,14,2026-06-23,1204.0,1454.4449605895998,250.44496058959976,20260812
residual_xgboost_peer,cycle,2026-2,2026-2,Lags 2,21,2026-06-30,1204.0,1325.145822415161,121.14582241516109,20260812
residual_xgboost_peer,cycle,2026-2,2026-2,Lags 2,28,2026-07-07,1204.0,1199.3137050994872,-4.6862949005128485,20260812
residual_xgboost_peer,cycle,2026-2,2026-2,Lags 3,7,2026-06-22,1078.0,1478.75766194458,400.7576619445799,20260812
residual_xgboost_peer,cycle,2026-2,2026-2,Lags 3,14,2026-06-29,1078.0,1418.9449605895998,340.94496058959976,20260812
residual_xgboost_peer,cycle,2026-2,2026-2,Lags 3,21,2026-07-06,1078.0,1256.145822415161,178.1458224151611,20260812
residual_xgboost_peer,cycle,2026-2,2026-2,Lags 3,28,2026-07-13,1078.0,1048.3436733612061,-29.65632663879387,20260812
residual_xgboost_peer,cycle,2026-2,2026-2,Tags 1,7,2026-04-25,1360.0,1567.6361087524413,207.63610875244126,20260812
residual_xgboost_peer,cycle,2026-2,2026-2,Tags 1,14,2026-05-02,1360.0,1528.9688088943483,168.96880889434829,20260812
residual_xgboost_peer,cycle,2026-2,2026-2,Tags 1,21,2026-05-09,1360.0,1545.7130110595704,185.71301105957036,20260812
residual_xgboost_peer,cycle,2026-2,2026-2,Tags 1,28,2026-05-16,1360.0,1529.3432600387573,169.3432600387573,20260812
residual_xgboost_peer,cycle,2026-2,2026-2,Tags 2,7,2026-04-25,1556.2800000000002,1560.7060236083983,4.426023608398054,20260812
residual_xgboost_peer,cycle,2026-2,2026-2,Tags 2,14,2026-05-02,1556.2800000000002,1510.741348556471,-45.53865144352926,20260812
residual_xgboost_peer,cycle,2026-2,2026-2,Tags 2,21,2026-05-09,1556.2800000000002,1559.1135852478028,2.8335852478026027,20260812
residual_xgboost_peer,cycle,2026-2,2026-2,Tags 2,28,2026-05-16,1556.2800000000002,1543.9131381401062,-12.366861859894016,20260812
residual_xgboost_peer,cycle,2026-2,2026-2,Tags 3,7,2026-04-25,1564.0,1561.5161087524411,-2.4838912475588586,20260812
residual_xgboost_peer,cycle,2026-2,2026-2,Tags 3,14,2026-05-02,1564.0,1515.7676146127703,-48.23238538722967,20260812
residual_xgboost_peer,cycle,2026-2,2026-2,Tags 3,21,2026-05-09,1564.0,1540.8084210250854,-23.19157897491459,20260812
residual_xgboost_peer,cycle,2026-2,2026-2,Tags 3,28,2026-05-16,1564.0,1529.7832600387574,-34.21673996124264,20260812
residual_lightgbm_peer,cycle,2025-2,2025-2,Tags 1,7,2025-04-04,1573.0,1588.3112117764745,15.311211776474465,20260812
residual_lightgbm_peer,cycle,2025-2,2025-2,Tags 1,14,2025-04-11,1573.0,1616.0666267722029,43.06662677220288,20260812
residual_lightgbm_peer,cycle,2025-2,2025-2,Tags 1,21,2025-04-18,1573.0,1507.9579466415248,-65.04205335847519,20260812
residual_lightgbm_peer,cycle,2025-2,2025-2,Tags 1,28,2025-04-25,1573.0,1873.8433224030077,300.84332240300773,20260812
residual_lightgbm_peer,cycle,2025-2,2025-2,Tags 2,7,2025-04-04,1599.0,1582.3112117764745,-16.688788223525535,20260812
residual_lightgbm_peer,cycle,2025-2,2025-2,Tags 2,14,2025-04-11,1599.0,1622.0666267722029,23.06662677220288,20260812
residual_lightgbm_peer,cycle,2025-2,2025-2,Tags 2,21,2025-04-18,1599.0,1626.9579466415248,27.957946641524813,20260812
residual_lightgbm_peer,cycle,2025-2,2025-2,Tags 2,28,2025-04-25,1599.0,1802.937957954734,203.93795795473397,20260812
residual_lightgbm_peer,cycle,2025-2,2025-2,Tags 3,7,2025-04-04,1544.0,1587.3112117764745,43.311211776474465,20260812
residual_lightgbm_peer,cycle,2025-2,2025-2,Tags 3,14,2025-04-11,1544.0,1622.0666267722029,78.06662677220288,20260812
residual_lightgbm_peer,cycle,2025-2,2025-2,Tags 3,21,2025-04-18,1544.0,1637.8640672768706,93.86406727687063,20260812
residual_lightgbm_peer,cycle,2025-2,2025-2,Tags 3,28,2025-04-25,1544.0,1635.5861495251709,91.58614952517087,20260812
residual_lightgbm_peer,cycle,2025-3,2025-3,Lags 1,7,2025-07-16,1479.9999999999998,1426.1824284294298,-53.81757157056995,20260812
residual_lightgbm_peer,cycle,2025-3,2025-3,Lags 1,14,2025-07-23,1479.9999999999998,1472.0049540824687,-7.995045917531115,20260812
residual_lightgbm_peer,cycle,2025-3,2025-3,Lags 1,21,2025-07-30,1479.9999999999998,1446.3549767442387,-33.64502325576109,20260812
residual_lightgbm_peer,cycle,2025-3,2025-3,Lags 1,28,2025-08-06,1479.9999999999998,1417.208935491468,-62.79106450853169,20260812
residual_lightgbm_peer,cycle,2025-3,2025-3,Lags 2,7,2025-07-22,1554.0,1423.1824284294298,-130.81757157057018,20260812
residual_lightgbm_peer,cycle,2025-3,2025-3,Lags 2,14,2025-07-29,1554.0,1405.5453512995373,-148.4546487004627,20260812
residual_lightgbm_peer,cycle,2025-3,2025-3,Lags 2,21,2025-08-05,1554.0,1413.3549767442387,-140.64502325576132,20260812
residual_lightgbm_peer,cycle,2025-3,2025-3,Lags 2,28,2025-08-12,1554.0,1477.2089354914679,-76.79106450853214,20260812
residual_lightgbm_peer,cycle,2025-3,2025-3,Tags 1,7,2025-06-20,1477.24,1571.0419188592696,93.80191885926956,20260812
residual_lightgbm_peer,cycle,2025-3,2025-3,Tags 1,14,2025-06-27,1477.24,1564.0510485592579,86.81104855925787,20260812
residual_lightgbm_peer,cycle,2025-3,2025-3,Tags 1,21,2025-07-04,1477.24,1544.7733549458717,67.53335494587168,20260812
residual_lightgbm_peer,cycle,2025-3,2025-3,Tags 1,28,2025-07-11,1477.24,1544.0446575070077,66.80465750700773,20260812
residual_lightgbm_peer,cycle,2025-3,2025-3,Tags 2,7,2025-06-20,1490.24,1570.0419188592696,79.80191885926956,20260812
residual_lightgbm_peer,cycle,2025-3,2025-3,Tags 2,14,2025-06-27,1490.24,1582.031048559258,91.79104855925789,20260812
residual_lightgbm_peer,cycle,2025-3,2025-3,Tags 2,21,2025-07-04,1490.24,1573.8958386769189,83.65583867691885,20260812
residual_lightgbm_peer,cycle,2025-3,2025-3,Tags 2,28,2025-07-11,1490.24,1588.4404562541101,98.20045625411012,20260812
residual_lightgbm_peer,cycle,2025-3,2025-3,Tags 3,7,2025-06-20,1582.1,1573.0419188592696,-9.058081140730337,20260812
residual_lightgbm_peer,cycle,2025-3,2025-3,Tags 3,14,2025-06-27,1582.1,1602.701048559258,20.60104855925806,20260812
residual_lightgbm_peer,cycle,2025-3,2025-3,Tags 3,21,2025-07-04,1582.1,1491.1733549458718,-90.92664505412813,20260812
residual_lightgbm_peer,cycle,2025-3,2025-3,Tags 3,28,2025-07-11,1582.1,1508.6846575070078,-73.41534249299207,20260812
residual_lightgbm_peer,cycle,2025-4,2025-4,Lags 1,7,2025-10-03,1568.0,1451.1287819194797,-116.8712180805203,20260812
residual_lightgbm_peer,cycle,2025-4,2025-4,Lags 1,14,2025-10-10,1568.0,1511.3893564056666,-56.610643594333396,20260812
residual_lightgbm_peer,cycle,2025-4,2025-4,Lags 1,21,2025-10-17,1568.0,1558.8424269332606,-9.15757306673936,20260812
residual_lightgbm_peer,cycle,2025-4,2025-4,Lags 1,28,2025-10-24,1568.0,1670.0301853825774,102.03018538257743,20260812
residual_lightgbm_peer,cycle,2025-4,2025-4,Lags 2,7,2025-10-03,1594.0,1451.1287819194797,-142.8712180805203,20260812
residual_lightgbm_peer,cycle,2025-4,2025-4,Lags 2,14,2025-10-10,1594.0,1513.5395192558972,-80.46048074410282,20260812
residual_lightgbm_peer,cycle,2025-4,2025-4,Lags 2,21,2025-10-17,1594.0,1567.8424269332606,-26.15757306673936,20260812
residual_lightgbm_peer,cycle,2025-4,2025-4,Lags 2,28,2025-10-24,1594.0,1708.0301853825777,114.03018538257766,20260812
residual_lightgbm_peer,cycle,2025-4,2025-4,Tags 1,7,2025-09-02,1441.5,1458.7691536444913,17.269153644491325,20260812
residual_lightgbm_peer,cycle,2025-4,2025-4,Tags 1,14,2025-09-09,1441.5,1422.3919212252483,-19.108078774751675,20260812
residual_lightgbm_peer,cycle,2025-4,2025-4,Tags 1,21,2025-09-16,1441.5,1459.957718140417,18.457718140417,20260812
residual_lightgbm_peer,cycle,2025-4,2025-4,Tags 1,28,2025-09-23,1441.5,1289.8936090037607,-151.60639099623927,20260812
residual_lightgbm_peer,cycle,2025-4,2025-4,Tags 2,7,2025-09-02,1450.0400000000002,1462.0691536444913,12.029153644491089,20260812
residual_lightgbm_peer,cycle,2025-4,2025-4,Tags 2,14,2025-09-09,1450.0400000000002,1526.0395192558972,75.99951925589698,20260812
residual_lightgbm_peer,cycle,2025-4,2025-4,Tags 2,21,2025-09-16,1450.0400000000002,1485.4782564855384,35.438256485538204,20260812
residual_lightgbm_peer,cycle,2025-4,2025-4,Tags 2,28,2025-09-23,1450.0400000000002,1320.2101853825773,-129.82981461742293,20260812
residual_lightgbm_peer,cycle,2025-4,2025-4,Tags 3,7,2025-09-02,1293.1200000000001,1458.7691536444913,165.6491536444912,20260812
residual_lightgbm_peer,cycle,2025-4,2025-4,Tags 3,14,2025-09-09,1293.1200000000001,1524.7795192558972,231.65951925589707,20260812
residual_lightgbm_peer,cycle,2025-4,2025-4,Tags 3,21,2025-09-16,1293.1200000000001,1469.4182564855382,176.2982564855381,20260812
residual_lightgbm_peer,cycle,2025-4,2025-4,Tags 3,28,2025-09-23,1293.1200000000001,1340.9901853825775,47.87018538257735,20260812
residual_lightgbm_peer,cycle,2025-5,2025-5,Lags 1,7,2025-12-17,1306.0,1433.0571754612984,127.05717546129836,20260812
residual_lightgbm_peer,cycle,2025-5,2025-5,Lags 1,14,2025-12-24,1306.0,1401.1572390168276,95.15723901682759,20260812
residual_lightgbm_peer,cycle,2025-5,2025-5,Lags 1,21,2025-12-31,1306.0,1352.813751451002,46.81375145100196,20260812
residual_lightgbm_peer,cycle,2025-5,2025-5,Lags 1,28,2026-01-07,1306.0,1386.6732161062732,80.67321610627323,20260812
residual_lightgbm_peer,cycle,2025-5,2025-5,Lags 2,7,2025-12-24,1176.0,1429.0571754612984,253.05717546129836,20260812
residual_lightgbm_peer,cycle,2025-5,2025-5,Lags 2,14,2025-12-31,1176.0,1352.7812119717184,176.78121197171845,20260812
residual_lightgbm_peer,cycle,2025-5,2025-5,Lags 2,21,2026-01-07,1176.0,1280.4393354734395,104.43933547343954,20260812
residual_lightgbm_peer,cycle,2025-5,2025-5,Lags 2,28,2026-01-14,1176.0,1245.0305693833855,69.03056938338545,20260812
residual_lightgbm_peer,cycle,2025-5,2025-5,Lags 3,7,2026-01-02,1182.0,1430.0571754612984,248.05717546129836,20260812
residual_lightgbm_peer,cycle,2025-5,2025-5,Lags 3,14,2026-01-09,1182.0,1365.7812119717184,183.78121197171845,20260812
residual_lightgbm_peer,cycle,2025-5,2025-5,Lags 3,21,2026-01-16,1182.0,1296.4393354734395,114.43933547343954,20260812
residual_lightgbm_peer,cycle,2025-5,2025-5,Lags 3,28,2026-01-23,1182.0,1247.0305693833855,65.03056938338545,20260812
residual_lightgbm_peer,cycle,2025-5,2025-5,Tags 1,7,2025-11-18,1702.0,1458.2772729566395,-243.72272704336046,20260812
residual_lightgbm_peer,cycle,2025-5,2025-5,Tags 1,14,2025-11-25,1702.0,1434.7859915544466,-267.2140084455534,20260812
residual_lightgbm_peer,cycle,2025-5,2025-5,Tags 1,21,2025-12-02,1702.0,1391.2981368689666,-310.7018631310334,20260812
residual_lightgbm_peer,cycle,2025-5,2025-5,Tags 1,28,2025-12-09,1702.0,1600.0915437467736,-101.9084562532264,20260812
residual_lightgbm_peer,cycle,2025-5,2025-5,Tags 2,7,2025-11-18,1776.0,1455.2772729566395,-320.72272704336046,20260812
residual_lightgbm_peer,cycle,2025-5,2025-5,Tags 2,14,2025-11-25,1776.0,1467.315541156596,-308.68445884340395,20260812
residual_lightgbm_peer,cycle,2025-5,2025-5,Tags 2,21,2025-12-02,1776.0,1493.2981368689666,-282.7018631310334,20260812
residual_lightgbm_peer,cycle,2025-5,2025-5,Tags 2,28,2025-12-09,1776.0,1574.0915437467736,-201.9084562532264,20260812
residual_lightgbm_peer,cycle,2025-5,2025-5,Tags 3,7,2025-11-18,1738.0,1456.2772729566395,-281.72272704336046,20260812
residual_lightgbm_peer,cycle,2025-5,2025-5,Tags 3,14,2025-11-25,1738.0,1450.7859915544466,-287.2140084455534,20260812
residual_lightgbm_peer,cycle,2025-5,2025-5,Tags 3,21,2025-12-02,1738.0,1529.2981368689666,-208.7018631310334,20260812
residual_lightgbm_peer,cycle,2025-5,2025-5,Tags 3,28,2025-12-09,1738.0,1593.0915437467736,-144.9084562532264,20260812
residual_lightgbm_peer,cycle,2026-1,2026-1,Lags 1,7,2026-03-12,1605.9999999999998,1415.0710740738568,-190.92892592614294,20260812
residual_lightgbm_peer,cycle,2026-1,2026-1,Lags 1,14,2026-03-19,1605.9999999999998,1481.4676251620187,-124.53237483798102,20260812
residual_lightgbm_peer,cycle,2026-1,2026-1,Lags 1,21,2026-03-26,1605.9999999999998,1494.3523577802516,-111.64764221974815,20260812
residual_lightgbm_peer,cycle,2026-1,2026-1,Lags 1,28,2026-04-02,1605.9999999999998,1518.6265425906174,-87.37345740938235,20260812
residual_lightgbm_peer,cycle,2026-1,2026-1,Lags 2,7,2026-03-20,1972.0000000000002,1419.0710740738568,-552.9289259261434,20260812
residual_lightgbm_peer,cycle,2026-1,2026-1,Lags 2,14,2026-03-27,1972.0000000000002,1556.9876251620187,-415.0123748379815,20260812
residual_lightgbm_peer,cycle,2026-1,2026-1,Lags 2,21,2026-04-03,1972.0000000000002,1775.776044349037,-196.22395565096326,20260812
residual_lightgbm_peer,cycle,2026-1,2026-1,Lags 2,28,2026-04-10,1972.0000000000002,1914.5055175389896,-57.49448246101065,20260812
residual_lightgbm_peer,cycle,2026-1,2026-1,Lags 3,7,2026-03-27,1691.4399999999998,1400.0282094756271,-291.4117905243727,20260812
residual_lightgbm_peer,cycle,2026-1,2026-1,Lags 3,14,2026-04-03,1691.4399999999998,1385.1435509092116,-306.2964490907882,20260812
residual_lightgbm_peer,cycle,2026-1,2026-1,Lags 3,21,2026-04-10,1691.4399999999998,1378.3523577802519,-313.087642219748,20260812
residual_lightgbm_peer,cycle,2026-1,2026-1,Lags 3,28,2026-04-17,1691.4399999999998,1453.180910358846,-238.25908964115388,20260812
residual_lightgbm_peer,cycle,2026-1,2026-1,Tags 1,7,2026-02-06,1446.68,1529.0880027842506,82.40800278425058,20260812
residual_lightgbm_peer,cycle,2026-1,2026-1,Tags 1,14,2026-02-13,1446.68,1517.7216959196278,71.04169591962773,20260812
residual_lightgbm_peer,cycle,2026-1,2026-1,Tags 1,21,2026-02-20,1446.68,1636.544084748393,189.864084748393,20260812
residual_lightgbm_peer,cycle,2026-1,2026-1,Tags 1,28,2026-02-27,1446.68,1605.9855175389896,159.30551753898953,20260812
residual_lightgbm_peer,cycle,2026-1,2026-1,Tags 2,7,2026-02-06,1550.16,1530.3680027842506,-19.79199721574946,20260812
residual_lightgbm_peer,cycle,2026-1,2026-1,Tags 2,14,2026-02-13,1550.16,1473.7616959196278,-76.39830408037233,20260812
residual_lightgbm_peer,cycle,2026-1,2026-1,Tags 2,21,2026-02-20,1550.16,1678.144084748393,127.98408474839289,20260812
residual_lightgbm_peer,cycle,2026-1,2026-1,Tags 2,28,2026-02-27,1550.16,1588.1439561094292,37.98395610942907,20260812
residual_lightgbm_peer,cycle,2026-1,2026-1,Tags 3,7,2026-02-06,1691.4399999999998,1525.4080027842506,-166.03199721574924,20260812
residual_lightgbm_peer,cycle,2026-1,2026-1,Tags 3,14,2026-02-13,1691.4399999999998,1554.1602076484057,-137.2797923515941,20260812
residual_lightgbm_peer,cycle,2026-1,2026-1,Tags 3,21,2026-02-20,1691.4399999999998,1664.104084748393,-27.33591525160682,20260812
residual_lightgbm_peer,cycle,2026-1,2026-1,Tags 3,28,2026-02-27,1691.4399999999998,1585.2255175389894,-106.21448246101045,20260812
residual_lightgbm_peer,cycle,2026-2,2026-2,Lags 1,7,2026-06-08,1192.0,1571.3631581880131,379.36315818801313,20260812
residual_lightgbm_peer,cycle,2026-2,2026-2,Lags 1,14,2026-06-15,1192.0,1513.2222910683129,321.22229106831287,20260812
residual_lightgbm_peer,cycle,2026-2,2026-2,Lags 1,21,2026-06-22,1192.0,1351.5572578321,159.55725783210005,20260812
residual_lightgbm_peer,cycle,2026-2,2026-2,Lags 1,28,2026-06-29,1192.0,1154.0659868723944,-37.93401312760557,20260812
residual_lightgbm_peer,cycle,2026-2,2026-2,Lags 2,7,2026-06-16,1204.0,1571.3631581880131,367.36315818801313,20260812
residual_lightgbm_peer,cycle,2026-2,2026-2,Lags 2,14,2026-06-23,1204.0,1472.6452589449284,268.6452589449284,20260812
residual_lightgbm_peer,cycle,2026-2,2026-2,Lags 2,21,2026-06-30,1204.0,1333.5572578321,129.55725783210005,20260812
residual_lightgbm_peer,cycle,2026-2,2026-2,Lags 2,28,2026-07-07,1204.0,1232.0659868723942,28.065986872394205,20260812
residual_lightgbm_peer,cycle,2026-2,2026-2,Lags 3,7,2026-06-22,1078.0,1452.5505367088833,374.5505367088833,20260812
residual_lightgbm_peer,cycle,2026-2,2026-2,Lags 3,14,2026-06-29,1078.0,1437.1452589449284,359.1452589449284,20260812
residual_lightgbm_peer,cycle,2026-2,2026-2,Lags 3,21,2026-07-06,1078.0,1256.1384427521598,178.1384427521598,20260812
residual_lightgbm_peer,cycle,2026-2,2026-2,Lags 3,28,2026-07-13,1078.0,1060.0659868723944,-17.934013127605567,20260812
residual_lightgbm_peer,cycle,2026-2,2026-2,Tags 1,7,2026-04-25,1360.0,1584.6031581880131,224.60315818801314,20260812
residual_lightgbm_peer,cycle,2026-2,2026-2,Tags 1,14,2026-05-02,1360.0,1546.4822910683129,186.48229106831286,20260812
residual_lightgbm_peer,cycle,2026-2,2026-2,Tags 1,21,2026-05-09,1360.0,1541.1438961523352,181.14389615233517,20260812
residual_lightgbm_peer,cycle,2026-2,2026-2,Tags 1,28,2026-05-16,1360.0,1568.6659868723943,208.66598687239434,20260812
residual_lightgbm_peer,cycle,2026-2,2026-2,Tags 2,7,2026-04-25,1556.2800000000002,1578.143158188013,21.863158188012903,20260812
residual_lightgbm_peer,cycle,2026-2,2026-2,Tags 2,14,2026-05-02,1556.2800000000002,1494.4135802411884,-61.866419758811844,20260812
residual_lightgbm_peer,cycle,2026-2,2026-2,Tags 2,21,2026-05-09,1556.2800000000002,1547.6238961523352,-8.656103847665008,20260812
residual_lightgbm_peer,cycle,2026-2,2026-2,Tags 2,28,2026-05-16,1556.2800000000002,1584.1659868723943,27.88598687239414,20260812
residual_lightgbm_peer,cycle,2026-2,2026-2,Tags 3,7,2026-04-25,1564.0,1578.483158188013,14.483158188013022,20260812
residual_lightgbm_peer,cycle,2026-2,2026-2,Tags 3,14,2026-05-02,1564.0,1498.9635802411885,-65.03641975881146,20260812
residual_lightgbm_peer,cycle,2026-2,2026-2,Tags 3,21,2026-05-09,1564.0,1582.0841691402986,18.084169140298627,20260812
residual_lightgbm_peer,cycle,2026-2,2026-2,Tags 3,28,2026-05-16,1564.0,1569.1059868723944,5.105986872394396,20260812
residual_catboost_peer,cycle,2025-2,2025-2,Tags 1,7,2025-04-04,1573.0,1587.5615884548022,14.561588454802177,20260812
residual_catboost_peer,cycle,2025-2,2025-2,Tags 1,14,2025-04-11,1573.0,1617.3155789958746,44.3155789958746,20260812
residual_catboost_peer,cycle,2025-2,2025-2,Tags 1,21,2025-04-18,1573.0,1534.7871661963031,-38.21283380369687,20260812
residual_catboost_peer,cycle,2025-2,2025-2,Tags 1,28,2025-04-25,1573.0,1870.6853735149482,297.6853735149482,20260812
residual_catboost_peer,cycle,2025-2,2025-2,Tags 2,7,2025-04-04,1599.0,1578.3468816590535,-20.65311834094655,20260812
residual_catboost_peer,cycle,2025-2,2025-2,Tags 2,14,2025-04-11,1599.0,1623.3155789958746,24.315578995874603,20260812
residual_catboost_peer,cycle,2025-2,2025-2,Tags 2,21,2025-04-18,1599.0,1652.5303245768735,53.530324576873454,20260812
residual_catboost_peer,cycle,2025-2,2025-2,Tags 2,28,2025-04-25,1599.0,1796.747520499787,197.74752049978702,20260812
residual_catboost_peer,cycle,2025-2,2025-2,Tags 3,7,2025-04-04,1544.0,1583.3468816590535,39.34688165905345,20260812
residual_catboost_peer,cycle,2025-2,2025-2,Tags 3,14,2025-04-11,1544.0,1623.3155789958746,79.3155789958746,20260812
residual_catboost_peer,cycle,2025-2,2025-2,Tags 3,21,2025-04-18,1544.0,1664.5303245768735,120.53032457687345,20260812
residual_catboost_peer,cycle,2025-2,2025-2,Tags 3,28,2025-04-25,1544.0,1621.835523666682,77.83552366668209,20260812
residual_catboost_peer,cycle,2025-3,2025-3,Lags 1,7,2025-07-16,1479.9999999999998,1458.8670821122782,-21.132917887721533,20260812
residual_catboost_peer,cycle,2025-3,2025-3,Lags 1,14,2025-07-23,1479.9999999999998,1523.8982312699668,43.89823126996703,20260812
residual_catboost_peer,cycle,2025-3,2025-3,Lags 1,21,2025-07-30,1479.9999999999998,1444.1296972693456,-35.8703027306542,20260812
residual_catboost_peer,cycle,2025-3,2025-3,Lags 1,28,2025-08-06,1479.9999999999998,1419.3617719207732,-60.638228079226565,20260812
residual_catboost_peer,cycle,2025-3,2025-3,Lags 2,7,2025-07-22,1554.0,1466.5704992251822,-87.42950077481783,20260812
residual_catboost_peer,cycle,2025-3,2025-3,Lags 2,14,2025-07-29,1554.0,1442.0112378908725,-111.98876210912749,20260812
residual_catboost_peer,cycle,2025-3,2025-3,Lags 2,21,2025-08-05,1554.0,1416.4773714389842,-137.52262856101584,20260812
residual_catboost_peer,cycle,2025-3,2025-3,Lags 2,28,2025-08-12,1554.0,1480.3199327893412,-73.68006721065876,20260812
residual_catboost_peer,cycle,2025-3,2025-3,Tags 1,7,2025-06-20,1477.24,1572.2471891045743,95.00718910457431,20260812
residual_catboost_peer,cycle,2025-3,2025-3,Tags 1,14,2025-06-27,1477.24,1557.1914515865765,79.95145158657647,20260812
residual_catboost_peer,cycle,2025-3,2025-3,Tags 1,21,2025-07-04,1477.24,1565.7773334274204,88.53733342742044,20260812
residual_catboost_peer,cycle,2025-3,2025-3,Tags 1,28,2025-07-11,1477.24,1579.8289336872976,102.58893368729764,20260812
residual_catboost_peer,cycle,2025-3,2025-3,Tags 2,7,2025-06-20,1490.24,1572.5086909883678,82.26869098836778,20260812
residual_catboost_peer,cycle,2025-3,2025-3,Tags 2,14,2025-06-27,1490.24,1576.8262748962945,86.58627489629453,20260812
residual_catboost_peer,cycle,2025-3,2025-3,Tags 2,21,2025-07-04,1490.24,1567.5923022971544,77.35230229715444,20260812
residual_catboost_peer,cycle,2025-3,2025-3,Tags 2,28,2025-07-11,1490.24,1586.5587816212294,96.31878162122939,20260812
residual_catboost_peer,cycle,2025-3,2025-3,Tags 3,7,2025-06-20,1582.1,1574.2471891045743,-7.852810895425591,20260812
residual_catboost_peer,cycle,2025-3,2025-3,Tags 3,14,2025-06-27,1582.1,1602.6538022843886,20.553802284388667,20260812
residual_catboost_peer,cycle,2025-3,2025-3,Tags 3,21,2025-07-04,1582.1,1515.019026898319,-67.08097310168091,20260812
residual_catboost_peer,cycle,2025-3,2025-3,Tags 3,28,2025-07-11,1582.1,1542.516855078571,-39.58314492142881,20260812
residual_catboost_peer,cycle,2025-4,2025-4,Lags 1,7,2025-10-03,1568.0,1449.9366271962751,-118.06337280372486,20260812
residual_catboost_peer,cycle,2025-4,2025-4,Lags 1,14,2025-10-10,1568.0,1495.0730836327768,-72.92691636722316,20260812
residual_catboost_peer,cycle,2025-4,2025-4,Lags 1,21,2025-10-17,1568.0,1568.9585691501522,0.9585691501522433,20260812
residual_catboost_peer,cycle,2025-4,2025-4,Lags 1,28,2025-10-24,1568.0,1635.3292911095746,67.32929110957457,20260812
residual_catboost_peer,cycle,2025-4,2025-4,Lags 2,7,2025-10-03,1594.0,1449.9366271962751,-144.06337280372486,20260812
residual_catboost_peer,cycle,2025-4,2025-4,Lags 2,14,2025-10-10,1594.0,1504.9044677668558,-89.09553223314424,20260812
residual_catboost_peer,cycle,2025-4,2025-4,Lags 2,21,2025-10-17,1594.0,1577.3352459027712,-16.66475409722875,20260812
residual_catboost_peer,cycle,2025-4,2025-4,Lags 2,28,2025-10-24,1594.0,1673.4091870109721,79.40918701097212,20260812
residual_catboost_peer,cycle,2025-4,2025-4,Tags 1,7,2025-09-02,1441.5,1432.1593136376187,-9.340686362381348,20260812
residual_catboost_peer,cycle,2025-4,2025-4,Tags 1,14,2025-09-09,1441.5,1474.7824585666576,33.282458566657624,20260812
residual_catboost_peer,cycle,2025-4,2025-4,Tags 1,21,2025-09-16,1441.5,1489.89538835648,48.39538835648,20260812
residual_catboost_peer,cycle,2025-4,2025-4,Tags 1,28,2025-09-23,1441.5,1271.6601260429304,-169.83987395706959,20260812
residual_catboost_peer,cycle,2025-4,2025-4,Tags 2,7,2025-09-02,1450.0400000000002,1431.1274012845608,-18.912598715439344,20260812
residual_catboost_peer,cycle,2025-4,2025-4,Tags 2,14,2025-09-09,1450.0400000000002,1517.653710316768,67.61371031676777,20260812
residual_catboost_peer,cycle,2025-4,2025-4,Tags 2,21,2025-09-16,1450.0400000000002,1507.317311303494,57.27731130349389,20260812
residual_catboost_peer,cycle,2025-4,2025-4,Tags 2,28,2025-09-23,1450.0400000000002,1305.6173576713493,-144.4226423286509,20260812
residual_catboost_peer,cycle,2025-4,2025-4,Tags 3,7,2025-09-02,1293.1200000000001,1432.6102061365677,139.49020613656762,20260812
residual_catboost_peer,cycle,2025-4,2025-4,Tags 3,14,2025-09-09,1293.1200000000001,1534.8170286514617,241.69702865146155,20260812
residual_catboost_peer,cycle,2025-4,2025-4,Tags 3,21,2025-09-16,1293.1200000000001,1489.9853210929998,196.8653210929997,20260812
residual_catboost_peer,cycle,2025-4,2025-4,Tags 3,28,2025-09-23,1293.1200000000001,1326.751077544135,33.63107754413477,20260812
residual_catboost_peer,cycle,2025-5,2025-5,Lags 1,7,2025-12-17,1306.0,1495.1322652889098,189.13226528890982,20260812
residual_catboost_peer,cycle,2025-5,2025-5,Lags 1,14,2025-12-24,1306.0,1447.4111815883082,141.41118158830818,20260812
residual_catboost_peer,cycle,2025-5,2025-5,Lags 1,21,2025-12-31,1306.0,1362.8535636049144,56.85356360491437,20260812
residual_catboost_peer,cycle,2025-5,2025-5,Lags 1,28,2026-01-07,1306.0,1398.9715597038225,92.97155970382255,20260812
residual_catboost_peer,cycle,2025-5,2025-5,Lags 2,7,2025-12-24,1176.0,1487.1365275169096,311.1365275169096,20260812
residual_catboost_peer,cycle,2025-5,2025-5,Lags 2,14,2025-12-31,1176.0,1394.7686082833188,218.76860828331883,20260812
residual_catboost_peer,cycle,2025-5,2025-5,Lags 2,21,2026-01-07,1176.0,1290.2382878626918,114.23828786269178,20260812
residual_catboost_peer,cycle,2025-5,2025-5,Lags 2,28,2026-01-14,1176.0,1236.803136548061,60.80313654806105,20260812
residual_catboost_peer,cycle,2025-5,2025-5,Lags 3,7,2026-01-02,1182.0,1492.5520125417559,310.55201254175586,20260812
residual_catboost_peer,cycle,2025-5,2025-5,Lags 3,14,2026-01-09,1182.0,1409.4508141271156,227.45081412711556,20260812
residual_catboost_peer,cycle,2025-5,2025-5,Lags 3,21,2026-01-16,1182.0,1306.8593962257632,124.85939622576325,20260812
residual_catboost_peer,cycle,2025-5,2025-5,Lags 3,28,2026-01-23,1182.0,1239.0572022885053,57.05720228850532,20260812
residual_catboost_peer,cycle,2025-5,2025-5,Tags 1,7,2025-11-18,1702.0,1506.047966634899,-195.952033365101,20260812
residual_catboost_peer,cycle,2025-5,2025-5,Tags 1,14,2025-11-25,1702.0,1466.831894509043,-235.16810549095703,20260812
residual_catboost_peer,cycle,2025-5,2025-5,Tags 1,21,2025-12-02,1702.0,1398.9606639586282,-303.0393360413718,20260812
residual_catboost_peer,cycle,2025-5,2025-5,Tags 1,28,2025-12-09,1702.0,1602.7405281811652,-99.25947181883475,20260812
residual_catboost_peer,cycle,2025-5,2025-5,Tags 2,7,2025-11-18,1776.0,1505.5169454724655,-270.4830545275345,20260812
residual_catboost_peer,cycle,2025-5,2025-5,Tags 2,14,2025-11-25,1776.0,1506.6339589321547,-269.36604106784534,20260812
residual_catboost_peer,cycle,2025-5,2025-5,Tags 2,21,2025-12-02,1776.0,1501.2732769222268,-274.72672307777316,20260812
residual_catboost_peer,cycle,2025-5,2025-5,Tags 2,28,2025-12-09,1776.0,1559.3159278140724,-216.68407218592756,20260812
residual_catboost_peer,cycle,2025-5,2025-5,Tags 3,7,2025-11-18,1738.0,1499.8593450680985,-238.1406549319015,20260812
residual_catboost_peer,cycle,2025-5,2025-5,Tags 3,14,2025-11-25,1738.0,1481.3695277187865,-256.63047228121354,20260812
residual_catboost_peer,cycle,2025-5,2025-5,Tags 3,21,2025-12-02,1738.0,1536.9989664247762,-201.0010335752238,20260812
residual_catboost_peer,cycle,2025-5,2025-5,Tags 3,28,2025-12-09,1738.0,1578.5966002587652,-159.4033997412348,20260812
residual_catboost_peer,cycle,2026-1,2026-1,Lags 1,7,2026-03-12,1605.9999999999998,1455.2966641706812,-150.70333582931858,20260812
residual_catboost_peer,cycle,2026-1,2026-1,Lags 1,14,2026-03-19,1605.9999999999998,1524.748791563262,-81.25120843673767,20260812
residual_catboost_peer,cycle,2026-1,2026-1,Lags 1,21,2026-03-26,1605.9999999999998,1501.1927746411968,-104.80722535880295,20260812
residual_catboost_peer,cycle,2026-1,2026-1,Lags 1,28,2026-04-02,1605.9999999999998,1566.095912587745,-39.90408741225474,20260812
residual_catboost_peer,cycle,2026-1,2026-1,Lags 2,7,2026-03-20,1972.0000000000002,1456.6765252149892,-515.3234747850111,20260812
residual_catboost_peer,cycle,2026-1,2026-1,Lags 2,14,2026-03-27,1972.0000000000002,1603.725739393095,-368.2742606069053,20260812
residual_catboost_peer,cycle,2026-1,2026-1,Lags 2,21,2026-04-03,1972.0000000000002,1774.5383927913565,-197.46160720864373,20260812
residual_catboost_peer,cycle,2026-1,2026-1,Lags 2,28,2026-04-10,1972.0000000000002,1923.6664208861555,-48.333579113844735,20260812
residual_catboost_peer,cycle,2026-1,2026-1,Lags 3,7,2026-03-27,1691.4399999999998,1435.0119775543576,-256.4280224456422,20260812
residual_catboost_peer,cycle,2026-1,2026-1,Lags 3,14,2026-04-03,1691.4399999999998,1370.658353841776,-320.7816461582238,20260812
residual_catboost_peer,cycle,2026-1,2026-1,Lags 3,21,2026-04-10,1691.4399999999998,1384.0039327163183,-307.4360672836815,20260812
residual_catboost_peer,cycle,2026-1,2026-1,Lags 3,28,2026-04-17,1691.4399999999998,1484.2368263802057,-207.20317361979414,20260812
residual_catboost_peer,cycle,2026-1,2026-1,Tags 1,7,2026-02-06,1446.68,1507.974308729033,61.29430872903299,20260812
residual_catboost_peer,cycle,2026-1,2026-1,Tags 1,14,2026-02-13,1446.68,1551.7204321252614,105.0404321252613,20260812
residual_catboost_peer,cycle,2026-1,2026-1,Tags 1,21,2026-02-20,1446.68,1628.5697262083447,181.88972620834465,20260812
residual_catboost_peer,cycle,2026-1,2026-1,Tags 1,28,2026-02-27,1446.68,1609.672077147745,162.99207714774502,20260812
residual_catboost_peer,cycle,2026-1,2026-1,Tags 2,7,2026-02-06,1550.16,1515.0245749909836,-35.135425009016444,20260812
residual_catboost_peer,cycle,2026-1,2026-1,Tags 2,14,2026-02-13,1550.16,1514.7891906867144,-35.37080931328569,20260812
residual_catboost_peer,cycle,2026-1,2026-1,Tags 2,21,2026-02-20,1550.16,1660.8310833683922,110.67108336839215,20260812
residual_catboost_peer,cycle,2026-1,2026-1,Tags 2,28,2026-02-27,1550.16,1587.8737963210983,37.71379632109824,20260812
residual_catboost_peer,cycle,2026-1,2026-1,Tags 3,7,2026-02-06,1691.4399999999998,1502.6533873791286,-188.7866126208712,20260812
residual_catboost_peer,cycle,2026-1,2026-1,Tags 3,14,2026-02-13,1691.4399999999998,1527.5580635477477,-163.88193645225215,20260812
residual_catboost_peer,cycle,2026-1,2026-1,Tags 3,21,2026-02-20,1691.4399999999998,1655.129700028413,-36.3102999715868,20260812
residual_catboost_peer,cycle,2026-1,2026-1,Tags 3,28,2026-02-27,1691.4399999999998,1592.5316141724095,-98.90838582759034,20260812
residual_catboost_peer,cycle,2026-2,2026-2,Lags 1,7,2026-06-08,1192.0,1600.2513621194616,408.25136211946165,20260812
residual_catboost_peer,cycle,2026-2,2026-2,Lags 1,14,2026-06-15,1192.0,1541.9684698877008,349.96846988770085,20260812
residual_catboost_peer,cycle,2026-2,2026-2,Lags 1,21,2026-06-22,1192.0,1339.523571623569,147.52357162356907,20260812
residual_catboost_peer,cycle,2026-2,2026-2,Lags 1,28,2026-06-29,1192.0,1143.540369144626,-48.459630855373916,20260812
residual_catboost_peer,cycle,2026-2,2026-2,Lags 2,7,2026-06-16,1204.0,1599.7582732270705,395.7582732270705,20260812
residual_catboost_peer,cycle,2026-2,2026-2,Lags 2,14,2026-06-23,1204.0,1499.1789538171595,295.1789538171595,20260812
residual_catboost_peer,cycle,2026-2,2026-2,Lags 2,21,2026-06-30,1204.0,1316.2121956592603,112.21219565926026,20260812
residual_catboost_peer,cycle,2026-2,2026-2,Lags 2,28,2026-07-07,1204.0,1219.183661747752,15.183661747752012,20260812
residual_catboost_peer,cycle,2026-2,2026-2,Lags 3,7,2026-06-22,1078.0,1427.2767214117457,349.2767214117457,20260812
residual_catboost_peer,cycle,2026-2,2026-2,Lags 3,14,2026-06-29,1078.0,1432.8243137524848,354.82431375248484,20260812
residual_catboost_peer,cycle,2026-2,2026-2,Lags 3,21,2026-07-06,1078.0,1230.3173183176116,152.31731831761158,20260812
residual_catboost_peer,cycle,2026-2,2026-2,Lags 3,28,2026-07-13,1078.0,1053.9919049124596,-24.00809508754037,20260812
residual_catboost_peer,cycle,2026-2,2026-2,Tags 1,7,2026-04-25,1360.0,1592.5727031487895,232.57270314878951,20260812
residual_catboost_peer,cycle,2026-2,2026-2,Tags 1,14,2026-05-02,1360.0,1577.4157135357289,217.41571353572886,20260812
residual_catboost_peer,cycle,2026-2,2026-2,Tags 1,21,2026-05-09,1360.0,1577.947469695331,217.94746969533094,20260812
residual_catboost_peer,cycle,2026-2,2026-2,Tags 1,28,2026-05-16,1360.0,1559.2937260246447,199.29372602464468,20260812
residual_catboost_peer,cycle,2026-2,2026-2,Tags 2,7,2026-04-25,1556.2800000000002,1599.6966605791345,43.41666057913426,20260812
residual_catboost_peer,cycle,2026-2,2026-2,Tags 2,14,2026-05-02,1556.2800000000002,1560.5291869745677,4.249186974567465,20260812
residual_catboost_peer,cycle,2026-2,2026-2,Tags 2,21,2026-05-09,1556.2800000000002,1582.6994800523325,26.419480052332347,20260812
residual_catboost_peer,cycle,2026-2,2026-2,Tags 2,28,2026-05-16,1556.2800000000002,1577.0143172188027,20.734317218802516,20260812
residual_catboost_peer,cycle,2026-2,2026-2,Tags 3,7,2026-04-25,1564.0,1601.9604652853668,37.96046528536681,20260812
residual_catboost_peer,cycle,2026-2,2026-2,Tags 3,14,2026-05-02,1564.0,1578.504181229593,14.504181229593087,20260812
residual_catboost_peer,cycle,2026-2,2026-2,Tags 3,21,2026-05-09,1564.0,1574.3290917150148,10.329091715014783,20260812
residual_catboost_peer,cycle,2026-2,2026-2,Tags 3,28,2026-05-16,1564.0,1560.5338909244292,-3.4661090755707846,20260812
