harvest_cycle,bldg,prediction_day,bodyweight_at_day_35,average_temperature,average_temperature_lag1,average_temperature_lag2,average_temperature_trend,max_temperature,max_temperature_trend,min_temperature_trend,temperature_range,max_thi_cycle,max_thi_day,target_temperature,temperature_abs_error,temperature_gap,temperature_volatility,temperature_within_target,thi_stress_days,average_humidity,average_humidity_trend,humidity_range,max_humidity,max_humidity_trend,min_humidity,min_humidity_trend,high_humidity_days,high_humidity_flag_cycle,high_humidity_flag_day,humidity_abs_error,humidity_gap,humidity_volatility,humidity_within_target,low_humidity_days,low_humidity_flag_cycle,low_humidity_flag_day,percent_high_humidity_days,percent_low_humidity_days,target_humidity,feed_cumulative_g_per_bird,feed_daily_g_per_bird,feed_daily_g_per_bird_ratio_lag1,feed_daily_g_per_bird_ratio_lag3,feed_deficit_days,feed_deficit_flag,feed_efficiency_score,feed_gap_cumulative,feed_gap_daily,feed_surplus_days,feed_surplus_flag,feed_volatility_score,average_daily_mortality_ratio_to_normal_target,cumulative_allowable_mortality_normal,cumulative_mortality_difference_from_normal_target,daily_mortality_difference_from_normal_target,early_mortality_concentration,five_day_mortality_concern,high_mortality_days,high_mortality_severity,mortality_dailypercent_ratio_lag1,mortality_dailypercent_ratio_lag2,mortality_dailypercent_ratio_lag3,mortality_percent_cum,percent_high_mortality_days,bodyweight_at_day7,bodyweight_deficit_g_interpolated,bodyweight_g,bodyweight_g_is_extrapolated_fallback,bodyweight_g_is_interpolated,bodyweight_g_lag1,bodyweight_g_lag2,day_7_bodyweight_lower_than_mean,cold_stress_days,cold_stress_flag_cycle,cold_stress_flag_day,compounding_stress_days,critical_days,current_population,current_recoverable_ratio,heat_stress_days,heat_stress_flag_cycle,heat_stress_flag_day,is_tags,percent_cold_stress_days,percent_heat_stress_days,projected_day35_weight_from_trajectory,sqft_per_bird,warning_days,latest_actual_bodyweight_g,previous_checkpoint_bodyweight_g,latest_checkpoint_gain_g,latest_checkpoint_gain_g_per_day,latest_checkpoint_gain_ratio,projected_day35_from_latest_gain,days_to_day35,checkpoint_index,bodyweight_measurement_freshness_days
2025-2,Tags 1,7,1573.0,28.154720744680848,28.15472074468085,28.15472074468085,0.0,32.6,1.4897023514804435e-15,2.2345535272206653e-15,7.100000000000001,27.67854880516591,27.67854880516591,28.0,0.1547207446808514,0.1547207446808514,3.837369354665453e-15,1,0,77.42010416666665,2.979404702960887e-15,22.5,86.8,1.4897023514804435e-15,64.3,0.0,7,1,1,17.420104166666647,17.420104166666647,0.0,0,0,0,0,1.0,0.0,60.0,142.8141912206855,30.06614552014432,1.3355381840048106,1.3425536179595108,6,1,84.95581034578593,-27.1858087793145,-4.9338544798556825,1,0,0.7310492118793457,3.1092436974789917,47.599999999999994,100.40000000000002,4.2,0.5202702702702703,1,7,5.176470588235294,0.7333333333937778,0.549999999983,0.44000000007616,2.176470588,1.0,149.0,-18.0,149.0,False,False,145.0,125.0,,0,0,0,0,2,6652,0.978235294117647,0,0,0,1,0.0,0.0,1596.1736526946108,1.0823812387251954,6,149.0,,,,,,28,1,0
2025-2,Tags 1,14,1573.0,28.154720744680848,28.15472074468085,28.15472074468085,-2.482837252467406e-16,32.6,0.0,-4.965674504934812e-16,7.1000000000000005,27.67854880516591,27.67854880516591,25.0,3.1547207446808514,3.1547207446808514,3.6868252213847854e-15,0,0,77.42010416666665,-9.931349009869624e-16,22.5,86.8,0.0,64.3,-2.482837252467406e-15,14,1,1,22.420104166666647,22.420104166666647,0.0,0,0,0,0,1.0,0.0,55.0,409.4631483166515,45.49590536851683,1.000758265089475,1.2038216560509551,13,1,57.77257824573566,-220.53685168334852,-44.50409463148317,1,0,0.5326969557082571,2.1638655462184877,95.19999999999999,110.80000000000003,-1.7999999999999998,0.3737864077669903,1,13,5.176470588235294,0.7142857140359183,0.5555555554212346,0.4545454544667768,3.029411765,0.9285714285714286,149.0,-58.0,338.0,False,False,304.16157205240177,272.7991266375546,,0,0,0,6,2,6594,0.969705882352941,6,1,1,1,0.0,0.42857142857142855,1526.9747474747476,1.091901728844404,6,338.0,149.0,189.0,27.0,2.2684563758389262,905.0,21,2,0
2025-2,Tags 1,21,1573.0,28.15472074468085,28.15472074468085,28.15472074468085,5.305291444888081e-16,32.6,-2.6526457224440405e-16,0.0,7.1,27.67854880516591,27.67854880516591,22.0,6.154720744680851,6.154720744680851,0.0,0,0,77.42010416666662,0.0,22.5,86.8,2.6526457224440404e-15,64.3,-5.305291444888081e-16,21,1,1,27.420104166666647,27.420104166666647,2.912358572177595e-14,0,0,0,0,1.0,0.0,50.0,958.4419567550988,92.0104278484895,1.092247424405069,1.0959278415190086,20,1,73.06383612364957,-421.5580432449011,-27.9895721515105,1,0,0.4393712513499706,1.9537815126050422,142.8,136.19999999999996,1.2000000000000002,0.2759856630824372,1,20,5.176470588235294,0.8,0.6666666666666666,0.5714285714285714,4.102941176,0.9523809523809523,149.0,-204.0,554.0,False,False,518.1988950276243,484.1878453038674,,0,0,0,13,2,6521,0.958970588235294,13,1,1,1,0.0,0.6190476190476191,1307.5277044854881,1.104125134181874,7,554.0,338.0,216.0,30.857142857142858,1.6390532544378698,986.0,14,3,0
2025-2,Tags 1,28,1573.0,28.15472074468085,28.15472074468085,28.15472074468085,5.121236555939726e-16,32.6,6.828315407919634e-16,1.7070788519799085e-16,7.1000000000000005,27.67854880516591,27.67854880516591,20.0,8.154720744680851,8.154720744680851,0.0,0,0,77.42010416666663,6.828315407919634e-16,22.5,86.8,0.0,64.3,3.414157703959817e-16,28,1,1,27.420104166666647,27.420104166666647,1.4471626093874067e-14,0,0,0,0,1.0,0.0,50.0,1681.909781429236,108.51030847930554,1.0013951325375912,1.082432061815103,27,1,69.2437105054392,-698.0902185707641,-51.489691520694464,1,0,0.3859987858481602,1.832983193277311,190.40000000000003,158.59999999999997,2.2,0.2206303724928366,1,27,5.176470588235294,0.9000000003399999,0.6428571431,1.2857142855755102,5.132352941,0.9642857142857143,149.0,95.0,1331.0,False,False,1210.7112970711296,1093.673640167364,,0,0,0,20,2,6451,0.948676470588235,20,1,1,1,0.0,0.7142857142857143,1926.5040453074434,1.116106030072857,8,1331.0,554.0,777.0,111.0,2.4025270758122743,2108.0,7,4,0
2025-2,Tags 2,7,1599.0,28.154720744680848,28.15472074468085,28.15472074468085,0.0,32.6,1.4897023514804435e-15,2.2345535272206653e-15,7.100000000000001,27.67854880516591,27.67854880516591,28.0,0.1547207446808514,0.1547207446808514,3.837369354665453e-15,1,0,77.42010416666665,2.979404702960887e-15,22.5,86.8,1.4897023514804435e-15,64.3,0.0,7,1,1,17.420104166666647,17.420104166666647,0.0,0,0,0,0,1.0,0.0,60.0,134.58950201884252,29.908778226409453,1.0014954389113206,1.3405114401076716,7,1,82.31197369032853,-35.41049798115748,-5.091221773590547,0,0,0.7368928455314991,2.3739495798319328,47.599999999999994,65.4,3.2,0.5309734513274337,1,7,2.823529411764706,0.7692307690295858,0.7692307690295858,0.588235294,1.661764706,1.0,143.0,-24.0,143.0,False,False,145.0,125.0,,0,0,0,0,1,6687,0.983382352941176,0,0,0,1,0.0,0.0,1531.8982035928143,1.0767160161507403,4,143.0,,,,,,28,1,0
2025-2,Tags 2,14,1599.0,28.154720744680848,28.15472074468085,28.15472074468085,-2.482837252467406e-16,32.6,0.0,-4.965674504934812e-16,7.1000000000000005,27.67854880516591,27.67854880516591,25.0,3.1547207446808514,3.1547207446808514,3.6868252213847854e-15,0,0,77.42010416666665,-9.931349009869624e-16,22.5,86.8,0.0,64.3,-2.482837252467406e-15,14,1,1,22.420104166666647,22.420104166666647,0.0,0,0,0,0,1.0,0.0,55.0,400.0603864734299,45.289855072463766,1.0015096618357486,1.2045289855072463,14,1,56.911854919101295,-229.93961352657004,-44.710144927536234,0,0,0.5652107741911127,1.8487394957983194,95.19999999999999,80.80000000000001,3.2,0.3409090909090909,1,14,2.823529411764706,1.25,1.428571427877551,1.25,2.588235294,1.0,143.0,-52.0,344.0,False,False,308.01310043668127,274.6593886462882,,0,0,0,6,1,6624,0.974117647058824,6,1,1,1,0.0,0.42857142857142855,1554.080808080808,1.0869565217391304,4,344.0,143.0,201.0,28.714285714285715,2.4055944055944054,947.0,21,2,0
2025-2,Tags 2,21,1599.0,28.15472074468085,28.15472074468085,28.15472074468085,5.305291444888081e-16,32.6,-2.6526457224440405e-16,0.0,7.1,27.67854880516591,27.67854880516591,22.0,6.154720744680851,6.154720744680851,0.0,0,0,77.42010416666662,0.0,22.5,86.8,2.6526457224440404e-15,64.3,-5.305291444888081e-16,21,1,1,27.420104166666647,27.420104166666647,2.912358572177595e-14,0,0,0,0,1.0,0.0,50.0,930.1616346447088,91.49130832570906,1.0010673985971332,1.2045745654162854,21,1,71.82288697066532,-449.8383653552912,-28.508691674290944,0,0,0.46976913487525246,1.6946778711484594,142.8,99.2,0.2000000000000001,0.2479338842975206,1,21,2.823529411764706,0.70000000034,0.875000000425,0.7777777778617284,3.558823529,1.0,143.0,-85.0,673.0,False,False,618.4696132596684,566.6657458563536,,0,0,0,13,1,6558,0.964411764705882,13,1,1,1,0.0,0.6190476190476191,1588.3865435356201,1.0978956999085088,5,673.0,344.0,329.0,47.0,1.9563953488372092,1331.0,14,3,0
2025-2,Tags 2,28,1599.0,28.15472074468085,28.15472074468085,28.15472074468085,5.121236555939726e-16,32.6,6.828315407919634e-16,1.7070788519799085e-16,7.1000000000000005,27.67854880516591,27.67854880516591,20.0,8.154720744680851,8.154720744680851,0.0,0,0,77.42010416666663,6.828315407919634e-16,22.5,86.8,0.0,64.3,3.414157703959817e-16,28,1,1,27.420104166666647,27.420104166666647,1.4471626093874067e-14,0,0,0,0,1.0,0.0,50.0,1654.6098199168848,107.74203478528553,1.0012313375404032,1.081398515291081,28,1,68.43009637285729,-725.3901800831152,-52.25796521471449,0,0,0.41598579245771483,1.591386554621849,190.40000000000003,112.60000000000001,1.2000000000000002,0.198019801980198,1,27,2.823529411764706,1.0,0.7272727270479339,0.8,4.455882353,0.9642857142857143,143.0,37.0,1273.0,False,False,1180.112970711297,1089.73640167364,,0,0,0,20,1,6497,0.955441176470588,20,1,1,1,0.0,0.7142857142857143,1842.554207119741,1.1082037863629368,5,1273.0,673.0,600.0,85.71428571428571,1.8915304606240713,1873.0,7,4,0
2025-2,Tags 3,7,1544.0,28.154720744680848,28.15472074468085,28.15472074468085,0.0,32.6,1.4897023514804435e-15,2.2345535272206653e-15,7.100000000000001,27.67854880516591,27.67854880516591,28.0,0.1547207446808514,0.1547207446808514,3.837369354665453e-15,1,0,77.42010416666665,2.979404702960887e-15,22.5,86.8,1.4897023514804435e-15,64.3,0.0,7,1,1,17.420104166666647,17.420104166666647,0.0,0,0,0,0,1.0,0.0,60.0,186.51148910772903,37.30229782154581,1.2529841838257236,1.2565279021187703,1,0,108.14531721372524,16.511489107729034,2.3022978215458068,6,1,0.7140843121498744,2.058823529411765,47.599999999999994,50.400000000000006,9.2,0.5204081632653061,1,7,1.9411764705882355,1.6,1.777777777106173,1.3333333333333333,1.441176471,1.0,148.0,-19.0,148.0,False,False,145.0,125.0,,0,0,0,0,0,6702,0.985588235294118,0,0,0,1,0.0,0.0,1585.4610778443114,1.0743061772605194,4,148.0,,,,,,28,1,0
2025-2,Tags 3,14,1544.0,28.154720744680848,28.15472074468085,28.15472074468085,-2.482837252467406e-16,32.6,0.0,-4.965674504934812e-16,7.1000000000000005,27.67854880516591,27.67854880516591,25.0,3.1547207446808514,3.1547207446808514,3.6868252213847854e-15,0,0,77.42010416666665,-9.931349009869624e-16,22.5,86.8,0.0,64.3,-2.482837252467406e-15,14,1,1,22.420104166666647,22.420104166666647,0.0,0,0,0,0,1.0,0.0,55.0,512.5113053964426,52.75851673198674,1.001205908953874,1.1712390714501055,8,1,69.98578750161506,-117.4886946035574,-37.24148326801326,6,0,0.5288918855907054,1.7436974789915964,95.19999999999999,70.80000000000001,1.2000000000000002,0.3072289156626506,1,14,1.9411764705882355,0.8,1.0,0.7272727270479339,2.441176471,1.0,148.0,-52.0,344.0,False,False,308.90829694323145,276.38427947598257,,0,0,0,6,0,6634,0.975588235294118,6,1,1,1,0.0,0.42857142857142855,1554.080808080808,1.0853180584865842,5,344.0,148.0,196.0,28.0,2.324324324324324,932.0,21,2,0
2025-2,Tags 3,21,1544.0,28.15472074468085,28.15472074468085,28.15472074468085,5.305291444888081e-16,32.6,-2.6526457224440405e-16,0.0,7.1,27.67854880516591,27.67854880516591,22.0,6.154720744680851,6.154720744680851,0.0,0,0,77.42010416666662,0.0,22.5,86.8,2.6526457224440404e-15,64.3,-5.305291444888081e-16,21,1,1,27.420104166666647,27.420104166666647,2.912358572177595e-14,0,0,0,0,1.0,0.0,50.0,995.592035263718,75.99939200486396,1.001215990272078,1.114488861866883,15,1,67.73858852607441,-384.4079647362821,-44.00060799513603,6,0,0.4380628250448444,1.5476190476190477,142.8,78.2,1.2000000000000002,0.2307692307692307,1,19,1.9411764705882355,1.5999999997824,1.1428571423020408,1.333333333031111,3.25,0.9047619047619048,148.0,-73.0,685.0,False,False,628.4806629834254,574.7872928176796,,0,0,0,13,0,6579,0.9675,13,1,1,1,0.0,0.6190476190476191,1616.708443271768,1.094391244870041,5,685.0,344.0,341.0,48.714285714285715,1.9912790697674418,1367.0,14,3,0
2025-2,Tags 3,28,1544.0,28.15472074468085,28.15472074468085,28.15472074468085,5.121236555939726e-16,32.6,6.828315407919634e-16,1.7070788519799085e-16,7.1000000000000005,27.67854880516591,27.67854880516591,20.0,8.154720744680851,8.154720744680851,0.0,0,0,77.42010416666663,6.828315407919634e-16,22.5,86.8,0.0,64.3,3.414157703959817e-16,28,1,1,27.420104166666647,27.420104166666647,1.4471626093874067e-14,0,0,0,0,1.0,0.0,50.0,1645.492116944742,99.49487218735648,1.0844941068421858,1.0030613806826878,22,1,65.66130967923677,-734.5078830552579,-60.50512781264351,6,0,0.38551246541080403,1.4023109243697482,190.40000000000003,76.60000000000001,0.2000000000000001,0.1910112359550561,1,23,1.9411764705882355,1.4000000004896,0.875000000425,1.0,3.926470588,0.8214285714285714,148.0,-120.0,1116.0,False,False,1049.2761506276152,984.3556485355648,,0,0,0,20,0,6533,0.960735294117647,20,1,1,1,0.0,0.7142857142857143,1615.3106796116506,1.1020970457676411,5,1116.0,685.0,431.0,61.57142857142857,1.6291970802919709,1547.0,7,4,0
2025-3,Lags 1,7,1479.9999999999998,32.008814102564095,32.4520833333333,31.85,0.07791323260072708,33.4,0.11071428571428645,-0.028571428571427342,2.985714285714286,31.95185868160943,31.773170311325703,28.0,4.295833333333299,4.295833333333299,0.40981513393983265,0,7,76.26540750915751,0.21567651098901544,11.814285714285717,82.2,0.639285714285715,72.7,0.18214285714286113,0,0,0,6.6916666666667055,6.6916666666667055,1.2488158888173224,1,0,0,0,0.0,0.0,70.0,121.94020413693433,27.097823141540964,1.001716195465631,1.5096197272152472,7,1,74.57594183911483,-48.05979586306567,-7.902176858459036,0,0,0.7091951082601625,1.9473577028815803,78.56800000000001,74.43199999999999,7.776,0.3856209150326797,1,7,1.4946543121881684,0.7916666666666665,0.6785714285714286,0.8260869565217394,1.3631503920171062,1.0,101.0,-66.0,101.0,False,False,145.0,125.0,,0,0,0,0,0,11071,0.986368496079829,4,1,1,0,0.0,0.5714285714285714,1081.9700598802394,0.6503477553969831,3,101.0,,,,,,28,1,0
2025-3,Lags 1,14,1479.9999999999998,31.054575006014634,29.1851063829787,29.4521739130435,-0.2526975885899283,29.4,-0.27780219780219817,-0.22791208791208822,2.821428571428572,31.95185868160943,28.55249403573694,25.0,3.795833333333299,3.795833333333299,1.2331182304325718,0,14,80.21733330749578,1.076546151226555,9.528571428571428,89.4,0.7558241758241724,87.1,1.3465934065934055,7,1,1,23.204166666666698,23.204166666666698,4.890579873967116,0,0,0,0,0.5,0.0,65.0,466.9046965119473,64.08495834477708,1.0790921062824388,1.409484573835027,14,1,72.65868293058625,-163.0953034880527,-25.91504165522292,0,0,0.5195781713264995,1.9155381325730576,157.136,143.864,10.776,0.1960132890365448,1,14,1.4946543121881684,0.9166666666666664,0.7857142857142856,1.0476190476190474,2.681753385602281,1.0,101.0,-140.5,255.5,False,False,227.83842794759823,202.2008733624454,,0,0,0,7,0,10923,0.973182466143977,11,1,1,0,0.0,0.7857142857142857,1154.266414141414,0.6591595715462785,5,255.4999999999999,101.0,154.4999999999999,22.071428571428555,2.5297029702970284,718.9999999999995,21,2,0
2025-3,Lags 1,21,1479.9999999999998,30.538967046332907,30.3895833333333,29.0195652173913,-0.16899567682292035,32.9,-0.12012987012987035,-0.1735064935064939,3.104761904761905,31.95185868160943,29.3665932676831,22.0,7.910416666666698,7.910416666666698,1.274777241236555,0,21,80.9512843926639,0.3809817248097764,10.580952380952382,84.1,0.36038961038961154,64.6,0.22909090909091046,14,1,1,15.002083333333305,15.002083333333305,4.90920386699493,0,0,0,0,0.6666666666666666,0.0,60.0,1024.3811995921017,92.70418095856122,1.054388079218162,1.1827962852889369,21,1,75.74200292085348,-355.61880040789833,-27.295819041438776,0,0,0.4373530654213526,1.8540202966432475,235.70399999999995,201.29600000000005,6.776,0.1350114416475972,1,21,1.4946543121881684,0.8571428571428573,0.9473684210526316,0.8571428571428573,3.89344262295082,1.0,101.0,-297.0,461.0,False,False,426.939226519337,394.5814917127072,,0,0,0,14,0,10787,0.961065573770492,18,1,1,0,0.0,0.8571428571428571,1088.032981530343,0.6674701029016409,5,461.0,255.4999999999999,205.5000000000001,29.357142857142872,1.8043052837573395,872.0000000000002,14,3,0
2025-3,Lags 1,28,1479.9999999999998,30.096794347711466,28.1840909090909,28.575,-0.14904826481709174,30.7,0.0006568144499179183,-0.21759715380404965,4.346428571428571,31.95185868160943,26.790906738446527,20.0,6.982978723404301,6.982978723404301,1.423964607654617,0,27,80.79459362490988,0.17826827600996492,15.657142857142858,93.4,0.41039956212370016,76.8,-0.4310344827586198,21,1,1,30.3893617021276,30.3893617021276,5.15447227827786,0,0,0,0,0.75,0.0,60.0,1596.8905123161935,93.65926758452748,1.1129842964628016,1.181869769543108,28,1,62.81664112680757,-783.1094876838063,-66.34073241547252,0,0,0.3926314037663374,1.7405304958761838,314.27199999999993,232.72800000000007,6.776,0.1078610603290676,1,28,1.4946543121881684,1.0588235294117652,1.2857142857142858,1.2000000000000002,4.8734853884533145,1.0,101.0,-379.9999999999999,856.0000000000001,False,False,794.8493723849374,735.3514644351465,,0,0,0,21,0,10677,0.951265146115467,25,1,1,0,0.0,0.8928571428571429,1238.9838187702267,0.674346726608598,5,856.0000000000001,461.0,395.0000000000001,56.428571428571445,1.8568329718004342,1251.0000000000002,7,4,0
2025-3,Lags 2,7,1554.0,29.268594282490575,29.6574468085106,29.4916666666667,0.14552801476005964,31.3,-0.028571428571426596,0.2607142857142854,3.471428571428572,29.355197361333932,29.052569664336115,28.0,1.3479166666666984,1.3479166666666984,0.5106437670907111,1,6,83.85319266947593,1.0195228093050412,8.528571428571428,87.6,0.11428571428571235,84.1,2.285714285714283,6,1,1,15.912499999999994,15.912499999999994,2.9585514393558516,0,0,0,0,0.8571428571428571,0.0,70.0,134.55827765404604,23.19970304380104,0.8355759712942341,1.2595118782479586,6,1,72.71839693561166,-35.44172234595396,-11.80029695619896,1,0,0.7840505444513596,2.909090909090909,77.0,147.0,18.0,0.5089285714285714,1,7,2.909090909090909,1.380952380952381,0.90625,1.0357142857142856,2.0363636363636366,1.0,98.0,-69.0,98.0,False,False,145.0,125.0,,0,0,0,0,2,10776,0.979636363636364,0,0,0,0,0.0,0.0,1049.8323353293413,0.6681514476614699,6,98.0,,,,,,28,1,0
2025-3,Lags 2,14,1554.0,29.093710135166265,28.7958333333334,28.6041666666667,-0.011271879716028797,32.3,-0.01516483516483561,-0.016263736263736825,3.4071428571428575,29.51617607466274,29.51617607466274,25.0,5.0416666666667,5.0416666666667,0.5859048919836045,0,12,83.85272665388688,-0.05263521629080839,9.185714285714287,82.9,-0.04109890109890247,65.1,-0.26527472527472923,13,1,1,10.845833333333305,10.845833333333305,3.4441600713417504,0,0,0,0,0.9285714285714286,0.0,65.0,381.39184480647896,47.085412939071475,1.0024484414728316,1.4373158624029705,13,1,56.42775677618883,-248.60815519352104,-42.914587060928525,1,0,0.5711492291721082,2.4740259740259747,154.0,227.0,15.0,0.2992125984251969,1,14,2.909090909090909,1.181818181818182,1.529411764705883,1.3684210526315792,3.463636363636364,1.0,98.0,-185.99999999999991,210.00000000000009,False,False,189.9475982532752,171.36244541484723,,0,0,0,6,2,10619,0.965363636363636,6,1,1,0,0.0,0.42857142857142855,948.7121212121217,0.6780299463226293,10,210.0,98.0,112.0,16.0,2.142857142857143,546.0,21,2,0
2025-3,Lags 2,21,1554.0,29.25803748240109,28.4229166666667,29.8208333333333,0.012429784512713819,31.4,0.14961038961038953,-0.09181818181818231,4.614285714285716,29.837624743477896,27.352268600438254,22.0,5.633333333333301,5.633333333333301,0.806954364286164,0,18,80.98570382367969,-0.48266205767958714,14.742857142857144,90.5,-0.08103896103895973,72.0,-1.2370129870129867,20,1,1,26.28125,26.28125,5.960573319344611,0,0,0,0,0.9523809523809523,0.0,60.0,842.6163953156241,71.40816909454442,1.001523374274017,1.0762231199249197,20,1,60.28298332981467,-537.3836046843759,-48.59183090545558,1,0,0.4762145052446794,2.1515151515151514,231.0,266.0,5.0,0.2293762575452716,1,21,2.909090909090909,1.2307692307692302,0.8888888888888886,1.0666666666666669,4.5181818181818185,1.0,98.0,-329.99999999999994,428.00000000000006,False,False,391.8674033149172,357.54143646408846,,0,0,0,13,2,10503,0.954818181818182,13,1,1,0,0.0,0.6190476190476191,1010.1477572559369,0.6855184233076264,10,428.0,210.0,218.0,31.142857142857142,2.038095238095238,864.0,14,3,0
2025-3,Lags 2,28,1554.0,28.907236617513973,28.15472074468085,28.15472074468085,-0.0488224935598991,32.6,0.04272030651341051,-0.10183360700601975,4.828571428571428,29.837624743477896,27.67854880516591,20.0,8.154720744680851,8.154720744680851,0.9517910482541849,0,18,81.23960483535234,-0.1912840788076182,15.52142857142857,86.8,0.0261631089217297,64.3,-0.6079365079365054,27,1,1,17.420104166666647,17.420104166666647,5.560191489449956,0,0,0,0,0.9642857142857143,0.0,60.0,1551.9892369786662,115.31808571977705,1.0924816102598152,1.0954169797145004,27,1,68.64171769034348,-828.0107630213338,-44.681914280222955,1,0,0.4168022002346563,1.9285714285714288,308.0,286.0,4.0,0.1919191919191919,1,27,2.909090909090909,1.2499999999999991,0.9375,1.3636363636363629,5.4,0.9642857142857143,98.0,-320.0,916.0,False,False,840.4518828451883,766.9456066945606,,0,0,0,20,2,10406,0.946,20,1,1,0,0.0,0.7142857142857143,1325.8284789644013,0.6919085143186623,10,916.0,428.0,488.0,69.71428571428571,2.1401869158878504,1404.0,7,4,0
2025-3,Tags 1,7,1477.24,28.154720744680848,28.15472074468085,28.15472074468085,0.0,32.6,1.4897023514804435e-15,2.2345535272206653e-15,7.100000000000001,27.67854880516591,27.67854880516591,28.0,0.1547207446808514,0.1547207446808514,3.837369354665453e-15,1,0,77.42010416666665,2.979404702960887e-15,22.5,86.8,1.4897023514804435e-15,64.3,0.0,7,1,1,17.420104166666647,17.420104166666647,0.0,0,0,0,0,1.0,0.0,60.0,135.28909142694388,28.48191398461977,1.3359916453052312,1.3395993544099496,6,1,80.4793577926756,-34.710908573056116,-6.518086015380234,1,0,0.7313629936557371,1.6688448778526188,49.735000000000014,33.265,6.895,0.4578313253012048,1,7,0.9704433497536944,1.5555555555555551,1.4,1.1666666666666663,1.1681914144968333,1.0,127.0,-40.0,127.0,False,False,145.0,125.0,,0,0,0,0,0,7022,0.988318085855032,0,0,0,1,0.0,0.0,1360.497005988024,1.0253489034463117,0,127.0,,,,,,28,1,0
2025-3,Tags 1,14,1477.24,28.154720744680848,28.15472074468085,28.15472074468085,-2.482837252467406e-16,32.6,0.0,-4.965674504934812e-16,7.1000000000000005,27.67854880516591,27.67854880516591,25.0,3.1547207446808514,3.1547207446808514,3.6868252213847854e-15,0,0,77.42010416666665,-9.931349009869624e-16,22.5,86.8,0.0,64.3,-2.482837252467406e-15,14,1,1,22.420104166666647,22.420104166666647,0.0,0,0,0,0,1.0,0.0,55.0,408.95393887214806,50.222413545702395,1.001004448270914,1.4038169034294734,13,1,60.358002673973395,-221.0460611278519,-39.777586454297605,1,0,0.5289464602587479,1.3672464059515428,99.47000000000003,36.529999999999994,-0.1050000000000004,0.2794117647058823,1,10,0.9704433497536944,1.4000000000000008,1.0,0.7777777777777776,1.9141449683321603,0.7142857142857143,127.0,-118.42000000000002,277.58,False,False,250.6202620087336,225.63318777292577,,0,0,0,6,0,6969,0.980858550316678,6,1,1,1,0.0,0.42857142857142855,1254.0167171717171,1.0331467929401636,0,277.58,127.0,150.57999999999998,21.51142857142857,2.1856692913385825,729.3199999999999,21,2,0
2025-3,Tags 1,21,1477.24,28.15472074468085,28.15472074468085,28.15472074468085,5.305291444888081e-16,32.6,-2.6526457224440405e-16,0.0,7.1,27.67854880516591,27.67854880516591,22.0,6.154720744680851,6.154720744680851,0.0,0,0,77.42010416666662,0.0,22.5,86.8,2.6526457224440404e-15,64.3,-5.305291444888081e-16,21,1,1,27.420104166666647,27.420104166666647,2.912358572177595e-14,0,0,0,0,1.0,0.0,50.0,918.958031837916,86.83068017366136,1.0015918958031838,1.095487435863702,20,1,69.47503093605152,-461.0419681620839,-33.169319826338636,1,0,0.4363094645337342,1.3069267115713283,149.20499999999998,45.794999999999995,3.895,0.1948717948717948,1,15,0.9704433497536944,1.3750000000000002,1.1,1.5714285714285714,2.744546094299789,0.7142857142857143,127.0,-155.49,602.51,False,False,548.6541988950275,497.49118784530384,,0,0,0,13,0,6910,0.972554539057002,13,1,1,1,0.0,0.6190476190476191,1422.0189841688652,1.0419681620839365,0,602.51,277.58,324.93,46.41857142857143,2.170581453995245,1252.37,14,3,0
2025-3,Tags 1,28,1477.24,28.15472074468085,28.15472074468085,28.15472074468085,5.121236555939726e-16,32.6,6.828315407919634e-16,1.7070788519799085e-16,7.1000000000000005,27.67854880516591,27.67854880516591,20.0,8.154720744680851,8.154720744680851,0.0,0,0,77.42010416666663,6.828315407919634e-16,22.5,86.8,0.0,64.3,3.414157703959817e-16,28,1,1,27.420104166666647,27.420104166666647,1.4471626093874067e-14,0,0,0,0,1.0,0.0,50.0,1603.2648301996794,102.0259437399796,1.0010202594373998,1.08021929972083,27,1,65.56514166663605,-776.7351698003206,-57.9740562600204,1,0,0.383313485424706,1.2265004523977079,198.93999999999997,45.05999999999998,-0.1050000000000004,0.1557377049180328,1,17,0.9704433497536944,0.8750000000000002,1.1666666666666663,0.7777777777777776,3.4342012667135817,0.6071428571428571,127.0,-189.20000000000005,1046.8,False,False,978.0187029288702,911.096359832636,,0,0,0,20,0,6861,0.965657987332864,20,1,1,1,0.0,0.7142857142857143,1515.1498381877022,1.04940970703979,0,1046.8,602.51,444.28999999999996,63.46999999999999,1.7373985494016697,1491.09,7,4,0
2025-3,Tags 2,7,1490.24,28.154720744680848,28.15472074468085,28.15472074468085,0.0,32.6,1.4897023514804435e-15,2.2345535272206653e-15,7.100000000000001,27.67854880516591,27.67854880516591,28.0,0.1547207446808514,0.1547207446808514,3.837369354665453e-15,1,0,77.42010416666665,2.979404702960887e-15,22.5,86.8,1.4897023514804435e-15,64.3,0.0,7,1,1,17.420104166666647,17.420104166666647,0.0,0,0,0,0,1.0,0.0,60.0,142.06563432305725,28.41312686461145,1.0018468532461997,1.3414784297011886,6,1,82.37419133017605,-27.934365676942747,-6.586873135388551,1,0,0.736784874469761,2.2571108980504953,50.064,62.93599999999999,5.848,0.4690265486725664,1,7,2.495525727069351,0.8125000000000001,0.9285714285714286,0.7647058823529411,1.5799776286353466,1.0,126.0,-41.0,126.0,False,False,145.0,125.0,,0,0,0,0,1,7039,0.984200223713646,0,0,0,1,0.0,0.0,1349.7844311377246,1.0228725671260122,4,126.0,,,,,,28,1,0
2025-3,Tags 2,14,1490.24,28.154720744680848,28.15472074468085,28.15472074468085,-2.482837252467406e-16,32.6,0.0,-4.965674504934812e-16,7.1000000000000005,27.67854880516591,27.67854880516591,25.0,3.1547207446808514,3.1547207446808514,3.6868252213847854e-15,0,0,77.42010416666665,-9.931349009869624e-16,22.5,86.8,0.0,64.3,-2.482837252467406e-15,14,1,1,22.420104166666647,22.420104166666647,0.0,0,0,0,0,1.0,0.0,55.0,401.7793083656192,43.04778303917348,1.0010044482709142,1.204476969436074,13,1,55.80268171744711,-228.22069163438084,-46.95221696082652,1,0,0.5651834939012192,1.8276605944391178,100.128,82.87199999999999,-0.1520000000000001,0.2896174863387978,1,13,2.495525727069351,0.875,0.6363636363636364,0.7777777777777778,2.5587248322147653,0.9285714285714286,126.0,-100.44,295.56,False,False,265.202096069869,237.06550218340612,,0,0,0,6,1,6969,0.974412751677852,6,1,1,1,0.0,0.42857142857142855,1335.2445454545455,1.0331467929401636,4,295.56,126.0,169.56,24.222857142857144,2.3457142857142856,804.24,21,2,0
2025-3,Tags 2,21,1490.24,28.15472074468085,28.15472074468085,28.15472074468085,5.305291444888081e-16,32.6,-2.6526457224440405e-16,0.0,7.1,27.67854880516591,27.67854880516591,22.0,6.154720744680851,6.154720744680851,0.0,0,0,77.42010416666662,0.0,22.5,86.8,2.6526457224440404e-15,64.3,-5.305291444888081e-16,21,1,1,27.420104166666647,27.420104166666647,2.912358572177595e-14,0,0,0,0,1.0,0.0,50.0,839.2417884531906,79.58327304297497,1.1017508320069456,1.3801729127477933,20,1,63.567008277079815,-540.7582115468094,-40.416726957025034,1,0,0.4687202928879404,1.6046127623308832,150.19199999999995,90.80799999999998,3.848,0.2199170124481327,1,17,2.495525727069351,1.833333333333333,1.222222222222222,1.5714285714285714,3.3696868008948546,0.8095238095238095,126.0,-173.33000000000004,584.67,False,False,536.7512154696133,491.2283701657458,,0,0,0,13,1,6911,0.966303131991051,13,1,1,1,0.0,0.6190476190476191,1379.913759894459,1.041817392562581,4,584.67,295.56,289.10999999999996,41.301428571428566,1.9781770198944375,1162.8899999999999,14,3,0
2025-3,Tags 2,28,1490.24,28.15472074468085,28.15472074468085,28.15472074468085,5.121236555939726e-16,32.6,6.828315407919634e-16,1.7070788519799085e-16,7.1000000000000005,27.67854880516591,27.67854880516591,20.0,8.154720744680851,8.154720744680851,0.0,0,0,77.42010416666663,6.828315407919634e-16,22.5,86.8,0.0,64.3,3.414157703959817e-16,28,1,1,27.420104166666647,27.420104166666647,1.4471626093874067e-14,0,0,0,0,1.0,0.0,50.0,1486.6637516397027,109.31351114997814,1.155023376273923,1.2540081620754993,27,1,65.39290399150478,-893.3362483602973,-50.68648885002186,1,0,0.41294975422351016,1.4531399808245442,200.25599999999994,90.744,-0.1520000000000001,0.1821305841924398,1,20,2.495525727069351,0.7777777777777778,1.1666666666666663,1.4,4.068791946308725,0.7142857142857143,126.0,-141.3599999999999,1094.64,False,False,1015.6906694560672,938.8751046025104,,0,0,0,20,1,6861,0.959312080536913,20,1,1,1,0.0,0.7142857142857143,1584.3939805825244,1.04940970703979,4,1094.64,584.67,509.97000000000014,72.85285714285716,1.8722356200933863,1604.6100000000001,7,4,0
2025-3,Tags 3,7,1582.1,28.154720744680848,28.15472074468085,28.15472074468085,0.0,32.6,1.4897023514804435e-15,2.2345535272206653e-15,7.100000000000001,27.67854880516591,27.67854880516591,28.0,0.1547207446808514,0.1547207446808514,3.837369354665453e-15,1,0,77.42010416666665,2.979404702960887e-15,22.5,86.8,1.4897023514804435e-15,64.3,0.0,7,1,1,17.420104166666647,17.420104166666647,0.0,0,0,0,0,1.0,0.0,60.0,177.3049645390071,28.368794326241133,1.0009929078014184,1.0031205673758865,2,1,92.67536801954824,7.304964539007102,-6.631205673758867,5,0,0.7448083903966319,1.5434264066227026,49.889,27.111000000000004,-0.1269999999999997,0.6103896103896104,0,5,1.8062298302230952,0.7777777777777775,1.1666666666666672,0.8749999999999998,1.0803984846358916,0.7142857142857143,129.0,-38.0,129.0,False,False,145.0,125.0,,0,0,0,0,0,7050,0.989196015153641,0,0,0,1,0.0,0.0,1381.9221556886228,1.0212765957446808,2,129.0,,,,,,28,1,0
2025-3,Tags 3,14,1582.1,28.154720744680848,28.15472074468085,28.15472074468085,-2.482837252467406e-16,32.6,0.0,-4.965674504934812e-16,7.1000000000000005,27.67854880516591,27.67854880516591,25.0,3.1547207446808514,3.1547207446808514,3.6868252213847854e-15,0,0,77.42010416666665,-9.931349009869624e-16,22.5,86.8,0.0,64.3,-2.482837252467406e-15,14,1,1,22.420104166666647,22.420104166666647,0.0,0,0,0,0,1.0,0.0,55.0,449.5504495504496,42.81432852861424,1.001427144284287,1.2035964035964035,9,1,59.46434517863089,-180.44955044955043,-47.18567147138576,5,0,0.530301553321075,1.2026699272384693,99.77799999999998,20.222000000000005,2.873,0.3916666666666666,0,7,1.8062298302230952,1.2499999999999996,3.0,1.4285714285714284,1.683737898133857,0.5,129.0,-79.76999999999998,316.23,False,False,282.70847161572055,251.63973799126637,,0,0,0,6,0,7007,0.983162621018661,6,1,1,1,0.0,0.42857142857142855,1428.6249242424244,1.0275438846867415,2,316.23,129.0,187.23000000000002,26.747142857142858,2.4513953488372096,877.9200000000001,21,2,0
2025-3,Tags 3,21,1582.1,28.15472074468085,28.15472074468085,28.15472074468085,5.305291444888081e-16,32.6,-2.6526457224440405e-16,0.0,7.1,27.67854880516591,27.67854880516591,22.0,6.154720744680851,6.154720744680851,0.0,0,0,77.42010416666662,0.0,22.5,86.8,2.6526457224440404e-15,64.3,-5.305291444888081e-16,21,1,1,27.420104166666647,27.420104166666647,2.912358572177595e-14,0,0,0,0,1.0,0.0,50.0,962.5053871570176,79.01163625915817,1.1009481396351095,1.103002442177848,16,1,67.79489870062814,-417.4946128429823,-40.988363740841834,5,0,0.4507660785011272,1.1091289328976994,149.66700000000003,16.333000000000006,-1.1269999999999998,0.2831325301204819,0,9,1.8062298302230952,0.7499999999999996,1.2000000000000006,0.8571428571428569,2.32917075908517,0.42857142857142855,129.0,-209.09000000000003,548.91,False,False,510.3442541436464,473.70679558011045,,0,0,0,13,0,6961,0.976708292409148,13,1,1,1,0.0,0.6190476190476191,1295.5144986807388,1.034334147392616,2,548.91,316.23,232.67999999999995,33.239999999999995,1.735793567972678,1014.2699999999999,14,3,0
2025-3,Tags 3,28,1582.1,28.15472074468085,28.15472074468085,28.15472074468085,5.121236555939726e-16,32.6,6.828315407919634e-16,1.7070788519799085e-16,7.1000000000000005,27.67854880516591,27.67854880516591,20.0,8.154720744680851,8.154720744680851,0.0,0,0,77.42010416666663,6.828315407919634e-16,22.5,86.8,0.0,64.3,3.414157703959817e-16,28,1,1,27.420104166666647,27.420104166666647,1.4471626093874067e-14,0,0,0,0,1.0,0.0,50.0,1634.1287057122197,115.69052783803326,1.067592190889371,0.9436263876483348,23,1,70.48372494333958,-745.8712942877803,-44.30947216196674,5,0,0.4758864416922231,1.0623584357273146,199.55600000000004,12.444000000000006,-1.1269999999999998,0.2216981132075471,0,11,1.8062298302230952,0.8571428571428569,1.2000000000000006,1.0,2.974603620036481,0.39285714285714285,129.0,-224.55999999999983,1011.4400000000002,False,False,939.834937238494,870.1651464435147,,0,0,0,20,0,6915,0.970253963799635,20,1,1,1,0.0,0.7142857142857143,1463.969385113269,1.0412147505422993,2,1011.4399999999999,548.91,462.53,66.07571428571428,1.8426335829188756,1473.9699999999998,7,4,0
2025-4,Lags 1,7,1568.0,28.154720744680848,28.15472074468085,28.15472074468085,0.0,32.6,1.4897023514804435e-15,2.2345535272206653e-15,7.100000000000001,27.67854880516591,27.67854880516591,28.0,0.1547207446808514,0.1547207446808514,3.837369354665453e-15,1,0,77.42010416666665,2.979404702960887e-15,22.5,86.8,1.4897023514804435e-15,64.3,0.0,0,0,0,7.420104166666647,7.420104166666647,0.0,1,0,0,0,0.0,0.0,70.0,127.23802599291102,22.721076070162685,1.0022721076070162,1.2595428519494685,7,1,69.88162892167682,-42.76197400708898,-12.278923929837315,0,0,0.7137406998029656,2.3245417970496196,78.295,103.705,13.815,0.3351648351648351,1,7,2.3080017881090744,0.8064516129032255,0.8928571428571428,0.6756756756756757,1.6271792579347342,1.0,101.0,-66.0,101.0,False,False,145.0,125.0,,0,0,0,0,1,11003,0.983728207420653,0,0,0,0,0.0,0.0,1081.9700598802394,0.6543669908206853,5,101.0,,,,,,28,1,0
2025-4,Lags 1,14,1568.0,28.23393085106383,29.512,28.15472074468085,0.02571797989244728,32.5,0.018901098901097552,0.04329670329670291,7.0357142857142865,29.166374778894724,27.66589013163657,25.0,2.9063829787234,2.9063829787234,0.37375838036147235,1,1,78.63787651975682,0.4596280804302088,21.721428571428568,91.7,0.205274725274724,76.0,0.4986813186813181,7,1,1,23.217021276595705,23.217021276595705,3.221299875399309,0,0,0,0,0.5,0.0,65.0,384.967919340055,54.99541704857928,1.2009899175068746,1.7194709964645802,14,1,61.10601894286587,-245.032080659945,-35.004582951420716,0,0,0.5150859853085439,1.7561785554633114,156.59,118.40999999999998,-2.1850000000000005,0.2218181818181818,1,12,2.3080017881090744,0.6923076923076922,0.8181818181818186,0.6923076923076922,2.458649977648637,0.8571428571428571,101.0,-160.99999999999997,235.00000000000003,False,False,211.00873362445415,188.77292576419217,,0,0,0,5,1,10910,0.975413500223514,5,1,0,0,0.0,0.35714285714285715,1061.6540404040406,0.6599450045829515,5,235.0,101.0,134.0,19.142857142857142,2.3267326732673266,637.0,21,2,0
2025-4,Lags 1,21,1568.0,28.117091044692113,28.15472074468085,28.15472074468085,-0.007307942264591149,32.6,-0.028181818181818457,0.006623376623376853,6.766666666666667,29.166374778894724,27.67854880516591,22.0,6.154720744680851,6.154720744680851,0.5234964736156064,0,1,78.88125961105479,0.129138115002608,20.952380952380953,86.8,0.050519480519479465,64.3,0.19987012987012906,14,1,1,17.420104166666647,17.420104166666647,3.8519519420828385,0,0,0,0,0.6666666666666666,0.0,60.0,933.1116038433112,92.38728750923872,1.0005543237250554,1.25334903917221,21,1,72.3030945724477,-446.8883961566888,-27.612712490761268,0,0,0.4291514422036655,1.5369223236903164,234.88500000000002,126.11499999999998,-5.1850000000000005,0.1689750692520775,1,16,2.3080017881090744,0.7500000000000002,0.3999999999999999,0.6000000000000004,3.2275368797496644,0.7619047619047619,101.0,-173.0,585.0,False,False,526.9889502762431,471.878453038674,,0,0,0,11,1,10824,0.967724631202504,11,1,1,0,0.0,0.5238095238095238,1380.6926121372032,0.6651884700665188,5,585.0,235.0,350.0,50.0,2.4893617021276597,1285.0,14,3,0
2025-4,Lags 1,28,1568.0,28.126498469689295,28.15472074468085,28.15472074468085,-0.0015661371617741596,32.6,-0.0022988505747116045,-0.0010399562123694541,6.8500000000000005,29.166374778894724,27.67854880516591,20.0,8.154720744680851,8.154720744680851,0.4508594725610198,0,1,78.51597074995776,-0.004356090098805418,21.339285714285715,86.8,-0.0022714833059647613,64.3,-0.0015873015873008535,21,1,1,17.420104166666647,17.420104166666647,3.377262178779592,0,0,0,0,0.75,0.0,60.0,1731.5012533655186,129.97864636524,1.077922912664348,1.1694828706712468,28,1,76.99440374051395,-648.4987466344814,-30.021353634760004,0,0,0.3773069082353551,1.3219234944760199,313.18,100.82,-1.1850000000000005,0.1473429951690821,1,16,2.3080017881090744,1.4285714285714288,1.11111111111111,1.2499999999999996,3.7013857845328566,0.5714285714285714,101.0,-116.0,1120.0,False,False,1037.175732217573,956.5899581589958,,0,0,0,18,1,10771,0.962986142154672,18,1,1,0,0.0,0.6428571428571429,1621.1003236245954,0.6684616098783771,5,1120.0,585.0,535.0,76.42857142857143,1.9145299145299146,1655.0,7,4,0
2025-4,Lags 2,7,1594.0,28.154720744680848,28.15472074468085,28.15472074468085,0.0,32.6,1.4897023514804435e-15,2.2345535272206653e-15,7.100000000000001,27.67854880516591,27.67854880516591,28.0,0.1547207446808514,0.1547207446808514,3.837369354665453e-15,1,0,77.42010416666665,2.979404702960887e-15,22.5,86.8,1.4897023514804435e-15,64.3,0.0,0,0,0,7.420104166666647,7.420104166666647,0.0,1,0,0,0,0.0,0.0,70.0,117.84969631039796,22.663403136614996,1.0012691505756504,1.259065361254646,7,1,67.03796558057545,-52.150303689602026,-12.336596863385004,0,0,0.7139670199312713,2.0298736116430485,78.33,80.67,2.8100000000000005,0.2893081761006289,1,6,2.038427167113494,0.4374999999999999,0.4117647058823527,0.424242424242424,1.420911528150134,0.8571428571428571,101.0,-66.0,101.0,False,False,145.0,125.0,,0,0,0,0,1,11031,0.985790884718499,0,0,0,0,0.0,0.0,1081.9700598802394,0.6527060103345118,3,101.0,,,,,,28,1,0
2025-4,Lags 2,14,1594.0,28.26266805003507,29.5653846153846,28.15472074468085,0.03697820183090205,32.8,0.04439560439560338,0.0232967032967034,7.171428571428573,29.12274433490871,27.92288528370301,25.0,3.2553191489361986,3.2553191489361986,0.37590464265271767,0,2,78.02873553308392,0.23498639412959973,21.685714285714287,86.6,-0.0589010989011003,74.6,0.26285714285714096,7,1,1,19.0148936170212,19.0148936170212,1.7977521284551015,0,0,0,0,0.5,0.0,65.0,402.74599542334096,64.07322654462243,1.4012814645308924,1.7567276887871854,14,1,67.56020485997603,-227.25400457665904,-25.92677345537757,0,0,0.5182587325131801,1.6915613430358738,156.66,108.34,-1.1899999999999995,0.1735849056603773,1,12,2.038427167113494,0.6666666666666664,0.5882352941176466,0.7142857142857141,2.368185880250224,0.8571428571428571,101.0,-153.0,243.0,False,False,217.5764192139738,194.0131004366812,,0,0,0,6,1,10925,0.976318141197498,6,1,1,0,0.0,0.42857142857142855,1097.7954545454545,0.6590389016018307,3,242.99999999999991,101.0,141.99999999999991,20.285714285714274,2.405940594059405,668.9999999999997,21,2,0
2025-4,Lags 2,21,1594.0,28.892507341203082,32.7833333333333,29.7071428571429,0.13053544048434415,32.6,0.011298701298701667,0.15545454545454526,6.452380952380953,32.1437145309923,27.67854880516591,22.0,6.154720744680851,6.154720744680851,1.2280698069224716,0,8,78.41908216182728,0.1190675542997085,18.933333333333334,86.8,-0.1328571428571423,64.3,0.48636363636363567,14,1,1,17.420104166666647,17.420104166666647,2.6119265361190287,0,0,0,0,0.6666666666666666,0.0,60.0,972.9779581296688,96.83666881859264,1.0007378031909988,1.2390536589070746,21,1,75.60143657766247,-407.0220418703311,-23.16333118140736,0,0,0.4350182545146376,1.4766585812162223,234.98999999999998,112.01,-3.1899999999999995,0.132564841498559,1,16,2.038427167113494,0.8000000000000005,0.5333333333333334,0.6666666666666666,3.1009830205540663,0.7619047619047619,101.0,-164.0,594.0,False,False,535.8232044198895,480.5552486187845,,0,0,0,13,1,10843,0.968990169794459,13,1,1,0,0.0,0.6190476190476191,1401.934036939314,0.664022871898921,3,594.0,242.99999999999991,351.0000000000001,50.14285714285716,2.444444444444445,1296.0000000000002,14,3,0
2025-4,Lags 2,28,1594.0,28.708060692072525,28.15472074468085,28.15472074468085,0.025333866627565087,32.6,-0.0011767925561021332,0.033524904214559656,6.614285714285714,32.1437145309923,27.67854880516591,20.0,8.154720744680851,8.154720744680851,1.105890567706394,0,8,78.16933766303711,0.00999295794552292,19.825,86.8,-0.028024083196497622,64.3,0.08946360153256668,21,1,1,17.420104166666647,17.420104166666647,2.290742068303976,0,0,0,0,0.75,0.0,60.0,1728.7727104189842,115.86948461253245,1.0007415647015203,1.0892739114313812,28,1,72.52796836198328,-651.2272895810158,-44.130515387467554,0,0,0.38485500909603626,1.283033320566833,313.32,88.68,-3.1899999999999995,0.1144278606965174,1,16,2.038427167113494,1.3333333333333346,0.8888888888888897,1.1428571428571432,3.5924932975871315,0.5714285714285714,101.0,-77.99999999999977,1158.0000000000002,False,False,1070.6861924686195,985.732217573222,,0,0,0,20,1,10788,0.964075067024129,20,1,1,0,0.0,0.7142857142857143,1676.1019417475732,0.6674082313681868,3,1158.0,594.0,564.0,80.57142857142857,1.9494949494949494,1722.0,7,4,0
2025-4,Tags 1,7,1441.5,28.00505952380953,26.8354166666667,27.3583333333333,-0.30669642857143187,32.9,-0.4357142857142873,-0.14642857142856858,6.885714285714286,28.671796688809568,27.159580303782835,28.0,0.6499999999999986,-0.6499999999999986,0.8092696262941806,1,4,88.06011904761907,1.2447172619047704,21.428571428571427,96.4,0.4607142857142932,71.3,2.075000000000001,7,1,1,30.504166666666706,30.504166666666706,3.195177398228588,0,0,0,0,1.0,0.0,60.0,128.8290867449184,21.4715144574864,1.0064414543372455,1.0135986258230747,6,1,68.56449994827591,-41.17091325508159,-13.5284855425136,1,0,0.7465609365615029,3.2962422837964724,50.05699999999999,114.94300000000001,37.849,0.3393939393939394,1,7,5.2928261781569015,1.4062500000000004,2.5000000000000004,3.0,2.3073695986575307,1.0,90.3,-76.7,90.3,False,False,145.0,125.0,,0,0,0,0,3,6986,0.976926304013425,0,0,0,1,0.0,0.0,967.3455089820358,1.030632693959347,5,90.2999999999999,,,,,,28,1,0
2025-4,Tags 1,14,1441.5,27.824892350557246,27.225,27.80625,-0.08587483438547275,33.6,-0.02439560439560536,-0.13494505494505526,7.335714285714286,28.671796688809568,27.31198095995679,25.0,2.6229166666667005,2.6229166666667005,0.6586898258777107,1,5,88.01599544072951,0.09810634401059583,22.75714285714286,94.9,0.14857142857142663,68.3,0.022417582417582082,14,1,1,29.8854166666667,29.8854166666667,2.58935860766011,0,0,0,0,1.0,0.0,55.0,356.1564180840238,36.34249164122692,1.001744439598779,1.2558147986625965,13,1,48.456655521635895,-273.8435819159762,-53.65750835877308,1,0,0.535964085805423,2.7169027308867895,100.11399999999998,171.8859999999999,4.849,0.2058823529411764,1,14,5.2928261781569015,1.3333333333333333,1.090909090909091,0.923076923076923,3.803663823241505,1.0,90.3,-180.2,215.8,False,False,193.33056768558953,172.5052401746725,,0,0,0,1,4,6879,0.961963361767585,1,1,0,1,0.0,0.07142857142857142,974.9146464646465,1.0466637592673351,8,215.79999999999998,90.2999999999999,125.50000000000009,17.92857142857144,2.3898117386489504,592.3000000000003,21,2,0
2025-4,Tags 1,21,1441.5,28.081350381017938,28.6216216216216,26.2479166666667,0.04454719773687422,32.0,-0.08649350649350607,0.04298701298701284,6.5476190476190474,30.994748042184373,30.994748042184373,22.0,9.4666666666667,9.4666666666667,1.4506052323968466,0,9,86.54887209942396,-0.26838488817182193,20.571428571428573,81.5,-0.22363636363636408,75.6,0.17220779220779261,21,1,1,28.59999999999999,28.59999999999999,5.055804131527006,0,0,0,0,1.0,0.0,50.0,706.2978222483814,58.85815185403178,1.1458841335239216,1.148742958042546,20,1,50.11473074528068,-673.7021777516186,-61.14184814596822,1,0,0.44094816541066756,2.363971738884339,150.17100000000002,204.82899999999995,10.849,0.1577464788732394,1,20,5.2928261781569015,1.7999999999999998,2.571428571428571,2.0,4.964340651657111,0.9523809523809523,90.3,-298.13,459.87,False,False,419.416408839779,380.98549723756906,,0,0,0,7,4,6796,0.950356593483429,7,1,1,1,0.0,0.3333333333333333,1085.3660026385226,1.059446733372572,10,459.8699999999999,215.79999999999998,244.0699999999999,34.867142857142845,2.131000926784059,948.0099999999998,14,3,0
2025-4,Tags 1,28,1441.5,28.4182843473136,28.15472074468085,28.15472074468085,0.06570557776812369,32.6,-0.010755336617404526,0.06420361247947494,6.382142857142857,32.02184008982413,27.67854880516591,20.0,8.154720744680851,8.154720744680851,1.7218610588097878,0,11,83.948101247187,-0.5252559835522509,20.510714285714283,86.8,-0.41546250684181557,64.3,-0.24909688013136067,28,1,1,27.420104166666647,27.420104166666647,6.42297082908173,0,0,0,0,1.0,0.0,50.0,1270.9974728705215,96.62553887319756,1.0013378920767058,1.1860345689690122,27,1,56.89710847918772,-1109.0025271294785,-63.37446112680245,1,0,0.3839387292084163,2.1175859520147036,200.22800000000004,223.77199999999993,1.849,0.1320754716981132,1,26,5.2928261781569015,1.2857142857142856,1.125,0.8999999999999999,5.929240665641169,0.9285714285714286,90.3,-505.18000000000006,730.8199999999999,False,False,688.8737656903766,648.0612133891213,,0,0,0,14,4,6727,0.940707593343588,14,1,1,1,0.0,0.5,1057.7969093851132,1.07031366136465,10,730.8199999999999,459.8699999999999,270.95000000000005,38.70714285714286,1.589188248852937,1001.77,7,4,0
2025-4,Tags 2,7,1450.0400000000002,28.154720744680848,28.15472074468085,28.15472074468085,0.0,32.6,1.4897023514804435e-15,2.2345535272206653e-15,7.100000000000001,27.67854880516591,27.67854880516591,28.0,0.1547207446808514,0.1547207446808514,3.837369354665453e-15,1,0,77.42010416666665,2.979404702960887e-15,22.5,86.8,1.4897023514804435e-15,64.3,0.0,7,1,1,17.420104166666647,17.420104166666647,0.0,0,0,0,0,1.0,0.0,60.0,142.28799089356858,28.457598178713717,1.003272623790552,1.3424397647505215,6,1,82.50312077022043,-27.712009106431424,-6.542401821286283,1,0,0.7311494318227558,1.92508221705302,49.86800000000001,46.13199999999999,15.876,0.3958333333333333,1,7,2.228523301516002,1.352941176470588,2.8750000000000018,2.3,1.347557551937114,1.0,93.6,-73.4,93.6,False,False,145.0,125.0,,0,0,0,0,1,7028,0.986524424480629,0,0,0,1,0.0,0.0,1002.6970059880239,1.0244735344336935,3,93.59999999999991,,,,,,28,1,0
2025-4,Tags 2,14,1450.0400000000002,28.154720744680848,28.15472074468085,28.15472074468085,-2.482837252467406e-16,32.6,0.0,-4.965674504934812e-16,7.1000000000000005,27.67854880516591,27.67854880516591,25.0,3.1547207446808514,3.1547207446808514,3.6868252213847854e-15,0,0,77.42010416666665,-9.931349009869624e-16,22.5,86.8,0.0,64.3,-2.482837252467406e-15,14,1,1,22.420104166666647,22.420104166666647,0.0,0,0,0,0,1.0,0.0,55.0,409.8360655737705,43.14063848144953,1.0014380212827152,1.2048317515099225,13,1,56.49369324951723,-220.1639344262295,-46.85936151855047,1,0,0.5326257252708523,1.7044998796823616,99.73599999999998,70.264,2.875999999999999,0.2235294117647059,1,14,2.228523301516002,1.2500000000000009,1.0,1.2500000000000009,2.386299831555306,1.0,93.6,-140.5,255.5,False,False,226.51353711790392,199.64803493449784,,0,0,0,6,1,6954,0.976137001684447,6,1,1,1,0.0,0.42857142857142855,1154.266414141414,1.035375323554789,4,255.4999999999999,93.59999999999991,161.89999999999998,23.128571428571426,2.729700854700856,741.1999999999998,21,2,0
2025-4,Tags 2,21,1450.0400000000002,28.15472074468085,28.15472074468085,28.15472074468085,5.305291444888081e-16,32.6,-2.6526457224440405e-16,0.0,7.1,27.67854880516591,27.67854880516591,22.0,6.154720744680851,6.154720744680851,0.0,0,0,77.42010416666662,0.0,22.5,86.8,2.6526457224440404e-15,64.3,-5.305291444888081e-16,21,1,1,27.420104166666647,27.420104166666647,2.912358572177595e-14,0,0,0,0,1.0,0.0,50.0,836.1204013377926,79.97673404100625,1.101119674276574,1.380398429547768,20,1,63.6178566235277,-543.8795986622074,-40.02326595899375,1,0,0.4380884851222467,1.6510253736531109,149.60399999999998,97.39600000000002,-0.1240000000000005,0.1538461538461538,1,20,2.228523301516002,0.7777777777777772,0.6363636363636357,0.6999999999999993,3.4671532846715327,0.9523809523809523,93.6,-247.3799999999999,510.62000000000006,False,False,468.3349171270719,428.1640883977901,,0,0,0,13,1,6877,0.965328467153285,13,1,1,1,0.0,0.6190476190476191,1205.1440369393142,1.0469681547186274,5,510.62000000000006,255.4999999999999,255.12000000000018,36.44571428571431,1.998512720156557,1020.8600000000004,14,3,0
2025-4,Tags 2,28,1450.0400000000002,28.15472074468085,28.15472074468085,28.15472074468085,5.121236555939726e-16,32.6,6.828315407919634e-16,1.7070788519799085e-16,7.1000000000000005,27.67854880516591,27.67854880516591,20.0,8.154720744680851,8.154720744680851,0.0,0,0,77.42010416666663,6.828315407919634e-16,22.5,86.8,0.0,64.3,3.414157703959817e-16,28,1,1,27.420104166666647,27.420104166666647,1.4471626093874067e-14,0,0,0,0,1.0,0.0,50.0,1437.582514302479,95.34986064251136,1.0011735367463694,1.0865116620214172,27,1,59.998144776467136,-942.417485697521,-64.65013935748863,1,0,0.386055540008465,1.5390631266543675,199.47199999999998,107.52800000000002,0.8759999999999994,0.1237785016286645,1,25,2.228523301516002,1.6000000000000003,1.1428571428571432,0.8888888888888886,4.309376754632229,0.8928571428571429,93.6,-465.8200000000001,770.18,False,False,729.9970711297071,690.9001673640167,,0,0,0,20,1,6817,0.956906232453678,20,1,1,1,0.0,0.7142857142857143,1114.7670064724919,1.0561830717324336,5,770.18,510.62000000000006,259.5599999999999,37.079999999999984,1.5083232149152008,1029.7399999999998,7,4,0
2025-4,Tags 3,7,1293.12,27.54196428571429,26.525,27.0978723404255,-0.21282453140830718,32.5,-0.44642857142856945,-0.017857142857142183,7.014285714285715,28.016426988755864,26.85638733114996,28.0,0.90625,-0.90625,0.6544096618301974,1,2,86.30932117527861,0.8461467831813687,19.928571428571427,92.7,0.08928571428572209,73.8,2.360714285714286,7,1,1,28.254166666666706,28.254166666666706,2.4390703307233417,0,0,0,0,1.0,0.0,60.0,148.3050847457627,28.24858757062147,1.000847457627119,1.337853107344633,5,1,83.97426767317097,-21.694915254237287,-6.751412429378529,2,0,0.7314230615885374,1.4183830433306033,50.05699999999999,20.943,-1.1509999999999998,0.5633802816901409,0,5,1.377289889525941,0.75,0.6,0.8571428571428571,0.992868130331422,0.7142857142857143,90.3,-76.7,90.3,False,False,145.0,125.0,,2,1,0,0,0,7080,0.990071318696686,0,0,0,1,0.2857142857142857,0.0,967.3455089820358,1.0169491525423728,1,90.2999999999999,,,,,,28,1,0
2025-4,Tags 3,14,1293.12,27.48484042553192,27.0446808510638,27.5020833333333,-0.048364312991972955,33.2,-0.043296703296703654,-0.07670329670329738,7.2,28.023608445921393,27.02132367625883,25.0,2.3791666666666984,2.3791666666666984,0.5402860426997682,1,3,85.95681357649445,-0.020881848647804957,20.150000000000002,91.7,-0.008571428571428326,67.6,0.09274725274724785,14,1,1,27.647916666666703,27.647916666666703,2.1580004807873467,0,0,0,0,1.0,0.0,55.0,384.99928703835735,35.648082133181234,1.0011407386282618,1.0035648082133182,12,1,50.359989045287776,-245.00071296164265,-54.351917866818766,2,0,0.5363545822825185,1.3784285914057974,100.11399999999998,37.88600000000001,0.8490000000000002,0.2898550724637681,0,10,1.377289889525941,0.7999999999999999,1.1428571428571428,0.8888888888888888,1.929800027968116,0.7142857142857143,90.3,-141.76,254.24,False,False,224.88829694323147,197.68427947598252,,2,1,0,1,0,7013,0.980701999720319,1,1,0,1,0.14285714285714285,0.07142857142857142,1148.5741414141414,1.0266647654356196,2,254.24,90.2999999999999,163.9400000000001,23.420000000000016,2.8155038759689957,746.0600000000004,21,2,0
2025-4,Tags 3,21,1293.12,27.70126291409536,28.15472074468085,28.15472074468085,0.031847671590176714,32.6,-0.01883116883116856,0.020649350649350896,6.809523809523808,30.801169887087923,27.67854880516591,22.0,6.154720744680851,6.154720744680851,1.1879526603730926,0,4,83.47101740236712,-0.5174655856715813,19.53333333333333,86.8,-0.3345454545454533,64.3,-0.2890909090909096,21,1,1,27.420104166666647,27.420104166666647,5.08471789968893,0,0,0,0,1.0,0.0,50.0,691.7423259835712,50.43954460296873,1.0011529038766394,1.1715424893116204,19,1,46.07960467093158,-688.2576740164288,-69.56045539703126,2,0,0.459697369317996,1.4117239680098022,150.17100000000002,61.82900000000001,0.8490000000000002,0.1886792452830188,1,16,1.377289889525941,0.6666666666666666,0.8888888888888888,0.7272727272727273,2.9646203328205845,0.7619047619047619,90.3,-263.43999999999994,494.56000000000006,False,False,454.72795580110505,416.88751381215474,,2,1,0,7,0,6939,0.970353796671794,7,1,1,1,0.09523809523809523,0.3333333333333333,1167.239894459103,1.0376134889753568,3,494.56,254.24,240.32,34.33142857142857,1.9452485840151037,975.1999999999999,14,3,0
2025-4,Tags 3,28,1293.12,27.81462737174173,28.15472074468085,28.15472074468085,0.03166494672822673,32.6,0.01141215106732398,0.016365626710454273,6.882142857142857,30.801169887087923,27.67854880516591,20.0,8.154720744680851,8.154720744680851,1.0417961072887976,0,4,81.958289093442,-0.46151648811773516,20.275000000000002,86.8,-0.26858237547892483,64.3,-0.36877394636015226,28,1,1,27.420104166666647,27.420104166666647,5.125492804002185,0,0,0,0,1.0,0.0,50.0,1277.769711049804,108.90082764629013,1.0011616088282271,1.2536300275882095,26,1,60.8754101321086,-1102.230288950196,-51.09917235370989,2,0,0.41027657155223207,1.3184969135185889,200.22800000000004,63.77200000000002,0.8490000000000002,0.1515151515151515,1,19,1.377289889525941,1.1428571428571428,1.6,0.8888888888888888,3.6917913578520487,0.6785714285714286,90.3,-445.04,790.96,False,False,745.0738075313808,700.4277824267783,,2,1,0,14,0,6887,0.96308208642148,14,1,1,1,0.07142857142857142,0.5,1144.8442071197412,1.045447945404385,3,790.96,494.56,296.40000000000003,42.34285714285715,1.5993206082174054,1087.3600000000001,7,4,0
2025-5,Lags 1,7,1306.0,28.154720744680848,28.15472074468085,28.15472074468085,0.0,32.6,1.4897023514804435e-15,2.2345535272206653e-15,7.100000000000001,27.67854880516591,27.67854880516591,28.0,0.1547207446808514,0.1547207446808514,3.837369354665453e-15,1,0,77.42010416666665,2.979404702960887e-15,22.5,86.8,1.4897023514804435e-15,64.3,0.0,0,0,0,7.420104166666647,7.420104166666647,0.0,1,0,0,0,0.0,0.0,70.0,117.16989634970707,27.0392068499324,1.2008652546191978,2.005948625506985,7,1,73.08917257754837,-52.830103650292926,-7.960793150067598,0,0,0.7200712553061914,1.528565059550347,78.50500000000001,41.49499999999999,-3.215,0.5166666666666667,0,4,1.8533214444939816,0.7999999999999997,0.5333333333333333,0.3199999999999998,1.0699955416852427,0.5714285714285714,95.0,-72.0,95.0,False,False,145.0,125.0,,0,0,0,0,0,11095,0.989300044583148,0,0,0,0,0.0,0.0,1017.6946107784431,0.6489409643983777,2,95.0,,,,,,28,1,0
2025-5,Lags 1,14,1306.0,28.04118920972644,28.15472074468085,28.15472074468085,-0.004671537682175768,32.6,-0.019780219780220112,0.006813186813186434,6.521428571428572,27.67854880516591,27.67854880516591,25.0,3.1547207446808514,3.1547207446808514,0.3549069160303593,0,0,78.08469246031744,0.03901739926740069,20.464285714285715,86.8,-0.015824175824178274,64.3,0.09736263736263509,7,1,1,12.420104166666649,12.420104166666649,1.6976659556163842,0,0,0,0,0.5,0.0,65.0,340.4448479346346,36.31411711302769,1.0009078529278257,1.145866026846508,14,1,47.19394188300225,-289.5551520653654,-53.68588288697231,0,0,0.5417334726002826,1.2738042162919563,157.01000000000002,42.98999999999998,-1.215,0.31,0,8,1.8533214444939816,1.4285714285714293,0.8333333333333339,0.7142857142857146,1.7833259028087385,0.5714285714285714,95.0,-193.0,203.0,False,False,183.66375545851528,165.74235807860262,,0,0,0,5,0,11015,0.982166740971913,5,1,1,0,0.0,0.35714285714285715,917.0883838383838,0.6536541080344984,2,203.0,95.0,108.0,15.428571428571429,2.136842105263158,527.0,21,2,0
2025-5,Lags 1,21,1306.0,28.079033054711246,28.15472074468085,28.15472074468085,0.005844507000092548,32.6,0.024155844155844274,-0.004805194805194649,6.714285714285714,27.67854880516591,27.67854880516591,22.0,6.154720744680851,6.154720744680851,0.29134314175351406,0,0,77.86316302910048,-0.03076411435786585,21.142857142857142,86.8,0.01623376623376655,64.3,-0.07987012987013122,14,1,1,17.420104166666647,17.420104166666647,1.4058461543278493,0,0,0,0,0.6666666666666666,0.0,60.0,713.3058984910837,73.15957933241884,1.0681298582533152,1.3377229080932789,21,1,56.32757466717031,-666.6941015089163,-46.84042066758116,0,0,0.44896178922150953,1.1888839352058256,235.51500000000001,44.484999999999985,3.785,0.2214285714285714,0,12,1.8533214444939816,1.1538461538461542,1.875,1.4999999999999996,2.4966562639322336,0.5714285714285714,95.0,-343.0,415.0,False,False,379.8618784530387,346.4806629834254,,0,0,0,12,0,10935,0.975033437360678,12,1,1,0,0.0,0.5714285714285714,979.4656992084433,0.6584362139917695,2,415.0,203.0,212.0,30.285714285714285,2.044334975369458,839.0,14,3,0
2025-5,Lags 1,28,1306.0,27.890787582320165,27.5104166666667,27.0604166666667,-0.028468118344997528,31.4,-0.06403940886699457,-0.022468527640941562,6.382142857142857,27.67854880516591,27.322964121587844,20.0,7.800000000000001,7.800000000000001,0.5722324346770089,0,0,77.34032614087299,-0.08962941107158044,19.803571428571427,85.6,-0.15812807881773366,65.1,0.021538040503558967,20,1,1,17.266666666666595,17.266666666666595,2.4370796750805583,0,0,0,0,0.7142857142857143,0.0,60.0,1380.071763731714,101.20526267365904,1.0492576090147163,1.0508961704103852,28,1,60.61974886559648,-999.928236268286,-58.794737326340965,0,0,0.3946026290627497,1.101840647092542,314.01999999999987,31.980000000000004,5.785,0.1791907514450867,0,14,1.8533214444939816,1.8888888888888888,2.1250000000000004,2.4285714285714293,3.0851538118591173,0.5,95.0,-394.0,842.0,False,False,775.8953974895397,711.5774058577406,,0,0,0,18,0,10869,0.969148461881409,19,1,1,0,0.0,0.6785714285714286,1218.720064724919,0.6624344465912227,2,842.0,415.0,427.0,61.0,2.0289156626506024,1269.0,7,4,0
2025-5,Lags 2,7,1176.0,28.162737039851404,28.15472074468085,28.15472074468085,0.0152080694866563,32.6,0.560714285714287,-0.19642857142857295,5.985714285714287,28.362165241768203,27.67854880516591,28.0,0.1547207446808514,0.1547207446808514,0.32713100014659385,1,1,78.74928075396824,-0.8460131448412729,18.428571428571427,86.8,0.4464285714285717,64.3,-2.196428571428568,2,1,0,7.420104166666647,7.420104166666647,2.283397310236006,1,0,0,0,0.2857142857142857,0.0,70.0,110.61946902654869,18.436578171091444,1.0016592920353982,1.0046091445427727,7,1,58.87310676482983,-59.38053097345133,-16.563421828908556,0,0,0.7313374393577565,1.974025974025974,77.0,75.0,7.0,0.506578947368421,1,7,1.8181818181818183,1.384615384615384,0.9473684210526316,0.7199999999999999,1.3818181818181818,1.0,91.0,-76.0,91.0,False,False,145.0,125.0,,1,1,0,0,0,10848,0.986181818181818,0,0,0,0,0.14285714285714285,0.0,974.8443113772455,0.6637168141592921,4,91.0,,,,,,28,1,0
2025-5,Lags 2,14,1176.0,28.15872889226613,28.15472074468085,28.15472074468085,0.0010084690722976044,32.6,0.15516483516483492,-0.05802197802197848,6.542857142857143,28.362165241768203,27.67854880516591,25.0,3.1547207446808514,3.1547207446808514,0.2222806716744153,0,1,78.08469246031744,-0.24726678876678762,20.464285714285715,86.8,0.12571428571428675,64.3,-0.6380219780219811,9,1,1,12.420104166666649,12.420104166666649,1.697665955616384,0,0,0,0,0.6428571428571429,0.0,65.0,307.20536212995717,37.23701359150997,1.0013032954757028,1.3390430087506984,14,1,45.06860771988309,-322.79463787004283,-52.76298640849003,0,0,0.5288530159777539,1.6753246753246755,154.0,104.0,3.0,0.2984496124031007,1,13,1.8181818181818183,0.933333333333334,0.8235294117647062,1.2727272727272727,2.345454545454545,0.9285714285714286,91.0,-241.0,155.0,False,False,143.5414847161572,132.92139737991266,,1,1,0,6,0,10742,0.976545454545454,6,1,1,0,0.07142857142857142,0.42857142857142855,700.239898989899,0.6702662446471793,4,155.0,91.0,64.0,9.142857142857142,1.7032967032967032,347.0,21,2,0
2025-5,Lags 2,21,1176.0,27.877399808623213,27.64375,27.1625,-0.054520522473980815,31.5,-0.058831168831168824,-0.05220779220779196,6.176190476190477,28.362165241768203,27.238154299727935,22.0,5.714583333333302,5.714583333333302,0.660987903960708,0,1,77.31373346560845,-0.2025125811688313,18.904761904761905,85.6,-0.21337662337662322,65.1,-0.13025974025974085,15,1,1,17.266666666666595,17.266666666666595,2.83110619670935,0,0,0,0,0.7142857142857143,0.0,60.0,667.6069581570287,56.41748942172073,1.0015044663845791,1.0045133991537376,21,1,47.695945163290475,-712.3930418429713,-63.58251057827927,0,0,0.4407825234428335,1.58008658008658,231.0,134.0,5.0,0.210958904109589,1,20,1.8181818181818183,0.8888888888888886,1.142857142857142,1.3333333333333326,3.318181818181818,0.9523809523809523,91.0,-423.0,335.0,False,False,305.1657458563536,276.8232044198895,,1,1,0,12,0,10635,0.966818181818182,13,1,1,0,0.047619047619047616,0.6190476190476191,790.6530343007915,0.6770098730606487,4,335.0,155.0,180.0,25.714285714285715,2.161290322580645,695.0,14,3,0
2025-5,Lags 2,28,1176.0,27.84914835570753,29.4,26.385,-0.02469773522911563,32.6,-0.058319649698960176,-0.005145046524356827,5.903571428571428,29.19648145172818,27.67854880516591,20.0,8.154720744680851,8.154720744680851,0.7256469451690049,0,2,78.12175138783347,0.05531953934837415,17.178571428571427,86.8,-0.06631089217295967,64.3,0.2512588943623435,22,1,1,17.420104166666647,17.420104166666647,3.5393337241890035,0,0,0,0,0.7857142857142857,0.0,60.0,1227.8372997060776,94.8136910969944,1.1122699451134077,1.1808208634738622,28,1,55.42417972214011,-1152.1627002939224,-65.1863089030056,0,0,0.38408195892620145,1.4707792207792207,308.0,145.0,0.0,0.1699779249448123,1,24,1.8181818181818183,0.6875000000000003,0.9166666666666666,1.1,4.118181818181818,0.8571428571428571,91.0,-562.0,674.0,False,False,621.5188284518829,570.4560669456067,,1,1,0,19,0,10547,0.958818181818182,20,1,1,0,0.03571428571428571,0.7142857142857143,975.5550161812298,0.6826585758983598,4,674.0,335.0,339.0,48.42857142857143,2.011940298507463,1013.0,7,4,0
2025-5,Lags 3,7,1182.0,28.154720744680848,28.15472074468085,28.15472074468085,0.0,32.6,1.4897023514804435e-15,2.2345535272206653e-15,7.100000000000001,27.67854880516591,27.67854880516591,28.0,0.1547207446808514,0.1547207446808514,3.837369354665453e-15,1,0,77.42010416666665,2.979404702960887e-15,22.5,86.8,1.4897023514804435e-15,64.3,0.0,0,0,0,7.420104166666647,7.420104166666647,0.0,1,0,0,0,0.0,0.0,70.0,109.62908825141604,18.27151470856934,0.80102320482368,1.3394238382361898,7,1,58.34601335509537,-60.37091174858397,-16.72848529143066,0,0,0.7607464804004765,1.9819819819819817,77.69999999999999,76.30000000000001,2.9000000000000004,0.5584415584415584,1,7,1.8828828828828832,0.7000000000000002,0.8750000000000001,0.7777777777777779,1.3873873873873874,1.0,92.0,-75.0,92.0,False,False,145.0,125.0,,0,0,0,0,0,10946,0.986126126126126,0,0,0,0,0.0,0.0,985.556886227545,0.6577745295084962,3,92.0,,,,,,28,1,0
2025-5,Lags 3,14,1182.0,27.67803793059777,26.6553191489362,27.3791666666667,-0.11161605681552632,30.1,-0.252527472527474,-0.055604395604395666,5.914285714285716,27.67854880516591,26.4179019306078,25.0,1.8083333333333016,1.8083333333333016,0.5804988619561142,1,0,78.42097533561295,0.41534156047852644,17.992857142857144,89.0,0.06571428571428152,70.6,0.8224175824175809,5,1,1,15.983333333333306,15.983333333333306,3.197780391865772,0,0,0,0,0.35714285714285715,0.0,65.0,300.06462930477335,36.931031299049025,1.001292586095467,1.3376419536515556,14,1,44.33189273000925,-329.93537069522665,-53.068968700950975,0,0,0.5505050851551573,1.7310167310167308,155.39999999999998,113.60000000000002,2.9000000000000004,0.3197026022304832,1,12,1.8828828828828832,1.2727272727272725,1.400000000000001,0.8750000000000001,2.423423423423423,0.8571428571428571,92.0,-228.0,168.0,False,False,154.3930131004367,141.7816593886463,,0,0,0,0,0,10831,0.975765765765766,0,0,0,0,0.0,0.0,758.969696969697,0.6647585633828824,5,168.0,92.0,76.0,10.857142857142858,1.826086956521739,396.0,21,2,0
2025-5,Lags 3,21,1182.0,27.57696168854529,28.15472074468085,28.15472074468085,-0.04154101641497519,31.1,-0.10012987012987035,-0.026233766233766016,5.776190476190475,28.887052104156815,26.922816216567863,22.0,5.4434782608696,5.4434782608696,0.909367818840367,0,1,79.20687308653801,0.2045608843823443,16.7,85.5,0.04337662337662473,63.5,0.4284415584415575,12,1,1,15.152173913043498,15.152173913043498,3.6712177594055597,0,0,0,0,0.5714285714285714,0.0,60.0,646.8124709167055,55.83992554676594,1.0012098650535133,1.0951732306781168,21,1,46.701870097989634,-733.1875290832945,-64.16007445323406,0,0,0.45734382770772297,1.522951522951523,233.09999999999997,121.90000000000002,1.9000000000000004,0.2422535211267605,1,16,1.8828828828828832,0.8125000000000002,1.0,0.8666666666666668,3.198198198198198,0.7619047619047619,92.0,-407.0,351.0,False,False,320.6685082872928,291.85359116022096,,0,0,0,5,0,10745,0.968018018018018,5,1,1,0,0.0,0.23809523809523808,828.415567282322,0.6700791065611913,5,351.0,168.0,183.0,26.142857142857142,2.0892857142857144,717.0,14,3,0
2025-5,Lags 3,28,1182.0,27.237408766408972,25.78125,26.3854166666667,-0.07245971086349678,30.2,-0.05342090859332169,-0.11598248494800191,6.378571428571428,28.887052104156815,24.99941450946927,20.0,5.6541666666667005,5.6541666666667005,1.0479229637239942,0,1,78.38179171966543,-0.09032884011282777,18.307142857142857,81.7,-0.012178434592226369,56.1,-0.11349206349206344,17,1,0,8.200000000000003,8.200000000000003,4.632588023723882,1,0,0,0,0.6071428571428571,0.0,60.0,1149.2087415222306,113.03692539562924,1.2019216277317255,1.7221982990634084,28,1,59.46707997441629,-1230.7912584777694,-46.96307460437076,0,0,0.4320327121792494,1.5572715572715574,310.80000000000007,173.20000000000005,5.9,0.1776859504132231,1,23,1.8828828828828832,1.2142857142857142,0.9444444444444444,0.8095238095238091,4.36036036036036,0.8214285714285714,92.0,-560.0,676.0,False,False,625.6861924686193,576.7322175732218,,0,0,0,10,0,10616,0.956396396396396,12,1,1,0,0.0,0.42857142857142855,978.4498381877023,0.6782215523737755,6,676.0,351.0,325.0,46.42857142857143,1.9259259259259258,1001.0,7,4,0
2025-5,Tags 1,7,1702.0,28.81456644714623,28.925,28.2895833333333,-0.17392086710571494,32.9,-0.32142857142857045,0.057142857142859896,7.357142857142857,29.10662813458183,28.14558071595441,28.0,0.4958333333333016,0.4958333333333016,0.6028370058462204,1,6,82.1207476359338,0.47336784447822505,25.2,91.0,0.06785714285714581,66.1,0.5107142857142857,7,1,1,23.247916666666697,23.247916666666697,1.641764917134638,0,0,0,0,1.0,0.0,60.0,127.96815014929618,21.328025024882695,1.0014218683349922,1.0044077918384755,6,1,68.10629839878507,-42.03184985070382,-13.671974975117305,1,0,0.7474809926810481,1.4277670527670527,49.728,21.272000000000002,2.896,0.4507042253521127,1,7,0.6891891891891893,0.833333333333333,1.1111111111111105,1.2499999999999996,0.9994369369369368,1.0,108.0,-59.0,108.0,False,False,145.0,125.0,,1,1,0,0,0,7033,0.990005630630631,0,0,0,1,0.14285714285714285,0.0,1156.9580838323354,1.0237452011943693,0,108.0,,,,,,28,1,0
2025-5,Tags 1,14,1702.0,28.112687587446317,27.1690476190476,26.8574468085106,-0.20195079717648456,29.6,-0.2857142857142861,-0.10549450549450586,7.1000000000000005,29.10662813458183,26.485431421549713,25.0,1.6645833333333009,1.6645833333333009,0.9322162173675711,1,7,84.51428040719831,0.7390011096637235,23.24285714285714,95.0,0.3584615384615369,79.3,1.089890109890109,14,1,1,35.974999999999994,35.974999999999994,3.5579800012978127,0,0,0,0,1.0,0.0,55.0,351.0531594784353,35.82175096718728,1.0010030090270814,1.2542986101160625,13,1,47.76233462291637,-278.9468405215647,-54.17824903281272,1,0,0.5363925154206788,1.2568371943371943,99.456,25.544000000000004,-0.104,0.256,1,10,0.6891891891891893,0.7000000000000002,1.0,0.8749999999999998,1.7595720720720722,0.7142857142857143,108.0,-161.0,235.0,False,False,212.26200873362444,191.1877729257642,,1,1,0,1,0,6979,0.982404279279279,1,1,0,1,0.07142857142857142,0.07142857142857142,1061.6540404040404,1.0316664278549936,0,235.0,108.0,127.0,18.142857142857142,2.175925925925926,616.0,21,2,0
2025-5,Tags 1,21,1702.0,28.222970863286204,28.15625,27.9895833333333,-0.038581506554911514,33.6,-0.03623376623376628,-0.03558441558441551,7.29047619047619,29.10662813458183,28.83463290138249,22.0,7.2083333333333,7.2083333333333,0.8158032325765788,0,12,84.78979238030908,0.2470641318745415,23.247619047619043,90.6,0.11870129870129845,64.1,0.2980519480519495,21,1,1,32.3416666666667,32.3416666666667,3.1062346113738166,0,0,0,0,1.0,0.0,50.0,822.9858504187121,86.63008951775917,1.092326674192109,1.203984984117817,20,1,65.91419854612111,-557.0141495812879,-33.369910482240826,1,0,0.4372213696297774,1.1931574431574432,149.18400000000003,28.816000000000003,1.896,0.1797752808988764,1,14,0.6891891891891893,1.1250000000000002,1.500000000000001,1.2857142857142865,2.505630630630631,0.6666666666666666,108.0,-296.0,462.0,False,False,424.3756906077348,388.6325966850828,,1,1,0,8,0,6926,0.974943693693694,8,1,1,1,0.047619047619047616,0.38095238095238093,1090.3931398416887,1.03956107421311,0,462.0,235.0,227.0,32.42857142857143,1.9659574468085106,916.0,14,3,0
2025-5,Tags 1,28,1702.0,28.48823417047533,28.15472074468085,28.15472074468085,0.021649086250991503,32.6,-0.03620689655172416,0.03223864258347083,6.853571428571428,30.262060869065532,27.67854880516591,20.0,8.154720744680851,8.154720744680851,1.018205791009864,0,16,81.66757064741128,-0.38592970308918023,22.53214285714285,86.8,-0.35955117679255455,64.3,-0.15667761357416363,27,1,1,27.420104166666647,27.420104166666647,7.060060891506602,0,0,0,0,0.9642857142857143,0.0,50.0,1584.0720825461417,123.52855689580002,1.0008719662839702,1.1364627234413602,27,1,71.88149929351191,-795.9279174538585,-36.47144310419998,1,0,0.38217426599381293,1.1210987773487773,198.91200000000006,24.088,-1.104,0.1434977578475336,1,15,0.6891891891891893,0.7499999999999996,1.2000000000000006,1.0,3.1390765765765765,0.5357142857142857,108.0,-154.0,1082.0,False,False,986.0167364016736,892.6276150627616,,1,1,0,14,0,6881,0.968609234234234,15,1,1,1,0.03571428571428571,0.5357142857142857,1566.098705501618,1.0463595407644235,0,1082.0,462.0,620.0,88.57142857142857,2.341991341991342,1702.0,7,4,0
2025-5,Tags 2,7,1776.0,28.154720744680848,28.15472074468085,28.15472074468085,0.0,32.6,1.4897023514804435e-15,2.2345535272206653e-15,7.100000000000001,27.67854880516591,27.67854880516591,28.0,0.1547207446808514,0.1547207446808514,3.837369354665453e-15,1,0,77.42010416666665,2.979404702960887e-15,22.5,86.8,1.4897023514804435e-15,64.3,0.0,7,1,1,17.420104166666647,17.420104166666647,0.0,0,0,0,0,1.0,0.0,60.0,113.71712864250178,21.32196162046908,1.001137171286425,1.504904051172708,7,1,63.906159478716866,-56.28287135749822,-13.678038379530918,0,0,0.7635764163861997,1.1082006850695145,49.63000000000001,5.370000000000001,0.91,0.4545454545454545,0,4,0.5514809590973202,1.1428571428571432,1.0,1.1428571428571432,0.7757404795486601,0.5714285714285714,105.0,-62.0,105.0,False,False,145.0,125.0,,0,0,0,0,0,7035,0.992242595204514,0,0,0,1,0.0,0.0,1124.820359281437,1.023454157782516,0,105.0,,,,,,28,1,0
2025-5,Tags 2,14,1776.0,28.154720744680848,28.15472074468085,28.15472074468085,-2.482837252467406e-16,32.6,0.0,-4.965674504934812e-16,7.1000000000000005,27.67854880516591,27.67854880516591,25.0,3.1547207446808514,3.1547207446808514,3.6868252213847854e-15,0,0,77.42010416666665,-9.931349009869624e-16,22.5,86.8,0.0,64.3,-2.482837252467406e-15,14,1,1,22.420104166666647,22.420104166666647,0.0,0,0,0,0,1.0,0.0,55.0,336.33891512809504,42.93688278231001,1.2010304851867757,1.5049377415199656,14,1,50.54738846065596,-293.66108487190496,-47.06311721768999,0,0,0.5651253883802915,1.0376788232923635,99.26000000000002,3.740000000000002,-1.09,0.2427184466019417,0,6,0.5514809590973202,0.8571428571428578,0.6000000000000001,0.7500000000000003,1.4527503526093088,0.42857142857142855,105.0,-133.0,263.0,False,False,234.7117903930131,208.49344978165936,,0,0,0,6,0,6987,0.985472496473907,6,1,1,1,0.0,0.42857142857142855,1188.1489898989898,1.03048518677544,0,263.0,105.0,158.0,22.571428571428573,2.5047619047619047,737.0,21,2,0
2025-5,Tags 2,21,1776.0,28.15472074468085,28.15472074468085,28.15472074468085,5.305291444888081e-16,32.6,-2.6526457224440405e-16,0.0,7.1,27.67854880516591,27.67854880516591,22.0,6.154720744680851,6.154720744680851,0.0,0,0,77.42010416666662,0.0,22.5,86.8,2.6526457224440404e-15,64.3,-5.305291444888081e-16,21,1,1,27.420104166666647,27.420104166666647,2.912358572177595e-14,0,0,0,0,1.0,0.0,50.0,735.1881216664264,64.86954014703763,1.1264595646533084,1.1288921724088223,21,1,53.66622584628112,-644.8118783335736,-55.130459852962375,0,0,0.4725610794524298,1.0276042716099136,148.89000000000001,4.110000000000001,1.91,0.1633986928104575,0,9,0.5514809590973202,1.1250000000000002,1.2857142857142865,1.4999999999999991,2.1579689703808183,0.42857142857142855,105.0,-194.0,564.0,False,False,514.110497237569,466.7154696132597,,0,0,0,13,0,6937,0.978420310296192,13,1,1,1,0.0,0.6190476190476191,1331.1292875989445,1.037912642352602,0,564.0,263.0,301.0,43.0,2.1444866920152093,1166.0,14,3,0
2025-5,Tags 2,28,1776.0,28.15472074468085,28.15472074468085,28.15472074468085,5.121236555939726e-16,32.6,6.828315407919634e-16,1.7070788519799085e-16,7.1000000000000005,27.67854880516591,27.67854880516591,20.0,8.154720744680851,8.154720744680851,0.0,0,0,77.42010416666663,6.828315407919634e-16,22.5,86.8,0.0,64.3,3.414157703959817e-16,28,1,1,27.420104166666647,27.420104166666647,1.4471626093874067e-14,0,0,0,0,1.0,0.0,50.0,1377.8100072516315,101.5228426395939,1.0008701957940536,1.1697123519458543,28,1,60.671476712512415,-1002.1899927483684,-58.477157360406096,0,0,0.41430666336848604,0.9822687890388878,198.52,-3.519999999999997,-1.09,0.1282051282051282,0,9,0.5514809590973202,0.8571428571428578,1.2000000000000002,1.0,2.750352609308885,0.32142857142857145,105.0,-180.0,1056.0,False,False,979.8326359832636,905.723849372385,,0,0,0,20,0,6895,0.972496473906911,20,1,1,1,0.0,0.7142857142857143,1528.4660194174758,1.0442349528643944,0,1056.0,564.0,492.0,70.28571428571429,1.872340425531915,1548.0,7,4,0
2025-5,Tags 3,7,1738.0,28.14453476873113,28.5148936170213,28.0340425531915,0.10464814537144215,32.2,-0.05357142857142655,0.31785714285714195,7.128571428571431,28.12031428606596,28.02040145711517,28.0,0.4239130434783007,0.4239130434783007,0.272837840086363,1,3,81.91473191470877,-0.5135002524456584,22.342857142857145,87.0,-0.7999999999999984,66.6,-0.2928571428571416,7,1,1,20.799999999999997,20.799999999999997,1.3074793197350003,0,0,0,0,1.0,0.0,60.0,113.42691053452432,21.26754572522331,1.0009924854671772,1.5057422373458105,7,1,63.743064218456425,-56.57308946547569,-13.73245427477669,0,0,0.7634379618158865,1.3045397984987754,49.82600000000001,15.173999999999998,-0.1180000000000003,0.4153846153846154,1,6,0.5453779151447036,0.6999999999999997,0.6999999999999997,0.6363636363636361,0.9131778589491428,0.8571428571428571,106.0,-61.0,106.0,False,False,145.0,125.0,,2,1,0,0,0,7053,0.990868221410509,0,0,0,1,0.2857142857142857,0.0,1135.5329341317365,1.020842194810719,0,106.0,,,,,,28,1,0
2025-5,Tags 3,14,1738.0,28.168158927276636,29.8,27.5882352941176,0.05199991518694513,29.6,-0.20923076923076983,0.22241758241758167,6.057142857142857,29.39654835475579,28.927185755099032,25.0,4.25,4.25,0.7018198126481527,0,5,82.3648771268395,0.08716692629827998,18.692857142857143,89.1,-0.3039560439560484,80.2,0.9393406593406579,14,1,1,29.65000000000001,29.65000000000001,1.7363517518344034,0,0,0,0,1.0,0.0,55.0,349.30139720558884,42.7715996578272,1.000998003992016,1.5034217279726263,14,1,51.48433292145867,-280.69860279441116,-47.2284003421728,0,0,0.5730295107680601,1.0436318387990204,99.65199999999997,4.347999999999995,-0.1180000000000003,0.2596153846153846,1,7,0.5453779151447036,1.749999999999999,1.3999999999999997,1.0,1.4610845743186287,0.5,106.0,-145.0,251.0,False,False,225.03930131004367,200.9781659388646,,2,1,0,3,0,7014,0.985389154256814,3,1,1,1,0.14285714285714285,0.21428571428571427,1133.9368686868686,1.0265183917878529,0,251.0,106.0,145.0,20.714285714285715,2.3679245283018866,686.0,21,2,0
2025-5,Tags 3,21,1738.0,28.26583568809324,28.15472074468085,28.15472074468085,0.025652762050796366,32.6,-0.03194805194805243,0.06610389610389591,6.0666666666666655,29.817430024993147,27.67854880516591,22.0,6.154720744680851,6.154720744680851,0.7330974617577943,0,6,80.7347097512263,-0.28694002075620323,18.89047619047619,86.8,-0.26701298701298887,64.3,-0.02506493506493604,21,1,1,27.420104166666647,27.420104166666647,2.7470925367156513,0,0,0,0,1.0,0.0,50.0,739.7299626544096,64.63659867854065,1.1261311404768746,1.1285550129273196,21,1,53.7337263571604,-640.2700373455904,-55.36340132145935,0,0,0.4791272504023989,1.0436318387990209,149.47799999999998,6.521999999999993,-0.1180000000000003,0.173076923076923,1,10,0.5453779151447036,0.7777777777777772,1.1666666666666663,1.1666666666666663,2.191626861477943,0.47619047619047616,106.0,-158.0,600.0,False,False,542.1546961325967,487.20165745856355,,2,1,0,10,0,6962,0.97808373138522,10,1,1,1,0.09523809523809523,0.47619047619047616,1416.0949868073878,1.0341855788566503,0,600.0,251.0,349.0,49.857142857142854,2.3904382470119523,1298.0,14,3,0
2025-5,Tags 3,28,1738.0,28.23805695224014,28.15472074468085,28.15472074468085,0.0063413675086500506,32.6,0.0085659551176791,0.008319649698960584,6.325,29.817430024993147,27.67854880516591,20.0,8.154720744680851,8.154720744680851,0.6328494366202254,0,6,79.9060583550864,-0.25427877747531946,19.792857142857144,86.8,-0.1502736726874648,64.3,-0.19351395730706072,28,1,1,27.420104166666647,27.420104166666647,2.7796219537572227,0,0,0,0,1.0,0.0,50.0,1409.9783080260304,101.2292118582791,1.0008676789587854,1.0803492964013572,28,1,61.25552173146916,-970.0216919739696,-58.7707881417209,0,0,0.42204860810987294,1.0185445349817364,199.30399999999997,3.695999999999991,-1.1180000000000003,0.1330049261083744,1,12,0.5453779151447036,0.6666666666666664,0.8571428571428573,1.4999999999999991,2.8519246979488626,0.42857142857142855,106.0,-161.0,1075.0,False,False,1001.4644351464436,929.9163179916318,,2,1,0,17,0,6915,0.971480753020511,17,1,1,1,0.07142857142857142,0.6071428571428571,1555.9668284789643,1.0412147505422993,0,1075.0,600.0,475.0,67.85714285714286,1.7916666666666667,1550.0,7,4,0
2026-1,Lags 1,7,1605.9999999999998,27.711448008898287,26.3833333333333,26.9595744680851,-0.5921140588520386,31.6,-0.4035714285714266,-0.7035714285714274,9.3,29.377993293149387,25.62551119871405,28.0,1.8187500000000016,-1.8187500000000016,1.3464629576373368,1,2,73.14991933174748,-0.23253828300518514,28.67142857142857,84.7,-0.22857142857143214,59.7,-0.203571428571427,0,0,0,3.0437499999999034,3.0437499999999034,3.0298347744321905,1,1,1,0,0.0,0.14285714285714285,70.0,118.10665939856456,22.71281911510857,1.0015444716998274,1.6766603070773145,7,1,67.18413721443878,-51.893340601435455,-12.287180884891434,0,0,0.736575827032607,2.824319682454868,78.603,143.397,5.770999999999999,0.5765765765765766,1,7,4.254252382224597,0.6538461538461535,0.7391304347826085,0.6071428571428569,1.977023777718408,1.0,103.5,-63.5,103.5,False,False,145.0,125.0,,1,1,0,0,3,11007,0.980229762222816,0,0,0,0,0.14285714285714285,0.0,1108.751497005988,0.6541291905151267,6,103.5,,,,,,28,1,0
2026-1,Lags 1,14,1605.9999999999998,26.80344436919079,27.70625,26.0041666666667,-0.19353677659066237,34.2,-0.13780219780219863,-0.30307692307692363,9.614285714285716,29.377993293149387,27.857833498377182,25.0,3.5680851063829984,3.5680851063829984,1.7479889305645997,0,3,70.73774778644112,-0.4737708860673743,26.449999999999996,78.3,-0.6032967032967076,52.1,-0.1797802197802229,0,0,0,2.193617021276495,2.193617021276495,4.150898741257844,1,2,1,0,0.0,0.14285714285714285,65.0,400.40500736377027,50.6259204712813,1.1017212812960235,1.227847324496809,14,1,59.903686560534865,-229.59499263622973,-39.3740795287187,0,0,0.5362635796309192,2.3217943335496094,157.20599999999996,207.794,5.770999999999999,0.3506849315068493,1,14,4.254252382224597,1.2142857142857135,0.8947368421052628,0.7391304347826085,3.250512066969454,1.0,103.5,-96.51999999999998,299.48,False,False,264.39187772925766,231.87117903930132,,2,1,0,0,3,10864,0.967494879330306,1,1,1,0,0.14285714285714285,0.07142857142857142,1352.9538383838385,0.6627393225331369,9,299.48,103.5,195.98000000000002,27.997142857142858,2.8935265700483095,887.4200000000001,21,2,0
2026-1,Lags 1,21,1605.9999999999998,27.042077992158934,28.6104166666667,26.6083333333333,-5.743389358034388e-05,35.4,0.12532467532467517,-0.14259740259740264,10.776190476190477,29.377993293149387,28.730443868870736,22.0,7.4083333333332995,7.4083333333332995,1.567495085871668,0,5,69.5680223338179,-0.3595362789384528,27.738095238095237,80.6,-0.27935064935064974,56.9,-0.3377922077922093,0,0,0,8.995833333333394,8.995833333333394,3.8112403479457178,1,2,1,0,0.0,0.09523809523809523,60.0,873.9308293045742,79.02566009669022,1.0641792952770548,1.2195917228922064,21,1,64.59151885567071,-506.0691706954258,-40.97433990330978,0,0,0.4473135990192121,2.005860675377106,235.8089999999999,237.19099999999995,5.770999999999999,0.2706131078224101,1,21,4.254252382224597,1.2142857142857135,1.0625,1.0625,4.212307418291923,1.0,103.5,-215.0000000000001,542.9999999999999,False,False,502.6375690607734,464.2932596685082,,2,1,0,0,3,10756,0.957876925817081,7,1,1,0,0.09523809523809523,0.3333333333333333,1281.5659630606858,0.6693938267013759,9,542.9999999999999,299.48,243.51999999999987,34.78857142857141,1.8131427808200877,1030.0399999999995,14,3,0
2026-1,Lags 1,28,1605.9999999999998,27.24829148081983,26.4020833333333,26.9105263157895,0.02719584996389408,35.7,0.08877941981390344,-0.037055281882867934,10.842857142857142,29.377993293149387,26.905525251615433,20.0,7.6541666666667005,7.6541666666667005,1.4889779067162732,0,8,70.03265203817975,-0.07941394623448227,27.910714285714285,85.7,-0.0544882320744385,40.4,-0.1390804597701142,6,1,0,5.037500000000094,5.037500000000094,3.7502341755128104,1,2,1,0,0.21428571428571427,0.07142857142857142,60.0,1569.991538967754,122.21491021904671,1.1318163424633458,1.3061107455109524,28,1,71.17517496798474,-810.008461032246,-37.78508978095327,0,0,0.3915462179474872,1.8828797883032458,314.4119999999999,277.5880000000001,1.770999999999999,0.2162162162162162,1,27,4.254252382224597,0.7222222222222221,0.6842105263157893,1.1818181818181823,5.272063407249087,0.9642857142857143,103.5,-214.0,1022.0,False,False,947.8451882845188,875.694560669456,,2,1,0,6,3,10637,0.947279365927509,14,1,1,0,0.07142857142857142,0.5,1479.2540453074434,0.6768825796747203,10,1022.0,542.9999999999999,479.0000000000001,68.42857142857144,1.8821362799263355,1501.0,7,4,0
2026-1,Lags 2,7,1972.0,26.10377406281663,28.568085106383,27.70625,0.7196697695035517,34.5,0.9035714285714292,0.5785714285714295,10.914285714285715,28.31022955241981,26.90491211272398,28.0,0.8270833333332988,-0.8270833333332988,1.7604971519404693,1,1,84.7529888551165,1.2770152608916068,12.142857142857142,90.1,1.0892857142857186,79.6,1.339285714285718,6,1,1,16.818749999999994,16.818749999999994,3.661756508020116,0,0,0,0,0.8571428571428571,0.0,70.0,154.0413193185937,31.714389271475177,1.0016310257339616,1.4064697354113809,6,1,90.61254077564335,-15.958680681406292,-3.2856107285248264,1,0,0.7109265149534485,2.0666955833949934,78.386,83.61399999999998,6.802,0.5493827160493827,1,7,2.3041614574031075,1.3846153846153848,0.8999999999999998,0.8181818181818182,1.446686908376496,1.0,107.5,-59.5,107.5,False,False,145.0,125.0,,4,1,0,0,1,11036,0.985533130916235,0,0,0,0,0.5714285714285714,0.0,1151.6017964071857,0.6524102935846321,3,107.5,,,,,,28,1,0
2026-1,Lags 2,14,1972.0,26.927779888551175,29.4083333333333,28.6104166666667,0.3159979736575473,35.3,0.43494505494505387,0.20285714285714168,11.914285714285713,29.09577810952461,28.520158861886827,25.0,3.8000000000000007,3.8000000000000007,1.6703707395328309,0,4,83.72917299898684,0.06299392097265347,11.678571428571429,88.8,-0.08241758241758633,83.3,0.312087912087911,13,1,1,21.529166666666697,21.529166666666697,3.483919207878461,0,0,0,0,0.9285714285714286,0.0,65.0,480.90134652377026,64.1201795365027,1.1681628041891852,1.4052578547219934,13,1,73.78909549835629,-149.09865347622974,-25.879820463497296,1,0,0.5316328518457641,1.7924119102901026,156.77200000000005,124.22799999999998,2.8019999999999996,0.3167259786476868,1,14,2.3041614574031075,0.9333333333333332,1.1666666666666672,0.736842105263158,2.509376674406144,1.0,107.5,-21.0,375.0,False,False,327.10698689956337,282.7183406113537,,4,1,0,3,1,10917,0.974906233255939,3,1,1,0,0.2857142857142857,0.21428571428571427,1694.128787878788,0.6595218466611706,4,375.0,107.5,267.5,38.214285714285715,3.488372093023256,1177.5,21,2,0
2026-1,Lags 2,21,1972.0,27.120592479396855,27.6541666666667,26.4020833333333,0.11466719811633647,31.6,0.11974025974026084,0.10922077922077937,11.566666666666666,29.09577810952461,25.81206312979615,22.0,4.274999999999999,4.274999999999999,1.5121789858855328,0,6,82.79076347013867,-0.19987349407769947,12.585714285714285,86.8,-0.09688311688311571,64.3,-0.24493506493506698,20,1,1,17.420104166666647,17.420104166666647,3.685979776896037,0,0,0,0,0.9523809523809523,0.0,60.0,1067.3844440319288,106.73844440319289,1.1522415073324672,1.2176047599972644,20,1,83.1477012561104,-312.61555596807125,-13.261555596807128,1,0,0.44543812515865255,1.8030430604104473,235.15800000000004,188.84199999999996,9.802,0.2099056603773585,1,21,2.3041614574031075,1.1666666666666663,0.8749999999999998,0.9545454545454544,3.786390426861939,1.0,107.5,61.0,819.0,False,False,745.4088397790056,675.4972375690608,,4,1,0,10,1,10774,0.962136095731381,10,1,1,0,0.19047619047619047,0.47619047619047616,1932.9696569920845,0.6682754780025989,6,819.0,375.0,444.0,63.42857142857143,2.184,1707.0,14,3,0
2026-1,Lags 2,28,1972.0,27.11849495478574,26.9916666666667,26.7125,0.04996692409081128,31.9,0.015435139573071507,0.07832512315270976,11.14285714285714,29.09577810952461,27.553878779058152,20.0,8.0291666666667,8.0291666666667,1.3190451272175006,0,6,81.44809864427066,-0.300298877528747,15.064285714285715,86.8,-0.0831691297208525,64.3,-0.5444170771756979,27,1,1,17.420104166666647,17.420104166666647,3.958861791260105,0,0,0,0,0.9642857142857143,0.0,60.0,1949.8869630746044,131.87641296156744,1.0016955538809345,1.1263300678221553,27,1,82.17539087978824,-430.1130369253956,-28.12358703843256,1,0,0.3943247238919188,1.8561988110121705,313.5439999999999,268.456,6.802,0.1529209621993127,1,28,2.3041614574031075,0.8999999999999998,0.8181818181818182,0.5294117647058822,5.197356670834077,1.0,107.5,184.0,1420.0,False,False,1326.958158995816,1236.4309623430963,,4,1,0,17,2,10616,0.948026433291659,17,1,1,0,0.14285714285714285,0.6071428571428571,2055.3236245954695,0.6782215523737755,8,1420.0,819.0,601.0,85.85714285714286,1.7338217338217339,2021.0,7,4,0
2026-1,Lags 3,7,1691.4399999999998,28.154720744680848,28.15472074468085,28.15472074468085,0.0,32.6,1.4897023514804435e-15,2.2345535272206653e-15,7.100000000000001,27.67854880516591,27.67854880516591,28.0,0.1547207446808514,0.1547207446808514,3.837369354665453e-15,1,0,77.42010416666665,2.979404702960887e-15,22.5,86.8,1.4897023514804435e-15,64.3,0.0,0,0,0,7.420104166666647,7.420104166666647,0.0,1,0,0,0,0.0,0.0,70.0,108.86328585684478,22.67985122017599,1.001814388097614,1.2573709516465572,7,1,64.41840094470157,-61.13671414315522,-12.320148779824006,0,0,0.7691156055625937,2.370544078100506,78.46300000000001,107.53699999999999,8.791,0.5053763440860215,1,7,2.1224908555624946,0.8695652173913044,0.9090909090909092,0.7407407407407407,1.659380854670354,1.0,101.5,-65.5,101.5,False,False,145.0,125.0,,0,0,0,0,1,11023,0.983406191453296,0,0,0,0,0.0,0.0,1087.3263473053892,0.6531797151410687,5,101.5,,,,,,28,1,0
2026-1,Lags 3,14,1691.4399999999998,28.154720744680848,28.15472074468085,28.15472074468085,-2.482837252467406e-16,32.6,0.0,-4.965674504934812e-16,7.1000000000000005,27.67854880516591,27.67854880516591,25.0,3.1547207446808514,3.1547207446808514,3.6868252213847854e-15,0,0,77.42010416666665,-9.931349009869624e-16,22.5,86.8,0.0,64.3,-2.482837252467406e-15,7,1,1,12.420104166666649,12.420104166666649,0.0,0,0,0,0,0.5,0.0,65.0,369.4126339120798,50.794237162910974,1.1020317694865165,1.3852858330254894,14,1,57.53748365495687,-260.5873660879202,-39.205762837089026,0,0,0.5590089907171075,2.4278959509577764,156.92600000000002,224.07399999999998,8.791,0.2467191601049868,1,14,3.549915246676778,0.8695652173913044,0.5263157894736843,0.392156862745098,3.3990543313408867,1.0,101.5,-186.5,209.5,False,False,190.16375545851528,172.24235807860262,,0,0,0,6,3,10828,0.966009456686591,6,1,1,0,0.0,0.42857142857142855,946.4532828282828,0.6649427410417437,9,209.5,101.5,108.0,15.428571428571429,2.064039408866995,533.5,21,2,0
2026-1,Lags 3,21,1691.4399999999998,28.15472074468085,28.15472074468085,28.15472074468085,5.305291444888081e-16,32.6,-2.6526457224440405e-16,0.0,7.1,27.67854880516591,27.67854880516591,22.0,6.154720744680851,6.154720744680851,0.0,0,0,77.42010416666662,0.0,22.5,86.8,2.6526457224440404e-15,64.3,-5.305291444888081e-16,14,1,1,17.420104166666647,17.420104166666647,2.912358572177595e-14,0,0,0,0,0.6666666666666666,0.0,60.0,764.497482752191,65.26198023494312,1.078328719574291,1.171452545217229,21,1,54.891675922247714,-615.502517247809,-54.73801976505688,0,0,0.4693644260446969,2.0519225622267823,235.389,247.61099999999996,2.7910000000000004,0.1946169772256728,1,21,3.549915246676778,0.8749999999999994,1.0,1.1666666666666663,4.3090373806762425,1.0,101.5,-330.99999999999994,427.00000000000006,False,False,390.950276243094,356.7030386740332,,0,0,0,13,3,10726,0.956909626193238,13,1,1,0,0.0,0.6190476190476191,1007.7875989445912,0.6712660824165579,9,427.0,209.5,217.5,31.071428571428573,2.0381861575178997,862.0,14,3,0
2026-1,Lags 3,28,1691.4399999999998,28.15472074468085,28.15472074468085,28.15472074468085,5.121236555939726e-16,32.6,6.828315407919634e-16,1.7070788519799085e-16,7.1000000000000005,27.67854880516591,27.67854880516591,20.0,8.154720744680851,8.154720744680851,0.0,0,0,77.42010416666663,6.828315407919634e-16,22.5,86.8,0.0,64.3,3.414157703959817e-16,21,1,1,17.420104166666647,17.420104166666647,1.4471626093874067e-14,0,0,0,0,0.75,0.0,60.0,1427.8982092365693,113.10084825636191,1.00311027332705,1.2706582667791062,28,1,65.34187661869649,-952.1017907634308,-46.89915174363807,0,0,0.4088827046354759,1.9085428800836064,313.852,285.148,21.791,0.1569282136894824,1,26,3.549915246676778,1.8333333333333337,2.750000000000001,2.3571428571428585,5.343920064234098,0.9285714285714286,101.5,-294.0,942.0,False,False,862.2719665271967,784.6987447698746,,0,0,0,20,3,10610,0.946560799357659,20,1,1,0,0.0,0.7142857142857143,1363.4611650485438,0.6786050895381716,10,942.0,427.0,515.0,73.57142857142857,2.2060889929742387,1457.0,7,4,0
2026-1,Tags 1,7,1446.68,26.380874741200813,25.6869565217391,26.0333333333333,0.10740165631469563,30.3,-0.22857142857142546,0.2714285714285728,9.914285714285715,26.699977942044477,26.699977942044477,28.0,0.6916666666666984,-0.6916666666666984,0.6605604580089942,1,0,68.53788819875777,0.1334530279503247,30.17142857142857,80.3,-0.32500000000000157,61.7,0.6214285714285721,3,1,1,11.112499999999995,11.112499999999995,3.1742369522615905,0,0,0,0,0.42857142857142855,0.0,60.0,141.9849495953429,35.496237398835724,1.0018458043447394,1.6749491220597283,5,0,92.46918986251325,-28.015050404657103,0.4962373988357242,0,0,0.7315311876819554,1.4456379881537997,49.80500000000001,22.195,5.885,0.3333333333333333,1,6,0.8271257905832747,1.300000000000001,1.083333333333334,1.0,1.0119465917076598,0.8571428571428571,123.71,-43.290000000000006,123.71,False,False,145.0,125.0,,5,1,0,0,0,7043,0.989880534082924,0,0,0,1,0.7142857142857143,0.0,1325.2526347305388,1.0222916370864688,0,123.71,,,,,,28,1,0
2026-1,Tags 1,14,1446.68,26.562163561076595,27.06875,27.0375,0.0784468068163729,33.4,-0.052747252747254045,0.16000000000000056,8.700000000000001,27.084578863975263,27.084578863975263,25.0,2.6125000000000007,2.6125000000000007,0.5970689496100046,1,0,71.93099767080747,0.6771295190316939,26.5,86.4,0.3978021978021962,57.7,0.9643956043956037,10,1,1,19.883333333333397,19.883333333333397,5.049506448983664,0,0,0,0,0.7142857142857143,0.0,55.0,451.7424351068407,57.3641187437258,1.3346718294373536,1.3377312491036857,12,1,67.72152907245408,-178.25756489315933,-32.6358812562742,0,0,0.5851424643360623,1.4255596827627752,99.60999999999997,42.389999999999986,-0.1150000000000002,0.1690140845070422,1,11,1.1082220660576247,1.0,0.7777777777777777,0.6363636363636361,1.9957835558678847,0.7857142857142857,123.71,-71.03999999999996,324.96000000000004,False,False,288.92834061135375,255.5331441048035,,5,1,0,0,0,6973,0.980042164441321,0,0,0,1,0.35714285714285715,0.0,1468.0642424242426,1.0325541373870644,1,324.96000000000004,123.71,201.25000000000006,28.750000000000007,2.6267884568749498,928.7100000000002,21,2,0
2026-1,Tags 1,21,1446.68,27.00840665976535,27.6458333333333,27.84375,0.1091269057029932,33.5,0.08662337662337724,0.1296103896103893,8.714285714285714,27.85428945971946,27.245061685279406,22.0,5.856249999999999,5.856249999999999,0.8410798574031109,0,3,73.2889190821256,0.3614758610954272,26.890476190476193,83.5,0.28948051948051917,54.7,0.3040259740259736,17,1,1,21.22499999999999,21.22499999999999,5.667603290052477,0,0,0,0,0.8095238095238095,0.0,50.0,1032.789253213925,93.88993211035678,1.084741682314989,1.0866194809571958,19,1,76.54070552474738,-347.21074678607533,-26.11006788964322,0,0,0.49204441044555475,1.2850115450255999,149.41500000000002,42.58499999999999,1.885,0.125,1,14,1.1082220660576247,1.2857142857142858,1.800000000000001,1.124999999999999,2.6985242445537594,0.6666666666666666,123.71,-87.32000000000005,670.68,False,False,613.3783425414365,558.9417679558011,,5,1,0,6,0,6923,0.973014757554462,6,1,1,1,0.23809523809523808,0.2857142857142857,1582.9109762532983,1.040011555683952,1,670.68,324.96000000000004,345.7199999999999,49.38857142857142,2.0638847858197926,1362.12,14,3,0
2026-1,Tags 1,28,1446.68,27.25489130434782,28.0354166666667,28.575,0.0865458143943906,33.6,0.09838533114395183,0.06740558292282452,9.007142857142856,28.027320569589403,27.362294842808865,20.0,7.931249999999999,7.931249999999999,0.8556578586505915,0,4,72.9383410973085,0.10805956148909762,27.614285714285717,84.1,0.12090859332238724,56.5,0.015763546798029698,24,1,1,23.15000000000001,23.15000000000001,5.262911700540684,0,0,0,0,0.8571428571428571,0.0,50.0,1796.1023851076206,130.89005235602093,1.12630890052356,1.2892670157068062,26,1,78.63638474587042,-583.8976148923794,-29.10994764397907,0,0,0.4342209774379394,1.1996787471137438,199.22000000000003,39.77999999999999,0.8849999999999998,0.100418410041841,1,16,1.1082220660576247,1.6000000000000023,1.333333333333335,2.0,3.3591004919184817,0.5714285714285714,123.71,-124.51999999999998,1111.48,False,False,1043.2389958158997,976.8423430962343,,5,1,0,13,0,6876,0.966408995080815,13,1,1,1,0.17857142857142858,0.4642857142857143,1608.7683818770226,1.0471204188481675,1,1111.48,670.68,440.80000000000007,62.97142857142858,1.6572433947635237,1552.2800000000002,7,4,0
2026-1,Tags 2,7,1550.16,28.154720744680848,28.15472074468085,28.15472074468085,0.0,32.6,1.4897023514804435e-15,2.2345535272206653e-15,7.100000000000001,27.67854880516591,27.67854880516591,28.0,0.1547207446808514,0.1547207446808514,3.837369354665453e-15,1,0,77.42010416666665,2.979404702960887e-15,22.5,86.8,1.4897023514804435e-15,64.3,0.0,7,1,1,17.420104166666647,17.420104166666647,0.0,0,0,0,0,1.0,0.0,60.0,141.80374361883153,35.45093590470788,1.0014180374361883,1.6730478351295142,5,0,92.35117756688608,-28.196256381168467,0.4509359047078831,0,0,0.7317136686858242,1.3842357614299756,49.84700000000001,19.153,2.8789999999999996,0.4782608695652174,1,7,0.6851565791321443,1.1111111111111107,1.2499999999999998,1.1111111111111107,0.9689650330009828,1.0,124.99,-42.010000000000005,124.99,False,False,145.0,125.0,,0,0,0,0,0,7052,0.99031034966999,0,0,0,1,0.0,0.0,1338.9647305389221,1.0209869540555871,0,124.98999999999991,,,,,,28,1,0
2026-1,Tags 2,14,1550.16,28.154720744680848,28.15472074468085,28.15472074468085,-2.482837252467406e-16,32.6,0.0,-4.965674504934812e-16,7.1000000000000005,27.67854880516591,27.67854880516591,25.0,3.1547207446808514,3.1547207446808514,3.6868252213847854e-15,0,0,77.42010416666665,-9.931349009869624e-16,22.5,86.8,0.0,64.3,-2.482837252467406e-15,14,1,1,22.420104166666647,22.420104166666647,0.0,0,0,0,0,1.0,0.0,55.0,450.9663564781675,50.107372942018614,1.0010021474588404,1.1706752565020282,12,1,63.628410085103,-179.03364352183252,-39.892627057981386,0,0,0.5746612518474326,1.3641743735831644,99.69399999999997,36.30599999999998,-0.1210000000000004,0.2426470588235294,1,13,0.9660160089875016,0.7777777777777772,0.8749999999999997,0.4999999999999998,1.9098441230164305,0.9285714285714286,124.99,-115.0,281.0,False,False,253.0680786026201,227.17995633187772,,0,0,0,6,0,6985,0.980901558769836,6,1,1,1,0.0,0.42857142857142855,1269.4671717171718,1.0307802433786686,0,280.99999999999994,124.98999999999991,156.01000000000005,22.287142857142864,2.2481798543883524,749.0300000000001,21,2,0
2026-1,Tags 2,21,1550.16,28.15472074468085,28.15472074468085,28.15472074468085,5.305291444888081e-16,32.6,-2.6526457224440405e-16,0.0,7.1,27.67854880516591,27.67854880516591,22.0,6.154720744680851,6.154720744680851,0.0,0,0,77.42010416666662,0.0,22.5,86.8,2.6526457224440404e-15,64.3,-5.305291444888081e-16,21,1,1,27.420104166666647,27.420104166666647,2.912358572177595e-14,0,0,0,0,1.0,0.0,50.0,930.7359307359308,93.7950937950938,1.182841401023219,1.448404681738015,19,1,72.80360541230107,-449.2640692640693,-26.20490620490621,0,0,0.4779280796140273,1.2772416929136494,149.54100000000003,41.45899999999998,-1.1210000000000004,0.1727748691099476,1,16,0.9660160089875016,0.8571428571428578,1.0,0.6666666666666667,2.682207555118663,0.7619047619047619,124.99,-45.72000000000014,712.2799999999999,False,False,640.7971270718231,572.8883977900551,,0,0,0,13,0,6930,0.973177924448813,13,1,1,1,0.0,0.6190476190476191,1681.0935620052767,1.0389610389610389,0,712.2799999999999,280.99999999999994,431.2799999999999,61.61142857142856,2.5348042704626335,1574.8399999999997,14,3,0
2026-1,Tags 2,28,1550.16,28.15472074468085,28.15472074468085,28.15472074468085,5.121236555939726e-16,32.6,6.828315407919634e-16,1.7070788519799085e-16,7.1000000000000005,27.67854880516591,27.67854880516591,20.0,8.154720744680851,8.154720744680851,0.0,0,0,77.42010416666663,6.828315407919634e-16,22.5,86.8,0.0,64.3,3.414157703959817e-16,28,1,1,27.420104166666647,27.420104166666647,1.4471626093874067e-14,0,0,0,0,1.0,0.0,50.0,1664.486117168193,116.29597325192616,1.0675970344526822,1.1463460220547006,26,1,71.3106873800545,-715.513882831807,-43.70402674807384,0,0,0.42270296166750604,1.2137139647320798,199.38800000000003,42.61199999999998,-1.1210000000000004,0.1363636363636363,1,19,0.9660160089875016,0.8571428571428578,0.7500000000000002,1.0,3.3983991012498245,0.6785714285714286,124.99,-142.03999999999996,1093.96,False,False,1034.8714644351464,977.3799163179916,,0,0,0,20,0,6879,0.966016008987502,20,1,1,1,0.0,0.7142857142857143,1583.4097411003238,1.0466637592673351,0,1093.96,712.2799999999999,381.6800000000002,54.52571428571431,1.5358566855730895,1475.6400000000003,7,4,0
2026-1,Tags 3,7,1691.4399999999998,26.361270703933744,24.9434782608696,25.7125,-0.08439440993788758,29.6,-0.30357142857142827,0.14285714285714454,9.142857142857142,26.430432455202507,26.324704484737424,28.0,1.0666666666666984,-1.0666666666666984,0.852341899089909,1,0,67.29274068322982,0.7683941511387078,27.52857142857143,79.5,0.15000000000000416,61.4,0.7392857142857141,3,1,1,10.933333333333294,10.933333333333294,3.7852755215914593,0,0,0,0,0.42857142857142855,0.0,60.0,127.64146929513544,28.364770954474544,1.0021273578215857,2.0096440221245215,7,1,78.06270997975136,-42.35853070486456,-6.635229045525456,0,0,0.7368738046379766,1.5233819078353945,49.889,26.111000000000004,7.873,0.3815789473684211,1,7,1.104672372667321,1.6666666666666663,1.5000000000000002,1.1538461538461535,1.0663673354847762,1.0,120.03,-46.97,120.03,False,False,145.0,125.0,,6,1,0,0,0,7051,0.989336326645152,0,0,0,1,0.8571428571428571,0.0,1285.8303592814373,1.0211317543610836,1,120.03,,,,,,28,1,0
2026-1,Tags 3,14,1691.4399999999998,27.0527374885662,30.0,30.2588235294118,0.235333348990348,32.4,-0.08109890109890198,0.4538461538461539,6.985714285714286,29.4407961266942,28.17571803761213,25.0,3.8279999999999994,3.8279999999999994,1.641406036346844,0,3,68.98879103447834,0.2027819045840586,21.214285714285715,83.7,-0.3123076923076914,58.8,1.0780219780219769,9,1,1,14.840000000000003,14.840000000000003,5.267444201132305,0,0,0,0,0.6428571428571429,0.0,55.0,429.12315834644545,50.06436847375197,1.0011443284222572,1.1701711724598292,14,1,61.87093156053248,-200.87684165355455,-39.93563152624803,0,0,0.5598398623316376,1.363025917536932,99.77799999999998,36.221999999999994,0.8730000000000002,0.213235294117647,1,12,1.104672372667321,1.333333333333334,1.1428571428571432,0.8888888888888888,1.908236284551705,0.8571428571428571,120.03,-96.51999999999998,299.48,False,False,267.35139737991267,237.57366812227076,,7,1,0,2,0,6991,0.980917637154483,3,1,1,1,0.5,0.21428571428571427,1352.9538383838385,1.029895580031469,1,299.48,120.03,179.45000000000002,25.63571428571429,2.4950429059401817,837.8300000000002,21,2,0
2026-1,Tags 3,21,1691.4399999999998,27.084980745428,27.00625,27.1934782608696,0.07769242812927102,32.5,0.06662337662337697,0.10662337662337683,7.50952380952381,29.4407961266942,26.58940906156726,22.0,5.193750000000001,5.193750000000001,1.3413283090008339,0,3,71.29690317309644,0.40109142362688854,22.97142857142857,84.3,0.3507792207792204,56.5,0.34519480519480555,16,1,1,21.24375000000001,21.24375000000001,6.444212653800618,0,0,0,0,0.7619047619047619,0.0,50.0,1008.6455331412104,93.6599423631124,1.0010086455331413,1.1859051611212994,21,1,75.57010399699286,-371.3544668587896,-26.340057636887607,0,0,0.47162271295842345,1.2494404244088542,149.66700000000003,37.33299999999999,-0.1269999999999997,0.1550802139037433,1,15,1.104672372667321,0.8749999999999998,0.7777777777777775,1.1666666666666672,2.623824891258594,0.7142857142857143,120.03,-59.760000000000105,698.2399999999999,False,False,632.147182320442,569.3590055248618,,7,1,0,8,0,6940,0.973761751087414,9,1,1,1,0.3333333333333333,0.42857142857142855,1647.956939313984,1.037463976945245,1,698.2399999999999,299.48,398.7599999999999,56.96571428571427,2.3315079471083204,1495.7599999999998,14,3,0
2026-1,Tags 3,28,1691.4399999999998,27.127644500307067,27.431914893617,27.825,0.0406139981318522,33.0,0.0955665024630543,0.004460864805692835,8.160714285714286,29.4407961266942,26.600818456684305,20.0,7.15625,7.15625,1.1654825551487245,0,3,71.48255421619515,0.21023598622625403,24.421428571428578,84.4,0.285905856595513,57.3,0.05213464696223389,23,1,1,23.454166666666698,23.454166666666698,5.850257979899128,0,0,0,0,0.8214285714285714,0.0,50.0,1726.8901465679871,108.837614279495,1.0010158177332753,1.0743827352447293,28,1,70.29095922217385,-653.1098534320129,-51.162385720505,0,0,0.41819865171694137,1.1826254284511617,199.55600000000004,36.443999999999996,-0.1269999999999997,0.1228813559322034,1,17,1.104672372667321,1.1666666666666672,1.1666666666666672,1.0,3.3113511996632523,0.6071428571428571,120.03,-145.27999999999997,1090.72,False,False,1029.9594979079498,970.8411715481172,,7,1,0,15,0,6891,0.966886488003368,16,1,1,1,0.25,0.5714285714285714,1578.7201294498382,1.044841097083152,1,1090.7199999999998,698.2399999999999,392.4799999999999,56.06857142857142,1.5620989917506873,1483.1999999999998,7,4,0
2026-2,Lags 1,7,1192.0,32.68658182,33.84572917,32.20833333,0.32995036642857223,38.4,0.4107142857142866,0.17857142857143077,6.842857142857143,33.66674562890851,33.66674562890851,28.0,6.262743059999998,6.262743059999998,0.9637246810367508,0,7,80.10449767285715,-1.4081038132142847,32.528571428571425,92.5,-0.48214285714285454,52.5,-2.3535714285714224,5,1,0,4.313749999999999,4.313749999999999,4.078288419076655,1,0,0,0,0.7142857142857143,0.0,70.0,149.0649561839371,31.619839190532115,1.0015358207606828,1.1727798355768362,5,1,89.01383301536352,-20.935043816062887,-3.3801608094678848,2,0,0.7475179522701229,1.5447465849610622,78.33,42.67,5.8100000000000005,0.4214876033057851,1,7,0.9660411081322612,0.7727272727272726,0.8947368421052634,1.4166666666666667,1.0813226094727435,1.0,101.5,-65.5,101.5,False,False,98.0,87.50000000000003,,0,0,0,3,0,11069,0.989186773905272,5,1,1,0,0.0,0.7142857142857143,1087.3263473053892,0.6504652633480893,0,101.5,,,,,,28,1,0
2026-2,Lags 1,14,1192.0,33.68301628285714,34.18486111,35.79993056,0.2535556401318682,41.3,0.49692307692307547,0.06109890109890099,8.335714285714285,35.052140145487606,33.122487877754956,25.0,8.794683460000002,8.794683460000002,1.3367184380764188,0,14,75.57205564,-1.2068685855824166,35.642857142857146,88.4,-0.850769230769235,46.3,-1.6221978021978047,5,1,0,6.091955229999996,6.091955229999996,5.561628473683842,1,0,0,0,0.35714285714285715,0.0,65.0,401.5331264829349,41.0658879357547,1.1262319766380728,1.1297225771126118,12,1,54.68209063755697,-228.46687351706515,-48.9341120642453,2,0,0.5686857635781729,1.4809140814502746,156.66,75.34000000000002,0.8100000000000005,0.2198275862068965,1,14,0.9660411081322612,0.75,0.6666666666666669,0.75,2.073279714030384,1.0,101.5,-186.5,209.5,False,False,182.50000000000003,170.99999999999997,,0,0,0,3,0,10958,0.979267202859696,12,1,1,0,0.0,0.8571428571428571,946.4532828282828,0.6570542069720752,0,209.5,101.5,108.0,15.428571428571429,2.064039408866995,533.5,21,2,0
2026-2,Lags 1,21,1192.0,33.632086272380946,33.10690972,34.51059028,0.06712369674025953,39.7,0.22441558441558446,-0.10532467532467543,9.442857142857143,35.052140145487606,32.55927607316162,22.0,11.248111539999996,11.248111539999996,1.1233611871424196,0,21,73.46320163857142,-0.7593114502857146,36.90952380952381,87.8,-0.38896103896103845,53.4,-0.8196103896103895,8,1,1,10.207483229999994,10.207483229999994,5.547181813307441,0,0,0,0,0.38095238095238093,0.0,60.0,746.1999078765546,55.27406725011515,1.0014739751266697,1.2046430216490096,19,1,50.06708990046663,-633.8000921234454,-64.72593274988485,2,0,0.4736192455958295,1.4255925784075916,234.98999999999998,100.01000000000002,4.8100000000000005,0.1522388059701492,1,20,0.9660411081322612,1.4545454545454548,1.0666666666666669,0.9411764705882352,2.993744414655943,0.9523809523809523,101.5,-425.00000000000006,332.99999999999994,False,False,312.53038674033144,293.0842541436464,,0,0,0,6,0,10855,0.970062555853441,19,1,1,0,0.0,0.9047619047619048,785.9327176781001,0.6632888070013818,0,332.9999999999999,209.5,123.49999999999989,17.642857142857128,1.589498806682577,579.9999999999997,14,3,0
2026-2,Lags 1,28,1192.0,32.615159694285715,29.66236111,28.96993056,-0.13785591937602604,35.4,-0.11193212917350857,-0.15030103995621166,8.799999999999999,35.052140145487606,29.341809680723316,20.0,9.67506944,9.67506944,2.0803391125039288,0,28,76.14680475107143,0.11518274402025169,35.1,100.0,0.11081007115490046,66.5,0.19827586206896705,15,1,1,24.260625000000005,24.260625000000005,6.9836209666730245,0,0,0,0,0.5357142857142857,0.0,60.0,1220.193740685544,93.14456035767512,1.178004733935303,1.5444801100538808,26,1,54.741997395083224,-1159.806259314456,-66.85543964232488,2,0,0.41386566220764853,1.4489978296948807,313.32,140.68,2.8100000000000005,0.1123348017621145,1,26,1.0554066130473636,1.2727272727272727,0.8235294117647055,1.0769230769230764,4.057193923145666,0.9285714285714286,101.5,-646.0,590.0,False,False,550.2133891213389,511.5020920502092,,0,0,0,13,0,10736,0.959428060768544,26,1,1,0,0.0,0.9285714285714286,853.9724919093851,0.6706408345752608,1,590.0,332.9999999999999,257.0000000000001,36.71428571428573,1.7717717717717725,847.0000000000001,7,4,0
2026-2,Lags 2,7,1204.0,34.05315655,33.47607555,33.44131944,-0.19426068785714437,39.3,-0.19642857142857145,-0.1928571428571418,9.585714285714287,34.107619551695166,32.7831868529246,28.0,5.410659719999998,5.410659719999998,0.603787985825238,0,7,73.62678118142857,-0.19345781821428187,32.728571428571435,88.9,-0.7964285714285725,56.0,0.9678571428571432,0,0,0,2.745243060000007,2.745243060000007,1.0380391067040302,1,0,0,0,0.0,0.0,70.0,140.2207345757192,22.616247512212773,0.8345395332006513,1.004975574452687,6,1,73.55031753971718,-29.77926542428079,-12.383752487787229,1,0,0.741103632169642,1.7362440954934253,78.33,57.67000000000001,4.8100000000000005,0.4852941176470588,1,7,1.323503127792672,0.9411764705882352,0.7272727272727271,1.0666666666666669,1.2153708668453975,1.0,101.5,-65.5,101.5,False,False,87.5,82.49999999999997,,0,0,0,0,0,11054,0.987846291331546,7,1,1,0,0.0,1.0,1087.3263473053892,0.6513479283517278,1,101.5,,,,,,28,1,0
2026-2,Lags 2,14,1204.0,33.850013989999994,32.90994029,33.53579861,-0.08314408391208802,36.7,-0.13450549450549548,-0.1602197802197807,10.007142857142856,34.107619551695166,32.464102994882076,25.0,8.077430560000003,8.077430560000003,0.6163644956112947,0,14,71.89016981285717,-0.28341431367033076,34.05714285714286,88.6,-0.05010989010989158,58.7,0.0342857142857133,0,0,0,8.199375000000003,8.199375000000003,2.5170031659982537,1,0,0,0,0.0,0.0,65.0,329.2181069958848,36.57978966620942,1.1452609576066366,1.3399176954732512,13,1,46.45052656026593,-300.7818930041152,-53.42021033379058,1,0,0.5505250330026188,1.6277288395250864,156.66,98.34000000000002,11.81,0.2588235294117647,1,14,1.323503127792672,1.2105263157894743,1.9166666666666672,1.7692307692307694,2.278820375335121,1.0,101.5,-223.5,172.5,False,False,162.5,152.5,,0,0,0,0,0,10935,0.977211796246649,14,1,1,0,0.0,1.0,779.2992424242424,0.6584362139917695,2,172.5,101.5,71.0,10.142857142857142,1.6995073891625616,385.5,21,2,0
2026-2,Lags 2,21,1204.0,32.47498287142857,29.81892361,29.76795139,-0.29575472497402583,32.1,-0.4341558441558438,-0.17805194805194818,8.604761904761906,34.107619551695166,28.820377474513815,22.0,6.933263889999999,6.933263889999999,2.0984624041424174,0,21,77.1417368857143,0.9588082961948048,32.18095238095238,100.0,0.7389610389610388,80.4,1.1264935064935073,7,1,1,34.23836806,34.23836806,8.18706981573196,0,0,0,0,0.3333333333333333,0.0,60.0,667.1608598962194,55.59673832468495,1.0021312083024465,1.2071163825055595,20,1,47.33780255906146,-712.8391401037806,-64.40326167531505,1,0,0.4571105660517444,1.6936890931528998,234.98999999999998,163.01000000000002,11.81,0.1658291457286432,1,21,1.5022341376228776,1.1500000000000004,1.0952380952380951,1.3529411764705883,3.5567470956210907,1.0,101.5,-443.0,315.0,False,False,291.38121546961327,268.9433701657459,,0,0,0,7,0,10792,0.964432529043789,21,1,1,0,0.0,1.0,743.4498680738786,0.6671608598962194,4,315.0,172.5,142.5,20.357142857142858,1.826086956521739,600.0,14,3,0
2026-2,Lags 2,28,1204.0,31.47642314421733,28.15472074468085,28.15472074468085,-0.2890827507422343,32.6,-0.3685823754789269,-0.20051997810618447,8.232142857142856,34.107619551695166,27.67854880516591,20.0,8.154720744680851,8.154720744680851,2.555265627081992,0,22,77.57161078607142,0.45670586756704995,30.035714285714285,86.8,0.20623973727422124,64.3,0.7274220032840729,14,1,1,17.420104166666647,17.420104166666647,7.311362213771768,0,0,0,0,0.5,0.0,60.0,1189.8070076822185,89.00131159827619,1.1197412073317243,1.0605989632127912,27,1,52.80885541400371,-1190.1929923177815,-70.99868840172381,1,0,0.4016218887445886,1.6468785905783228,313.32,202.68,8.81,0.127906976744186,1,28,1.5022341376228776,1.25,1.3333333333333337,1.3333333333333337,4.611260053619303,1.0,101.5,-568.0000000000001,667.9999999999999,False,False,613.3514644351463,560.1799163179916,,0,0,0,14,0,10674,0.953887399463807,28,1,1,0,0.0,1.0,966.8705501618122,0.6745362563237775,4,667.9999999999999,315.0,352.9999999999999,50.42857142857141,2.12063492063492,1020.9999999999998,7,4,0
2026-2,Lags 3,7,1078.0,33.452229034285715,32.865625,34.455,-0.12091626928571554,38.2,-0.18214285714285444,0.025000000000000695,10.785714285714288,33.648610865858565,31.696343671431364,28.0,4.378624080000002,4.378624080000002,0.6859990379132745,0,7,66.89150466857143,0.927168928928574,39.800000000000004,85.6,-0.3535714285714237,50.6,1.8607142857142873,0,0,0,0.1140049100000055,0.1140049100000055,2.562985881235605,1,6,1,0,0.0,0.8571428571428571,70.0,85.90288452843838,13.563613346595533,1.002983994936251,1.0075956234740937,7,1,44.64214476820659,-84.09711547156162,-21.43638665340447,0,0,0.7472336637503583,2.012251811663419,78.519,79.481,21.783,0.3417721518987341,1,7,1.941963091735758,1.1785714285714286,1.4347826086956523,1.6500000000000008,1.4085762681643934,1.0,73.50000000000001,-93.5,73.50000000000001,False,False,75.0,70.0,,0,0,0,0,0,11059,0.985914237318356,7,1,1,0,0.0,1.0,787.3742514970062,0.6510534406365855,3,73.5,,,,,,28,1,0
2026-2,Lags 3,14,1078.0,32.598076322857146,32.11569444,31.32368056,-0.20640570610989117,37.6,-0.31956043956043984,-0.053626373626375116,9.328571428571427,33.648610865858565,30.46086452908428,25.0,6.856076389999998,6.856076389999998,1.1054675805864587,0,14,64.68091354428573,-1.2521180053186842,46.72142857142857,89.8,0.49714285714285783,0.0,-2.410769230769231,3,1,0,22.02743056,-22.02743056,13.433996074890597,0,9,1,1,0.21428571428571427,0.6428571428571429,65.0,250.67310370439145,27.85256707826571,1.0011141026831307,1.205124872342401,14,1,35.36833914700408,-379.32689629560855,-62.147432921734286,0,0,0.5322887267280537,2.8400769240565973,157.03800000000004,288.9620000000001,0.7829999999999995,0.1210762331838565,1,14,6.75608451457609,0.7999999999999994,0.6315789473684208,0.6666666666666663,3.976107693679237,1.0,73.50000000000001,-259.0,136.99999999999997,False,False,125.0,112.5,,0,0,0,3,3,10771,0.960238923063208,14,1,1,0,0.0,1.0,618.921717171717,0.6684616098783771,6,136.9999999999999,73.5,63.499999999999886,9.071428571428555,1.863945578231291,327.49999999999955,21,2,0
2026-2,Lags 3,21,1078.0,31.359894755876386,28.15472074468085,28.15472074468085,-0.3129045931074892,32.6,-0.39831168831168834,-0.182727272727273,8.604761904761903,33.648610865858565,27.67854880516591,22.0,6.154720744680851,6.154720744680851,2.1308782847248064,0,16,67.37404040492062,0.25592862169696806,44.7047619047619,86.8,0.1864935064935058,64.3,0.11675324675324641,8,1,1,17.420104166666647,17.420104166666647,12.39151915792888,0,10,1,0,0.38095238095238093,0.47619047619047616,60.0,512.2661904314315,42.29720838424664,1.001503900742551,1.131027352194755,21,1,36.18420604529956,-867.7338095685685,-77.70279161575337,0,0,0.43935886102576777,2.4537585382731146,235.55700000000007,342.4430000000001,4.7829999999999995,0.0934256055363321,1,21,6.75608451457609,0.6399999999999999,1.0,0.8888888888888888,5.15289293037354,1.0,73.50000000000001,-512.0,246.00000000000003,False,False,227.93370165745856,210.7707182320442,,0,0,0,8,3,10639,0.948471070696264,21,1,1,0,0.0,1.0,580.5989445910291,0.6767553341479462,7,246.0,136.9999999999999,109.00000000000011,15.571428571428587,1.795620437956206,464.0000000000002,14,3,0
2026-2,Lags 3,28,1078.0,30.558601253077505,28.15472074468085,28.15472074468085,-0.2608192810704091,32.6,-0.3215106732348102,-0.17011494252873538,8.228571428571428,33.648610865858565,27.67854880516591,20.0,8.154720744680851,8.154720744680851,2.3153819987764126,0,16,69.88555634535713,0.512014627911878,39.153571428571425,86.8,0.04526546250684421,64.3,0.9091680350301041,15,1,1,17.420104166666647,17.420104166666647,11.548356906741336,0,10,1,0,0.5357142857142857,0.35714285714285715,60.0,920.6594042225008,77.12330087727754,1.147925245486221,1.352100003213471,28,1,43.44261564647067,-1459.3405957774994,-82.87669912272246,0,0,0.3860390559718892,2.687247672537857,314.07599999999996,529.9240000000001,34.783,0.0639810426540284,1,28,6.75608451457609,0.9199999999999998,0.9199999999999998,0.9387755102040816,7.524293483106,1.0,73.50000000000001,-739.9999999999999,496.0000000000001,False,False,457.2970711297072,419.64016736401686,,0,0,0,15,7,10373,0.92475706516894,28,1,1,0,0.0,1.0,717.9158576051782,0.694109707895498,13,496.0000000000001,246.0,250.0000000000001,35.71428571428573,2.0162601626016263,746.0000000000002,7,4,0
2026-2,Tags 1,7,1360.0,29.012050172857137,30.06666667,26.41428571,0.1320920875000013,37.6,0.060714285714285054,-0.21428571428571289,11.971428571428572,29.71281014043896,29.71281014043896,28.0,2.5208333299999985,2.5208333299999985,1.381517878631101,0,5,68.25654645285715,-0.8129441821428559,39.114285714285714,81.8,-0.5428571428571366,45.2,-0.7428571428571414,2,1,0,4.083333330000002,4.083333330000002,5.176340916203962,1,0,0,0,0.2857142857142857,0.0,60.0,123.08533916849017,27.35229759299781,1.0015043763676148,2.0095733041575494,6,1,75.27628119081331,-46.91466083150985,-7.647702407002189,1,0,0.7866561238164775,1.7560448466837768,51.821,39.179,3.5969999999999995,0.4175824175824176,1,7,1.4314467107929216,1.0,0.8461538461538461,0.611111111111111,1.2292313926786438,1.0,114.74,-52.260000000000005,114.74,False,False,145.0,125.0,,0,0,0,0,0,7312,0.987707686073214,2,1,1,1,0.0,0.2857142857142857,1229.1608383233531,0.9846827133479212,2,114.74,,,,,,28,1,0
2026-2,Tags 1,14,1360.0,28.899080113814588,28.15472074468085,28.15472074468085,-0.059472603822773404,32.6,-0.3536263736263727,0.09142857142857022,10.307142857142855,30.205489813986823,27.67854880516591,25.0,3.1547207446808514,3.1547207446808514,1.2227166274618002,0,7,71.39646519095238,0.810248799516482,32.607142857142854,86.8,0.24263736263735883,64.3,1.898241758241758,8,1,1,22.420104166666647,22.420104166666647,5.946554678308034,0,0,0,0,0.5714285714285714,0.0,55.0,406.44805731606505,48.22265086800772,1.1673096353449068,1.168595572701387,13,1,59.04814392000945,-223.55194268393495,-41.77734913199228,1,0,0.5976013617924939,1.3990467185118,103.64200000000002,41.358000000000004,-3.4030000000000005,0.2620689655172414,1,10,1.4314467107929216,0.7999999999999985,1.333333333333334,0.571428571428571,1.9586654059165205,0.7142857142857143,114.74,-153.24,242.76,False,False,219.8393886462882,198.59589519650655,,0,0,0,6,0,7258,0.980413345940835,9,1,1,1,0.0,0.6428571428571429,1096.711212121212,0.9920088178561588,2,242.7599999999999,114.74,128.01999999999992,18.28857142857142,2.1157399337632903,626.8199999999997,21,2,0
2026-2,Tags 1,21,1360.0,29.108292475562312,33.628,28.15472074468085,0.052679020901078094,38.0,-0.14272727272727262,0.1436363636363636,9.423809523809522,32.56878256816064,31.412430464098193,22.0,10.285416669999996,10.285416669999996,1.6600694897995143,0,9,71.67849365888888,0.17963281277056262,29.919047619047618,74.8,-0.12233766233766233,43.9,0.8319480519480517,14,1,1,12.433333330000004,12.433333330000004,6.898609218368764,0,0,0,0,0.6666666666666666,0.0,50.0,845.2265484273244,69.28086462519052,1.0009699321047527,1.1143442181269532,20,1,59.491177232500554,-534.7734515726756,-50.71913537480948,1,0,0.5015717571761293,1.1964261592790566,155.46299999999997,30.537,-0.4030000000000004,0.2043010752688172,1,11,1.4314467107929216,0.875,1.166666666666667,1.0,2.5124949344860195,0.5238095238095238,114.74,-181.6,576.4,False,False,521.1005524861878,468.5660773480663,,0,0,0,12,0,7217,0.97487505065514,16,1,1,1,0.0,0.7619047619047619,1360.3952506596306,0.9976444506027436,2,576.4,242.7599999999999,333.6400000000001,47.662857142857156,2.374361509309607,1243.6800000000003,14,3,0
2026-2,Tags 1,28,1360.0,29.824087722743162,32.4326087,32.56976744,0.13752376939518363,36.1,0.041133004926109315,0.1617679255610294,9.47857142857143,32.56878256816064,30.48283687619487,20.0,11.06451613,11.06451613,1.9255954931550967,0,16,70.66131537488094,-0.06692443918171834,30.978571428571428,86.1,-0.11338259441707572,56.4,0.13511220580186156,21,1,1,23.787096770000005,23.787096770000005,6.451097845960625,0,0,0,0,0.75,0.0,50.0,1445.127059480592,97.73806199385646,1.00083775481709,1.1709019826864004,27,1,60.90295654704216,-934.872940519408,-62.26193800614354,1,0,0.4402349807068785,1.1626560660735994,207.28399999999996,33.715999999999994,-1.4030000000000005,0.1576763485477178,1,14,1.4314467107929216,0.6666666666666659,0.5454545454545449,0.857142857142857,3.2554369850060785,0.5,114.74,-231.4,1004.6,False,False,938.3096234309623,873.8108786610878,,0,0,0,19,0,7162,0.967445630149939,23,1,1,1,0.0,0.8214285714285714,1454.0690938511327,1.005305780508238,2,1004.6000000000001,576.4,428.20000000000016,61.17142857142859,1.7428868841082585,1432.8000000000002,7,4,0
2026-2,Tags 2,7,1556.2800000000002,28.154720744680848,28.15472074468085,28.15472074468085,0.0,32.6,1.4897023514804435e-15,2.2345535272206653e-15,7.100000000000001,27.67854880516591,27.67854880516591,28.0,0.1547207446808514,0.1547207446808514,3.837369354665453e-15,1,0,77.42010416666665,2.979404702960887e-15,22.5,86.8,1.4897023514804435e-15,64.3,0.0,7,1,1,17.420104166666647,17.420104166666647,0.0,0,0,0,0,1.0,0.0,60.0,102.24948875255625,20.449897750511248,1.0013633265167008,1.5071574642126788,7,1,59.28751868845697,-67.75051124744377,-14.550102249488752,0,0,0.7634661946116631,1.6365036580670005,51.940000000000005,33.059999999999995,2.58,0.4588235294117647,1,7,1.0215633423180592,0.8333333333333335,0.7692307692307692,0.9090909090909096,1.1455525606469004,1.0,108.28,-58.72,108.28,False,False,145.0,125.0,,0,0,0,0,0,7335,0.988544474393531,0,0,0,1,0.0,0.0,1159.9576047904193,0.98159509202454,1,108.2799999999999,,,,,,28,1,0
2026-2,Tags 2,14,1556.2800000000002,28.154720744680848,28.15472074468085,28.15472074468085,-2.482837252467406e-16,32.6,0.0,-4.965674504934812e-16,7.1000000000000005,27.67854880516591,27.67854880516591,25.0,3.1547207446808514,3.1547207446808514,3.6868252213847854e-15,0,0,77.42010416666665,-9.931349009869624e-16,22.5,86.8,0.0,64.3,-2.482837252467406e-15,14,1,1,22.420104166666647,22.420104166666647,0.0,0,0,0,0,1.0,0.0,55.0,378.4750894577484,48.16955684007707,1.167951188182402,1.1708413615928066,14,1,56.79857042367365,-251.5249105422516,-41.83044315992293,0,0,0.5747196845328624,1.482479784366577,103.88000000000001,50.11999999999999,0.5800000000000001,0.2532467532467532,1,14,1.0215633423180592,0.8000000000000002,1.0,0.8888888888888894,2.0754716981132075,1.0,108.28,-159.16,236.84,False,False,213.8227074235808,192.48960698689956,,0,0,0,6,0,7266,0.979245283018868,6,1,1,1,0.0,0.42857142857142855,1069.9665656565658,0.990916597853014,1,236.83999999999992,108.2799999999999,128.56,18.365714285714287,2.1872922053934256,622.52,21,2,0
2026-2,Tags 2,21,1556.2800000000002,28.15472074468085,28.15472074468085,28.15472074468085,5.305291444888081e-16,32.6,-2.6526457224440405e-16,0.0,7.1,27.67854880516591,27.67854880516591,22.0,6.154720744680851,6.154720744680851,0.0,0,0,77.42010416666662,0.0,22.5,86.8,2.6526457224440404e-15,64.3,-5.305291444888081e-16,21,1,1,27.420104166666647,27.420104166666647,2.912358572177595e-14,0,0,0,0,1.0,0.0,50.0,782.4401052485805,62.31823847112588,1.0006924248719014,1.1276485251350228,21,1,54.31521187197566,-597.5598947514195,-57.68176152887412,0,0,0.4848916047812486,1.2771146194326786,155.81999999999996,43.17999999999999,-2.42,0.1959798994974874,1,16,1.0215633423180592,0.7142857142857145,1.0,0.5555555555555558,2.6819407008086253,0.7619047619047619,108.28,-175.12,582.88,False,False,525.5253038674033,471.03834254143646,,0,0,0,13,0,7221,0.973180592991914,13,1,1,1,0.0,0.6190476190476191,1375.6890765171504,0.997091815538014,1,582.88,236.83999999999992,346.0400000000001,49.43428571428573,2.461070765073468,1274.96,14,3,0
2026-2,Tags 2,28,1556.2800000000002,28.15472074468085,28.15472074468085,28.15472074468085,5.121236555939726e-16,32.6,6.828315407919634e-16,1.7070788519799085e-16,7.1000000000000005,27.67854880516591,27.67854880516591,20.0,8.154720744680851,8.154720744680851,0.0,0,0,77.42010416666663,6.828315407919634e-16,22.5,86.8,0.0,64.3,3.414157703959817e-16,28,1,1,27.420104166666647,27.420104166666647,1.4471626093874067e-14,0,0,0,0,1.0,0.0,50.0,1374.930206588498,97.7107761027359,1.0009771077610274,1.1709008002977854,28,1,59.41970590581291,-1005.069793411502,-62.289223897264094,0,0,0.4240265419465116,1.2321909896033885,207.75999999999993,48.239999999999995,-0.4199999999999999,0.15234375,1,20,1.0215633423180592,0.6999999999999998,0.7777777777777779,0.8749999999999997,3.450134770889488,0.7142857142857143,108.28,-215.9,1020.1,False,False,952.4132217573222,886.5558158995816,,0,0,0,20,0,7164,0.965498652291105,20,1,1,1,0.0,0.7142857142857143,1476.5039644012945,1.0050251256281406,1,1020.1,582.88,437.22,62.46,1.75010293713972,1457.3200000000002,7,4,0
2026-2,Tags 3,7,1564.0,28.696204304285715,29.62972973,24.97777778,0.06602484178571616,36.8,-0.16428571428571598,-0.1749999999999989,10.771428571428572,29.58794454200101,29.353039673410493,28.0,2.1843749999999993,2.1843749999999993,1.9444444988523375,0,4,66.98518550428572,-0.7985725682142806,33.89999999999999,79.6,-0.9321428571428536,46.0,-0.03571428571428734,2,1,0,2.940624999999997,2.940624999999997,6.419531424642404,1,1,1,0,0.2857142857142857,0.14285714285714285,60.0,109.70927043335162,20.57048820625343,1.0013713658804169,1.5078167855183764,7,1,61.653844203616714,-60.29072956664838,-14.42951179374657,0,0,0.7633739641362332,1.8944519621109606,51.730000000000004,46.269999999999996,2.609999999999999,0.4693877551020408,1,7,1.3004059539918806,0.9090909090909092,0.5882352941176471,0.7142857142857142,1.3261163734776724,1.0,108.62,-58.379999999999995,108.62,False,False,145.0,125.0,,3,1,0,0,0,7292,0.986738836265223,1,1,1,1,0.42857142857142855,0.14285714285714285,1163.599880239521,0.9873834339001646,3,108.61999999999999,,,,,,28,1,0
2026-2,Tags 3,14,1564.0,30.234205115668694,28.15472074468085,34.1,0.26755899952162693,32.6,-0.0437362637362632,0.3584615384615379,9.4,33.605297628380605,27.67854880516591,25.0,3.1547207446808514,3.1547207446808514,2.8156633743696804,0,9,65.40148858523811,-0.1076864181098903,29.042857142857144,86.8,-0.4914285714285736,64.3,0.875604395604395,4,1,1,22.420104166666647,22.420104166666647,8.058972061491023,0,1,1,0,0.2857142857142857,0.07142857142857142,55.0,422.1453287197232,55.36332179930796,1.1438062283737025,1.1466534849233811,14,1,64.26099851705389,-207.8546712802768,-34.63667820069204,0,0,0.5597680934721684,1.5948192538179007,103.46000000000001,61.53999999999999,-1.3900000000000006,0.2787878787878788,1,13,1.3004059539918806,0.7499999999999999,0.6,0.5454545454545454,2.2327469553450605,0.9285714285714286,108.62,-154.61,241.39,False,False,217.6189519650655,195.58724890829697,,3,1,0,2,0,7225,0.977672530446549,8,1,1,1,0.21428571428571427,0.5714285714285714,1090.521994949495,0.9965397923875432,3,241.39,108.61999999999999,132.76999999999998,18.967142857142854,2.2223347449825077,639.6999999999999,21,2,0
2026-2,Tags 3,21,1564.0,29.939602000131718,32.92083333,28.15472074468085,0.04922867186211691,37.2,-0.06389610389610353,0.16324675324675356,8.776190476190477,33.605297628380605,30.888386563988327,22.0,9.75833333,9.75833333,2.5729660549964355,0,11,67.68395369984125,0.2902195119913408,27.25238095238095,73.8,-0.05792207792207759,44.9,0.6581818181818182,10,1,1,12.262500000000005,12.262500000000005,8.798863439407514,0,1,1,0,0.47619047619047616,0.047619047619047616,50.0,862.9088378566458,69.58942240779402,1.0008350730688935,1.113894688007423,21,1,60.26040563573467,-517.0911621433542,-50.41057759220598,0,0,0.4747073231907303,1.3209614021522007,155.19,49.80999999999999,-1.3900000000000006,0.224390243902439,1,13,1.3004059539918806,0.857142857142857,1.2,1.2,2.774018944519621,0.6190476190476191,108.62,-194.0,564.0,False,False,510.52872928176794,459.7310220994475,,3,1,0,8,0,7185,0.972259810554804,15,1,1,1,0.14285714285714285,0.7142857142857143,1331.1292875989445,1.0020876826722338,3,564.0,241.39,322.61,46.08714285714286,2.336467956419073,1209.22,14,3,0
2026-2,Tags 3,28,1564.0,30.42740685581307,32.96944444,32.69210526,0.10046221125569255,35.7,0.05894909688013142,0.12931034482758716,8.982142857142858,33.605297628380605,29.85864052735933,20.0,10.42647059,10.42647059,2.42400054086077,0,18,67.27715417380952,0.07511033304324151,28.47857142857143,84.5,0.012616310892174493,57.1,0.13527640941434074,17,1,1,24.14705882,24.14705882,7.847626177966313,0,1,1,0,0.6071428571428571,0.03571428571428571,50.0,1485.6341976173792,98.10791871058164,1.000981079187106,1.0800927173737265,28,1,61.86952706801011,-894.3658023826208,-61.89208128941836,0,0,0.4169561734025318,1.2323603324956505,206.91999999999996,48.079999999999984,-0.3900000000000005,0.1803921568627451,1,16,1.3004059539918806,1.1666666666666667,0.875,1.1666666666666667,3.4506089309878214,0.5714285714285714,108.62,-230.96000000000004,1005.04,False,False,936.761841004184,870.3290376569038,,3,1,0,15,0,7135,0.965493910690122,22,1,1,1,0.10714285714285714,0.7857142857142857,1454.7059546925566,1.0091100210231254,3,1005.04,564.0,441.03999999999996,63.005714285714284,1.7819858156028368,1446.08,7,4,0
2026-3,Tags 1,7,1446.0,32.84265699628823,33.0469097222221,32.6979166666667,-0.3937486995971193,35.0,-1.082142857142854,0.039285714285715485,10.957142857142856,32.797923299273826,29.9857420984454,28.0,2.3717708333334,2.3717708333334,1.1284622451987028,0,7,71.58016728011158,1.4777279625353927,33.18571428571429,92.0,0.48928571428571827,67.7,2.896428571428575,3,1,1,22.057951388888895,22.057951388888895,4.712403791803255,0,0,0,0,0.42857142857142855,0.0,60.0,120.652945351313,28.388928317955997,1.001277501774308,2.010220014194464,7,1,76.04177228023929,-49.347054648687006,-6.6110716820440025,0,0,0.737069021549764,1.5643488899139606,49.861,28.138999999999996,1.877,0.4358974358974359,1,7,1.105854274884178,0.7499999999999997,0.5999999999999999,1.1249999999999996,1.0950442229397723,1.0,114.74,-52.260000000000005,114.74,False,False,91.29,80.94999999999999,,0,0,0,3,0,7045,0.989049557770602,7,1,1,1,0.0,1.0,1229.1608383233531,1.022001419446416,1,114.74,,,,,,28,1,0
2026-3,Tags 1,14,1446.0,32.12184690645248,32.8000694444444,32.7120138888889,-0.13321521420047316,38.5,-0.18791208791208946,-0.15208791208791292,11.007142857142858,32.797923299273826,31.89442709793753,25.0,7.602222994095101,7.602222994095101,1.4521835269692573,0,14,72.89594605387477,0.15945284039662078,34.97142857142857,86.3,0.4613186813186788,46.0,0.036703296703295134,10,1,1,14.172525182354905,14.172525182354905,5.379722491567355,0,0,0,0,0.7142857142857143,0.0,55.0,394.8312993539124,50.25125628140704,1.169179229480737,1.4072361809045226,14,1,59.25318200982235,-235.1687006460876,-39.74874371859296,0,0,0.5598796796623142,1.5844046449128577,99.72200000000002,58.27800000000001,7.877,0.2151898734177215,1,14,1.105854274884178,1.2499999999999996,1.666666666666667,1.4999999999999991,2.218166502878001,1.0,114.74,-153.24,242.76,False,False,181.52,162.70499999999998,,0,0,0,10,0,6965,0.97781833497122,14,1,1,1,0.0,1.0,1096.711212121212,1.033740129217516,2,242.7599999999999,114.74,128.01999999999992,18.28857142857142,2.1157399337632903,626.8199999999997,21,2,0
2026-3,Tags 1,21,1446.0,31.360605776184883,28.15472074468085,28.15472074468085,-0.21830445791979058,32.6,-0.3638961038961032,-0.1331168831168832,9.942857142857141,32.797923299273826,27.67854880516591,22.0,6.154720744680851,6.154720744680851,2.0199088154094924,0,17,73.87580250024487,0.2747400053393497,32.15238095238095,86.8,0.09285714285714339,64.3,0.5976623376623376,17,1,1,27.420104166666647,27.420104166666647,4.922185010978922,0,0,0,0,0.8095238095238095,0.0,50.0,847.5804114749347,72.44277021153289,1.0008693132425386,1.1144917737209823,21,1,60.89392278650591,-532.4195885250653,-47.55722978846711,0,0,0.4725568067103838,1.4774406182520743,149.58299999999997,71.41699999999997,-1.1230000000000002,0.1538461538461538,1,19,1.105854274884178,0.666666666666667,1.0,0.6,3.102625298329356,0.9047619047619048,114.74,-241.27999999999997,516.72,False,False,471.3122651933702,428.1749171270718,,0,0,0,17,0,6902,0.968973747016706,21,1,1,1,0.0,1.0,1219.5410026385225,1.0431758910460736,2,516.72,242.7599999999999,273.96000000000015,39.13714285714288,2.1285219970341087,1064.6400000000003,14,3,0
2026-3,Tags 1,28,1446.0,30.559134518308877,28.15472074468085,28.15472074468085,-0.2209780965592688,32.6,-0.3504926108374374,-0.1388615216201415,9.232142857142858,32.797923299273826,27.67854880516591,20.0,8.154720744680851,8.154720744680851,2.2406889758575095,0,17,74.76187791685031,0.2583776554971534,29.73928571428571,86.8,0.02074438970990871,64.3,0.6218117131910234,24,1,1,27.420104166666647,27.420104166666647,4.515442621078296,0,0,0,0,0.8571428571428571,0.0,50.0,1448.5369049352162,94.6280390158684,1.084279613723492,1.0860144611054496,28,1,60.002709775131486,-931.4630950647838,-65.3719609841316,0,0,0.41613025853783514,1.273540442429955,199.44399999999996,54.55600000000001,-1.1230000000000002,0.1338582677165354,1,19,1.105854274884178,1.5,0.8571428571428577,1.2000000000000008,3.565913238803875,0.6785714285714286,114.74,-434.0,802.0,False,False,757.8353138075314,714.8642677824269,,0,0,0,24,0,6869,0.964340867611961,28,1,1,1,0.0,1.0,1160.8236245954693,1.04818750909885,2,802.0,516.72,285.28,40.75428571428571,1.552097847964081,1087.28,7,4,0
2026-3,Tags 2,7,1440.0,33.66928334353303,34.2060069444443,33.7378472222223,-0.27171840799827046,35.4,-0.7535714285714273,0.23928571428571432,9.900000000000002,33.4408815174654,31.09087267912114,28.0,3.561909722222101,3.561909722222101,0.9441097579378457,0,7,70.25179365395505,1.0112209373015553,30.114285714285717,85.4,-0.4107142857142873,67.9,2.696428571428574,2,1,1,18.664479166666695,18.664479166666695,3.8481362976579487,0,0,0,0,0.2857142857142857,0.0,60.0,128.49800114220446,28.555111364934323,1.00214163335237,2.011707595659623,7,1,78.58654598332765,-41.50199885779554,-6.444888635065677,0,0,0.7368185253285195,2.2089240531748264,49.797999999999995,60.202000000000005,7.886,0.4636363636363636,1,7,1.6707899915659263,1.0714285714285712,1.2500000000000009,0.8333333333333333,1.5462468372223783,1.0,114.74,-52.260000000000005,114.74,False,False,88.70000000000002,80.68000000000002,,0,0,0,2,0,7004,0.984537531627776,7,1,1,1,0.0,1.0,1229.1608383233531,1.0279840091376355,5,114.74,,,,,,28,1,0
2026-3,Tags 2,14,1440.0,33.05751121541729,33.5705208333332,33.6894097222222,-0.0999144614479147,38.9,-0.14483516483516642,-0.07362637362637463,9.728571428571428,33.4408815174654,32.86577340251049,25.0,8.647604166666802,8.647604166666802,1.2702930141378788,0,14,70.87460466427912,-0.02285127264815573,29.699999999999992,81.4,-0.07758241758242068,47.2,0.04769230769230777,9,1,1,11.6938194444445,11.6938194444445,4.590666479870719,0,0,0,0,0.6428571428571429,0.0,55.0,383.8910618571635,43.45936549326379,1.0018832391713748,1.207475010864841,14,1,54.61163653254049,-246.10893814283645,-46.54063450673621,0,0,0.5649643028884742,2.11855897827222,99.59600000000002,111.40399999999997,5.886,0.2417061611374407,1,14,1.6707899915659263,0.9285714285714284,0.8125000000000002,0.7647058823529411,2.9659825695811075,1.0,114.74,-153.24,242.76,False,False,167.01,150.18499999999997,,0,0,0,9,0,6903,0.970340174304189,14,1,1,1,0.0,1.0,1096.711212121212,1.0430247718383312,8,242.7599999999999,114.74,128.01999999999992,18.28857142857142,2.1157399337632903,626.8199999999997,21,2,0
2026-3,Tags 2,21,1440.0,32.215769107621476,28.15472074468085,28.15472074468085,-0.23437436862988137,32.6,-0.29974025974026003,-0.1554545454545454,9.180952380952379,33.4408815174654,27.67854880516591,22.0,6.154720744680851,6.154720744680851,2.277893306971478,0,17,71.86225008559227,0.2506644510349847,28.638095238095236,86.8,0.09987012987012935,64.3,0.4161038961038958,16,1,1,27.420104166666647,27.420104166666647,4.6866031607450465,0,0,0,0,0.7619047619047619,0.0,50.0,796.7836257309941,65.78947368421052,1.0010233918128653,1.129111842105263,21,1,56.28125264852953,-583.2163742690059,-54.21052631578948,0,0,0.472549801350685,1.8340763350603104,149.394,124.60599999999997,-0.1139999999999998,0.1861313868613138,1,19,1.6707899915659263,0.8749999999999996,0.6999999999999996,0.5833333333333334,3.851560303626652,0.9047619047619048,114.74,-238.1099999999999,519.8900000000001,False,False,473.9568508287294,430.32035911602213,,0,0,0,16,0,6840,0.961484396963734,21,1,1,1,0.0,1.0,1227.0227044854885,1.0526315789473684,8,519.8900000000001,242.7599999999999,277.1300000000002,39.59000000000003,2.1415801614763565,1074.1500000000005,14,3,0
2026-3,Tags 2,28,1440.0,31.200507016886316,28.15472074468085,28.15472074468085,-0.2621539783914301,32.6,-0.32575259989053057,-0.18122605363984615,8.660714285714285,33.4408815174654,27.67854880516591,20.0,8.154720744680851,8.154720744680851,2.6552502556337134,0,17,73.25171360586084,0.32923585235681785,27.103571428571428,86.8,0.14745484400656866,64.3,0.5276683087027912,23,1,1,27.420104166666647,27.420104166666647,4.719761957098923,0,0,0,0,0.8214285714285714,0.0,50.0,1446.067581525749,103.2905415375535,1.0010329054153757,1.1704539865230437,28,1,62.657865270942374,-933.9324184742512,-56.709458462446506,0,0,0.4138693956863036,1.6918350134543556,199.192,137.808,-0.1139999999999998,0.1513353115727003,1,24,1.6707899915659263,1.0,0.8749999999999996,0.6999999999999996,4.737138037672196,0.8571428571428571,114.74,-504.0,732.0,False,False,699.1628870292888,667.2132635983264,,0,0,0,23,0,6777,0.952628619623278,28,1,1,1,0.0,1.0,1059.504854368932,1.0624169986719787,8,732.0,519.8900000000001,212.1099999999999,30.301428571428556,1.4079901517628726,944.1099999999999,7,4,0
2026-3,Tags 3,7,1517.0,33.9613806228422,34.8297569444446,33.664826388889,-0.18780919340894645,36.4,-0.8464285714285694,0.4142857142857162,11.514285714285714,33.82833220887478,31.181622220861332,28.0,4.239618055555503,4.239618055555503,0.8940807086518184,0,7,63.20399305555549,-2.2140562996031496,50.1,81.0,-0.778571428571425,0.0,-6.389285714285712,0,0,0,4.694618055555502,-4.694618055555502,5.117207623692044,0,3,1,1,0.0,0.42857142857142855,60.0,127.8772378516624,28.41716396703609,1.001562944018187,2.0107985223074736,7,1,78.20690083364974,-42.1227621483376,-6.582836032963911,0,0,0.7369759258843136,2.0999580008399836,50.001,54.998999999999995,3.857,0.4761904761904761,1,7,1.799944001119978,0.7857142857142856,0.8461538461538459,0.6470588235294115,1.4699706005879882,1.0,114.74,-52.260000000000005,114.74,False,False,88.99000000000001,78.52,,0,0,0,0,0,7038,0.98530029399412,7,1,1,1,0.0,1.0,1229.1608383233531,1.0230179028132993,3,114.74,,,,,,28,1,0
2026-3,Tags 3,14,1517.0,33.52497106538938,34.3828819444444,34.301076388889,-0.051799374395973784,41.3,-0.1054945054945066,0.0024175824175818265,11.092857142857145,33.82833220887478,33.43418961122131,25.0,9.2604861111111,9.2604861111111,1.1920588737741007,0,14,65.0105059523809,0.08077029914530569,45.142857142857146,81.3,-0.31472527472527667,43.8,0.483956043956043,5,1,1,10.259062500000198,10.259062500000198,5.266068950327009,0,3,1,0,0.35714285714285715,0.21428571428571427,55.0,396.36782934563274,50.446814643989626,1.001297203805131,1.407062554050159,14,1,59.48377236933017,-233.6321706543673,-39.553185356010374,0,0,0.5647336558213993,2.049959000819984,100.002,104.99799999999999,1.857,0.2439024390243902,1,14,1.799944001119978,0.8181818181818187,0.6000000000000002,0.6000000000000002,2.869942601147977,1.0,114.74,-153.24,242.76,False,False,187.8,164.18499999999997,,0,0,0,5,0,6938,0.97130057398852,14,1,1,1,0.0,1.0,1096.711212121212,1.0377630441049297,7,242.7599999999999,114.74,128.01999999999992,18.28857142857142,2.1157399337632903,626.8199999999997,21,2,0
2026-3,Tags 3,21,1517.0,32.60007798173317,28.15472074468085,28.15472074468085,-0.23987599726408934,32.6,-0.3496103896103895,-0.1357142857142864,10.28095238095238,33.82833220887478,27.67854880516591,22.0,6.154720744680851,6.154720744680851,2.4238797674832937,0,17,67.64204782635322,0.6086709574436695,39.061904761904756,86.8,0.06142857142857216,64.3,1.5390909090909086,12,1,1,27.420104166666647,27.420104166666647,6.500462644231967,0,3,1,0,0.5714285714285714,0.14285714285714285,50.0,806.4516129032259,65.38796861377507,1.0015983725661146,1.1281059285091544,21,1,56.464248259479675,-573.5483870967741,-54.61203138622493,0,0,0.4767509542701146,1.739965200695986,150.003,110.99699999999999,3.857,0.1915708812260536,1,17,1.799944001119978,3.0,2.2,1.5714285714285712,3.6539269214615713,0.8095238095238095,114.74,-217.73,540.27,False,False,490.95895027624306,444.1134530386741,,0,0,0,12,0,6882,0.963460730785384,21,1,1,1,0.0,1.0,1275.1227308707123,1.046207497820401,7,540.27,242.7599999999999,297.5100000000001,42.50142857142858,2.2255313890261994,1135.2900000000002,14,3,0
2026-3,Tags 3,28,1517.0,31.488738672470095,28.15472074468085,28.15472074468085,-0.27993337428390425,32.6,-0.3960043787629991,-0.17788724685276355,9.485714285714286,33.82833220887478,27.67854880516591,20.0,8.154720744680851,8.154720744680851,2.862595090515791,0,17,70.08656191143156,0.6498980723835039,34.92142857142857,86.8,0.1841269841269854,64.3,1.473180076628353,19,1,1,27.420104166666647,27.420104166666647,7.063402855306249,0,3,1,0,0.6785714285714286,0.10714285714285714,50.0,1426.8988731157615,95.1265915410508,1.0007317430118543,1.08602858676033,28,1,59.70392693884227,-953.1011268842384,-64.87340845894921,0,0,0.4190246224475056,1.5499690006199873,200.004,109.996,-2.143,0.1612903225806451,1,19,1.799944001119978,0.8333333333333331,0.8333333333333331,0.7142857142857141,4.339913201735966,0.6785714285714286,114.74,-533.0,703.0,False,False,677.807489539749,653.2958577405858,,0,0,0,19,0,6833,0.95660086798264,28,1,1,1,0.0,1.0,1017.5299352750809,1.053709937070101,7,703.0,540.27,162.73000000000002,23.247142857142858,1.3012012512262388,865.73,7,4,0
