harvest_cycle,bldg,prediction_day,bodyweight_at_day_35,predicted,model,error_g,absolute_error_g
2025-2,Tags 1,7,1573.0,1533.9524999999999,historical_remaining_gain,-39.04750000000013,39.04750000000013
2025-2,Tags 1,14,1573.0,1582.9792857142857,historical_remaining_gain,9.979285714285652,9.979285714285652
2025-2,Tags 1,21,1573.0,1526.807857142857,historical_remaining_gain,-46.192142857142926,46.192142857142926
2025-2,Tags 1,28,1573.0,1879.517857142857,historical_remaining_gain,306.5178571428571,306.5178571428571
2025-2,Tags 2,7,1599.0,1527.9524999999999,historical_remaining_gain,-71.04750000000013,71.04750000000013
2025-2,Tags 2,14,1599.0,1588.9792857142857,historical_remaining_gain,-10.020714285714348,10.020714285714348
2025-2,Tags 2,21,1599.0,1645.807857142857,historical_remaining_gain,46.807857142857074,46.807857142857074
2025-2,Tags 2,28,1599.0,1821.517857142857,historical_remaining_gain,222.5178571428571,222.5178571428571
2025-2,Tags 3,7,1544.0,1532.9524999999999,historical_remaining_gain,-11.047500000000127,11.047500000000127
2025-2,Tags 3,14,1544.0,1588.9792857142857,historical_remaining_gain,44.97928571428565,44.97928571428565
2025-2,Tags 3,21,1544.0,1657.807857142857,historical_remaining_gain,113.80785714285707,113.80785714285707
2025-2,Tags 3,28,1544.0,1664.517857142857,historical_remaining_gain,120.51785714285711,120.51785714285711
2025-3,Lags 1,7,1479.9999999999998,1487.618846153846,historical_remaining_gain,7.618846153846334,7.618846153846334
2025-3,Lags 1,14,1479.9999999999998,1498.6042307692305,historical_remaining_gain,18.604230769230753,18.604230769230753
2025-3,Lags 1,21,1479.9999999999998,1425.7742307692308,historical_remaining_gain,-54.22576923076895,54.22576923076895
2025-3,Lags 1,28,1479.9999999999998,1382.7615384615385,historical_remaining_gain,-97.23846153846125,97.23846153846125
2025-3,Lags 2,7,1554.0,1484.618846153846,historical_remaining_gain,-69.3811538461539,69.3811538461539
2025-3,Lags 2,14,1554.0,1453.1042307692308,historical_remaining_gain,-100.89576923076925,100.89576923076925
2025-3,Lags 2,21,1554.0,1392.7742307692308,historical_remaining_gain,-161.22576923076917,161.22576923076917
2025-3,Lags 2,28,1554.0,1442.7615384615383,historical_remaining_gain,-111.2384615384617,111.2384615384617
2025-3,Tags 1,7,1477.24,1513.618846153846,historical_remaining_gain,36.3788461538461,36.3788461538461
2025-3,Tags 1,14,1477.24,1520.6842307692307,historical_remaining_gain,43.44423076923067,43.44423076923067
2025-3,Tags 1,21,1477.24,1567.2842307692308,historical_remaining_gain,90.04423076923081,90.04423076923081
2025-3,Tags 1,28,1477.24,1573.5615384615385,historical_remaining_gain,96.32153846153847,96.32153846153847
2025-3,Tags 2,7,1490.24,1512.618846153846,historical_remaining_gain,22.378846153846098,22.378846153846098
2025-3,Tags 2,14,1490.24,1538.6642307692307,historical_remaining_gain,48.42423076923069,48.42423076923069
2025-3,Tags 2,21,1490.24,1549.4442307692307,historical_remaining_gain,59.20423076923066,59.20423076923066
2025-3,Tags 2,28,1490.24,1621.4015384615386,historical_remaining_gain,131.1615384615386,131.1615384615386
2025-3,Tags 3,7,1582.1,1515.618846153846,historical_remaining_gain,-66.4811538461538,66.4811538461538
2025-3,Tags 3,14,1582.1,1559.3342307692308,historical_remaining_gain,-22.765769230769138,22.765769230769138
2025-3,Tags 3,21,1582.1,1513.684230769231,historical_remaining_gain,-68.415769230769,68.415769230769
2025-3,Tags 3,28,1582.1,1538.2015384615383,historical_remaining_gain,-43.89846153846156,43.89846153846156
2025-4,Lags 1,7,1568.0,1492.7003846153846,historical_remaining_gain,-75.29961538461544,75.29961538461544
2025-4,Lags 1,14,1568.0,1481.3961538461538,historical_remaining_gain,-86.60384615384623,86.60384615384623
2025-4,Lags 1,21,1568.0,1559.6157692307693,historical_remaining_gain,-8.384230769230726,8.384230769230726
2025-4,Lags 1,28,1568.0,1642.2230769230769,historical_remaining_gain,74.22307692307686,74.22307692307686
2025-4,Lags 2,7,1594.0,1492.7003846153846,historical_remaining_gain,-101.29961538461544,101.29961538461544
2025-4,Lags 2,14,1594.0,1489.3961538461538,historical_remaining_gain,-104.60384615384623,104.60384615384623
2025-4,Lags 2,21,1594.0,1568.6157692307693,historical_remaining_gain,-25.384230769230726,25.384230769230726
2025-4,Lags 2,28,1594.0,1680.2230769230769,historical_remaining_gain,86.22307692307686,86.22307692307686
2025-4,Tags 1,7,1441.5,1482.0003846153845,historical_remaining_gain,40.50038461538452,40.50038461538452
2025-4,Tags 1,14,1441.5,1462.1961538461537,historical_remaining_gain,20.69615384615372,20.69615384615372
2025-4,Tags 1,21,1441.5,1434.4857692307692,historical_remaining_gain,-7.014230769230835,7.014230769230835
2025-4,Tags 1,28,1441.5,1253.0430769230768,historical_remaining_gain,-188.4569230769232,188.4569230769232
2025-4,Tags 2,7,1450.0400000000002,1485.3003846153845,historical_remaining_gain,35.26038461538428,35.26038461538428
2025-4,Tags 2,14,1450.0400000000002,1501.8961538461535,historical_remaining_gain,51.85615384615335,51.85615384615335
2025-4,Tags 2,21,1450.0400000000002,1485.2357692307694,historical_remaining_gain,35.1957692307692,35.1957692307692
2025-4,Tags 2,28,1450.0400000000002,1292.4030769230767,historical_remaining_gain,-157.6369230769235,157.6369230769235
2025-4,Tags 3,7,1293.12,1482.0003846153845,historical_remaining_gain,188.88038461538463,188.88038461538463
2025-4,Tags 3,14,1293.12,1500.6361538461538,historical_remaining_gain,207.51615384615388,207.51615384615388
2025-4,Tags 3,21,1293.12,1469.1757692307692,historical_remaining_gain,176.05576923076933,176.05576923076933
2025-4,Tags 3,28,1293.12,1313.183076923077,historical_remaining_gain,20.063076923077006,20.063076923077006
2025-5,Lags 1,7,1306.0,1485.8668,historical_remaining_gain,179.8668,179.8668
2025-5,Lags 1,14,1306.0,1440.7768,historical_remaining_gain,134.7768000000001,134.7768000000001
2025-5,Lags 1,21,1306.0,1370.5848,historical_remaining_gain,64.58480000000009,64.58480000000009
2025-5,Lags 1,28,1306.0,1357.1799999999998,historical_remaining_gain,51.179999999999836,51.179999999999836
2025-5,Lags 2,7,1176.0,1481.8668,historical_remaining_gain,305.8668,305.8668
2025-5,Lags 2,14,1176.0,1392.7768,historical_remaining_gain,216.7768000000001,216.7768000000001
2025-5,Lags 2,21,1176.0,1290.5848,historical_remaining_gain,114.58480000000009,114.58480000000009
2025-5,Lags 2,28,1176.0,1189.1799999999998,historical_remaining_gain,13.179999999999836,13.179999999999836
2025-5,Lags 3,7,1182.0,1482.8668,historical_remaining_gain,300.8668,300.8668
2025-5,Lags 3,14,1182.0,1405.7768,historical_remaining_gain,223.7768000000001,223.7768000000001
2025-5,Lags 3,21,1182.0,1306.5848,historical_remaining_gain,124.58480000000009,124.58480000000009
2025-5,Lags 3,28,1182.0,1191.1799999999998,historical_remaining_gain,9.179999999999836,9.179999999999836
2025-5,Tags 1,7,1702.0,1498.8668,historical_remaining_gain,-203.1332,203.1332
2025-5,Tags 1,14,1702.0,1472.7768,historical_remaining_gain,-229.2231999999999,229.2231999999999
2025-5,Tags 1,21,1702.0,1417.5848,historical_remaining_gain,-284.4151999999999,284.4151999999999
2025-5,Tags 1,28,1702.0,1597.1799999999998,historical_remaining_gain,-104.82000000000016,104.82000000000016
2025-5,Tags 2,7,1776.0,1495.8668,historical_remaining_gain,-280.1332,280.1332
2025-5,Tags 2,14,1776.0,1500.7768,historical_remaining_gain,-275.2231999999999,275.2231999999999
2025-5,Tags 2,21,1776.0,1519.5848,historical_remaining_gain,-256.4151999999999,256.4151999999999
2025-5,Tags 2,28,1776.0,1571.1799999999998,historical_remaining_gain,-204.82000000000016,204.82000000000016
2025-5,Tags 3,7,1738.0,1496.8668,historical_remaining_gain,-241.1332,241.1332
2025-5,Tags 3,14,1738.0,1488.7768,historical_remaining_gain,-249.2231999999999,249.2231999999999
2025-5,Tags 3,21,1738.0,1555.5848,historical_remaining_gain,-182.4151999999999,182.4151999999999
2025-5,Tags 3,28,1738.0,1590.1799999999998,historical_remaining_gain,-147.82000000000016,147.82000000000016
2026-1,Lags 1,7,1605.9999999999998,1454.6272,historical_remaining_gain,-151.37279999999987,151.37279999999987
2026-1,Lags 1,14,1605.9999999999998,1514.7248000000002,historical_remaining_gain,-91.27519999999959,91.27519999999959
2026-1,Lags 1,21,1605.9999999999998,1501.2039999999997,historical_remaining_gain,-104.79600000000005,104.79600000000005
2026-1,Lags 1,28,1605.9999999999998,1545.0776,historical_remaining_gain,-60.9223999999997,60.9223999999997
2026-1,Lags 2,7,1972.0,1458.6272,historical_remaining_gain,-513.3728000000001,513.3728000000001
2026-1,Lags 2,14,1972.0,1590.2448000000002,historical_remaining_gain,-381.75519999999983,381.75519999999983
2026-1,Lags 2,21,1972.0,1777.204,historical_remaining_gain,-194.79600000000005,194.79600000000005
2026-1,Lags 2,28,1972.0,1943.0776,historical_remaining_gain,-28.922399999999925,28.922399999999925
2026-1,Lags 3,7,1691.4399999999998,1452.6272,historical_remaining_gain,-238.81279999999992,238.81279999999992
2026-1,Lags 3,14,1691.4399999999998,1424.7448000000002,historical_remaining_gain,-266.69519999999966,266.69519999999966
2026-1,Lags 3,21,1691.4399999999998,1385.204,historical_remaining_gain,-306.2359999999999,306.2359999999999
2026-1,Lags 3,28,1691.4399999999998,1465.0776,historical_remaining_gain,-226.36239999999975,226.36239999999975
2026-1,Tags 1,7,1446.68,1474.8372,historical_remaining_gain,28.157199999999875,28.157199999999875
2026-1,Tags 1,14,1446.68,1540.2048000000002,historical_remaining_gain,93.52480000000014,93.52480000000014
2026-1,Tags 1,21,1446.68,1628.884,historical_remaining_gain,182.20399999999995,182.20399999999995
2026-1,Tags 1,28,1446.68,1634.5576,historical_remaining_gain,187.87760000000003,187.87760000000003
2026-1,Tags 2,7,1550.16,1476.1172,historical_remaining_gain,-74.04280000000017,74.04280000000017
2026-1,Tags 2,14,1550.16,1496.2448000000002,historical_remaining_gain,-53.91519999999991,53.91519999999991
2026-1,Tags 2,21,1550.16,1670.484,historical_remaining_gain,120.32399999999984,120.32399999999984
2026-1,Tags 2,28,1550.16,1617.0376,historical_remaining_gain,66.87760000000003,66.87760000000003
2026-1,Tags 3,7,1691.4399999999998,1471.1571999999999,historical_remaining_gain,-220.28279999999995,220.28279999999995
2026-1,Tags 3,14,1691.4399999999998,1514.7248000000002,historical_remaining_gain,-176.71519999999964,176.71519999999964
2026-1,Tags 3,21,1691.4399999999998,1656.444,historical_remaining_gain,-34.99599999999987,34.99599999999987
2026-1,Tags 3,28,1691.4399999999998,1613.7975999999999,historical_remaining_gain,-77.64239999999995,77.64239999999995
2026-2,Lags 1,7,1192.0,1529.8411999999998,historical_remaining_gain,337.84119999999984,337.84119999999984
2026-2,Lags 1,14,1192.0,1482.9052000000001,historical_remaining_gain,290.90520000000015,290.90520000000015
2026-2,Lags 1,21,1192.0,1321.2248,historical_remaining_gain,129.22479999999996,129.22479999999996
2026-2,Lags 1,28,1192.0,1117.3584,historical_remaining_gain,-74.64159999999993,74.64159999999993
2026-2,Lags 2,7,1204.0,1529.8411999999998,historical_remaining_gain,325.84119999999984,325.84119999999984
2026-2,Lags 2,14,1204.0,1445.9052000000001,historical_remaining_gain,241.90520000000015,241.90520000000015
2026-2,Lags 2,21,1204.0,1303.2248,historical_remaining_gain,99.22479999999996,99.22479999999996
2026-2,Lags 2,28,1204.0,1195.3583999999998,historical_remaining_gain,-8.641600000000153,8.641600000000153
2026-2,Lags 3,7,1078.0,1501.8411999999998,historical_remaining_gain,423.84119999999984,423.84119999999984
2026-2,Lags 3,14,1078.0,1410.4052000000001,historical_remaining_gain,332.40520000000015,332.40520000000015
2026-2,Lags 3,21,1078.0,1234.2248,historical_remaining_gain,156.22479999999996,156.22479999999996
2026-2,Lags 3,28,1078.0,1023.3584000000001,historical_remaining_gain,-54.641599999999926,54.641599999999926
2026-2,Tags 1,7,1360.0,1543.0811999999999,historical_remaining_gain,183.08119999999985,183.08119999999985
2026-2,Tags 1,14,1360.0,1516.1652000000001,historical_remaining_gain,156.16520000000014,156.16520000000014
2026-2,Tags 1,21,1360.0,1564.6248,historical_remaining_gain,204.62480000000005,204.62480000000005
2026-2,Tags 1,28,1360.0,1531.9584,historical_remaining_gain,171.95839999999998,171.95839999999998
2026-2,Tags 2,7,1556.2800000000002,1536.6211999999998,historical_remaining_gain,-19.658800000000383,19.658800000000383
2026-2,Tags 2,14,1556.2800000000002,1510.2452,historical_remaining_gain,-46.03480000000013,46.03480000000013
2026-2,Tags 2,21,1556.2800000000002,1571.1048,historical_remaining_gain,14.824799999999868,14.824799999999868
2026-2,Tags 2,28,1556.2800000000002,1547.4584,historical_remaining_gain,-8.821600000000217,8.821600000000217
2026-2,Tags 3,7,1564.0,1536.9611999999997,historical_remaining_gain,-27.038800000000265,27.038800000000265
2026-2,Tags 3,14,1564.0,1514.7952,historical_remaining_gain,-49.20479999999998,49.20479999999998
2026-2,Tags 3,21,1564.0,1552.2248,historical_remaining_gain,-11.77520000000004,11.77520000000004
2026-2,Tags 3,28,1564.0,1532.3984,historical_remaining_gain,-31.601599999999962,31.601599999999962
2025-2,Tags 1,7,1573.0,1839.0456606355287,linear_regression,266.04566063552875,266.04566063552875
2025-2,Tags 1,14,1573.0,1670.0005018104562,linear_regression,97.00050181045617,97.00050181045617
2025-2,Tags 1,21,1573.0,1669.1425929005877,linear_regression,96.14259290058772,96.14259290058772
2025-2,Tags 1,28,1573.0,1628.0163500241792,linear_regression,55.016350024179246,55.016350024179246
2025-2,Tags 2,7,1599.0,1787.8049735470772,linear_regression,188.80497354707722,188.80497354707722
2025-2,Tags 2,14,1599.0,1612.0640114861758,linear_regression,13.064011486175787,13.064011486175787
2025-2,Tags 2,21,1599.0,1681.0462061417052,linear_regression,82.04620614170517,82.04620614170517
2025-2,Tags 2,28,1599.0,1648.6933541432768,linear_regression,49.69335414327679,49.69335414327679
2025-2,Tags 3,7,1544.0,1397.937805693709,linear_regression,-146.06219430629108,146.06219430629108
2025-2,Tags 3,14,1544.0,1346.3994204813803,linear_regression,-197.60057951861972,197.60057951861972
2025-2,Tags 3,21,1544.0,1405.1561287280142,linear_regression,-138.8438712719858,138.8438712719858
2025-2,Tags 3,28,1544.0,1461.2469074599535,linear_regression,-82.75309254004651,82.75309254004651
2025-3,Lags 1,7,1479.9999999999998,1815.7331514151076,linear_regression,335.73315141510784,335.73315141510784
2025-3,Lags 1,14,1479.9999999999998,1882.840870466083,linear_regression,402.8408704660833,402.8408704660833
2025-3,Lags 1,21,1479.9999999999998,1798.5658315211379,linear_regression,318.5658315211381,318.5658315211381
2025-3,Lags 1,28,1479.9999999999998,1765.3960625462016,linear_regression,285.39606254620185,285.39606254620185
2025-3,Lags 2,7,1554.0,1580.7962707700428,linear_regression,26.796270770042838,26.796270770042838
2025-3,Lags 2,14,1554.0,1664.8013678191267,linear_regression,110.80136781912665,110.80136781912665
2025-3,Lags 2,21,1554.0,1684.0376312175688,linear_regression,130.0376312175688,130.0376312175688
2025-3,Lags 2,28,1554.0,1676.1861408499765,linear_regression,122.18614084997648,122.18614084997648
2025-3,Tags 1,7,1477.24,1468.8874541888738,linear_regression,-8.35254581112622,8.35254581112622
2025-3,Tags 1,14,1477.24,1404.0316816611733,linear_regression,-73.20831833882676,73.20831833882676
2025-3,Tags 1,21,1477.24,1393.263260297812,linear_regression,-83.97673970218807,83.97673970218807
2025-3,Tags 1,28,1477.24,1364.629267824553,linear_regression,-112.61073217544708,112.61073217544708
2025-3,Tags 2,7,1490.24,1591.5391902613858,linear_regression,101.29919026138577,101.29919026138577
2025-3,Tags 2,14,1490.24,1545.455579044455,linear_regression,55.2155790444549,55.2155790444549
2025-3,Tags 2,21,1490.24,1524.4672475510506,linear_regression,34.227247551050596,34.227247551050596
2025-3,Tags 2,28,1490.24,1513.8204167069682,linear_regression,23.580416706968208,23.580416706968208
2025-3,Tags 3,7,1582.1,1424.6813650992601,linear_regression,-157.4186349007398,157.4186349007398
2025-3,Tags 3,14,1582.1,1529.1634384278743,linear_regression,-52.93656157212558,52.93656157212558
2025-3,Tags 3,21,1582.1,1534.2873234883102,linear_regression,-47.81267651168969,47.81267651168969
2025-3,Tags 3,28,1582.1,1537.0324358641712,linear_regression,-45.06756413582866,45.06756413582866
2025-4,Lags 1,7,1568.0,1361.4414999584799,linear_regression,-206.55850004152012,206.55850004152012
2025-4,Lags 1,14,1568.0,1787.3979381828585,linear_regression,219.39793818285852,219.39793818285852
2025-4,Lags 1,21,1568.0,1363.3768990325505,linear_regression,-204.62310096744955,204.62310096744955
2025-4,Lags 1,28,1568.0,1435.964460762082,linear_regression,-132.0355392379181,132.0355392379181
2025-4,Lags 2,7,1594.0,1311.7378775654208,linear_regression,-282.26212243457917,282.26212243457917
2025-4,Lags 2,14,1594.0,1551.1940240208803,linear_regression,-42.805975979119694,42.805975979119694
2025-4,Lags 2,21,1594.0,1574.6610849961369,linear_regression,-19.33891500386312,19.33891500386312
2025-4,Lags 2,28,1594.0,1624.8017680989894,linear_regression,30.80176809898944,30.80176809898944
2025-4,Tags 1,7,1441.5,1507.8653864615032,linear_regression,66.36538646150325,66.36538646150325
2025-4,Tags 1,14,1441.5,1661.3557754418223,linear_regression,219.8557754418223,219.8557754418223
2025-4,Tags 1,21,1441.5,1425.781168626432,linear_regression,-15.718831373568037,15.718831373568037
2025-4,Tags 1,28,1441.5,1470.6242885818099,linear_regression,29.12428858180988,29.12428858180988
2025-4,Tags 2,7,1450.0400000000002,1972.9940673451372,linear_regression,522.954067345137,522.954067345137
2025-4,Tags 2,14,1450.0400000000002,1885.4131770102401,linear_regression,435.37317701023994,435.37317701023994
2025-4,Tags 2,21,1450.0400000000002,1913.8625564542951,linear_regression,463.82255645429495,463.82255645429495
2025-4,Tags 2,28,1450.0400000000002,1864.5071651145834,linear_regression,414.46716511458317,414.46716511458317
2025-4,Tags 3,7,1293.12,1334.2753420523902,linear_regression,41.155342052390324,41.155342052390324
2025-4,Tags 3,14,1293.12,1736.1696368716518,linear_regression,443.04963687165196,443.04963687165196
2025-4,Tags 3,21,1293.12,1710.905456190413,linear_regression,417.785456190413,417.785456190413
2025-4,Tags 3,28,1293.12,1846.8980445171971,linear_regression,553.7780445171973,553.7780445171973
2025-5,Lags 1,7,1306.0,1813.9859330454624,linear_regression,507.9859330454624,507.9859330454624
2025-5,Lags 1,14,1306.0,1786.7654610264724,linear_regression,480.7654610264724,480.7654610264724
2025-5,Lags 1,21,1306.0,1787.1120447296785,linear_regression,481.1120447296785,481.1120447296785
2025-5,Lags 1,28,1306.0,1753.7663910450929,linear_regression,447.76639104509286,447.76639104509286
2025-5,Lags 2,7,1176.0,1895.0212855200843,linear_regression,719.0212855200843,719.0212855200843
2025-5,Lags 2,14,1176.0,1742.9238350009114,linear_regression,566.9238350009114,566.9238350009114
2025-5,Lags 2,21,1176.0,1683.509129863634,linear_regression,507.5091298636339,507.5091298636339
2025-5,Lags 2,28,1176.0,1697.0731411406227,linear_regression,521.0731411406227,521.0731411406227
2025-5,Lags 3,7,1182.0,1999.1290703432028,linear_regression,817.1290703432028,817.1290703432028
2025-5,Lags 3,14,1182.0,1967.441894929253,linear_regression,785.4418949292531,785.4418949292531
2025-5,Lags 3,21,1182.0,1887.8060211629788,linear_regression,705.8060211629788,705.8060211629788
2025-5,Lags 3,28,1182.0,1877.0040200342928,linear_regression,695.0040200342928,695.0040200342928
2025-5,Tags 1,7,1702.0,1749.531114424939,linear_regression,47.531114424939005,47.531114424939005
2025-5,Tags 1,14,1702.0,1651.0133028775485,linear_regression,-50.98669712245146,50.98669712245146
2025-5,Tags 1,21,1702.0,1638.3273971708625,linear_regression,-63.67260282913753,63.67260282913753
2025-5,Tags 1,28,1702.0,1629.6668957558086,linear_regression,-72.33310424419142,72.33310424419142
2025-5,Tags 2,7,1776.0,1158.7839731048516,linear_regression,-617.2160268951484,617.2160268951484
2025-5,Tags 2,14,1776.0,1132.5087312972837,linear_regression,-643.4912687027163,643.4912687027163
2025-5,Tags 2,21,1776.0,1151.3612500785277,linear_regression,-624.6387499214723,624.6387499214723
2025-5,Tags 2,28,1776.0,1168.5019634247665,linear_regression,-607.4980365752335,607.4980365752335
2025-5,Tags 3,7,1738.0,935.585521493861,linear_regression,-802.414478506139,802.414478506139
2025-5,Tags 3,14,1738.0,915.887867408107,linear_regression,-822.112132591893,822.112132591893
2025-5,Tags 3,21,1738.0,899.4851869080907,linear_regression,-838.5148130919093,838.5148130919093
2025-5,Tags 3,28,1738.0,913.433589557425,linear_regression,-824.566410442575,824.566410442575
2026-1,Lags 1,7,1605.9999999999998,2297.5584139269813,linear_regression,691.5584139269815,691.5584139269815
2026-1,Lags 1,14,1605.9999999999998,2689.4614950151317,linear_regression,1083.461495015132,1083.461495015132
2026-1,Lags 1,21,1605.9999999999998,2691.6919060985874,linear_regression,1085.6919060985877,1085.6919060985877
2026-1,Lags 1,28,1605.9999999999998,2571.6550250441032,linear_regression,965.6550250441035,965.6550250441035
2026-1,Lags 2,7,1972.0,1528.5768056104646,linear_regression,-443.4231943895354,443.4231943895354
2026-1,Lags 2,14,1972.0,2610.506959277228,linear_regression,638.5069592772279,638.5069592772279
2026-1,Lags 2,21,1972.0,2559.6581737085944,linear_regression,587.6581737085944,587.6581737085944
2026-1,Lags 2,28,1972.0,2550.542019785771,linear_regression,578.5420197857711,578.5420197857711
2026-1,Lags 3,7,1691.4399999999998,1781.447125444531,linear_regression,90.00712544453108,90.00712544453108
2026-1,Lags 3,14,1691.4399999999998,2120.231141637347,linear_regression,428.791141637347,428.791141637347
2026-1,Lags 3,21,1691.4399999999998,2238.3541995587784,linear_regression,546.9141995587786,546.9141995587786
2026-1,Lags 3,28,1691.4399999999998,2229.3097552294093,linear_regression,537.8697552294095,537.8697552294095
2026-1,Tags 1,7,1446.68,470.7202543305468,linear_regression,-975.9597456694532,975.9597456694532
2026-1,Tags 1,14,1446.68,799.2744575652143,linear_regression,-647.4055424347857,647.4055424347857
2026-1,Tags 1,21,1446.68,1114.0618674971668,linear_regression,-332.6181325028333,332.6181325028333
2026-1,Tags 1,28,1446.68,1270.4022580455824,linear_regression,-176.2777419544177,176.2777419544177
2026-1,Tags 2,7,1550.16,1786.2106540903699,linear_regression,236.0506540903698,236.0506540903698
2026-1,Tags 2,14,1550.16,1778.991083830799,linear_regression,228.8310838307989,228.8310838307989
2026-1,Tags 2,21,1550.16,1740.9984617540397,linear_regression,190.8384617540396,190.8384617540396
2026-1,Tags 2,28,1550.16,1785.5137144415678,linear_regression,235.35371444156772,235.35371444156772
2026-1,Tags 3,7,1691.4399999999998,32.778976692974766,linear_regression,-1658.661023307025,1658.661023307025
2026-1,Tags 3,14,1691.4399999999998,641.3436248269084,linear_regression,-1050.0963751730915,1050.0963751730915
2026-1,Tags 3,21,1691.4399999999998,700.5341596791679,linear_regression,-990.9058403208319,990.9058403208319
2026-1,Tags 3,28,1691.4399999999998,813.4994004417933,linear_regression,-877.9405995582065,877.9405995582065
2026-2,Lags 1,7,1192.0,5553.624104184496,linear_regression,4361.624104184496,4361.624104184496
2026-2,Lags 1,14,1192.0,2210.8160750643556,linear_regression,1018.8160750643556,1018.8160750643556
2026-2,Lags 1,21,1192.0,1802.102501135222,linear_regression,610.1025011352219,610.1025011352219
2026-2,Lags 1,28,1192.0,1881.0793967978504,linear_regression,689.0793967978504,689.0793967978504
2026-2,Lags 2,7,1204.0,6535.90703258391,linear_regression,5331.90703258391,5331.90703258391
2026-2,Lags 2,14,1204.0,1531.7043918036113,linear_regression,327.7043918036113,327.7043918036113
2026-2,Lags 2,21,1204.0,1773.9280123803808,linear_regression,569.9280123803808,569.9280123803808
2026-2,Lags 2,28,1204.0,1923.2820868708939,linear_regression,719.2820868708939,719.2820868708939
2026-2,Lags 3,7,1078.0,6230.10884465461,linear_regression,5152.10884465461,5152.10884465461
2026-2,Lags 3,14,1078.0,-2296.4487767321107,linear_regression,-3374.4487767321107,3374.4487767321107
2026-2,Lags 3,21,1078.0,3251.9578086916563,linear_regression,2173.9578086916563,2173.9578086916563
2026-2,Lags 3,28,1078.0,4570.1099460058385,linear_regression,3492.1099460058385,3492.1099460058385
2026-2,Tags 1,7,1360.0,888.4357479632715,linear_regression,-471.5642520367285,471.5642520367285
2026-2,Tags 1,14,1360.0,1270.7216804846291,linear_regression,-89.27831951537087,89.27831951537087
2026-2,Tags 1,21,1360.0,1242.9043598196192,linear_regression,-117.09564018038077,117.09564018038077
2026-2,Tags 1,28,1360.0,1368.354969797071,linear_regression,8.354969797070908,8.354969797070908
2026-2,Tags 2,7,1556.2800000000002,1520.1771246207506,linear_regression,-36.102875379249554,36.102875379249554
2026-2,Tags 2,14,1556.2800000000002,1600.370173569722,linear_regression,44.090173569721856,44.090173569721856
2026-2,Tags 2,21,1556.2800000000002,1496.5374086330664,linear_regression,-59.742591366933766,59.742591366933766
2026-2,Tags 2,28,1556.2800000000002,1479.4756338035338,linear_regression,-76.80436619646639,76.80436619646639
2026-2,Tags 3,7,1564.0,543.4988138745182,linear_regression,-1020.5011861254818,1020.5011861254818
2026-2,Tags 3,14,1564.0,1126.005681457177,linear_regression,-437.99431854282307,437.99431854282307
2026-2,Tags 3,21,1564.0,1096.6507934897897,linear_regression,-467.34920651021025,467.34920651021025
2026-2,Tags 3,28,1564.0,1311.420651131314,linear_regression,-252.5793488686861,252.5793488686861
2025-2,Tags 1,7,1573.0,1683.694740832136,ridge,110.69474083213595,110.69474083213595
2025-2,Tags 1,14,1573.0,1646.975287978138,ridge,73.97528797813811,73.97528797813811
2025-2,Tags 1,21,1573.0,1602.3971495244216,ridge,29.397149524421593,29.397149524421593
2025-2,Tags 1,28,1573.0,1786.2354983495832,ridge,213.23549834958317,213.23549834958317
2025-2,Tags 2,7,1599.0,1646.1265706618856,ridge,47.12657066188558,47.12657066188558
2025-2,Tags 2,14,1599.0,1617.7820113647363,ridge,18.782011364736263,18.782011364736263
2025-2,Tags 2,21,1599.0,1654.0173864776332,ridge,55.01738647763318,55.01738647763318
2025-2,Tags 2,28,1599.0,1713.9262193893726,ridge,114.92621938937259,114.92621938937259
2025-2,Tags 3,7,1544.0,1519.2020779985965,ridge,-24.79792200140355,24.79792200140355
2025-2,Tags 3,14,1544.0,1579.0342434424767,ridge,35.034243442476736,35.034243442476736
2025-2,Tags 3,21,1544.0,1570.5953371737767,ridge,26.59533717377667,26.59533717377667
2025-2,Tags 3,28,1544.0,1562.212317189151,ridge,18.21231718915101,18.21231718915101
2025-3,Lags 1,7,1479.9999999999998,1392.167070368322,ridge,-87.83292963167787,87.83292963167787
2025-3,Lags 1,14,1479.9999999999998,1417.546232332811,ridge,-62.453767667188686,62.453767667188686
2025-3,Lags 1,21,1479.9999999999998,1342.1497858990042,ridge,-137.85021410099557,137.85021410099557
2025-3,Lags 1,28,1479.9999999999998,1403.5333321932555,ridge,-76.46666780674423,76.46666780674423
2025-3,Lags 2,7,1554.0,1515.4028042468658,ridge,-38.5971957531342,38.5971957531342
2025-3,Lags 2,14,1554.0,1414.6136823235029,ridge,-139.38631767649713,139.38631767649713
2025-3,Lags 2,21,1554.0,1425.9562615693578,ridge,-128.04373843064218,128.04373843064218
2025-3,Lags 2,28,1554.0,1463.221371435185,ridge,-90.77862856481511,90.77862856481511
2025-3,Tags 1,7,1477.24,1573.9364532311206,ridge,96.69645323112059,96.69645323112059
2025-3,Tags 1,14,1477.24,1545.225927123926,ridge,67.9859271239261,67.9859271239261
2025-3,Tags 1,21,1477.24,1569.674197154397,ridge,92.434197154397,92.434197154397
2025-3,Tags 1,28,1477.24,1574.8598932090504,ridge,97.61989320905036,97.61989320905036
2025-3,Tags 2,7,1490.24,1589.206367020044,ridge,98.96636702004389,98.96636702004389
2025-3,Tags 2,14,1490.24,1562.420744369058,ridge,72.18074436905795,72.18074436905795
2025-3,Tags 2,21,1490.24,1566.3194129309181,ridge,76.07941293091812,76.07941293091812
2025-3,Tags 2,28,1490.24,1615.478777333552,ridge,125.23877733355198,125.23877733355198
2025-3,Tags 3,7,1582.1,1536.6684771899072,ridge,-45.4315228100927,45.4315228100927
2025-3,Tags 3,14,1582.1,1525.000030593344,ridge,-57.09996940665587,57.09996940665587
2025-3,Tags 3,21,1582.1,1511.3795822979398,ridge,-70.7204177020601,70.7204177020601
2025-3,Tags 3,28,1582.1,1548.7179785640833,ridge,-33.38202143591661,33.38202143591661
2025-4,Lags 1,7,1568.0,1437.0600844201988,ridge,-130.9399155798012,130.9399155798012
2025-4,Lags 1,14,1568.0,1491.4164754338865,ridge,-76.58352456611351,76.58352456611351
2025-4,Lags 1,21,1568.0,1529.6372731976824,ridge,-38.36272680231764,38.36272680231764
2025-4,Lags 1,28,1568.0,1544.1463591474946,ridge,-23.85364085250535,23.85364085250535
2025-4,Lags 2,7,1594.0,1437.9731793388066,ridge,-156.02682066119337,156.02682066119337
2025-4,Lags 2,14,1594.0,1507.2838475182975,ridge,-86.71615248170247,86.71615248170247
2025-4,Lags 2,21,1594.0,1545.2179637060829,ridge,-48.782036293917145,48.782036293917145
2025-4,Lags 2,28,1594.0,1556.2805220085816,ridge,-37.719477991418444,37.719477991418444
2025-4,Tags 1,7,1441.5,1623.279129003596,ridge,181.77912900359593,181.77912900359593
2025-4,Tags 1,14,1441.5,1634.0914722066864,ridge,192.59147220668638,192.59147220668638
2025-4,Tags 1,21,1441.5,1610.5315998038245,ridge,169.03159980382452,169.03159980382452
2025-4,Tags 1,28,1441.5,1549.1055740438167,ridge,107.60557404381666,107.60557404381666
2025-4,Tags 2,7,1450.0400000000002,1556.8193923088925,ridge,106.77939230889228,106.77939230889228
2025-4,Tags 2,14,1450.0400000000002,1560.7322456864679,ridge,110.69224568646769,110.69224568646769
2025-4,Tags 2,21,1450.0400000000002,1557.873165556367,ridge,107.8331655563668,107.8331655563668
2025-4,Tags 2,28,1450.0400000000002,1458.9679980820233,ridge,8.927998082023123,8.927998082023123
2025-4,Tags 3,7,1293.12,1719.7666777161546,ridge,426.6466777161547,426.6466777161547
2025-4,Tags 3,14,1293.12,1682.8852211593533,ridge,389.76522115935336,389.76522115935336
2025-4,Tags 3,21,1293.12,1585.879321302652,ridge,292.7593213026521,292.7593213026521
2025-4,Tags 3,28,1293.12,1542.8592483867556,ridge,249.73924838675566,249.73924838675566
2025-5,Lags 1,7,1306.0,1545.2190746443011,ridge,239.21907464430114,239.21907464430114
2025-5,Lags 1,14,1306.0,1499.8622146778864,ridge,193.8622146778864,193.8622146778864
2025-5,Lags 1,21,1306.0,1485.464148420994,ridge,179.46414842099398,179.46414842099398
2025-5,Lags 1,28,1306.0,1499.6314211741862,ridge,193.63142117418624,193.63142117418624
2025-5,Lags 2,7,1176.0,1598.029462444,ridge,422.02946244400005,422.02946244400005
2025-5,Lags 2,14,1176.0,1511.9028524831676,ridge,335.90285248316764,335.90285248316764
2025-5,Lags 2,21,1176.0,1491.5765363077142,ridge,315.57653630771415,315.57653630771415
2025-5,Lags 2,28,1176.0,1498.8428616257095,ridge,322.8428616257095,322.8428616257095
2025-5,Lags 3,7,1182.0,1551.7633738651953,ridge,369.76337386519526,369.76337386519526
2025-5,Lags 3,14,1182.0,1489.7108456452293,ridge,307.71084564522926,307.71084564522926
2025-5,Lags 3,21,1182.0,1498.5077331897396,ridge,316.5077331897396,316.5077331897396
2025-5,Lags 3,28,1182.0,1525.0982718555701,ridge,343.09827185557015,343.09827185557015
2025-5,Tags 1,7,1702.0,1439.2314233126094,ridge,-262.7685766873906,262.7685766873906
2025-5,Tags 1,14,1702.0,1420.5495715889326,ridge,-281.4504284110674,281.4504284110674
2025-5,Tags 1,21,1702.0,1415.5319393024415,ridge,-286.4680606975585,286.4680606975585
2025-5,Tags 1,28,1702.0,1506.2735859714937,ridge,-195.72641402850627,195.72641402850627
2025-5,Tags 2,7,1776.0,1455.905969345449,ridge,-320.09403065455103,320.09403065455103
2025-5,Tags 2,14,1776.0,1441.1930028067827,ridge,-334.8069971932173,334.8069971932173
2025-5,Tags 2,21,1776.0,1427.2096248779724,ridge,-348.7903751220276,348.7903751220276
2025-5,Tags 2,28,1776.0,1468.8982619978724,ridge,-307.1017380021276,307.1017380021276
2025-5,Tags 3,7,1738.0,1502.8804270479732,ridge,-235.11957295202683,235.11957295202683
2025-5,Tags 3,14,1738.0,1454.7891970749074,ridge,-283.2108029250926,283.2108029250926
2025-5,Tags 3,21,1738.0,1463.1066427422502,ridge,-274.8933572577498,274.8933572577498
2025-5,Tags 3,28,1738.0,1477.3688033581707,ridge,-260.6311966418293,260.6311966418293
2026-1,Lags 1,7,1605.9999999999998,1310.82645666854,ridge,-295.17354333145977,295.17354333145977
2026-1,Lags 1,14,1605.9999999999998,1349.500457032072,ridge,-256.4995429679277,256.4995429679277
2026-1,Lags 1,21,1605.9999999999998,1304.563223549152,ridge,-301.4367764508477,301.4367764508477
2026-1,Lags 1,28,1605.9999999999998,1335.3542433807672,ridge,-270.64575661923254,270.64575661923254
2026-1,Lags 2,7,1972.0,1575.2311289202084,ridge,-396.76887107979155,396.76887107979155
2026-1,Lags 2,14,1972.0,1607.4776983399822,ridge,-364.5223016600178,364.5223016600178
2026-1,Lags 2,21,1972.0,1590.0184482373768,ridge,-381.9815517626232,381.9815517626232
2026-1,Lags 2,28,1972.0,1588.7084294393812,ridge,-383.29157056061877,383.29157056061877
2026-1,Lags 3,7,1691.4399999999998,1391.8550676532154,ridge,-299.5849323467844,299.5849323467844
2026-1,Lags 3,14,1691.4399999999998,1408.257705019349,ridge,-283.1822949806508,283.1822949806508
2026-1,Lags 3,21,1691.4399999999998,1380.902614525578,ridge,-310.53738547442185,310.53738547442185
2026-1,Lags 3,28,1691.4399999999998,1406.7236014946598,ridge,-284.71639850534007,284.71639850534007
2026-1,Tags 1,7,1446.68,1620.507428361274,ridge,173.82742836127386,173.82742836127386
2026-1,Tags 1,14,1446.68,1621.4399915916158,ridge,174.75999159161574,174.75999159161574
2026-1,Tags 1,21,1446.68,1613.2074075506494,ridge,166.5274075506493,166.5274075506493
2026-1,Tags 1,28,1446.68,1612.1236002903056,ridge,165.44360029030554,165.44360029030554
2026-1,Tags 2,7,1550.16,1584.7011572640245,ridge,34.54115726402438,34.54115726402438
2026-1,Tags 2,14,1550.16,1554.008155121287,ridge,3.8481551212869363,3.8481551212869363
2026-1,Tags 2,21,1550.16,1671.8234120794405,ridge,121.66341207944038,121.66341207944038
2026-1,Tags 2,28,1550.16,1599.0388749245128,ridge,48.87887492451273,48.87887492451273
2026-1,Tags 3,7,1691.4399999999998,1599.5407442699359,ridge,-91.89925573006394,91.89925573006394
2026-1,Tags 3,14,1691.4399999999998,1614.2395987552309,ridge,-77.20040124476895,77.20040124476895
2026-1,Tags 3,21,1691.4399999999998,1654.00778136725,ridge,-37.43221863274994,37.43221863274994
2026-1,Tags 3,28,1691.4399999999998,1581.7522859425492,ridge,-109.68771405745065,109.68771405745065
2026-2,Lags 1,7,1192.0,1610.4637248346262,ridge,418.4637248346262,418.4637248346262
2026-2,Lags 1,14,1192.0,1533.6753256516545,ridge,341.6753256516545,341.6753256516545
2026-2,Lags 1,21,1192.0,1466.741156859281,ridge,274.7411568592811,274.7411568592811
2026-2,Lags 1,28,1192.0,1463.2861743912376,ridge,271.28617439123764,271.28617439123764
2026-2,Lags 2,7,1204.0,1562.3115734642054,ridge,358.31157346420537,358.31157346420537
2026-2,Lags 2,14,1204.0,1463.7872215812627,ridge,259.78722158126266,259.78722158126266
2026-2,Lags 2,21,1204.0,1460.293673466423,ridge,256.2936734664229,256.2936734664229
2026-2,Lags 2,28,1204.0,1392.7927979345877,ridge,188.79279793458772,188.79279793458772
2026-2,Lags 3,7,1078.0,1980.7792612889345,ridge,902.7792612889345,902.7792612889345
2026-2,Lags 3,14,1078.0,1696.297612735728,ridge,618.2976127357281,618.2976127357281
2026-2,Lags 3,21,1078.0,1689.7956806797035,ridge,611.7956806797035,611.7956806797035
2026-2,Lags 3,28,1078.0,1784.5217270268636,ridge,706.5217270268636,706.5217270268636
2026-2,Tags 1,7,1360.0,1561.055688348227,ridge,201.05568834822702,201.05568834822702
2026-2,Tags 1,14,1360.0,1548.7004442210807,ridge,188.70044422108072,188.70044422108072
2026-2,Tags 1,21,1360.0,1588.319343408014,ridge,228.319343408014,228.319343408014
2026-2,Tags 1,28,1360.0,1676.259097718925,ridge,316.259097718925,316.259097718925
2026-2,Tags 2,7,1556.2800000000002,1536.4954625455293,ridge,-19.784537454470865,19.784537454470865
2026-2,Tags 2,14,1556.2800000000002,1503.4326906043075,ridge,-52.84730939569272,52.84730939569272
2026-2,Tags 2,21,1556.2800000000002,1552.37532176959,ridge,-3.904678230410127,3.904678230410127
2026-2,Tags 2,28,1556.2800000000002,1546.9542044758953,ridge,-9.325795524104933,9.325795524104933
2026-2,Tags 3,7,1564.0,1639.2665611340087,ridge,75.26656113400873,75.26656113400873
2026-2,Tags 3,14,1564.0,1730.202656872897,ridge,166.20265687289702,166.20265687289702
2026-2,Tags 3,21,1564.0,1657.6428490561834,ridge,93.64284905618342,93.64284905618342
2026-2,Tags 3,28,1564.0,1736.5070976662532,ridge,172.50709766625323,172.50709766625323
2025-2,Tags 1,7,1573.0,1669.568493089958,huber,96.56849308995811,96.56849308995811
2025-2,Tags 1,14,1573.0,1623.078448229976,huber,50.07844822997595,50.07844822997595
2025-2,Tags 1,21,1573.0,1580.8271547773147,huber,7.827154777314718,7.827154777314718
2025-2,Tags 1,28,1573.0,1754.0652669714505,huber,181.06526697145046,181.06526697145046
2025-2,Tags 2,7,1599.0,1637.2852570262403,huber,38.28525702624029,38.28525702624029
2025-2,Tags 2,14,1599.0,1586.4815901346765,huber,-12.51840986532352,12.51840986532352
2025-2,Tags 2,21,1599.0,1630.4425653437947,huber,31.44256534379474,31.44256534379474
2025-2,Tags 2,28,1599.0,1687.3141762548569,huber,88.31417625485687,88.31417625485687
2025-2,Tags 3,7,1544.0,1534.8154022634537,huber,-9.184597736546266,9.184597736546266
2025-2,Tags 3,14,1544.0,1585.379997181605,huber,41.37999718160495,41.37999718160495
2025-2,Tags 3,21,1544.0,1566.7061099336713,huber,22.706109933671314,22.706109933671314
2025-2,Tags 3,28,1544.0,1563.1148719947928,huber,19.114871994792793,19.114871994792793
2025-3,Lags 1,7,1479.9999999999998,1419.651734152518,huber,-60.3482658474818,60.3482658474818
2025-3,Lags 1,14,1479.9999999999998,1433.2063967163226,huber,-46.79360328367716,46.79360328367716
2025-3,Lags 1,21,1479.9999999999998,1367.4633070181565,huber,-112.53669298184332,112.53669298184332
2025-3,Lags 1,28,1479.9999999999998,1424.37717556087,huber,-55.62282443912977,55.62282443912977
2025-3,Lags 2,7,1554.0,1534.8011086710974,huber,-19.19889132890262,19.19889132890262
2025-3,Lags 2,14,1554.0,1420.5367224624363,huber,-133.46327753756373,133.46327753756373
2025-3,Lags 2,21,1554.0,1443.1137389313226,huber,-110.88626106867741,110.88626106867741
2025-3,Lags 2,28,1554.0,1476.0973097989784,huber,-77.90269020102164,77.90269020102164
2025-3,Tags 1,7,1477.24,1571.9861345416014,huber,94.74613454160135,94.74613454160135
2025-3,Tags 1,14,1477.24,1530.2241931670603,huber,52.98419316706031,52.98419316706031
2025-3,Tags 1,21,1477.24,1552.0155924883425,huber,74.77559248834245,74.77559248834245
2025-3,Tags 1,28,1477.24,1562.4627386730954,huber,85.22273867309536,85.22273867309536
2025-3,Tags 2,7,1490.24,1590.2468973036314,huber,100.00689730363138,100.00689730363138
2025-3,Tags 2,14,1490.24,1548.809361798249,huber,58.56936179824902,58.56936179824902
2025-3,Tags 2,21,1490.24,1538.487228279924,huber,48.247228279924,48.247228279924
2025-3,Tags 2,28,1490.24,1592.305811069542,huber,102.06581106954195,102.06581106954195
2025-3,Tags 3,7,1582.1,1531.8535007154526,huber,-50.246499284547326,50.246499284547326
2025-3,Tags 3,14,1582.1,1484.8187095626624,huber,-97.28129043733747,97.28129043733747
2025-3,Tags 3,21,1582.1,1480.7412557232165,huber,-101.35874427678345,101.35874427678345
2025-3,Tags 3,28,1582.1,1516.6669903320806,huber,-65.43300966791935,65.43300966791935
2025-4,Lags 1,7,1568.0,1458.5416876786041,huber,-109.45831232139585,109.45831232139585
2025-4,Lags 1,14,1568.0,1488.8276632993327,huber,-79.1723367006673,79.1723367006673
2025-4,Lags 1,21,1568.0,1524.6365301234339,huber,-43.363469876566114,43.363469876566114
2025-4,Lags 1,28,1568.0,1530.9149914678705,huber,-37.08500853212945,37.08500853212945
2025-4,Lags 2,7,1594.0,1465.2955627207987,huber,-128.70443727920133,128.70443727920133
2025-4,Lags 2,14,1594.0,1492.353371921758,huber,-101.64662807824197,101.64662807824197
2025-4,Lags 2,21,1594.0,1530.4232019711017,huber,-63.57679802889834,63.57679802889834
2025-4,Lags 2,28,1594.0,1542.4761321861918,huber,-51.52386781380824,51.52386781380824
2025-4,Tags 1,7,1441.5,1578.7860282444035,huber,137.2860282444035,137.2860282444035
2025-4,Tags 1,14,1441.5,1625.686183833076,huber,184.18618383307603,184.18618383307603
2025-4,Tags 1,21,1441.5,1604.407069601255,huber,162.907069601255,162.907069601255
2025-4,Tags 1,28,1441.5,1554.270854326119,huber,112.77085432611898,112.77085432611898
2025-4,Tags 2,7,1450.0400000000002,1555.513195292071,huber,105.47319529207084,105.47319529207084
2025-4,Tags 2,14,1450.0400000000002,1552.110538857848,huber,102.07053885784785,102.07053885784785
2025-4,Tags 2,21,1450.0400000000002,1549.9327969538158,huber,99.8927969538156,99.8927969538156
2025-4,Tags 2,28,1450.0400000000002,1463.8305682009986,huber,13.79056820099845,13.79056820099845
2025-4,Tags 3,7,1293.12,1725.7286351475595,huber,432.60863514755965,432.60863514755965
2025-4,Tags 3,14,1293.12,1718.3880280762191,huber,425.26802807621925,425.26802807621925
2025-4,Tags 3,21,1293.12,1642.5291825696138,huber,349.4091825696139,349.4091825696139
2025-4,Tags 3,28,1293.12,1598.1499642065369,huber,305.029964206537,305.029964206537
2025-5,Lags 1,7,1306.0,1580.6696519359234,huber,274.6696519359234,274.6696519359234
2025-5,Lags 1,14,1306.0,1549.0718572810283,huber,243.07185728102831,243.07185728102831
2025-5,Lags 1,21,1306.0,1537.8495411856172,huber,231.84954118561723,231.84954118561723
2025-5,Lags 1,28,1306.0,1539.056254201385,huber,233.05625420138495,233.05625420138495
2025-5,Lags 2,7,1176.0,1631.7274245903127,huber,455.7274245903127,455.7274245903127
2025-5,Lags 2,14,1176.0,1557.9928040086154,huber,381.9928040086154,381.9928040086154
2025-5,Lags 2,21,1176.0,1533.8208791371317,huber,357.82087913713167,357.82087913713167
2025-5,Lags 2,28,1176.0,1533.3292998304785,huber,357.3292998304785,357.3292998304785
2025-5,Lags 3,7,1182.0,1564.758620877925,huber,382.75862087792507,382.75862087792507
2025-5,Lags 3,14,1182.0,1521.545616033719,huber,339.54561603371894,339.54561603371894
2025-5,Lags 3,21,1182.0,1528.373638109207,huber,346.3736381092069,346.3736381092069
2025-5,Lags 3,28,1182.0,1531.3630998430606,huber,349.3630998430606,349.3630998430606
2025-5,Tags 1,7,1702.0,1467.829390921557,huber,-234.17060907844302,234.17060907844302
2025-5,Tags 1,14,1702.0,1471.8052338805082,huber,-230.19476611949176,230.19476611949176
2025-5,Tags 1,21,1702.0,1450.6777372592992,huber,-251.3222627407008,251.3222627407008
2025-5,Tags 1,28,1702.0,1524.492710781211,huber,-177.50728921878908,177.50728921878908
2025-5,Tags 2,7,1776.0,1495.870933267972,huber,-280.1290667320279,280.1290667320279
2025-5,Tags 2,14,1776.0,1483.9639908648307,huber,-292.03600913516925,292.03600913516925
2025-5,Tags 2,21,1776.0,1469.9178138918337,huber,-306.0821861081663,306.0821861081663
2025-5,Tags 2,28,1776.0,1508.5746794587496,huber,-267.42532054125036,267.42532054125036
2025-5,Tags 3,7,1738.0,1547.9266265217498,huber,-190.07337347825023,190.07337347825023
2025-5,Tags 3,14,1738.0,1493.7631496579843,huber,-244.2368503420157,244.2368503420157
2025-5,Tags 3,21,1738.0,1502.345722436719,huber,-235.65427756328108,235.65427756328108
2025-5,Tags 3,28,1738.0,1514.4843270457814,huber,-223.51567295421864,223.51567295421864
2026-1,Lags 1,7,1605.9999999999998,1307.5266145075084,huber,-298.4733854924914,298.4733854924914
2026-1,Lags 1,14,1605.9999999999998,1348.9106385940715,huber,-257.08936140592823,257.08936140592823
2026-1,Lags 1,21,1605.9999999999998,1305.2126425203833,huber,-300.7873574796165,300.7873574796165
2026-1,Lags 1,28,1605.9999999999998,1340.7093924530614,huber,-265.2906075469384,265.2906075469384
2026-1,Lags 2,7,1972.0,1667.926069100918,huber,-304.0739308990819,304.0739308990819
2026-1,Lags 2,14,1972.0,1680.2991773717044,huber,-291.70082262829555,291.70082262829555
2026-1,Lags 2,21,1972.0,1646.3202057777703,huber,-325.6797942222297,325.6797942222297
2026-1,Lags 2,28,1972.0,1653.255808933131,huber,-318.744191066869,318.744191066869
2026-1,Lags 3,7,1691.4399999999998,1366.747056517878,huber,-324.6929434821218,324.6929434821218
2026-1,Lags 3,14,1691.4399999999998,1397.492916615547,huber,-293.94708338445275,293.94708338445275
2026-1,Lags 3,21,1691.4399999999998,1370.8435927692267,huber,-320.59640723077314,320.59640723077314
2026-1,Lags 3,28,1691.4399999999998,1383.4682487993682,huber,-307.9717512006316,307.9717512006316
2026-1,Tags 1,7,1446.68,1685.0093029720156,huber,238.3293029720155,238.3293029720155
2026-1,Tags 1,14,1446.68,1662.0015925792272,huber,215.32159257922717,215.32159257922717
2026-1,Tags 1,21,1446.68,1656.8576835786128,huber,210.1776835786127,210.1776835786127
2026-1,Tags 1,28,1446.68,1646.930629143189,huber,200.25062914318892,200.25062914318892
2026-1,Tags 2,7,1550.16,1574.8389261738805,huber,24.678926173880427,24.678926173880427
2026-1,Tags 2,14,1550.16,1546.0811165062582,huber,-4.0788834937418414,4.0788834937418414
2026-1,Tags 2,21,1550.16,1658.753095678288,huber,108.59309567828791,108.59309567828791
2026-1,Tags 2,28,1550.16,1590.6643018855057,huber,40.50430188550558,40.50430188550558
2026-1,Tags 3,7,1691.4399999999998,1673.7040437780443,huber,-17.735956221955576,17.735956221955576
2026-1,Tags 3,14,1691.4399999999998,1693.8817311328858,huber,2.441731132885934,2.441731132885934
2026-1,Tags 3,21,1691.4399999999998,1722.6802700453545,huber,31.24027004535469,31.24027004535469
2026-1,Tags 3,28,1691.4399999999998,1643.9657373782793,huber,-47.47426262172053,47.47426262172053
2026-2,Lags 1,7,1192.0,1652.6889242987315,huber,460.68892429873154,460.68892429873154
2026-2,Lags 1,14,1192.0,1564.4553788477026,huber,372.4553788477026,372.4553788477026
2026-2,Lags 1,21,1192.0,1476.369686055779,huber,284.3696860557791,284.3696860557791
2026-2,Lags 1,28,1192.0,1464.7352792056329,huber,272.7352792056329,272.7352792056329
2026-2,Lags 2,7,1204.0,1585.2568633216822,huber,381.2568633216822,381.2568633216822
2026-2,Lags 2,14,1204.0,1455.479140069032,huber,251.47914006903193,251.47914006903193
2026-2,Lags 2,21,1204.0,1453.0735136673204,huber,249.0735136673204,249.0735136673204
2026-2,Lags 2,28,1204.0,1381.361779385031,huber,177.361779385031,177.361779385031
2026-2,Lags 3,7,1078.0,1889.3359610265034,huber,811.3359610265034,811.3359610265034
2026-2,Lags 3,14,1078.0,1638.6782242663542,huber,560.6782242663542,560.6782242663542
2026-2,Lags 3,21,1078.0,1616.3810107416625,huber,538.3810107416625,538.3810107416625
2026-2,Lags 3,28,1078.0,1658.6551349705685,huber,580.6551349705685,580.6551349705685
2026-2,Tags 1,7,1360.0,1580.3519171369242,huber,220.35191713692416,220.35191713692416
2026-2,Tags 1,14,1360.0,1531.776955887274,huber,171.77695588727397,171.77695588727397
2026-2,Tags 1,21,1360.0,1576.7720680337143,huber,216.77206803371428,216.77206803371428
2026-2,Tags 1,28,1360.0,1661.6095845186187,huber,301.6095845186187,301.6095845186187
2026-2,Tags 2,7,1556.2800000000002,1536.5659474573572,huber,-19.714052542643003,19.714052542643003
2026-2,Tags 2,14,1556.2800000000002,1490.9685258655952,huber,-65.31147413440499,65.31147413440499
2026-2,Tags 2,21,1556.2800000000002,1535.43374222152,huber,-20.846257778480094,20.846257778480094
2026-2,Tags 2,28,1556.2800000000002,1528.115130827941,huber,-28.164869172059298,28.164869172059298
2026-2,Tags 3,7,1564.0,1678.094080166627,huber,114.09408016662701,114.09408016662701
2026-2,Tags 3,14,1564.0,1726.6067263385205,huber,162.6067263385205,162.6067263385205
2026-2,Tags 3,21,1564.0,1658.3354920887978,huber,94.33549208879776,94.33549208879776
2026-2,Tags 3,28,1564.0,1727.591057994792,huber,163.59105799479198,163.59105799479198
2025-2,Tags 1,7,1573.0,1507.7435533333257,extra_trees,-65.25644666667426,65.25644666667426
2025-2,Tags 1,14,1573.0,1498.4657133333258,extra_trees,-74.53428666667423,74.53428666667423
2025-2,Tags 1,21,1573.0,1497.9869333333256,extra_trees,-75.01306666667438,75.01306666667438
2025-2,Tags 1,28,1573.0,1532.5470666666592,extra_trees,-40.45293333334075,40.45293333334075
2025-2,Tags 2,7,1599.0,1543.8647399999995,extra_trees,-55.13526000000047,55.13526000000047
2025-2,Tags 2,14,1599.0,1534.6010800000004,extra_trees,-64.39891999999963,64.39891999999963
2025-2,Tags 2,21,1599.0,1534.8421866666674,extra_trees,-64.15781333333257,64.15781333333257
2025-2,Tags 2,28,1599.0,1557.3915,extra_trees,-41.60850000000005,41.60850000000005
2025-2,Tags 3,7,1544.0,1525.2826399999915,extra_trees,-18.71736000000851,18.71736000000851
2025-2,Tags 3,14,1544.0,1516.550133333324,extra_trees,-27.449866666675916,27.449866666675916
2025-2,Tags 3,21,1544.0,1515.1127399999907,extra_trees,-28.88726000000929,28.88726000000929
2025-2,Tags 3,28,1544.0,1515.5242599999908,extra_trees,-28.475740000009182,28.475740000009182
2025-3,Lags 1,7,1479.9999999999998,1350.0615933333327,extra_trees,-129.9384066666671,129.9384066666671
2025-3,Lags 1,14,1479.9999999999998,1370.856273333333,extra_trees,-109.14372666666668,109.14372666666668
2025-3,Lags 1,21,1479.9999999999998,1379.371986666666,extra_trees,-100.62801333333368,100.62801333333368
2025-3,Lags 1,28,1479.9999999999998,1393.913026666666,extra_trees,-86.08697333333384,86.08697333333384
2025-3,Lags 2,7,1554.0,1500.7706199999989,extra_trees,-53.22938000000113,53.22938000000113
2025-3,Lags 2,14,1554.0,1487.4662066666656,extra_trees,-66.53379333333442,66.53379333333442
2025-3,Lags 2,21,1554.0,1486.3398666666653,extra_trees,-67.66013333333467,67.66013333333467
2025-3,Lags 2,28,1554.0,1520.6719266666644,extra_trees,-33.328073333335624,33.328073333335624
2025-3,Tags 1,7,1477.24,1552.2873066666687,extra_trees,75.04730666666865,75.04730666666865
2025-3,Tags 1,14,1477.24,1551.091213333335,extra_trees,73.85121333333495,73.85121333333495
2025-3,Tags 1,21,1477.24,1550.8563600000032,extra_trees,73.61636000000317,73.61636000000317
2025-3,Tags 1,28,1477.24,1557.3278400000024,extra_trees,80.08784000000242,80.08784000000242
2025-3,Tags 2,7,1490.24,1580.2226933333347,extra_trees,89.98269333333474,89.98269333333474
2025-3,Tags 2,14,1490.24,1577.6728000000016,extra_trees,87.43280000000163,87.43280000000163
2025-3,Tags 2,21,1490.24,1574.6951066666686,extra_trees,84.4551066666686,84.4551066666686
2025-3,Tags 2,28,1490.24,1574.3995733333347,extra_trees,84.15957333333472,84.15957333333472
2025-3,Tags 3,7,1582.1,1619.1930266666682,extra_trees,37.093026666668266,37.093026666668266
2025-3,Tags 3,14,1582.1,1639.7487200000007,extra_trees,57.64872000000082,57.64872000000082
2025-3,Tags 3,21,1582.1,1658.9547466666672,extra_trees,76.85474666666732,76.85474666666732
2025-3,Tags 3,28,1582.1,1660.6384666666677,extra_trees,78.53846666666777,78.53846666666777
2025-4,Lags 1,7,1568.0,1631.1339733333177,extra_trees,63.133973333317726,63.133973333317726
2025-4,Lags 1,14,1568.0,1547.5517199999924,extra_trees,-20.44828000000757,20.44828000000757
2025-4,Lags 1,21,1568.0,1542.5679333333276,extra_trees,-25.432066666672426,25.432066666672426
2025-4,Lags 1,28,1568.0,1552.4885799999931,extra_trees,-15.511420000006865,15.511420000006865
2025-4,Lags 2,7,1594.0,1586.0723466666536,extra_trees,-7.92765333334637,7.92765333334637
2025-4,Lags 2,14,1594.0,1550.4215999999924,extra_trees,-43.578400000007605,43.578400000007605
2025-4,Lags 2,21,1594.0,1505.232173333329,extra_trees,-88.767826666671,88.767826666671
2025-4,Lags 2,28,1594.0,1515.9185199999952,extra_trees,-78.08148000000483,78.08148000000483
2025-4,Tags 1,7,1441.5,1507.506859999999,extra_trees,66.00685999999905,66.00685999999905
2025-4,Tags 1,14,1441.5,1516.1612666666658,extra_trees,74.66126666666582,74.66126666666582
2025-4,Tags 1,21,1441.5,1527.8449333333328,extra_trees,86.34493333333285,86.34493333333285
2025-4,Tags 1,28,1441.5,1479.0904666666665,extra_trees,37.59046666666654,37.59046666666654
2025-4,Tags 2,7,1450.0400000000002,1519.851793333331,extra_trees,69.8117933333308,69.8117933333308
2025-4,Tags 2,14,1450.0400000000002,1558.5700066666648,extra_trees,108.53000666666458,108.53000666666458
2025-4,Tags 2,21,1450.0400000000002,1559.5556666666644,extra_trees,109.51566666666417,109.51566666666417
2025-4,Tags 2,28,1450.0400000000002,1508.7927733333322,extra_trees,58.752773333332016,58.752773333332016
2025-4,Tags 3,7,1293.12,1541.8946666666664,extra_trees,248.77466666666646,248.77466666666646
2025-4,Tags 3,14,1293.12,1609.6933933333332,extra_trees,316.57339333333334,316.57339333333334
2025-4,Tags 3,21,1293.12,1579.6997866666668,extra_trees,286.5797866666669,286.5797866666669
2025-4,Tags 3,28,1293.12,1541.4446933333336,extra_trees,248.3246933333337,248.3246933333337
2025-5,Lags 1,7,1306.0,1569.61028,extra_trees,263.6102800000001,263.6102800000001
2025-5,Lags 1,14,1306.0,1547.881639999999,extra_trees,241.88163999999892,241.88163999999892
2025-5,Lags 1,21,1306.0,1570.682666666664,extra_trees,264.6826666666641,264.6826666666641
2025-5,Lags 1,28,1306.0,1560.2767266666654,extra_trees,254.27672666666535,254.27672666666535
2025-5,Lags 2,7,1176.0,1594.9564799999994,extra_trees,418.9564799999994,418.9564799999994
2025-5,Lags 2,14,1176.0,1524.0279199999995,extra_trees,348.02791999999954,348.02791999999954
2025-5,Lags 2,21,1176.0,1514.4592333333321,extra_trees,338.4592333333321,338.4592333333321
2025-5,Lags 2,28,1176.0,1530.4346600000001,extra_trees,354.4346600000001,354.4346600000001
2025-5,Lags 3,7,1182.0,1571.2966866666654,extra_trees,389.29668666666544,389.29668666666544
2025-5,Lags 3,14,1182.0,1515.437273333333,extra_trees,333.437273333333,333.437273333333
2025-5,Lags 3,21,1182.0,1508.761019999999,extra_trees,326.761019999999,326.761019999999
2025-5,Lags 3,28,1182.0,1542.2759133333323,extra_trees,360.27591333333226,360.27591333333226
2025-5,Tags 1,7,1702.0,1473.6670533333313,extra_trees,-228.3329466666687,228.3329466666687
2025-5,Tags 1,14,1702.0,1472.7972599999962,extra_trees,-229.2027400000038,229.2027400000038
2025-5,Tags 1,21,1702.0,1464.2878933333309,extra_trees,-237.71210666666911,237.71210666666911
2025-5,Tags 1,28,1702.0,1464.5576733333305,extra_trees,-237.4423266666695,237.4423266666695
2025-5,Tags 2,7,1776.0,1463.110486666669,extra_trees,-312.889513333331,312.889513333331
2025-5,Tags 2,14,1776.0,1456.288753333335,extra_trees,-319.7112466666649,319.7112466666649
2025-5,Tags 2,21,1776.0,1460.7308600000015,extra_trees,-315.2691399999985,315.2691399999985
2025-5,Tags 2,28,1776.0,1461.2990800000011,extra_trees,-314.70091999999886,314.70091999999886
2025-5,Tags 3,7,1738.0,1415.984226666666,extra_trees,-322.015773333334,322.015773333334
2025-5,Tags 3,14,1738.0,1399.1231066666653,extra_trees,-338.8768933333347,338.8768933333347
2025-5,Tags 3,21,1738.0,1412.0449399999993,extra_trees,-325.9550600000007,325.9550600000007
2025-5,Tags 3,28,1738.0,1409.5930999999985,extra_trees,-328.40690000000154,328.40690000000154
2026-1,Lags 1,7,1605.9999999999998,1458.9867333333334,extra_trees,-147.01326666666637,147.01326666666637
2026-1,Lags 1,14,1605.9999999999998,1444.412226666667,extra_trees,-161.58777333333273,161.58777333333273
2026-1,Lags 1,21,1605.9999999999998,1463.1129733333335,extra_trees,-142.88702666666632,142.88702666666632
2026-1,Lags 1,28,1605.9999999999998,1467.882146666667,extra_trees,-138.11785333333273,138.11785333333273
2026-1,Lags 2,7,1972.0,1504.2186133333335,extra_trees,-467.78138666666655,467.78138666666655
2026-1,Lags 2,14,1972.0,1512.9280866666672,extra_trees,-459.07191333333276,459.07191333333276
2026-1,Lags 2,21,1972.0,1507.6254133333339,extra_trees,-464.3745866666661,464.3745866666661
2026-1,Lags 2,28,1972.0,1507.1071133333337,extra_trees,-464.8928866666663,464.8928866666663
2026-1,Lags 3,7,1691.4399999999998,1524.3304800000005,extra_trees,-167.1095199999993,167.1095199999993
2026-1,Lags 3,14,1691.4399999999998,1444.8197733333334,extra_trees,-246.62022666666644,246.62022666666644
2026-1,Lags 3,21,1691.4399999999998,1441.2691400000003,extra_trees,-250.1708599999995,250.1708599999995
2026-1,Lags 3,28,1691.4399999999998,1509.7877466666673,extra_trees,-181.6522533333325,181.6522533333325
2026-1,Tags 1,7,1446.68,1544.8302,extra_trees,98.15020000000004,98.15020000000004
2026-1,Tags 1,14,1446.68,1520.4126200000014,extra_trees,73.73262000000136,73.73262000000136
2026-1,Tags 1,21,1446.68,1528.8370133333349,extra_trees,82.15701333333482,82.15701333333482
2026-1,Tags 1,28,1446.68,1532.5454333333344,extra_trees,85.8654333333343,85.8654333333343
2026-1,Tags 2,7,1550.16,1600.4686866666675,extra_trees,50.30868666666743,50.30868666666743
2026-1,Tags 2,14,1550.16,1524.8210466666692,extra_trees,-25.338953333330892,25.338953333330892
2026-1,Tags 2,21,1550.16,1524.8197933333358,extra_trees,-25.340206666664244,25.340206666664244
2026-1,Tags 2,28,1550.16,1525.3509333333354,extra_trees,-24.80906666666465,24.80906666666465
2026-1,Tags 3,7,1691.4399999999998,1522.6398333333348,extra_trees,-168.80016666666506,168.80016666666506
2026-1,Tags 3,14,1691.4399999999998,1531.5642533333357,extra_trees,-159.8757466666641,159.8757466666641
2026-1,Tags 3,21,1691.4399999999998,1532.063640000002,extra_trees,-159.37635999999793,159.37635999999793
2026-1,Tags 3,28,1691.4399999999998,1534.7321600000018,extra_trees,-156.707839999998,156.707839999998
2026-2,Lags 1,7,1192.0,1538.143386666665,extra_trees,346.14338666666504,346.14338666666504
2026-2,Lags 1,14,1192.0,1496.5501799999988,extra_trees,304.5501799999988,304.5501799999988
2026-2,Lags 1,21,1192.0,1461.8296799999982,extra_trees,269.82967999999823,269.82967999999823
2026-2,Lags 1,28,1192.0,1466.1925199999991,extra_trees,274.19251999999915,274.19251999999915
2026-2,Lags 2,7,1204.0,1515.3010133333319,extra_trees,311.30101333333187,311.30101333333187
2026-2,Lags 2,14,1204.0,1468.2027399999984,extra_trees,264.20273999999836,264.20273999999836
2026-2,Lags 2,21,1204.0,1457.4612266666652,extra_trees,253.4612266666652,253.4612266666652
2026-2,Lags 2,28,1204.0,1470.5992599999986,extra_trees,266.5992599999986,266.5992599999986
2026-2,Lags 3,7,1078.0,1249.6081666666662,extra_trees,171.6081666666662,171.6081666666662
2026-2,Lags 3,14,1078.0,1398.0630666666661,extra_trees,320.06306666666615,320.06306666666615
2026-2,Lags 3,21,1078.0,1399.2380133333327,extra_trees,321.2380133333327,321.2380133333327
2026-2,Lags 3,28,1078.0,1407.5733266666657,extra_trees,329.5733266666657,329.5733266666657
2026-2,Tags 1,7,1360.0,1678.1100799999956,extra_trees,318.1100799999956,318.1100799999956
2026-2,Tags 1,14,1360.0,1654.291826666662,extra_trees,294.291826666662,294.291826666662
2026-2,Tags 1,21,1360.0,1651.1598466666621,extra_trees,291.15984666666213,291.15984666666213
2026-2,Tags 1,28,1360.0,1648.9001533333294,extra_trees,288.9001533333294,288.9001533333294
2026-2,Tags 2,7,1556.2800000000002,1680.453859999998,extra_trees,124.17385999999783,124.17385999999783
2026-2,Tags 2,14,1556.2800000000002,1659.0561066666646,extra_trees,102.77610666666442,102.77610666666442
2026-2,Tags 2,21,1556.2800000000002,1654.6712799999987,extra_trees,98.39127999999846,98.39127999999846
2026-2,Tags 2,28,1556.2800000000002,1652.869386666665,extra_trees,96.58938666666472,96.58938666666472
2026-2,Tags 3,7,1564.0,1694.0919599999959,extra_trees,130.09195999999588,130.09195999999588
2026-2,Tags 3,14,1564.0,1674.6663466666623,extra_trees,110.66634666666232,110.66634666666232
2026-2,Tags 3,21,1564.0,1671.3665399999954,extra_trees,107.36653999999544,107.36653999999544
2026-2,Tags 3,28,1564.0,1665.974666666663,extra_trees,101.9746666666631,101.9746666666631
2025-2,Tags 1,7,1573.0,1648.5208778828344,gradient_boosting,75.52087788283438,75.52087788283438
2025-2,Tags 1,14,1573.0,1535.3328340003216,gradient_boosting,-37.667165999678446,37.667165999678446
2025-2,Tags 1,21,1573.0,1535.3328340003216,gradient_boosting,-37.667165999678446,37.667165999678446
2025-2,Tags 1,28,1573.0,1818.4495107622224,gradient_boosting,245.44951076222242,245.44951076222242
2025-2,Tags 2,7,1599.0,1645.6471313113689,gradient_boosting,46.64713131136887,46.64713131136887
2025-2,Tags 2,14,1599.0,1532.459087428856,gradient_boosting,-66.54091257114396,66.54091257114396
2025-2,Tags 2,21,1599.0,1529.0940562592561,gradient_boosting,-69.90594374074385,69.90594374074385
2025-2,Tags 2,28,1599.0,1810.701475524329,gradient_boosting,211.701475524329,211.701475524329
2025-2,Tags 3,7,1544.0,1625.3800916539146,gradient_boosting,81.38009165391463,81.38009165391463
2025-2,Tags 3,14,1544.0,1508.827016601802,gradient_boosting,-35.172983398198085,35.172983398198085
2025-2,Tags 3,21,1544.0,1508.827016601802,gradient_boosting,-35.172983398198085,35.172983398198085
2025-2,Tags 3,28,1544.0,1507.6861942837438,gradient_boosting,-36.313805716256184,36.313805716256184
2025-3,Lags 1,7,1479.9999999999998,1705.520991860546,gradient_boosting,225.52099186054625,225.52099186054625
2025-3,Lags 1,14,1479.9999999999998,1726.1161701950286,gradient_boosting,246.11617019502887,246.11617019502887
2025-3,Lags 1,21,1479.9999999999998,1732.0478673893338,gradient_boosting,252.047867389334,252.047867389334
2025-3,Lags 1,28,1479.9999999999998,1813.1745799789633,gradient_boosting,333.1745799789635,333.1745799789635
2025-3,Lags 2,7,1554.0,1683.793736050803,gradient_boosting,129.7937360508031,129.7937360508031
2025-3,Lags 2,14,1554.0,1635.4636666484837,gradient_boosting,81.4636666484837,81.4636666484837
2025-3,Lags 2,21,1554.0,1683.210884584164,gradient_boosting,129.21088458416398,129.21088458416398
2025-3,Lags 2,28,1554.0,1695.906235914565,gradient_boosting,141.90623591456506,141.90623591456506
2025-3,Tags 1,7,1477.24,1558.5345622596471,gradient_boosting,81.29456225964714,81.29456225964714
2025-3,Tags 1,14,1477.24,1556.1183457458383,gradient_boosting,78.87834574583826,78.87834574583826
2025-3,Tags 1,21,1477.24,1556.1183457458383,gradient_boosting,78.87834574583826,78.87834574583826
2025-3,Tags 1,28,1477.24,1561.7259646777466,gradient_boosting,84.48596467774655,84.48596467774655
2025-3,Tags 2,7,1490.24,1581.3045482055286,gradient_boosting,91.06454820552858,91.06454820552858
2025-3,Tags 2,14,1490.24,1581.116416612312,gradient_boosting,90.87641661231191,90.87641661231191
2025-3,Tags 2,21,1490.24,1578.5383077388606,gradient_boosting,88.29830773886056,88.29830773886056
2025-3,Tags 2,28,1490.24,1584.1459266707689,gradient_boosting,93.90592667076885,93.90592667076885
2025-3,Tags 3,7,1582.1,1572.129235949282,gradient_boosting,-9.97076405071789,9.97076405071789
2025-3,Tags 3,14,1582.1,1586.216050771707,gradient_boosting,4.116050771707023,4.116050771707023
2025-3,Tags 3,21,1582.1,1605.4341535613512,gradient_boosting,23.334153561351286,23.334153561351286
2025-3,Tags 3,28,1582.1,1611.0417724932595,gradient_boosting,28.941772493259577,28.941772493259577
2025-4,Lags 1,7,1568.0,1560.7757006060792,gradient_boosting,-7.224299393920774,7.224299393920774
2025-4,Lags 1,14,1568.0,1558.3902672775766,gradient_boosting,-9.60973272242336,9.60973272242336
2025-4,Lags 1,21,1568.0,1558.3902672775766,gradient_boosting,-9.60973272242336,9.60973272242336
2025-4,Lags 1,28,1568.0,1545.231618096074,gradient_boosting,-22.768381903925956,22.768381903925956
2025-4,Lags 2,7,1594.0,1565.8144487012025,gradient_boosting,-28.185551298797463,28.185551298797463
2025-4,Lags 2,14,1594.0,1558.3902672775766,gradient_boosting,-35.60973272242336,35.60973272242336
2025-4,Lags 2,21,1594.0,1516.302214880708,gradient_boosting,-77.6977851192919,77.6977851192919
2025-4,Lags 2,28,1594.0,1559.9866827486658,gradient_boosting,-34.01331725133423,34.01331725133423
2025-4,Tags 1,7,1441.5,1230.0229663154093,gradient_boosting,-211.47703368459065,211.47703368459065
2025-4,Tags 1,14,1441.5,1233.5530933731886,gradient_boosting,-207.94690662681137,207.94690662681137
2025-4,Tags 1,21,1441.5,1455.9435414037416,gradient_boosting,14.44354140374162,14.44354140374162
2025-4,Tags 1,28,1441.5,1455.9435414037416,gradient_boosting,14.44354140374162,14.44354140374162
2025-4,Tags 2,7,1450.0400000000002,1362.9597557554941,gradient_boosting,-87.08024424450605,87.08024424450605
2025-4,Tags 2,14,1450.0400000000002,1369.503881993383,gradient_boosting,-80.53611800661724,80.53611800661724
2025-4,Tags 2,21,1450.0400000000002,1369.503881993383,gradient_boosting,-80.53611800661724,80.53611800661724
2025-4,Tags 2,28,1450.0400000000002,1356.1697025375192,gradient_boosting,-93.87029746248095,93.87029746248095
2025-4,Tags 3,7,1293.12,1281.1787949084232,gradient_boosting,-11.941205091576649,11.941205091576649
2025-4,Tags 3,14,1293.12,1428.1052979596816,gradient_boosting,134.9852979596817,134.9852979596817
2025-4,Tags 3,21,1293.12,1438.8085509350965,gradient_boosting,145.6885509350966,145.6885509350966
2025-4,Tags 3,28,1293.12,1476.8286842933514,gradient_boosting,183.70868429335155,183.70868429335155
2025-5,Lags 1,7,1306.0,1472.8967139057684,gradient_boosting,166.89671390576837,166.89671390576837
2025-5,Lags 1,14,1306.0,1483.6069202855,gradient_boosting,177.6069202855001,177.6069202855001
2025-5,Lags 1,21,1306.0,1471.2803929354318,gradient_boosting,165.2803929354318,165.2803929354318
2025-5,Lags 1,28,1306.0,1490.9974824435733,gradient_boosting,184.9974824435733,184.9974824435733
2025-5,Lags 2,7,1176.0,1471.0410931613778,gradient_boosting,295.04109316137783,295.04109316137783
2025-5,Lags 2,14,1176.0,1386.5444914595312,gradient_boosting,210.54449145953117,210.54449145953117
2025-5,Lags 2,21,1176.0,1395.967734020912,gradient_boosting,219.96773402091208,219.96773402091208
2025-5,Lags 2,28,1176.0,1379.3163827555763,gradient_boosting,203.31638275557634,203.31638275557634
2025-5,Lags 3,7,1182.0,1474.580324971379,gradient_boosting,292.580324971379,292.580324971379
2025-5,Lags 3,14,1182.0,1478.4229904072806,gradient_boosting,296.4229904072806,296.4229904072806
2025-5,Lags 3,21,1182.0,1457.0460604881127,gradient_boosting,275.04606048811274,275.04606048811274
2025-5,Lags 3,28,1182.0,1484.554155774641,gradient_boosting,302.554155774641,302.554155774641
2025-5,Tags 1,7,1702.0,1516.286977510357,gradient_boosting,-185.71302248964298,185.71302248964298
2025-5,Tags 1,14,1702.0,1508.018630771038,gradient_boosting,-193.98136922896197,193.98136922896197
2025-5,Tags 1,21,1702.0,1508.8157562029605,gradient_boosting,-193.18424379703947,193.18424379703947
2025-5,Tags 1,28,1702.0,1511.1811414823078,gradient_boosting,-190.8188585176922,190.8188585176922
2025-5,Tags 2,7,1776.0,1541.9309074232317,gradient_boosting,-234.0690925767683,234.0690925767683
2025-5,Tags 2,14,1776.0,1535.8627025667608,gradient_boosting,-240.13729743323915,240.13729743323915
2025-5,Tags 2,21,1776.0,1535.8627025667608,gradient_boosting,-240.13729743323915,240.13729743323915
2025-5,Tags 2,28,1776.0,1541.1138247135973,gradient_boosting,-234.8861752864027,234.8861752864027
2025-5,Tags 3,7,1738.0,1545.5763353056036,gradient_boosting,-192.4236646943964,192.4236646943964
2025-5,Tags 3,14,1738.0,1538.426819107036,gradient_boosting,-199.57318089296405,199.57318089296405
2025-5,Tags 3,21,1738.0,1538.426819107036,gradient_boosting,-199.57318089296405,199.57318089296405
2025-5,Tags 3,28,1738.0,1543.6779412538724,gradient_boosting,-194.3220587461276,194.3220587461276
2026-1,Lags 1,7,1605.9999999999998,1552.9374207694768,gradient_boosting,-53.06257923052294,53.06257923052294
2026-1,Lags 1,14,1605.9999999999998,1552.9374207694768,gradient_boosting,-53.06257923052294,53.06257923052294
2026-1,Lags 1,21,1605.9999999999998,1564.092923819032,gradient_boosting,-41.907076180967806,41.907076180967806
2026-1,Lags 1,28,1605.9999999999998,1548.4026828213835,gradient_boosting,-57.59731717861632,57.59731717861632
2026-1,Lags 2,7,1972.0,1532.4343828024644,gradient_boosting,-439.56561719753563,439.56561719753563
2026-1,Lags 2,14,1972.0,1538.7455922882607,gradient_boosting,-433.2544077117393,433.2544077117393
2026-1,Lags 2,21,1972.0,1538.6295497692586,gradient_boosting,-433.3704502307414,433.3704502307414
2026-1,Lags 2,28,1972.0,1538.6295497692586,gradient_boosting,-433.3704502307414,433.3704502307414
2026-1,Lags 3,7,1691.4399999999998,1562.074974037922,gradient_boosting,-129.36502596207788,129.36502596207788
2026-1,Lags 3,14,1691.4399999999998,1439.2476848247247,gradient_boosting,-252.1923151752751,252.1923151752751
2026-1,Lags 3,21,1691.4399999999998,1573.9441424666154,gradient_boosting,-117.49585753338442,117.49585753338442
2026-1,Lags 3,28,1691.4399999999998,1540.664608125845,gradient_boosting,-150.77539187415482,150.77539187415482
2026-1,Tags 1,7,1446.68,1563.6505535031504,gradient_boosting,116.97055350315031,116.97055350315031
2026-1,Tags 1,14,1446.68,1519.8825097624717,gradient_boosting,73.20250976247166,73.20250976247166
2026-1,Tags 1,21,1446.68,1519.8825097624717,gradient_boosting,73.20250976247166,73.20250976247166
2026-1,Tags 1,28,1446.68,1519.8825097624717,gradient_boosting,73.20250976247166,73.20250976247166
2026-1,Tags 2,7,1550.16,1723.3509112396673,gradient_boosting,173.19091123966723,173.19091123966723
2026-1,Tags 2,14,1550.16,1527.0955991023166,gradient_boosting,-23.064400897683527,23.064400897683527
2026-1,Tags 2,21,1550.16,1527.0955991023166,gradient_boosting,-23.064400897683527,23.064400897683527
2026-1,Tags 2,28,1550.16,1527.0955991023166,gradient_boosting,-23.064400897683527,23.064400897683527
2026-1,Tags 3,7,1691.4399999999998,1556.2677634749575,gradient_boosting,-135.1722365250423,135.1722365250423
2026-1,Tags 3,14,1691.4399999999998,1524.8249185820027,gradient_boosting,-166.6150814179971,166.6150814179971
2026-1,Tags 3,21,1691.4399999999998,1524.8249185820027,gradient_boosting,-166.6150814179971,166.6150814179971
2026-1,Tags 3,28,1691.4399999999998,1524.8249185820027,gradient_boosting,-166.6150814179971,166.6150814179971
2026-2,Lags 1,7,1192.0,1625.9536089163846,gradient_boosting,433.9536089163846,433.9536089163846
2026-2,Lags 1,14,1192.0,1623.1518087045272,gradient_boosting,431.1518087045272,431.1518087045272
2026-2,Lags 1,21,1192.0,1609.3097303908246,gradient_boosting,417.3097303908246,417.3097303908246
2026-2,Lags 1,28,1192.0,1608.3028748781517,gradient_boosting,416.30287487815167,416.30287487815167
2026-2,Lags 2,7,1204.0,1615.5354062102174,gradient_boosting,411.5354062102174,411.5354062102174
2026-2,Lags 2,14,1204.0,1616.1580693698447,gradient_boosting,412.1580693698447,412.1580693698447
2026-2,Lags 2,21,1204.0,1611.7273382496364,gradient_boosting,407.72733824963643,407.72733824963643
2026-2,Lags 2,28,1204.0,1611.7273382496364,gradient_boosting,407.72733824963643,407.72733824963643
2026-2,Lags 3,7,1078.0,1256.1997453210763,gradient_boosting,178.1997453210763,178.1997453210763
2026-2,Lags 3,14,1078.0,1378.4524652801358,gradient_boosting,300.4524652801358,300.4524652801358
2026-2,Lags 3,21,1078.0,1375.0246563744952,gradient_boosting,297.0246563744952,297.0246563744952
2026-2,Lags 3,28,1078.0,1375.0246563744952,gradient_boosting,297.0246563744952,297.0246563744952
2026-2,Tags 1,7,1360.0,1885.0635753748352,gradient_boosting,525.0635753748352,525.0635753748352
2026-2,Tags 1,14,1360.0,1623.9740638023823,gradient_boosting,263.97406380238226,263.97406380238226
2026-2,Tags 1,21,1360.0,1632.2140422906195,gradient_boosting,272.21404229061955,272.21404229061955
2026-2,Tags 1,28,1360.0,1638.4738586602477,gradient_boosting,278.47385866024774,278.47385866024774
2026-2,Tags 2,7,1556.2800000000002,1667.0492616143542,gradient_boosting,110.76926161435404,110.76926161435404
2026-2,Tags 2,14,1556.2800000000002,1654.973614680619,gradient_boosting,98.6936146806188,98.6936146806188
2026-2,Tags 2,21,1556.2800000000002,1656.802725291147,gradient_boosting,100.5227252911468,100.5227252911468
2026-2,Tags 2,28,1556.2800000000002,1654.973614680619,gradient_boosting,98.6936146806188,98.6936146806188
2026-2,Tags 3,7,1564.0,1614.931493220655,gradient_boosting,50.93149322065506,50.93149322065506
2026-2,Tags 3,14,1564.0,1623.9746515663317,gradient_boosting,59.97465156633166,59.97465156633166
2026-2,Tags 3,21,1564.0,1622.1449531918543,gradient_boosting,58.144953191854256,58.144953191854256
2026-2,Tags 3,28,1564.0,1618.721077584319,gradient_boosting,54.72107758431889,54.72107758431889
2025-2,Tags 1,7,1573.0,1523.3038824006558,catboost_extended,-49.696117599344234,49.696117599344234
2025-2,Tags 1,14,1573.0,1533.9326681701007,catboost_extended,-39.06733182989933,39.06733182989933
2025-2,Tags 1,21,1573.0,1536.1392715506508,catboost_extended,-36.86072844934915,36.86072844934915
2025-2,Tags 1,28,1573.0,1552.324968253868,catboost_extended,-20.675031746131936,20.675031746131936
2025-2,Tags 2,7,1599.0,1534.2143259033849,catboost_extended,-64.78567409661514,64.78567409661514
2025-2,Tags 2,14,1599.0,1531.7458020838308,catboost_extended,-67.25419791616923,67.25419791616923
2025-2,Tags 2,21,1599.0,1536.577755343675,catboost_extended,-62.42224465632489,62.42224465632489
2025-2,Tags 2,28,1599.0,1547.1883020037137,catboost_extended,-51.811697996286284,51.811697996286284
2025-2,Tags 3,7,1544.0,1503.8610671477663,catboost_extended,-40.138932852233665,40.138932852233665
2025-2,Tags 3,14,1544.0,1521.9669852906904,catboost_extended,-22.033014709309555,22.033014709309555
2025-2,Tags 3,21,1544.0,1517.1680505849204,catboost_extended,-26.831949415079634,26.831949415079634
2025-2,Tags 3,28,1544.0,1504.304927663404,catboost_extended,-39.69507233659601,39.69507233659601
2025-3,Lags 1,7,1479.9999999999998,1449.7561518467037,catboost_extended,-30.243848153296085,30.243848153296085
2025-3,Lags 1,14,1479.9999999999998,1494.1095985805039,catboost_extended,14.109598580504098,14.109598580504098
2025-3,Lags 1,21,1479.9999999999998,1480.6896305630887,catboost_extended,0.6896305630889401,0.6896305630889401
2025-3,Lags 1,28,1479.9999999999998,1505.8439635652799,catboost_extended,25.84396356528009,25.84396356528009
2025-3,Lags 2,7,1554.0,1519.2269673387345,catboost_extended,-34.77303266126546,34.77303266126546
2025-3,Lags 2,14,1554.0,1413.805817286939,catboost_extended,-140.19418271306108,140.19418271306108
2025-3,Lags 2,21,1554.0,1449.7690069592486,catboost_extended,-104.2309930407514,104.2309930407514
2025-3,Lags 2,28,1554.0,1499.3342235603993,catboost_extended,-54.66577643960068,54.66577643960068
2025-3,Tags 1,7,1477.24,1553.8395902538584,catboost_extended,76.59959025385842,76.59959025385842
2025-3,Tags 1,14,1477.24,1545.1248660327788,catboost_extended,67.88486603277875,67.88486603277875
2025-3,Tags 1,21,1477.24,1556.36718150457,catboost_extended,79.12718150456999,79.12718150456999
2025-3,Tags 1,28,1477.24,1565.3644685391719,catboost_extended,88.12446853917186,88.12446853917186
2025-3,Tags 2,7,1490.24,1586.3788328777707,catboost_extended,96.13883287777071,96.13883287777071
2025-3,Tags 2,14,1490.24,1583.466623749574,catboost_extended,93.22662374957395,93.22662374957395
2025-3,Tags 2,21,1490.24,1584.0681902570573,catboost_extended,93.82819025705726,93.82819025705726
2025-3,Tags 2,28,1490.24,1593.2044846284023,catboost_extended,102.96448462840226,102.96448462840226
2025-3,Tags 3,7,1582.1,1524.9152791134773,catboost_extended,-57.184720886522655,57.184720886522655
2025-3,Tags 3,14,1582.1,1535.6147191825091,catboost_extended,-46.485280817490775,46.485280817490775
2025-3,Tags 3,21,1582.1,1571.5496475178718,catboost_extended,-10.550352482128119,10.550352482128119
2025-3,Tags 3,28,1582.1,1578.5411812539026,catboost_extended,-3.5588187460973586,3.5588187460973586
2025-4,Lags 1,7,1568.0,1524.370790106572,catboost_extended,-43.62920989342797,43.62920989342797
2025-4,Lags 1,14,1568.0,1512.2906794997812,catboost_extended,-55.70932050021884,55.70932050021884
2025-4,Lags 1,21,1568.0,1509.234553314039,catboost_extended,-58.765446685961024,58.765446685961024
2025-4,Lags 1,28,1568.0,1507.9239977615837,catboost_extended,-60.07600223841632,60.07600223841632
2025-4,Lags 2,7,1594.0,1520.1623025419335,catboost_extended,-73.83769745806649,73.83769745806649
2025-4,Lags 2,14,1594.0,1513.2797079727966,catboost_extended,-80.72029202720341,80.72029202720341
2025-4,Lags 2,21,1594.0,1494.670845263573,catboost_extended,-99.32915473642697,99.32915473642697
2025-4,Lags 2,28,1594.0,1501.697220864871,catboost_extended,-92.30277913512896,92.30277913512896
2025-4,Tags 1,7,1441.5,1363.5387603322051,catboost_extended,-77.96123966779487,77.96123966779487
2025-4,Tags 1,14,1441.5,1348.5937378100502,catboost_extended,-92.90626218994976,92.90626218994976
2025-4,Tags 1,21,1441.5,1406.204441230599,catboost_extended,-35.29555876940094,35.29555876940094
2025-4,Tags 1,28,1441.5,1394.3593167419426,catboost_extended,-47.14068325805738,47.14068325805738
2025-4,Tags 2,7,1450.0400000000002,1384.8103488966099,catboost_extended,-65.22965110339032,65.22965110339032
2025-4,Tags 2,14,1450.0400000000002,1406.1063710497485,catboost_extended,-43.93362895025166,43.93362895025166
2025-4,Tags 2,21,1450.0400000000002,1400.1513037960972,catboost_extended,-49.88869620390301,49.88869620390301
2025-4,Tags 2,28,1450.0400000000002,1369.6691070376824,catboost_extended,-80.37089296231784,80.37089296231784
2025-4,Tags 3,7,1293.12,1430.8097899538704,catboost_extended,137.68978995387056,137.68978995387056
2025-4,Tags 3,14,1293.12,1449.537022176266,catboost_extended,156.41702217626607,156.41702217626607
2025-4,Tags 3,21,1293.12,1413.8105518168468,catboost_extended,120.69055181684689,120.69055181684689
2025-4,Tags 3,28,1293.12,1445.8390243636484,catboost_extended,152.7190243636485,152.7190243636485
2025-5,Lags 1,7,1306.0,1495.8507313893208,catboost_extended,189.8507313893208,189.8507313893208
2025-5,Lags 1,14,1306.0,1420.4961771413812,catboost_extended,114.49617714138117,114.49617714138117
2025-5,Lags 1,21,1306.0,1469.3147473079412,catboost_extended,163.31474730794116,163.31474730794116
2025-5,Lags 1,28,1306.0,1465.53941209165,catboost_extended,159.5394120916501,159.5394120916501
2025-5,Lags 2,7,1176.0,1474.6680691138358,catboost_extended,298.6680691138358,298.6680691138358
2025-5,Lags 2,14,1176.0,1398.2235628734866,catboost_extended,222.22356287348657,222.22356287348657
2025-5,Lags 2,21,1176.0,1381.8602465274519,catboost_extended,205.86024652745186,205.86024652745186
2025-5,Lags 2,28,1176.0,1418.7039367882046,catboost_extended,242.7039367882046,242.7039367882046
2025-5,Lags 3,7,1182.0,1503.7851783120227,catboost_extended,321.7851783120227,321.7851783120227
2025-5,Lags 3,14,1182.0,1393.9398776877715,catboost_extended,211.9398776877715,211.9398776877715
2025-5,Lags 3,21,1182.0,1391.5074562459652,catboost_extended,209.50745624596516,209.50745624596516
2025-5,Lags 3,28,1182.0,1476.8049666572388,catboost_extended,294.80496665723877,294.80496665723877
2025-5,Tags 1,7,1702.0,1471.4701858388228,catboost_extended,-230.52981416117723,230.52981416117723
2025-5,Tags 1,14,1702.0,1409.2468925189557,catboost_extended,-292.75310748104425,292.75310748104425
2025-5,Tags 1,21,1702.0,1490.8609864178088,catboost_extended,-211.13901358219118,211.13901358219118
2025-5,Tags 1,28,1702.0,1494.7278591516738,catboost_extended,-207.27214084832622,207.27214084832622
2025-5,Tags 2,7,1776.0,1537.05362498972,catboost_extended,-238.94637501028,238.94637501028
2025-5,Tags 2,14,1776.0,1506.9295096177352,catboost_extended,-269.0704903822648,269.0704903822648
2025-5,Tags 2,21,1776.0,1507.075958916785,catboost_extended,-268.9240410832149,268.9240410832149
2025-5,Tags 2,28,1776.0,1539.695424544728,catboost_extended,-236.30457545527202,236.30457545527202
2025-5,Tags 3,7,1738.0,1531.6658207142177,catboost_extended,-206.33417928578228,206.33417928578228
2025-5,Tags 3,14,1738.0,1484.108465995415,catboost_extended,-253.89153400458508,253.89153400458508
2025-5,Tags 3,21,1738.0,1498.4657540309652,catboost_extended,-239.53424596903483,239.53424596903483
2025-5,Tags 3,28,1738.0,1534.270381680683,catboost_extended,-203.72961831931707,203.72961831931707
2026-1,Lags 1,7,1605.9999999999998,1481.5117812721962,catboost_extended,-124.48821872780354,124.48821872780354
2026-1,Lags 1,14,1605.9999999999998,1485.5564243546366,catboost_extended,-120.44357564536313,120.44357564536313
2026-1,Lags 1,21,1605.9999999999998,1479.5564409222222,catboost_extended,-126.44355907777754,126.44355907777754
2026-1,Lags 1,28,1605.9999999999998,1474.8906810752242,catboost_extended,-131.1093189247756,131.1093189247756
2026-1,Lags 2,7,1972.0,1512.3208843195891,catboost_extended,-459.67911568041086,459.67911568041086
2026-1,Lags 2,14,1972.0,1539.3578221501614,catboost_extended,-432.6421778498386,432.6421778498386
2026-1,Lags 2,21,1972.0,1534.657458146094,catboost_extended,-437.3425418539059,437.3425418539059
2026-1,Lags 2,28,1972.0,1533.5315055385731,catboost_extended,-438.46849446142687,438.46849446142687
2026-1,Lags 3,7,1691.4399999999998,1549.1934199559387,catboost_extended,-142.24658004406115,142.24658004406115
2026-1,Lags 3,14,1691.4399999999998,1464.7315026085207,catboost_extended,-226.7084973914791,226.7084973914791
2026-1,Lags 3,21,1691.4399999999998,1515.4183185805475,catboost_extended,-176.0216814194523,176.0216814194523
2026-1,Lags 3,28,1691.4399999999998,1550.9018468822403,catboost_extended,-140.53815311775952,140.53815311775952
2026-1,Tags 1,7,1446.68,1607.4257775349365,catboost_extended,160.74577753493645,160.74577753493645
2026-1,Tags 1,14,1446.68,1516.5362502018918,catboost_extended,69.85625020189173,69.85625020189173
2026-1,Tags 1,21,1446.68,1510.802051304747,catboost_extended,64.12205130474695,64.12205130474695
2026-1,Tags 1,28,1446.68,1518.5659730314524,catboost_extended,71.8859730314523,71.8859730314523
2026-1,Tags 2,7,1550.16,1707.5789203219913,catboost_extended,157.4189203219912,157.4189203219912
2026-1,Tags 2,14,1550.16,1568.1838139467297,catboost_extended,18.02381394672966,18.02381394672966
2026-1,Tags 2,21,1550.16,1583.8455382811994,catboost_extended,33.68553828119934,33.68553828119934
2026-1,Tags 2,28,1550.16,1585.3282657368586,catboost_extended,35.16826573685853,35.16826573685853
2026-1,Tags 3,7,1691.4399999999998,1528.3458574828962,catboost_extended,-163.0941425171036,163.0941425171036
2026-1,Tags 3,14,1691.4399999999998,1489.4391325868764,catboost_extended,-202.0008674131234,202.0008674131234
2026-1,Tags 3,21,1691.4399999999998,1512.5252824399647,catboost_extended,-178.91471756003511,178.91471756003511
2026-1,Tags 3,28,1691.4399999999998,1528.6244297616402,catboost_extended,-162.81557023835967,162.81557023835967
2026-2,Lags 1,7,1192.0,1559.8198926217879,catboost_extended,367.81989262178786,367.81989262178786
2026-2,Lags 1,14,1192.0,1554.8094965265805,catboost_extended,362.80949652658046,362.80949652658046
2026-2,Lags 1,21,1192.0,1503.2355359226344,catboost_extended,311.2355359226344,311.2355359226344
2026-2,Lags 1,28,1192.0,1494.820028979219,catboost_extended,302.82002897921893,302.82002897921893
2026-2,Lags 2,7,1204.0,1518.5171742515897,catboost_extended,314.5171742515897,314.5171742515897
2026-2,Lags 2,14,1204.0,1497.0278147293045,catboost_extended,293.0278147293045,293.0278147293045
2026-2,Lags 2,21,1204.0,1498.999957280649,catboost_extended,294.9999572806489,294.9999572806489
2026-2,Lags 2,28,1204.0,1490.9838071830093,catboost_extended,286.9838071830093,286.9838071830093
2026-2,Lags 3,7,1078.0,1291.7047526301546,catboost_extended,213.70475263015464,213.70475263015464
2026-2,Lags 3,14,1078.0,1394.1001212189692,catboost_extended,316.1001212189692,316.1001212189692
2026-2,Lags 3,21,1078.0,1393.0112263741444,catboost_extended,315.01122637414437,315.01122637414437
2026-2,Lags 3,28,1078.0,1393.30299419117,catboost_extended,315.30299419117,315.30299419117
2026-2,Tags 1,7,1360.0,1568.6384995528647,catboost_extended,208.6384995528647,208.6384995528647
2026-2,Tags 1,14,1360.0,1560.9097531729246,catboost_extended,200.90975317292464,200.90975317292464
2026-2,Tags 1,21,1360.0,1590.1935538065757,catboost_extended,230.19355380657566,230.19355380657566
2026-2,Tags 1,28,1360.0,1611.5543234635295,catboost_extended,251.5543234635295,251.5543234635295
2026-2,Tags 2,7,1556.2800000000002,1570.9426261498193,catboost_extended,14.662626149819062,14.662626149819062
2026-2,Tags 2,14,1556.2800000000002,1548.4348961845435,catboost_extended,-7.845103815456696,7.845103815456696
2026-2,Tags 2,21,1556.2800000000002,1544.7417120523742,catboost_extended,-11.538287947626031,11.538287947626031
2026-2,Tags 2,28,1556.2800000000002,1544.4812581814545,catboost_extended,-11.79874181854575,11.79874181854575
2026-2,Tags 3,7,1564.0,1565.3945102976745,catboost_extended,1.3945102976745147,1.3945102976745147
2026-2,Tags 3,14,1564.0,1591.1486538783017,catboost_extended,27.14865387830173,27.14865387830173
2026-2,Tags 3,21,1564.0,1567.210590859303,catboost_extended,3.210590859303011,3.210590859303011
2026-2,Tags 3,28,1564.0,1565.8515040469952,catboost_extended,1.85150404699516,1.85150404699516
2025-2,Tags 1,7,1573.0,1557.9995180914284,catboost_reduced_growth_context,-15.0004819085716,15.0004819085716
2025-2,Tags 1,14,1573.0,1559.5603487643891,catboost_reduced_growth_context,-13.439651235610881,13.439651235610881
2025-2,Tags 1,21,1573.0,1554.1926266718067,catboost_reduced_growth_context,-18.807373328193307,18.807373328193307
2025-2,Tags 1,28,1573.0,1602.0375051328629,catboost_reduced_growth_context,29.03750513286286,29.03750513286286
2025-2,Tags 2,7,1599.0,1547.7120803432817,catboost_reduced_growth_context,-51.28791965671826,51.28791965671826
2025-2,Tags 2,14,1599.0,1549.7057927176922,catboost_reduced_growth_context,-49.29420728230775,49.29420728230775
2025-2,Tags 2,21,1599.0,1543.3164963132924,catboost_reduced_growth_context,-55.68350368670758,55.68350368670758
2025-2,Tags 2,28,1599.0,1585.2417865035188,catboost_reduced_growth_context,-13.758213496481176,13.758213496481176
2025-2,Tags 3,7,1544.0,1528.589154888969,catboost_reduced_growth_context,-15.410845111030994,15.410845111030994
2025-2,Tags 3,14,1544.0,1529.9902466791439,catboost_reduced_growth_context,-14.009753320856134,14.009753320856134
2025-2,Tags 3,21,1544.0,1524.0909798068333,catboost_reduced_growth_context,-19.909020193166725,19.909020193166725
2025-2,Tags 3,28,1544.0,1535.073012204708,catboost_reduced_growth_context,-8.926987795292007,8.926987795292007
2025-3,Lags 1,7,1479.9999999999998,1484.9473700871447,catboost_reduced_growth_context,4.947370087144918,4.947370087144918
2025-3,Lags 1,14,1479.9999999999998,1493.3254759740637,catboost_reduced_growth_context,13.32547597406392,13.32547597406392
2025-3,Lags 1,21,1479.9999999999998,1478.9691547888992,catboost_reduced_growth_context,-1.0308452111005408,1.0308452111005408
2025-3,Lags 1,28,1479.9999999999998,1480.043526900286,catboost_reduced_growth_context,0.04352690028622419,0.04352690028622419
2025-3,Lags 2,7,1554.0,1503.910045994697,catboost_reduced_growth_context,-50.08995400530307,50.08995400530307
2025-3,Lags 2,14,1554.0,1456.6705378479678,catboost_reduced_growth_context,-97.32946215203219,97.32946215203219
2025-3,Lags 2,21,1554.0,1504.123171527865,catboost_reduced_growth_context,-49.876828472135,49.876828472135
2025-3,Lags 2,28,1554.0,1513.6417143287413,catboost_reduced_growth_context,-40.35828567125873,40.35828567125873
2025-3,Tags 1,7,1477.24,1546.136786948692,catboost_reduced_growth_context,68.8967869486919,68.8967869486919
2025-3,Tags 1,14,1477.24,1542.7613670100998,catboost_reduced_growth_context,65.52136701009977,65.52136701009977
2025-3,Tags 1,21,1477.24,1544.0112152658419,catboost_reduced_growth_context,66.77121526584187,66.77121526584187
2025-3,Tags 1,28,1477.24,1553.3989100020165,catboost_reduced_growth_context,76.15891000201646,76.15891000201646
2025-3,Tags 2,7,1490.24,1598.4605778279313,catboost_reduced_growth_context,108.22057782793127,108.22057782793127
2025-3,Tags 2,14,1490.24,1593.5830901543393,catboost_reduced_growth_context,103.34309015433928,103.34309015433928
2025-3,Tags 2,21,1490.24,1596.1357409302639,catboost_reduced_growth_context,105.89574093026386,105.89574093026386
2025-3,Tags 2,28,1490.24,1602.485854680883,catboost_reduced_growth_context,112.24585468088299,112.24585468088299
2025-3,Tags 3,7,1582.1,1523.2591045992565,catboost_reduced_growth_context,-58.84089540074342,58.84089540074342
2025-3,Tags 3,14,1582.1,1524.1407241524137,catboost_reduced_growth_context,-57.95927584758624,57.95927584758624
2025-3,Tags 3,21,1582.1,1516.4151437066378,catboost_reduced_growth_context,-65.68485629336215,65.68485629336215
2025-3,Tags 3,28,1582.1,1524.8751635865,catboost_reduced_growth_context,-57.224836413499816,57.224836413499816
2025-4,Lags 1,7,1568.0,1527.571622845374,catboost_reduced_growth_context,-40.428377154626105,40.428377154626105
2025-4,Lags 1,14,1568.0,1529.4023996263866,catboost_reduced_growth_context,-38.59760037361343,38.59760037361343
2025-4,Lags 1,21,1568.0,1532.1398681796659,catboost_reduced_growth_context,-35.86013182033412,35.86013182033412
2025-4,Lags 1,28,1568.0,1546.7170555710993,catboost_reduced_growth_context,-21.28294442890069,21.28294442890069
2025-4,Lags 2,7,1594.0,1518.6813465858238,catboost_reduced_growth_context,-75.3186534141762,75.3186534141762
2025-4,Lags 2,14,1594.0,1520.370310750439,catboost_reduced_growth_context,-73.6296892495609,73.6296892495609
2025-4,Lags 2,21,1594.0,1522.918556868644,catboost_reduced_growth_context,-71.08144313135608,71.08144313135608
2025-4,Lags 2,28,1594.0,1538.5164377572726,catboost_reduced_growth_context,-55.48356224272743,55.48356224272743
2025-4,Tags 1,7,1441.5,1256.9133010329851,catboost_reduced_growth_context,-184.58669896701485,184.58669896701485
2025-4,Tags 1,14,1441.5,1264.4859919275661,catboost_reduced_growth_context,-177.01400807243385,177.01400807243385
2025-4,Tags 1,21,1441.5,1259.8707925602412,catboost_reduced_growth_context,-181.62920743975883,181.62920743975883
2025-4,Tags 1,28,1441.5,1257.9458270416765,catboost_reduced_growth_context,-183.55417295832353,183.55417295832353
2025-4,Tags 2,7,1450.0400000000002,1355.8769291506937,catboost_reduced_growth_context,-94.16307084930645,94.16307084930645
2025-4,Tags 2,14,1450.0400000000002,1363.3899591082259,catboost_reduced_growth_context,-86.65004089177432,86.65004089177432
2025-4,Tags 2,21,1450.0400000000002,1360.2567602086335,catboost_reduced_growth_context,-89.78323979136667,89.78323979136667
2025-4,Tags 2,28,1450.0400000000002,1351.202339742272,catboost_reduced_growth_context,-98.8376602577282,98.8376602577282
2025-4,Tags 3,7,1293.12,1201.7822830911339,catboost_reduced_growth_context,-91.33771690886601,91.33771690886601
2025-4,Tags 3,14,1293.12,1212.2161168969296,catboost_reduced_growth_context,-80.90388310307026,80.90388310307026
2025-4,Tags 3,21,1293.12,1205.027899271011,catboost_reduced_growth_context,-88.09210072898895,88.09210072898895
2025-4,Tags 3,28,1293.12,1204.218964937104,catboost_reduced_growth_context,-88.90103506289597,88.90103506289597
2025-5,Lags 1,7,1306.0,1400.9389207026334,catboost_reduced_growth_context,94.93892070263337,94.93892070263337
2025-5,Lags 1,14,1306.0,1367.0274549587366,catboost_reduced_growth_context,61.0274549587366,61.0274549587366
2025-5,Lags 1,21,1306.0,1390.3738738500492,catboost_reduced_growth_context,84.37387385004922,84.37387385004922
2025-5,Lags 1,28,1306.0,1404.1087884927356,catboost_reduced_growth_context,98.10878849273558,98.10878849273558
2025-5,Lags 2,7,1176.0,1370.3507494126566,catboost_reduced_growth_context,194.35074941265657,194.35074941265657
2025-5,Lags 2,14,1176.0,1330.017212162351,catboost_reduced_growth_context,154.01721216235092,154.01721216235092
2025-5,Lags 2,21,1176.0,1353.8467478602647,catboost_reduced_growth_context,177.8467478602647,177.8467478602647
2025-5,Lags 2,28,1176.0,1363.5503701082077,catboost_reduced_growth_context,187.55037010820774,187.55037010820774
2025-5,Lags 3,7,1182.0,1405.068099544511,catboost_reduced_growth_context,223.06809954451091,223.06809954451091
2025-5,Lags 3,14,1182.0,1353.6810077501336,catboost_reduced_growth_context,171.68100775013363,171.68100775013363
2025-5,Lags 3,21,1182.0,1383.5625068162108,catboost_reduced_growth_context,201.56250681621077,201.56250681621077
2025-5,Lags 3,28,1182.0,1391.259923292131,catboost_reduced_growth_context,209.2599232921309,209.2599232921309
2025-5,Tags 1,7,1702.0,1560.474692616908,catboost_reduced_growth_context,-141.525307383092,141.525307383092
2025-5,Tags 1,14,1702.0,1556.2613163736828,catboost_reduced_growth_context,-145.7386836263172,145.7386836263172
2025-5,Tags 1,21,1702.0,1552.0696688402618,catboost_reduced_growth_context,-149.93033115973822,149.93033115973822
2025-5,Tags 1,28,1702.0,1563.1087489843003,catboost_reduced_growth_context,-138.8912510156997,138.8912510156997
2025-5,Tags 2,7,1776.0,1548.841927888975,catboost_reduced_growth_context,-227.15807211102492,227.15807211102492
2025-5,Tags 2,14,1776.0,1545.9142710663455,catboost_reduced_growth_context,-230.08572893365454,230.08572893365454
2025-5,Tags 2,21,1776.0,1541.944469086438,catboost_reduced_growth_context,-234.05553091356205,234.05553091356205
2025-5,Tags 2,28,1776.0,1547.5067703741865,catboost_reduced_growth_context,-228.49322962581346,228.49322962581346
2025-5,Tags 3,7,1738.0,1556.717455898907,catboost_reduced_growth_context,-181.28254410109298,181.28254410109298
2025-5,Tags 3,14,1738.0,1563.893309619009,catboost_reduced_growth_context,-174.10669038099104,174.10669038099104
2025-5,Tags 3,21,1738.0,1564.2670977922533,catboost_reduced_growth_context,-173.73290220774675,173.73290220774675
2025-5,Tags 3,28,1738.0,1567.5956197992302,catboost_reduced_growth_context,-170.40438020076976,170.40438020076976
2026-1,Lags 1,7,1605.9999999999998,1552.0812567918883,catboost_reduced_growth_context,-53.91874320811144,53.91874320811144
2026-1,Lags 1,14,1605.9999999999998,1571.1976058009147,catboost_reduced_growth_context,-34.80239419908503,34.80239419908503
2026-1,Lags 1,21,1605.9999999999998,1561.148064864372,catboost_reduced_growth_context,-44.851935135627855,44.851935135627855
2026-1,Lags 1,28,1605.9999999999998,1558.77787733818,catboost_reduced_growth_context,-47.22212266181987,47.22212266181987
2026-1,Lags 2,7,1972.0,1568.4858048853025,catboost_reduced_growth_context,-403.5141951146975,403.5141951146975
2026-1,Lags 2,14,1972.0,1582.4410533582902,catboost_reduced_growth_context,-389.5589466417098,389.5589466417098
2026-1,Lags 2,21,1972.0,1579.7833091596167,catboost_reduced_growth_context,-392.2166908403833,392.2166908403833
2026-1,Lags 2,28,1972.0,1576.5328156994792,catboost_reduced_growth_context,-395.4671843005208,395.4671843005208
2026-1,Lags 3,7,1691.4399999999998,1548.0817337255091,catboost_reduced_growth_context,-143.3582662744907,143.3582662744907
2026-1,Lags 3,14,1691.4399999999998,1494.713030004289,catboost_reduced_growth_context,-196.72696999571076,196.72696999571076
2026-1,Lags 3,21,1691.4399999999998,1550.922862415217,catboost_reduced_growth_context,-140.51713758478286,140.51713758478286
2026-1,Lags 3,28,1691.4399999999998,1581.1493023472199,catboost_reduced_growth_context,-110.29069765277995,110.29069765277995
2026-1,Tags 1,7,1446.68,1516.7865616973068,catboost_reduced_growth_context,70.10656169730669,70.10656169730669
2026-1,Tags 1,14,1446.68,1545.4263465837807,catboost_reduced_growth_context,98.74634658378068,98.74634658378068
2026-1,Tags 1,21,1446.68,1538.331278565602,catboost_reduced_growth_context,91.65127856560184,91.65127856560184
2026-1,Tags 1,28,1446.68,1542.7330433462273,catboost_reduced_growth_context,96.05304334622724,96.05304334622724
2026-1,Tags 2,7,1550.16,1696.2373884358396,catboost_reduced_growth_context,146.07738843583957,146.07738843583957
2026-1,Tags 2,14,1550.16,1542.2527138555488,catboost_reduced_growth_context,-7.907286144451291,7.907286144451291
2026-1,Tags 2,21,1550.16,1552.3976370419691,catboost_reduced_growth_context,2.2376370419690375,2.2376370419690375
2026-1,Tags 2,28,1550.16,1537.9448520411604,catboost_reduced_growth_context,-12.21514795883968,12.21514795883968
2026-1,Tags 3,7,1691.4399999999998,1543.8491453963263,catboost_reduced_growth_context,-147.5908546036735,147.5908546036735
2026-1,Tags 3,14,1691.4399999999998,1553.3847763924696,catboost_reduced_growth_context,-138.05522360753025,138.05522360753025
2026-1,Tags 3,21,1691.4399999999998,1561.923017764948,catboost_reduced_growth_context,-129.51698223505173,129.51698223505173
2026-1,Tags 3,28,1691.4399999999998,1547.37949929682,catboost_reduced_growth_context,-144.06050070317974,144.06050070317974
2026-2,Lags 1,7,1192.0,1538.6900339641577,catboost_reduced_growth_context,346.6900339641577,346.6900339641577
2026-2,Lags 1,14,1192.0,1523.804808435498,catboost_reduced_growth_context,331.804808435498,331.804808435498
2026-2,Lags 1,21,1192.0,1529.4687762014591,catboost_reduced_growth_context,337.46877620145915,337.46877620145915
2026-2,Lags 1,28,1192.0,1525.004279291807,catboost_reduced_growth_context,333.00427929180705,333.00427929180705
2026-2,Lags 2,7,1204.0,1514.750731979981,catboost_reduced_growth_context,310.7507319799811,310.7507319799811
2026-2,Lags 2,14,1204.0,1490.2706664480615,catboost_reduced_growth_context,286.27066644806155,286.27066644806155
2026-2,Lags 2,21,1204.0,1507.4928766076864,catboost_reduced_growth_context,303.4928766076864,303.4928766076864
2026-2,Lags 2,28,1204.0,1509.4352410317695,catboost_reduced_growth_context,305.43524103176946,305.43524103176946
2026-2,Lags 3,7,1078.0,1301.6613123119519,catboost_reduced_growth_context,223.66131231195186,223.66131231195186
2026-2,Lags 3,14,1078.0,1398.050999133691,catboost_reduced_growth_context,320.050999133691,320.050999133691
2026-2,Lags 3,21,1078.0,1404.2147508587893,catboost_reduced_growth_context,326.21475085878933,326.21475085878933
2026-2,Lags 3,28,1078.0,1420.7104297901783,catboost_reduced_growth_context,342.7104297901783,342.7104297901783
2026-2,Tags 1,7,1360.0,1548.7326335536263,catboost_reduced_growth_context,188.73263355362633,188.73263355362633
2026-2,Tags 1,14,1360.0,1542.8963656512133,catboost_reduced_growth_context,182.89636565121327,182.89636565121327
2026-2,Tags 1,21,1360.0,1548.203632929223,catboost_reduced_growth_context,188.20363292922298,188.20363292922298
2026-2,Tags 1,28,1360.0,1544.0957972875926,catboost_reduced_growth_context,184.09579728759263,184.09579728759263
2026-2,Tags 2,7,1556.2800000000002,1595.1989528180961,catboost_reduced_growth_context,38.91895281809593,38.91895281809593
2026-2,Tags 2,14,1556.2800000000002,1591.6881559704725,catboost_reduced_growth_context,35.40815597047231,35.40815597047231
2026-2,Tags 2,21,1556.2800000000002,1601.1618706350612,catboost_reduced_growth_context,44.88187063506098,44.88187063506098
2026-2,Tags 2,28,1556.2800000000002,1591.5725425106534,catboost_reduced_growth_context,35.29254251065322,35.29254251065322
2026-2,Tags 3,7,1564.0,1556.5860126330267,catboost_reduced_growth_context,-7.413987366973288,7.413987366973288
2026-2,Tags 3,14,1564.0,1550.7497447306139,catboost_reduced_growth_context,-13.250255269386116,13.250255269386116
2026-2,Tags 3,21,1564.0,1557.2307865665096,catboost_reduced_growth_context,-6.7692134334904495,6.7692134334904495
2026-2,Tags 3,28,1564.0,1551.7258745267914,catboost_reduced_growth_context,-12.274125473208642,12.274125473208642
2025-2,Tags 1,7,1573.0,1533.037353515625,xgboost,-39.962646484375,39.962646484375
2025-2,Tags 1,14,1573.0,1542.06005859375,xgboost,-30.93994140625,30.93994140625
2025-2,Tags 1,21,1573.0,1528.9769287109375,xgboost,-44.0230712890625,44.0230712890625
2025-2,Tags 1,28,1573.0,1540.5299072265625,xgboost,-32.4700927734375,32.4700927734375
2025-2,Tags 2,7,1599.0,1534.6785888671875,xgboost,-64.3214111328125,64.3214111328125
2025-2,Tags 2,14,1599.0,1537.758544921875,xgboost,-61.241455078125,61.241455078125
2025-2,Tags 2,21,1599.0,1527.873046875,xgboost,-71.126953125,71.126953125
2025-2,Tags 2,28,1599.0,1535.710693359375,xgboost,-63.289306640625,63.289306640625
2025-2,Tags 3,7,1544.0,1506.5093994140625,xgboost,-37.4906005859375,37.4906005859375
2025-2,Tags 3,14,1544.0,1509.5677490234375,xgboost,-34.4322509765625,34.4322509765625
2025-2,Tags 3,21,1544.0,1500.6229248046875,xgboost,-43.3770751953125,43.3770751953125
2025-2,Tags 3,28,1544.0,1496.89501953125,xgboost,-47.10498046875,47.10498046875
2025-3,Lags 1,7,1479.9999999999998,1485.2860107421875,xgboost,5.286010742187727,5.286010742187727
2025-3,Lags 1,14,1479.9999999999998,1488.13525390625,xgboost,8.135253906250227,8.135253906250227
2025-3,Lags 1,21,1479.9999999999998,1490.229736328125,xgboost,10.229736328125227,10.229736328125227
2025-3,Lags 1,28,1479.9999999999998,1491.4527587890625,xgboost,11.452758789062727,11.452758789062727
2025-3,Lags 2,7,1554.0,1450.1329345703125,xgboost,-103.8670654296875,103.8670654296875
2025-3,Lags 2,14,1554.0,1349.664306640625,xgboost,-204.335693359375,204.335693359375
2025-3,Lags 2,21,1554.0,1415.988525390625,xgboost,-138.011474609375,138.011474609375
2025-3,Lags 2,28,1554.0,1420.4986572265625,xgboost,-133.5013427734375,133.5013427734375
2025-3,Tags 1,7,1477.24,1565.8671875,xgboost,88.62718749999999,88.62718749999999
2025-3,Tags 1,14,1477.24,1565.008056640625,xgboost,87.76805664062499,87.76805664062499
2025-3,Tags 1,21,1477.24,1552.406982421875,xgboost,75.16698242187499,75.16698242187499
2025-3,Tags 1,28,1477.24,1558.1461181640625,xgboost,80.90611816406249,80.90611816406249
2025-3,Tags 2,7,1490.24,1581.8111572265625,xgboost,91.57115722656249,91.57115722656249
2025-3,Tags 2,14,1490.24,1582.4522705078125,xgboost,92.21227050781249,92.21227050781249
2025-3,Tags 2,21,1490.24,1582.85400390625,xgboost,92.61400390624999,92.61400390624999
2025-3,Tags 2,28,1490.24,1580.132568359375,xgboost,89.89256835937499,89.89256835937499
2025-3,Tags 3,7,1582.1,1568.766357421875,xgboost,-13.333642578124909,13.333642578124909
2025-3,Tags 3,14,1582.1,1593.289794921875,xgboost,11.189794921875091,11.189794921875091
2025-3,Tags 3,21,1582.1,1613.45703125,xgboost,31.35703125000009,31.35703125000009
2025-3,Tags 3,28,1582.1,1616.8182373046875,xgboost,34.71823730468759,34.71823730468759
2025-4,Lags 1,7,1568.0,1533.9588623046875,xgboost,-34.0411376953125,34.0411376953125
2025-4,Lags 1,14,1568.0,1536.44970703125,xgboost,-31.55029296875,31.55029296875
2025-4,Lags 1,21,1568.0,1530.4547119140625,xgboost,-37.5452880859375,37.5452880859375
2025-4,Lags 1,28,1568.0,1534.7313232421875,xgboost,-33.2686767578125,33.2686767578125
2025-4,Lags 2,7,1594.0,1507.6904296875,xgboost,-86.3095703125,86.3095703125
2025-4,Lags 2,14,1594.0,1514.48681640625,xgboost,-79.51318359375,79.51318359375
2025-4,Lags 2,21,1594.0,1503.5279541015625,xgboost,-90.4720458984375,90.4720458984375
2025-4,Lags 2,28,1594.0,1517.5318603515625,xgboost,-76.4681396484375,76.4681396484375
2025-4,Tags 1,7,1441.5,1260.8580322265625,xgboost,-180.6419677734375,180.6419677734375
2025-4,Tags 1,14,1441.5,1341.281982421875,xgboost,-100.218017578125,100.218017578125
2025-4,Tags 1,21,1441.5,1462.5853271484375,xgboost,21.0853271484375,21.0853271484375
2025-4,Tags 1,28,1441.5,1451.1375732421875,xgboost,9.6375732421875,9.6375732421875
2025-4,Tags 2,7,1450.0400000000002,1270.735107421875,xgboost,-179.3048925781252,179.3048925781252
2025-4,Tags 2,14,1450.0400000000002,1401.2337646484375,xgboost,-48.80623535156269,48.80623535156269
2025-4,Tags 2,21,1450.0400000000002,1391.06103515625,xgboost,-58.97896484375019,58.97896484375019
2025-4,Tags 2,28,1450.0400000000002,1384.4296875,xgboost,-65.61031250000019,65.61031250000019
2025-4,Tags 3,7,1293.12,1278.8165283203125,xgboost,-14.30347167968739,14.30347167968739
2025-4,Tags 3,14,1293.12,1431.0108642578125,xgboost,137.8908642578126,137.8908642578126
2025-4,Tags 3,21,1293.12,1431.644287109375,xgboost,138.5242871093751,138.5242871093751
2025-4,Tags 3,28,1293.12,1432.8212890625,xgboost,139.7012890625001,139.7012890625001
2025-5,Lags 1,7,1306.0,1499.0709228515625,xgboost,193.0709228515625,193.0709228515625
2025-5,Lags 1,14,1306.0,1477.8131103515625,xgboost,171.8131103515625,171.8131103515625
2025-5,Lags 1,21,1306.0,1490.3662109375,xgboost,184.3662109375,184.3662109375
2025-5,Lags 1,28,1306.0,1492.460205078125,xgboost,186.460205078125,186.460205078125
2025-5,Lags 2,7,1176.0,1481.6937255859375,xgboost,305.6937255859375,305.6937255859375
2025-5,Lags 2,14,1176.0,1433.1134033203125,xgboost,257.1134033203125,257.1134033203125
2025-5,Lags 2,21,1176.0,1431.9627685546875,xgboost,255.9627685546875,255.9627685546875
2025-5,Lags 2,28,1176.0,1439.826416015625,xgboost,263.826416015625,263.826416015625
2025-5,Lags 3,7,1182.0,1457.10205078125,xgboost,275.10205078125,275.10205078125
2025-5,Lags 3,14,1182.0,1455.0361328125,xgboost,273.0361328125,273.0361328125
2025-5,Lags 3,21,1182.0,1432.6927490234375,xgboost,250.6927490234375,250.6927490234375
2025-5,Lags 3,28,1182.0,1490.20556640625,xgboost,308.20556640625,308.20556640625
2025-5,Tags 1,7,1702.0,1514.032958984375,xgboost,-187.967041015625,187.967041015625
2025-5,Tags 1,14,1702.0,1491.203125,xgboost,-210.796875,210.796875
2025-5,Tags 1,21,1702.0,1503.8846435546875,xgboost,-198.1153564453125,198.1153564453125
2025-5,Tags 1,28,1702.0,1500.10546875,xgboost,-201.89453125,201.89453125
2025-5,Tags 2,7,1776.0,1540.971923828125,xgboost,-235.028076171875,235.028076171875
2025-5,Tags 2,14,1776.0,1520.8861083984375,xgboost,-255.1138916015625,255.1138916015625
2025-5,Tags 2,21,1776.0,1517.73388671875,xgboost,-258.26611328125,258.26611328125
2025-5,Tags 2,28,1776.0,1539.4393310546875,xgboost,-236.5606689453125,236.5606689453125
2025-5,Tags 3,7,1738.0,1561.8646240234375,xgboost,-176.1353759765625,176.1353759765625
2025-5,Tags 3,14,1738.0,1511.6427001953125,xgboost,-226.3572998046875,226.3572998046875
2025-5,Tags 3,21,1738.0,1512.8759765625,xgboost,-225.1240234375,225.1240234375
2025-5,Tags 3,28,1738.0,1536.6585693359375,xgboost,-201.3414306640625,201.3414306640625
2026-1,Lags 1,7,1605.9999999999998,1535.6529541015625,xgboost,-70.34704589843727,70.34704589843727
2026-1,Lags 1,14,1605.9999999999998,1542.1888427734375,xgboost,-63.81115722656227,63.81115722656227
2026-1,Lags 1,21,1605.9999999999998,1549.7772216796875,xgboost,-56.22277832031227,56.22277832031227
2026-1,Lags 1,28,1605.9999999999998,1556.6392822265625,xgboost,-49.36071777343727,49.36071777343727
2026-1,Lags 2,7,1972.0,1536.8929443359375,xgboost,-435.1070556640625,435.1070556640625
2026-1,Lags 2,14,1972.0,1545.6090087890625,xgboost,-426.3909912109375,426.3909912109375
2026-1,Lags 2,21,1972.0,1539.9088134765625,xgboost,-432.0911865234375,432.0911865234375
2026-1,Lags 2,28,1972.0,1538.7083740234375,xgboost,-433.2916259765625,433.2916259765625
2026-1,Lags 3,7,1691.4399999999998,1556.72314453125,xgboost,-134.71685546874983,134.71685546874983
2026-1,Lags 3,14,1691.4399999999998,1414.0494384765625,xgboost,-277.3905615234373,277.3905615234373
2026-1,Lags 3,21,1691.4399999999998,1535.1025390625,xgboost,-156.33746093749983,156.33746093749983
2026-1,Lags 3,28,1691.4399999999998,1562.6024169921875,xgboost,-128.83758300781233,128.83758300781233
2026-1,Tags 1,7,1446.68,1578.65234375,xgboost,131.97234374999994,131.97234374999994
2026-1,Tags 1,14,1446.68,1529.5963134765625,xgboost,82.91631347656244,82.91631347656244
2026-1,Tags 1,21,1446.68,1534.0616455078125,xgboost,87.38164550781244,87.38164550781244
2026-1,Tags 1,28,1446.68,1543.09619140625,xgboost,96.41619140624994,96.41619140624994
2026-1,Tags 2,7,1550.16,1718.3551025390625,xgboost,168.19510253906242,168.19510253906242
2026-1,Tags 2,14,1550.16,1659.7347412109375,xgboost,109.57474121093742,109.57474121093742
2026-1,Tags 2,21,1550.16,1667.26171875,xgboost,117.10171874999992,117.10171874999992
2026-1,Tags 2,28,1550.16,1665.3231201171875,xgboost,115.16312011718742,115.16312011718742
2026-1,Tags 3,7,1691.4399999999998,1560.3917236328125,xgboost,-131.04827636718733,131.04827636718733
2026-1,Tags 3,14,1691.4399999999998,1522.65380859375,xgboost,-168.78619140624983,168.78619140624983
2026-1,Tags 3,21,1691.4399999999998,1536.1868896484375,xgboost,-155.25311035156233,155.25311035156233
2026-1,Tags 3,28,1691.4399999999998,1529.7496337890625,xgboost,-161.69036621093733,161.69036621093733
2026-2,Lags 1,7,1192.0,1607.498046875,xgboost,415.498046875,415.498046875
2026-2,Lags 1,14,1192.0,1593.8282470703125,xgboost,401.8282470703125,401.8282470703125
2026-2,Lags 1,21,1192.0,1571.3956298828125,xgboost,379.3956298828125,379.3956298828125
2026-2,Lags 1,28,1192.0,1577.2235107421875,xgboost,385.2235107421875,385.2235107421875
2026-2,Lags 2,7,1204.0,1594.5909423828125,xgboost,390.5909423828125,390.5909423828125
2026-2,Lags 2,14,1204.0,1575.973388671875,xgboost,371.973388671875,371.973388671875
2026-2,Lags 2,21,1204.0,1574.680419921875,xgboost,370.680419921875,370.680419921875
2026-2,Lags 2,28,1204.0,1580.8809814453125,xgboost,376.8809814453125,376.8809814453125
2026-2,Lags 3,7,1078.0,1389.8671875,xgboost,311.8671875,311.8671875
2026-2,Lags 3,14,1078.0,1406.2958984375,xgboost,328.2958984375,328.2958984375
2026-2,Lags 3,21,1078.0,1401.5712890625,xgboost,323.5712890625,323.5712890625
2026-2,Lags 3,28,1078.0,1414.718017578125,xgboost,336.718017578125,336.718017578125
2026-2,Tags 1,7,1360.0,1623.0274658203125,xgboost,263.0274658203125,263.0274658203125
2026-2,Tags 1,14,1360.0,1632.65478515625,xgboost,272.65478515625,272.65478515625
2026-2,Tags 1,21,1360.0,1654.9781494140625,xgboost,294.9781494140625,294.9781494140625
2026-2,Tags 1,28,1360.0,1652.2747802734375,xgboost,292.2747802734375,292.2747802734375
2026-2,Tags 2,7,1556.2800000000002,1669.9818115234375,xgboost,113.7018115234373,113.7018115234373
2026-2,Tags 2,14,1556.2800000000002,1650.670654296875,xgboost,94.3906542968748,94.3906542968748
2026-2,Tags 2,21,1556.2800000000002,1653.11669921875,xgboost,96.8366992187498,96.8366992187498
2026-2,Tags 2,28,1556.2800000000002,1654.4210205078125,xgboost,98.1410205078123,98.1410205078123
2026-2,Tags 3,7,1564.0,1624.1990966796875,xgboost,60.1990966796875,60.1990966796875
2026-2,Tags 3,14,1564.0,1634.274169921875,xgboost,70.274169921875,70.274169921875
2026-2,Tags 3,21,1564.0,1631.9500732421875,xgboost,67.9500732421875,67.9500732421875
2026-2,Tags 3,28,1564.0,1633.702392578125,xgboost,69.702392578125,69.702392578125
